     3.000      2.000     -1.509      2.223     -0.843     -1.432      0.489      0.769      0.500          *     -0.225     -0.738      1.088     -0.412     -0.701      0.376      0.245          *     -0.110     -0.245      0.000      1.000      0.000      0.000      0.000     -0.500      0.000      0.000      0.000      0.000      0.000 97506154
     3.000      2.000      0.595      0.383      0.995      0.820      0.447     -0.897     -0.500     -0.495      0.275      0.266      0.171      0.444      0.366     -0.401     -0.223     -0.221      0.123      0.223      0.000      1.000      0.000      0.000      0.000      0.500      0.000      0.000      0.000      0.000      0.000 97575258
     1.000      2.000      0.522      2.036     -0.373     -0.188     -1.002     -2.897      0.500     -0.068      0.275     -0.523     -2.040      0.374      0.188      2.902     -0.501      0.068     -0.276     -0.501      0.000      1.000      0.000      0.000      0.000      0.500      0.000      0.000      0.000      1.000      0.000 14574194
     3.000      0.000      0.495      0.355     -0.395      1.058     -1.194     -1.397     -0.500     -0.495     -1.225     -0.592     -0.423      0.472     -1.264      1.669      0.597      0.592      1.463      0.597      0.000      1.000      0.000      0.000      0.000     -0.500      1.000      0.000      0.000      0.000      0.000 90714014
     3.000      2.000      1.010      0.386      0.234     -1.339      0.738     -2.147      0.500     -0.719          *      0.745      0.285      0.173     -0.988     -1.584      0.369     -0.530          *      0.369      0.000      1.000      0.000      0.000      0.000      0.500      0.000      0.000      0.000      0.000      0.000 97714991
     3.000      0.000      1.045     -0.897      0.070     -0.481     -0.973     -0.231     -0.500     -0.495     -0.725     -1.017      0.873     -0.068      0.468      0.225      0.487      0.482      0.705      0.487      0.000      1.000      0.000      0.000      0.000     -0.500      1.000      0.000      0.000      0.000      0.000 92593201
     3.000      2.000      0.316     -0.591     -3.180     -0.400      1.882     -0.981      0.500     -0.259      0.275      0.595     -1.111     -5.983     -0.753     -1.845      0.941     -0.487      0.518      0.941      0.000      1.000      0.000      0.000      0.000      0.500      0.000      0.000      0.000      0.000      0.000 98570155
     3.000      0.000      0.380      2.118      0.218      0.066     -0.359      2.103      0.500          *     -1.725     -0.136     -0.761     -0.078     -0.024     -0.756     -0.180          *      0.620     -0.180      0.000      1.000      0.000      0.000      0.000      0.500      1.000      0.000      0.000      0.000      0.000 91886957
     3.000      1.000     -0.089      0.671     -0.113     -0.783     -2.124     -2.647      0.500          *     -1.725      0.190     -1.426      0.239      1.663      5.623     -1.062          *      3.663     -1.062      0.000      1.000      0.000      0.000      0.000      0.500      0.000      1.000      0.000      0.000      0.000 92714192
     3.000      1.000      0.355     -0.897      0.544     -2.709     -1.323     -1.231      0.500      0.231      0.275     -0.469      1.187     -0.720      3.585      1.629     -0.662     -0.305     -0.365      0.662      0.000      1.000      0.000      0.000      0.000     -0.500      0.000      1.000      0.000      0.000      0.000 97574102
     3.000      2.000     -2.541      2.026     -0.376     -3.573      0.095      0.519      0.500      0.940     -0.725     -0.242      0.193     -0.036     -0.340      0.049      0.048      0.089     -0.069      0.048      0.000      1.000      0.000      0.000      0.000      0.500      0.000      0.000      0.000      0.000      0.000 96574538
     3.000      2.000     -0.544      0.108      0.804      0.582     -1.070     -0.814      0.500     -0.112          *      0.582     -0.115     -0.861     -0.623      0.871     -0.535      0.120          *      0.535      0.000      0.000      0.000      1.000      1.000     -0.500      0.000      0.000      0.000      0.000      0.000 95575160
     3.000      1.000      0.710     -0.559      1.255     -0.052      1.618     -3.147      0.500      0.164     -1.225      1.148     -0.904      2.031     -0.084     -5.091      0.809      0.265     -1.981     -0.809      0.000      1.000      0.000      0.000      0.000     -0.500      0.000      1.000      0.000      0.000      0.000 91570927
     3.000      1.000     -1.412     -0.591     -1.088      0.582      0.963      2.019      0.500      1.392      1.275     -1.360     -0.569     -1.048      0.561      1.945      0.482      1.340      1.228      0.482      0.000      1.000      0.000      0.000      0.000      0.500      0.000      1.000      0.000      0.000      0.000 96576296
     3.000      1.000     -0.196     -0.591      0.316      0.820     -0.642      2.519     -0.500     -0.370     -0.225      0.126      0.379     -0.203     -0.526     -1.617      0.321      0.238      0.144      0.321      0.000      1.000      0.000      0.000      0.000     -0.500      0.000      1.000      0.000      0.000      0.000 96572986
     1.000      1.000     -0.089     -0.897     -0.394     -0.307     -0.634     -0.981      0.500          *     -1.725      0.057      0.569      0.250      0.195      0.622     -0.317          *      1.094     -0.317      0.000      1.000      0.000      0.000      0.000      0.500      0.000      1.000      0.000      1.000      0.000 97570412
     3.000      2.000      0.249      0.580      0.069      0.344      1.658     -2.564      0.500          *     -0.725      0.413      0.961      0.115      0.571     -4.251      0.829          *     -1.201     -0.829      0.000      1.000      0.000      0.000      0.000     -0.500      0.000      0.000      0.000      0.000      0.000 98715321
     1.000      2.000     -0.042      1.938     -0.403      1.098     -0.801      1.186     -0.500      0.055     -0.725      0.034     -1.551      0.323     -0.879     -0.949      0.400     -0.044      0.580     -0.400      0.000      1.000      0.000      0.000      0.000      0.500      0.000      0.000      0.000      1.000      0.000 91585921
     3.000      2.000      1.080      0.023     -1.525      1.336     -1.506      0.936      0.500          *     -0.725     -1.626     -0.034      2.296     -2.011     -1.409     -0.753          *      1.091     -0.753      0.000      1.000      0.000      0.000      0.000      0.500      0.000      0.000      0.000      0.000      0.000 99578880
     3.000      2.000      1.010     -0.897      1.475      0.820     -0.772      0.519     -0.500      0.015      0.275     -0.780      0.693     -1.138     -0.633     -0.401      0.386     -0.012     -0.213     -0.386      0.000      1.000      0.000      0.000      0.000      0.500      0.000      0.000      0.000      0.000      0.000 90572372
     3.000      2.000      0.494     -0.897      0.075      0.165     -0.387     -1.731      0.500          *      0.775     -0.191      0.347     -0.029     -0.064      0.669     -0.193          *     -0.300      0.193      0.000      1.000      0.000      0.000      0.000     -0.500      0.000      0.000      0.000      0.000      0.000 26710363
     3.000      0.000      0.075     -0.312     -0.878      0.304      0.204      0.353     -0.500      1.672      1.275      0.015     -0.064     -0.179      0.062      0.072     -0.102      0.341      0.261     -0.102      0.000      1.000      0.000      0.000      0.000     -0.500      1.000      0.000      0.000      0.000      0.000 93573835
     1.000      0.000     -0.283      3.196      0.772      1.058      0.845      0.186     -0.500     -0.068      0.275     -0.239      2.701      0.653      0.894      0.157     -0.422     -0.057      0.233      0.422      0.000      1.000      0.000      0.000      0.000      0.500      1.000      0.000      0.000      1.000      0.000 91716292
     3.000      1.000      0.003     -0.591     -0.645     -1.154      0.422      1.019     -0.500     -1.258     -0.725      0.001     -0.249     -0.272     -0.487      0.430     -0.211     -0.531     -0.306     -0.211      0.000      1.000      0.000      0.000      0.000     -0.500      0.000      1.000      0.000      0.000      0.000 99540116
     3.000      2.000     -0.614      0.023      0.319     -0.223      0.679      1.519      0.500     -1.817     -0.725     -0.417      0.015      0.217     -0.152      1.032      0.340     -1.235     -0.492     -0.340      0.000      1.000      0.000      0.000      0.000     -0.500      0.000      0.000      0.000      0.000      0.000 91886932
     3.000      2.000     -0.330     -0.284     -0.391     -0.585     -1.262      1.103      0.500      0.510     -0.225      0.416      0.358      0.493      0.738     -1.391     -0.631     -0.644      0.283      0.631      0.000      1.000      0.000      0.000      0.000     -0.500      0.000      0.000      0.000      0.000      0.000 98575629
     3.000      0.000     -0.089     -0.897     -0.623      0.820      0.625     -2.647     -0.500          *      1.275     -0.056     -0.561     -0.390      0.513     -1.655     -0.313          *      0.798      0.313      0.000      1.000      0.000      0.000      0.000      0.500      1.000      0.000      0.000      0.000      0.000 96718088
     1.000      0.000          *          *          *          *     -1.143      1.603     -0.500     -0.901          *          *          *          *          *     -1.831      0.571      1.029          *      0.571      0.000      1.000      0.000      0.000      0.000     -0.500      1.000      0.000      0.000      1.000      0.000 98575128
     2.000      2.000     -0.867     -0.537     -2.259     -0.798     -3.002     -0.897      0.500      1.307      2.275      2.602      1.613      6.782      2.396      2.693     -1.501     -3.924     -6.830     -1.501      0.000      1.000      0.000      0.000      0.000      0.500      0.000      0.000      0.000      0.000      1.000 96500833
     3.000      0.000      1.010      0.108     -1.816     -0.330     -0.087      2.353      0.500          *     -0.725     -0.088     -0.009      0.158      0.029     -0.204     -0.043          *      0.063     -0.043      0.000      1.000      0.000      0.000      0.000      0.500      1.000      0.000      0.000      0.000      0.000 97506190
     3.000      1.000      1.010      0.023      0.800     -0.400     -0.982      0.353      0.500      0.262     -0.725     -0.992     -0.022     -0.785      0.393     -0.346     -0.491     -0.258      0.711     -0.491      0.000      1.000      0.000      0.000      0.000      0.500      0.000      1.000      0.000      0.000      0.000 90576570
     1.000      0.000     -1.630      1.359     -0.162     -1.457      1.003      0.436      0.500     -0.208     -0.225     -1.634      1.363     -0.163     -1.461      0.437      0.501     -0.208     -0.225     -0.501      0.000      1.000      0.000      0.000      0.000     -0.500      1.000      0.000      0.000      1.000      0.000 91888903
     3.000      0.000     -0.469      1.779     -0.412     -0.957     -0.674      1.853     -0.500          *          *      0.316     -1.199      0.278      0.645     -1.248      0.337          *          *     -0.337      0.000      1.000      0.000      0.000      0.000      0.500      1.000      0.000      0.000      0.000      0.000 95575087
     3.000      1.000      0.573     -0.897      1.943     -0.585     -1.681     -2.481      0.500          *      0.275     -0.963      1.508     -3.267      0.984      4.170     -0.840          *     -0.463     -0.840      0.000      1.000      0.000      0.000      0.000      0.500      0.000      1.000      0.000      0.000      0.000 96718887
     3.000      0.000      1.010     -0.897     -1.545     -0.388      0.293      1.853      0.500          *     -1.725      0.297     -0.263     -0.454     -0.114      0.544      0.147          *     -0.506      0.147      0.000      1.000      0.000      0.000      0.000      0.500      1.000      0.000      0.000      0.000      0.000 95578780
     3.000      2.000     -0.134      0.468      1.469     -0.029     -0.008      2.769     -0.500     -1.006      0.275      0.001     -0.004     -0.012      0.000     -0.023      0.004      0.008     -0.002      0.004      0.000      1.000      0.000      0.000      0.000     -0.500      0.000      0.000      0.000      0.000      0.000 99578888
     1.000      0.000      1.010     -0.897     -1.080     -2.390      1.580     -0.064     -0.500     -1.258     -0.725      1.596     -1.417     -1.706     -3.776     -0.101     -0.790     -1.987     -1.145      0.790      0.000      1.000      0.000      0.000      0.000      0.500      1.000      0.000      0.000      1.000      0.000 91884919
     1.000      0.000      0.267      0.721     -0.877     -0.450      0.228      0.353     -0.500      1.592     -0.725      0.061      0.164     -0.200     -0.103      0.080     -0.114      0.363     -0.165     -0.114      0.000      1.000      0.000      0.000      0.000     -0.500      1.000      0.000      0.000      1.000      0.000 93578105
     3.000      1.000     -0.110     -0.252      0.527      0.582      1.416      0.186      0.500     -2.510     -1.725     -0.156     -0.357      0.746      0.824      0.263      0.708     -3.553     -2.441      0.708      0.000      1.000      0.000      0.000      0.000      0.500      0.000      1.000      0.000      0.000      0.000 22540752
     3.000      1.000      0.195      1.758     -0.591      1.336     -0.224      2.686      0.500          *     -0.725     -0.044     -0.393      0.132     -0.299     -0.600     -0.112          *      0.162      0.112      0.000      1.000      0.000      0.000      0.000     -0.500      0.000      1.000      0.000      0.000      0.000 94575952
     3.000      2.000      0.817     -0.199      1.009     -0.679      1.492     -1.147     -0.500     -1.124     -0.725      1.219     -0.297      1.506     -1.012     -1.711     -0.746     -1.677     -1.081      0.746      0.000      1.000      0.000      0.000      0.000      0.500      0.000      0.000      0.000      0.000      0.000 11574211
     3.000      2.000     -0.118     -0.284      1.618     -0.898     -0.809     -2.981      0.500      0.907      2.275      0.095      0.230     -1.309      0.726      2.411     -0.404     -0.734     -1.840      0.404      0.000      1.000      0.000      1.000      0.000     -0.500      0.000      0.000      0.000      0.000      0.000 94719930
     3.000      2.000      0.126     -0.897      0.771      0.623      0.341      0.103     -0.500     -0.806     -0.725      0.043     -0.306      0.263      0.212      0.035     -0.170     -0.275     -0.247      0.170      0.000      1.000      0.000      0.000      0.000      0.500      0.000      0.000      0.000      0.000      0.000 90590358
     3.000      2.000      1.010     -0.559     -0.149      0.209      0.930     -2.481     -0.500      1.191      1.275      0.939     -0.520     -0.138      0.194     -2.307     -0.465      1.108      1.186      0.465      0.000      1.000      0.000      0.000      0.000      0.500      0.000      0.000      0.000      0.000      0.000 98713806
     3.000      2.000      0.724      0.333      0.316      0.820     -0.925     -1.981      0.500      0.055      1.275     -0.670     -0.308     -0.293     -0.759      1.832     -0.463     -0.051     -1.180      0.463      0.000      1.000      0.000      0.000      0.000     -0.500      0.000      0.000      0.000      0.000      0.000 91572387
     3.000      2.000     -0.089      1.698      0.078      0.582     -0.424     -1.231      0.500     -0.025      0.275      0.038     -0.720     -0.033     -0.247      0.522     -0.212      0.011     -0.117     -0.212      0.000      1.000      1.000      0.000      0.000      0.500      0.000      0.000      0.000      0.000      0.000 94574937
     3.000      2.000      1.010     -0.897      0.544      1.336     -2.140     -0.397      0.500      0.015     -1.725     -2.162      1.920     -1.164     -2.859      0.850     -1.070     -0.033      3.691     -1.070      0.000      1.000      0.000      0.000      0.000      0.500      0.000      0.000      0.000      0.000      0.000 94713002
     3.000      1.000      0.773      0.414      0.098      0.226     -0.058     -2.147      0.500      0.625     -0.725     -0.045     -0.024     -0.006     -0.013      0.124     -0.029     -0.036      0.042      0.029      0.000      1.000      0.000      0.000      0.000     -0.500      0.000      1.000      0.000      0.000      0.000 99718312
     3.000      0.000     -0.011      1.811      0.070     -0.044     -1.136      2.436     -0.500      0.231      1.275      0.013     -2.057     -0.079      0.050     -2.767      0.568     -0.262     -1.449      0.568      0.000      1.000      0.000      0.000      0.000     -0.500      1.000      0.000      0.000      0.000      0.000 99570486
     3.000      0.000     -0.551      0.386      0.763      0.186      2.134      0.186     -0.500     -0.901     -1.725     -1.176      0.825      1.629      0.397      0.397     -1.067     -1.923     -3.681      1.067      0.000      1.000      0.000      0.000      0.000      0.500      1.000      0.000      0.000      0.000      0.000 91884912
     3.000      0.000      0.075      0.721     -0.171      1.098     -1.755      2.269     -0.500     -2.510          *     -0.132     -1.265      0.301     -1.928     -3.983      0.878      4.406          *      0.878      0.000      1.000      0.000      0.000      0.000     -0.500      1.000      0.000      0.000      0.000      0.000 96575223
     3.000      1.000      1.010     -0.897     -1.986     -1.849     -2.026      2.519      0.500          *     -0.725     -2.047      1.818      4.024      3.747     -5.105     -1.013          *      1.468     -1.013      0.000      1.000      0.000      0.000      0.000      0.500      0.000      1.000      0.000      0.000      0.000 99574810
     3.000      1.000      0.785     -0.312      0.553      1.336     -2.119     -2.981     -0.500      1.251     -0.725     -1.664      0.661     -1.172     -2.831      6.316      1.059     -2.651      1.535     -1.059      0.000      1.000      0.000      0.000      0.000      0.500      0.000      1.000      0.000      0.000      0.000 24608376
     3.000      2.000     -0.621     -0.665      1.250     -2.878     -0.267      2.103     -0.500      0.231     -0.725      0.166      0.177     -0.333      0.767     -0.561      0.133     -0.061      0.193     -0.133      0.000      1.000      0.000      0.000      0.000      0.500      0.000      0.000      0.000      0.000      0.000 92578902
     3.000      1.000     -2.103     -0.312     -2.491     -0.957      0.849     -0.897      0.500      0.380     -0.225     -1.786     -0.265     -2.115     -0.813     -0.762      0.425      0.323     -0.191     -0.425      0.000      1.000      0.000      0.000      0.000     -0.500      0.000      1.000      0.000      0.000      0.000 93716299
     3.000      1.000      0.933     -0.897      1.242      0.709      1.461     -2.981      0.500      0.015     -1.225      1.362     -1.310      1.813      1.036     -4.353      0.730      0.023     -1.788     -0.730      0.000      1.000      0.000      0.000      0.000     -0.500      0.000      1.000      0.000      0.000      0.000 96718201
     1.000      0.000      0.766     -0.416     -0.364      0.344      1.111     -1.731     -0.500          *     -0.725      0.852     -0.462     -0.404      0.383     -1.924     -0.556          *     -0.805      0.556      0.000      1.000      0.000      0.000      0.000      0.500      1.000      0.000      0.000      1.000      0.000 91884994
     3.000      2.000      1.010      0.968      0.983      1.058      0.634      2.186      0.500      1.412     -0.725      0.640      0.613      0.623      0.670      1.385      0.317      0.895     -0.459      0.317      0.000      1.000      0.000      0.000      0.000      0.500      0.000      0.000      0.000      0.000      0.000 91586999
     3.000      0.000      0.197     -0.220      1.483      1.098      0.583     -1.397     -0.500     -0.806     -0.725      0.115     -0.128      0.864      0.640     -0.814     -0.291     -0.470     -0.422     -0.291      0.000      1.000      0.000      0.000      0.000     -0.500      1.000      0.000      0.000      0.000      0.000 92715321
     3.000      0.000      0.774      0.671     -0.667     -0.663     -0.069     -0.981     -0.500      0.380     -0.725     -0.054     -0.047      0.046      0.046      0.068      0.035     -0.026      0.050      0.035      0.000      1.000      0.000      0.000      0.000     -0.500      1.000      0.000      0.000      0.000      0.000 91713109
     2.000      2.000     -0.089      2.036      0.544      1.098      2.196     -1.231      0.500          *     -0.725     -0.196      4.472      1.195      2.412     -2.703      1.098          *     -1.591      1.098      0.000      1.000      0.000      0.000      0.000      0.500      0.000      0.000      0.000      0.000      1.000 98718121
     3.000      2.000      0.541     -0.897      0.298      0.344      1.291      1.269     -0.500      1.412     -0.725      0.699     -1.158      0.385      0.445      1.639     -0.645      1.822     -0.935      0.645      0.000      1.000      0.000      0.000      0.000      0.500      0.000      0.000      0.000      0.000      0.000 93578003
     3.000      0.000      0.570     -0.897      1.031     -0.656     -0.687      2.019     -0.500      0.822      0.275     -0.391      0.616     -0.709      0.450     -1.388      0.344     -0.565     -0.189     -0.344      0.000      1.000      0.000      0.000      0.000      0.500      1.000      0.000      0.000      0.000      0.000 91506793
     2.000      2.000      1.010      0.048     -0.399      0.582      0.689     -2.231     -0.500     -0.431     -0.725      0.696      0.033     -0.275      0.401     -1.537     -0.344     -0.297     -0.499      0.344      0.000      1.000      0.000      0.000      0.000      0.500      0.000      0.000      0.000      0.000      1.000 92714112
     3.000      1.000     -0.167     -0.897     -1.817      0.542      0.727     -1.647      0.500          *      2.275     -0.121     -0.652     -1.321      0.394     -1.198      0.364          *      1.655     -0.364      0.000      1.000      0.000      0.000      0.000     -0.500      0.000      1.000      0.000      0.000      0.000 92575944
     3.000      2.000     -0.089     -0.897      0.303      0.860      1.056     -1.147      0.500     -0.806     -0.725     -0.094     -0.947      0.320      0.909     -1.212      0.528     -0.851     -0.765      0.528      0.000      1.000      0.000      0.000      0.000      0.500      0.000      0.000      0.000      0.000      0.000 95578886
     3.000      2.000      0.303      1.021     -0.373     -0.608     -0.244      3.436     -0.500      0.380          *     -0.074     -0.249      0.091      0.149     -0.839      0.122     -0.093          *     -0.122      0.000      1.000      0.000      0.000      0.000      0.500      0.000      0.000      0.000      0.000      0.000 98576695
     3.000      1.000      0.795      2.703     -0.633     -0.957     -0.774      1.769      0.500          *     -0.725     -0.615     -2.092      0.490      0.741     -1.370     -0.387          *      0.561     -0.387      0.000      1.000      0.000      0.000      0.000      0.500      0.000      1.000      0.000      0.000      0.000 96888905
     3.000      1.000     -0.722     -0.897      1.224      1.098      0.064      0.353     -0.500     -0.259     -0.725     -0.046     -0.057      0.078      0.070      0.023     -0.032     -0.017     -0.046      0.032      0.000      1.000      0.000      0.000      0.000      0.500      0.000      1.000      0.000      0.000      0.000 97577783
     3.000      0.000      0.541     -0.897     -0.176      0.860     -1.177     -1.397     -0.500     -1.124     -0.725     -0.637      1.056      0.207     -1.013      1.645      0.589      1.323      0.853     -0.589      0.000      1.000      0.000      0.000      0.000      0.500      1.000      0.000      0.000      0.000      0.000 90714016
     3.000      1.000     -0.089     -0.559     -0.166     -1.534     -1.140     -2.981     -0.500     -0.901     -0.725      0.102      0.637      0.189      1.748      3.397      0.570      1.027      0.826     -0.570      0.000      1.000      0.000      0.000      0.000      0.500      0.000      1.000      0.000      0.000      0.000 95715228
     3.000      1.000      1.045     -0.897      1.943      1.098      0.071      2.436      0.500          *      0.775      0.074     -0.064      0.138      0.078      0.174      0.036          *      0.055     -0.036      0.000      1.000      0.000      0.000      0.000     -0.500      0.000      1.000      0.000      0.000      0.000 90575242
     3.000      1.000      1.045     -0.231      0.531      0.709     -2.154      1.353     -0.500      1.550      1.275     -2.251      0.497     -1.144     -1.528     -2.913      1.077     -3.338     -2.747      1.077      0.000      1.000      0.000      0.000      0.000     -0.500      0.000      1.000      0.000      0.000      0.000 99504107
     3.000      2.000     -3.124     -0.559      0.303      0.542     -0.084      0.853     -0.500     -0.208     -0.725      0.262      0.047     -0.025     -0.046     -0.072      0.042      0.017      0.061     -0.042      0.000      1.000      0.000      0.000      0.000      0.500      0.000      0.000      0.000      0.000      0.000 92574094
     3.000      2.000     -2.004     -0.861     -1.091      0.860     -2.617      0.686      0.500      0.262     -2.725      5.246      2.255      2.856     -2.252     -1.796     -1.309     -0.687      7.131     -1.309      0.000      1.000      0.000      0.000      0.000      0.500      0.000      0.000      0.000      0.000      0.000 92576892
     3.000      0.000      0.123      2.343     -0.614      0.472     -0.002     -0.397     -0.500      0.822      0.775      0.000     -0.004      0.001     -0.001      0.001      0.001     -0.001     -0.001      0.001      0.000      1.000      0.000      0.000      0.000     -0.500      1.000      0.000      0.000      0.000      0.000 91579939
     3.000      2.000      0.075     -0.591      0.552     -0.400     -0.074     -0.814      0.500          *      1.275     -0.006      0.044     -0.041      0.030      0.060     -0.037          *     -0.094      0.037      0.000      1.000      0.000      0.000      0.000     -0.500      0.000      0.000      0.000      0.000      0.000 90577255
     3.000      1.000      0.209     -0.897     -0.149     -0.560      0.605      1.936      0.500      0.510      0.275      0.126     -0.543     -0.090     -0.339      1.172      0.303      0.309      0.167      0.303      0.000      1.000      0.000      0.000      0.000      0.500      0.000      1.000      0.000      0.000      0.000 90574608
     1.000      2.000     -0.139     -0.231      0.093      0.304     -1.585      2.686      0.500      0.055     -1.725      0.220      0.366     -0.147     -0.482     -4.258     -0.793     -0.087      2.734     -0.793      0.000      1.000      0.000      0.000      0.000      0.500      0.000      0.000      0.000      1.000      0.000 97508726
     1.000      2.000     -0.089      1.779      0.062      0.582     -2.282      2.353     -0.500     -1.412     -0.725      0.204     -4.060     -0.141     -1.329     -5.368      1.141      3.221      1.653     -1.141      0.000      1.000      0.000      0.000      0.000      0.500      0.000      0.000      0.000      1.000      0.000 90575825
     3.000      2.000      1.045     -0.897      1.702      1.336      0.373     -2.397     -0.500      2.326     -0.225      0.390     -0.334      0.634      0.498     -0.893     -0.186      0.867     -0.084     -0.186      0.000      1.000      0.000      0.000      0.000     -0.500      0.000      0.000      0.000      0.000      0.000 91716627
     3.000      0.000     -1.409     -0.897     -0.154     -0.092      0.256      0.936      0.500          *     -1.725     -0.361     -0.230     -0.039     -0.024      0.240      0.128          *     -0.442      0.128      0.000      1.000      0.000      0.000      0.000      0.500      1.000      0.000      0.000      0.000      0.000 99574912
     3.000      1.000      1.045     -0.897      0.544      1.098      0.172      1.186      0.500          *     -0.725      0.179     -0.154      0.093      0.189      0.204      0.086          *     -0.124     -0.086      0.000      1.000      0.000      0.000      0.000     -0.500      0.000      1.000      0.000      0.000      0.000 94575955
     3.000      1.000     -0.773      0.785     -0.859     -0.798      2.375      1.936     -0.500     -0.159     -2.725     -1.836      1.864     -2.040     -1.896      4.598     -1.188     -0.377     -6.471     -1.188      0.000      1.000      0.000      0.000      0.000     -0.500      0.000      1.000      0.000      0.000      0.000 90500878
     3.000      2.000      0.728      0.361      1.004      1.098      0.642      2.103     -0.500      0.323      1.775      0.467      0.232      0.644      0.705      1.349     -0.321      0.207      1.139     -0.321      0.000      1.000      0.000      0.000      0.000     -0.500      0.000      0.000      0.000      0.000      0.000 96579935
     3.000      2.000     -0.753      1.473      0.048     -0.330     -0.715      0.519     -0.500          *     -0.725      0.538     -1.052     -0.035      0.236     -0.371      0.357          *      0.518     -0.357      0.000      1.000      0.000      0.000      0.000      0.500      0.000      0.000      0.000      0.000      0.000 95578482
     1.000      2.000     -0.089      0.436     -1.996     -0.307     -0.009      0.686     -0.500     -2.105     -0.725      0.001     -0.004      0.019      0.003     -0.006      0.005      0.020      0.007     -0.005      0.000      1.000      0.000      0.000      0.000      0.500      0.000      0.000      0.000      1.000      0.000 99578412
     3.000      1.000     -1.264     -0.252     -0.356     -1.973      1.715     -0.814      0.500          *     -1.725     -2.168     -0.433     -0.610     -3.384     -1.396      0.857          *     -2.957      0.857      0.000      1.000      0.000      1.000      0.000      0.500      0.000      1.000      0.000      0.000      0.000 99718220
     1.000      2.000      0.176      2.487      0.294     -0.585      0.405     -2.564      0.500     -0.370     -1.725      0.071      1.007      0.119     -0.237     -1.038      0.202     -0.150     -0.698      0.202      0.000      1.000      0.000      0.000      0.000      0.500      0.000      0.000      0.000      1.000      0.000 91884938
     3.000      2.000      0.817     -0.897     -0.603      1.098      1.278     -0.897     -0.500          *      2.275      1.045     -1.147     -0.771      1.404     -1.147     -0.639          *      2.909      0.639      0.000      1.000      0.000      0.000      0.000      0.500      0.000      0.000      0.000      0.000      0.000 91782978
     3.000      1.000      1.010     -0.284      0.767      1.336      0.342     -0.314      0.500     -0.901          *      0.345     -0.097      0.262      0.457     -0.107      0.171     -0.308          *      0.171      0.000      1.000      0.000      0.000      0.000      0.500      0.000      1.000      0.000      0.000      0.000 97574811
     3.000      1.000     -0.732          *     -0.166     -0.147     -0.185     -0.814     -0.500      1.191     -0.725      0.135          *      0.031      0.027      0.151      0.092     -0.220      0.134     -0.092      0.000      1.000      0.000      0.000      0.000      0.500      0.000      1.000      0.000      0.000      0.000 91786995
     3.000      2.000      1.010      1.473      0.983     -0.798      1.052      0.103     -0.500     -0.719      0.275      1.063      1.550      1.034     -0.840      0.108     -0.526     -0.756      0.290      0.526      0.000      1.000      0.000      0.000      0.000      0.500      0.000      0.000      0.000      0.000      0.000 97576805
     1.000      2.000      0.376      0.796      0.544      0.542      0.971      0.769     -0.500      0.728      0.275      0.365      0.772      0.528      0.526      0.747     -0.485      0.707      0.267      0.485      0.000      1.000      0.000      0.000      0.000      0.500      0.000      0.000      0.000      1.000      0.000 94574097
     3.000      1.000      0.139     -0.897      1.018      1.098     -0.345      0.103      0.500          *     -0.725     -0.048      0.310     -0.352     -0.379     -0.035     -0.173          *      0.250      0.173      0.000      1.000      0.000      0.000      0.000     -0.500      0.000      1.000      0.000      0.000      0.000 91574356
     1.000      2.000     -3.335      1.165      0.092     -1.092      0.662      2.436      0.500     -0.159      0.275     -2.206      0.771      0.061     -0.723      1.612      0.331     -0.105      0.182      0.331      0.000      1.000      0.000      0.000      0.000      0.500      0.000      0.000      0.000      1.000      0.000 94590357
     1.000      2.000      0.126     -0.231     -2.016     -1.493      1.765      1.353      0.500      1.127      1.275      0.223     -0.407     -3.557     -2.635      2.387      0.882      1.989      2.251      0.882      0.000      1.000      0.000      0.000      0.000      0.500      0.000      0.000      0.000      1.000      0.000 95500285
     3.000      1.000     -0.279     -0.897      0.544      0.820     -0.805      0.186     -0.500     -0.495      0.275      0.225      0.722     -0.438     -0.660     -0.150      0.403      0.399     -0.222      0.403      0.000      1.000      0.000      0.000      0.000     -0.500      0.000      1.000      0.000      0.000      0.000 97578883
     3.000      1.000      1.010     -0.897      1.241      0.186     -0.384      0.269     -0.500      0.748      0.275     -0.388      0.345     -0.477     -0.071     -0.104      0.192     -0.287     -0.106     -0.192      0.000      1.000      0.000      0.000      0.000      0.500      0.000      1.000      0.000      0.000      0.000 92546990
     3.000      0.000     -1.200     -0.897     -0.376      0.623     -1.004     -2.397     -0.500          *          *      1.205      0.901      0.378     -0.625      2.407      0.502          *          *      0.502      0.000      1.000      0.000      0.000      0.000     -0.500      1.000      0.000      0.000      0.000      0.000 96716893
     3.000      1.000      1.045     -0.897      1.224      0.860      0.043     -1.981     -0.500      0.164     -0.725      0.045     -0.039      0.053      0.037     -0.086     -0.022      0.007     -0.031     -0.022      0.000      1.000      0.000      0.000      0.000     -0.500      0.000      1.000      0.000      0.000      0.000 95718116
     1.000      0.000      1.010     -0.220      0.076     -2.185      0.094     -0.647     -0.500      0.907     -0.725      0.095     -0.021      0.007     -0.206     -0.061     -0.047      0.086     -0.068      0.047      0.000      1.000      0.000      0.000      0.000      0.500      1.000      0.000      0.000      1.000      0.000 91718028
     3.000      1.000      0.756      0.108     -1.052      0.582     -1.155      1.353      0.500          *      0.775     -0.873     -0.124      1.215     -0.672     -1.562     -0.577          *     -0.896      0.577      0.000      1.000      0.000      0.000      0.000     -0.500      0.000      1.000      0.000      0.000      0.000 91506291
     3.000      2.000     -0.089     -0.591      0.074      0.582      0.706     -2.397     -0.500     -1.412          *     -0.063     -0.417      0.052      0.411     -1.693     -0.353     -0.997          *      0.353      0.000      1.000      0.000      0.000      0.000      0.500      0.000      0.000      0.000      0.000      0.000 92718115
     3.000      0.000     -0.089     -0.897     -0.210     -0.441      1.699      0.936     -0.500     -0.806     -0.725     -0.152     -1.524     -0.357     -0.749      1.590     -0.850     -1.369     -1.231      0.850      0.000      1.000      0.000      0.000      0.000      0.500      1.000      0.000      0.000      0.000      0.000 91886999
     1.000      2.000     -2.090     -0.284     -0.622      1.336     -1.536      1.269      0.500      0.907      0.275      3.211      0.436      0.955     -2.053     -1.950     -0.768     -1.394     -0.423      0.768      0.000      1.000      0.000      0.000      0.000     -0.500      0.000      0.000      0.000      1.000      0.000 93506996
     3.000      2.000      1.010      0.023     -0.818      1.336     -1.008      1.269      0.500     -0.806     -0.725     -1.018     -0.023      0.825     -1.347     -1.279     -0.504      0.812      0.730     -0.504      0.000      1.000      0.000      0.000      0.000      0.500      0.000      0.000      0.000      0.000      0.000 99579935
     3.000      0.000     -0.169      0.858     -2.465     -1.617     -0.549      0.019     -0.500     -0.068     -0.725      0.093     -0.471      1.354      0.888     -0.011      0.275      0.037      0.398      0.275      0.000      1.000      0.000      0.000      0.000     -0.500      1.000      0.000      0.000      0.000      0.000 91587955
     3.000      1.000      0.457     -0.231     -0.380      1.098     -0.952     -0.064      0.500      0.728      1.275     -0.435      0.220      0.362     -1.046      0.061     -0.476     -0.694     -1.215      0.476      0.000      1.000      0.000      0.000      0.000     -0.500      0.000      1.000      0.000      0.000      0.000 91573708
     1.000      0.000      1.045     -0.897     -0.824      1.336     -2.073      0.769     -0.500      0.822     -0.225     -2.167      1.860      1.707     -2.769     -1.595      1.036     -1.704      0.465      1.036      0.000      1.000      0.000      0.000      0.000     -0.500      1.000      0.000      0.000      1.000      0.000 90575339
     3.000      2.000     -0.307     -0.897      0.302     -0.330      0.297     -0.147      0.500      0.510      0.775     -0.091     -0.266      0.090     -0.098     -0.044      0.148      0.151      0.230     -0.148      0.000      1.000      0.000      0.000      0.000     -0.500      0.000      0.000      0.000      0.000      0.000 98606822
     3.000      0.000      1.010     -0.861      1.716      0.234      1.518     -1.647     -0.500     -0.431          *      1.534     -1.308      2.604      0.355     -2.500     -0.759     -0.654          *      0.759      0.000      1.000      0.000      0.000      0.000      0.500      1.000      0.000      0.000      0.000      0.000 91783908
     3.000      0.000     -3.388     -0.897     -1.328      1.336      0.284     -1.397      0.500          *     -0.725     -0.961     -0.255     -0.377      0.379     -0.396      0.142          *     -0.206      0.142      0.000      1.000      0.000      0.000      0.000      0.500      1.000      0.000      0.000      0.000      0.000 99572875
     3.000      1.000      0.795     -0.897      0.294     -1.695     -0.371      0.269      0.500     -0.806      0.275     -0.295      0.333     -0.109      0.629     -0.100     -0.186      0.299     -0.102     -0.186      0.000      1.000      0.000      0.000      0.000      0.500      0.000      1.000      0.000      0.000      0.000 91884911
     3.000      2.000     -0.373     -0.897     -0.633     -0.411      1.358     -0.147      0.500      0.647      0.275     -0.506     -1.219     -0.860     -0.558     -0.200      0.679      0.878      0.374     -0.679      0.000      1.000      0.000      0.000      0.000     -0.500      0.000      0.000      0.000      0.000      0.000 94575022
     3.000      1.000      0.825     -0.591      0.544      1.336     -1.128      1.936     -0.500          *      0.775     -0.930      0.666     -0.614     -1.507     -2.183      0.564          *     -0.874      0.564      0.000      1.000      0.000      0.000      0.000     -0.500      0.000      1.000      0.000      0.000      0.000 99508289
     0.000      2.000     -0.312      1.031     -0.410     -2.390      1.698     -1.231     -0.500      0.407     -0.725     -0.531      1.752     -0.696     -4.059     -2.090     -0.849      0.692     -1.230     -0.849      0.000      1.000      0.000      0.000      0.000     -0.500      0.000      0.000      1.000      0.000      0.000 98718267
     3.000      0.000      0.075      0.946      0.590      1.058      1.153      0.436     -0.500     -0.208     -1.725      0.087      1.090      0.680      1.219      0.503     -0.576     -0.239     -1.988     -0.576      0.000      1.000      0.000      0.000      0.000     -0.500      1.000      0.000      0.000      0.000      0.000 91882982
     3.000      1.000     -0.885     -0.897     -0.161     -0.679     -0.277      0.269      0.500      0.510     -0.225      0.245      0.249      0.045      0.188     -0.075     -0.139     -0.141      0.062      0.139      0.000      1.000      0.000      0.000      0.000     -0.500      0.000      1.000      0.000      0.000      0.000 90504700
     3.000      0.000     -0.199     -0.897      0.079     -0.069     -0.300      0.853     -0.500     -1.412     -0.225      0.060      0.269     -0.024      0.021     -0.256      0.150      0.423      0.067      0.150      0.000      1.000      0.000      0.000      0.000     -0.500      1.000      0.000      0.000      0.000      0.000 98504706
     3.000      2.000      1.010     -0.559      1.702     -0.153      0.494     -3.897     -0.500     -1.258     -1.725      0.499     -0.276      0.841     -0.076     -1.925     -0.247     -0.621     -0.852      0.247      0.000      1.000      0.000      0.000      0.000      0.500      0.000      0.000      0.000      0.000      0.000 91585927
     3.000      2.000     -1.444     -0.453     -0.613      0.860     -0.987     -2.647      0.500          *      1.775      1.426      0.447      0.605     -0.850      2.614     -0.494          *     -1.753      0.494      0.000      1.000      0.000      0.000      0.000     -0.500      0.000      0.000      0.000      0.000      0.000 92717264
     1.000      2.000     -1.362      0.026     -1.566      0.169     -0.598     -0.897      0.500      0.534      0.275      0.814     -0.016      0.936     -0.101      0.537     -0.299     -0.319     -0.165      0.299      0.000      1.000      0.000      0.000      0.000     -0.500      0.000      0.000      0.000      1.000      0.000 96884939
     3.000      0.000     -0.335     -0.897     -0.131     -0.290      0.190     -0.814      0.500      0.407      1.275     -0.064     -0.170     -0.025     -0.055     -0.154      0.095      0.077      0.242      0.095      0.000      1.000      0.000      0.000      0.000      0.500      1.000      0.000      0.000      0.000      0.000 91646023
     3.000      1.000     -0.413      0.076     -0.824     -0.838      0.429     -0.814     -0.500      0.907      0.275     -0.177      0.033     -0.353     -0.359     -0.349     -0.214      0.389      0.118     -0.214      0.000      1.000      0.000      0.000      0.000     -0.500      0.000      1.000      0.000      0.000      0.000 91880905
     3.000      1.000      0.725     -0.312      0.070      0.502     -0.402     -1.731      0.500     -0.159     -1.725     -0.292      0.125     -0.028     -0.202      0.696     -0.201      0.064      0.694      0.201      0.000      1.000      0.000      0.000      0.000     -0.500      0.000      1.000      0.000      0.000      0.000 96715028
     3.000      2.000     -1.011     -0.897      0.316      1.336      0.103      0.936      0.500      0.055     -0.725     -0.104     -0.092      0.032      0.137      0.096      0.051      0.006     -0.074      0.051      0.000      1.000      0.000      0.000      0.000      0.500      0.000      0.000      0.000      0.000      0.000 97674443
     3.000      1.000      1.010     -0.897      1.264      1.058     -1.347     -1.647     -0.500      0.380      1.275     -1.361      1.209     -1.703     -1.425      2.220      0.674     -0.512     -1.719     -0.674      0.000      1.000      0.000      0.000      0.000      0.500      0.000      1.000      0.000      0.000      0.000 91784915
     2.000      2.000      0.785      0.886      0.760      1.098      0.554     -1.981     -0.500      0.164      0.275      0.435      0.491      0.421      0.608     -1.096     -0.277      0.091      0.152      0.277      0.000      1.000      0.000      0.000      0.000      0.500      0.000      0.000      0.000      0.000      1.000 90714936
     1.000      0.000     -3.115      1.557     -0.859     -0.863      1.361     -0.064     -0.500      0.510     -0.225     -4.239      2.118     -1.168     -1.175     -0.087     -0.680      0.694     -0.305     -0.680      0.000      1.000      0.000      0.000      0.000     -0.500      1.000      0.000      0.000      1.000      0.000 92718306
     3.000      0.000      1.010     -0.559      0.083      0.344     -0.404     -0.731      0.500          *     -0.725     -0.408      0.226     -0.034     -0.139      0.295     -0.202          *      0.293     -0.202      0.000      1.000      0.000      0.000      0.000      0.500      1.000      0.000      0.000      0.000      0.000 98571908
     3.000      0.000      0.570      1.688      0.536     -0.330      0.748     -1.147     -0.500     -2.510     -0.725      0.426      1.262      0.401     -0.247     -0.858     -0.374     -1.877     -0.542      0.374      0.000      1.000      0.000      0.000      0.000      0.500      1.000      0.000      0.000      0.000      0.000 91714212
     1.000      2.000      1.045     -0.231     -1.100     -0.223     -0.216     -0.897     -0.500      0.625      1.275     -0.226      0.050      0.237      0.048      0.194      0.108     -0.135     -0.275      0.108      0.000      1.000      0.000      0.000      0.000     -0.500      0.000      0.000      0.000      1.000      0.000 91886930
     3.000      1.000     -0.089     -0.591      1.264      1.336     -0.849      1.519      0.500     -1.124     -1.725      0.076      0.501     -1.073     -1.134     -1.290     -0.424      0.954      1.464     -0.424      0.000      1.000      0.000      0.000      0.000      0.500      0.000      1.000      0.000      0.000      0.000 90572282
     3.000      1.000     -1.155     -0.897      0.319      1.336     -1.203     -2.897     -0.500     -0.259          *      1.390      1.080     -0.384     -1.608      3.487      0.602      0.312          *     -0.602      0.000      1.000      0.000      0.000      0.000      0.500      0.000      1.000      0.000      0.000      0.000 18540753
     1.000      2.000      0.766     -0.537     -2.017     -0.957      0.480     -1.981     -0.500     -0.259     -0.725      0.368     -0.258     -0.969     -0.459     -0.951     -0.240     -0.124     -0.348      0.240      0.000      1.000      0.000      0.000      0.000      0.500      0.000      0.000      0.000      1.000      0.000 98718206
     3.000      2.000     -1.624     -0.231     -0.632      0.153      0.005      0.603      0.500      0.262      0.275     -0.009     -0.001     -0.003      0.001      0.003      0.003      0.001      0.001      0.003      0.000      1.000      0.000      0.000      0.000      0.500      0.000      0.000      0.000      0.000      0.000 98576896
     3.000      2.000      0.502      2.118      1.241     -1.886     -1.596      0.603     -0.500          *      1.275     -0.801     -3.380     -1.981      3.011     -0.962      0.798          *     -2.036     -0.798      0.000      1.000      0.000      0.000      0.000      0.500      0.000      0.000      0.000      0.000      0.000 93508982
     3.000      2.000      0.074      0.446      1.256      0.145     -0.589      1.603     -0.500      0.055     -1.225     -0.043     -0.263     -0.740     -0.086     -0.944      0.295     -0.032      0.722      0.295      0.000      1.000      0.000      0.000      0.000     -0.500      0.000      0.000      0.000      0.000      0.000 96575980
     3.000      0.000     -0.460      0.273     -0.623      0.820      0.045     -1.647      0.500     -0.806     -1.725     -0.021      0.012     -0.028      0.037     -0.075      0.023     -0.037     -0.078      0.023      0.000      1.000      0.000      0.000      0.000      0.500      1.000      0.000      0.000      0.000      0.000 91888907
     3.000      2.000      1.045     -0.591      0.124      1.098     -0.388     -1.397      0.500          *      0.275     -0.406      0.229     -0.048     -0.426      0.543     -0.194          *     -0.107      0.194      0.000      1.000      0.000      0.000      0.000     -0.500      0.000      0.000      0.000      0.000      0.000 98710960
     3.000      2.000      1.010     -0.312     -1.571     -3.573     -2.326     -2.397      0.500     -1.124      0.275     -2.350      0.726      3.654      8.310      5.575     -1.163      2.614     -0.641     -1.163      0.000      1.000      1.000      0.000      0.000      0.500      0.000      0.000      0.000      0.000      0.000 97500221
     3.000      1.000      0.904     -0.897     -0.631      0.702     -2.213     -0.814      0.500      0.092      0.775     -2.001      1.986      1.397     -1.553      1.801     -1.107     -0.204     -1.716      1.107      0.000      1.000      0.000      0.000      0.000     -0.500      0.000      1.000      0.000      0.000      0.000 96718018
     3.000      1.000     -0.811     -0.312     -1.553     -2.668      0.897      0.936      0.500      0.728      0.275     -0.727     -0.280     -1.394     -2.395      0.840      0.449      0.654      0.247     -0.449      0.000      1.000      0.000      0.000      0.000     -0.500      0.000      1.000      0.000      0.000      0.000 98578006
     3.000      0.000     -0.305     -0.897     -2.714     -1.652     -0.144     -0.147      0.500          *     -0.725      0.044      0.129      0.390      0.238      0.021     -0.072          *      0.104     -0.072      0.000      1.000      0.000      0.000      0.000      0.500      1.000      0.000      0.000      0.000      0.000 96574931
     3.000      2.000      1.045      0.108     -0.094      1.336      2.149     -2.147     -0.500          *          *      2.247      0.232     -0.202      2.872     -4.615     -1.075          *          *     -1.075      0.000      1.000      0.000      0.000      0.000     -0.500      0.000      0.000      0.000      0.000      0.000 94713392
     3.000      1.000     -1.336      0.076      0.084     -1.018     -0.198      2.603     -0.500          *      1.775      0.264     -0.015     -0.017      0.201     -0.515      0.099          *     -0.351      0.099      0.000      1.000      1.000      0.000      0.000     -0.500      0.000      1.000      0.000      0.000      0.000 91584908
     3.000      1.000      1.010     -0.861     -0.400      1.336      0.957      2.436     -0.500          *      0.275      0.967     -0.824     -0.382      1.278      2.331     -0.478          *      0.264      0.478      0.000      1.000      0.000      0.000      0.000      0.500      0.000      1.000      0.000      0.000      0.000 92578485
     3.000      1.000          *     -0.897      1.005      0.860      1.836      1.769     -0.500      0.380          *          *     -1.647      1.845      1.580      3.248     -0.918      0.698          *     -0.918      0.000      1.000      0.000      0.000      0.000     -0.500      0.000      1.000      0.000      0.000      0.000 95579930
     3.000      2.000     -0.298     -0.312      0.098     -0.330      1.235      1.103     -0.500          *      1.275     -0.368     -0.385      0.121     -0.408      1.362     -0.617          *      1.575      0.617      0.000      1.000      0.000      0.000      0.000      0.500      0.000      0.000      0.000      0.000      0.000 98504101
     3.000      2.000     -0.335     -0.591     -0.417     -2.600     -1.138      2.103      0.500      0.728     -0.725      0.381      0.672      0.474      2.958     -2.392     -0.569     -0.829      0.824     -0.569      0.000      1.000      0.000      0.000      0.000      0.500      0.000      0.000      0.000      0.000      0.000 96586998
     3.000      2.000     -0.089     -0.559      0.522     -1.448     -1.982      1.186     -0.500          *     -0.725      0.177      1.107     -1.034      2.869     -2.350      0.991          *      1.436     -0.991      0.000      1.000      0.000      0.000      0.000      0.500      0.000      0.000      0.000      0.000      0.000 57245546
     3.000      1.000     -0.275     -0.252      0.602      0.165     -0.153     -1.397      0.500     -1.412     -1.225      0.042      0.039     -0.092     -0.025      0.214     -0.077      0.217      0.188      0.077      0.000      1.000      0.000      0.000      0.000     -0.500      0.000      1.000      0.000      0.000      0.000 91715927
     3.000      0.000      0.363      3.567      0.348      0.464     -3.029     -0.314     -0.500          *      0.275     -1.100    -10.803     -1.053     -1.405      0.951      1.515          *     -0.834     -1.515      0.000      1.000      0.000      0.000      0.000      0.500      1.000      0.000      0.000      0.000      0.000 11718821
     3.000      2.000     -0.182     -0.897      0.777      0.623      0.663      1.936      0.500     -0.806      0.275     -0.121     -0.595      0.515      0.413      1.283      0.331     -0.534      0.183      0.331      0.000      1.000      0.000      0.000      0.000      0.500      0.000      0.000      0.000      0.000      0.000 93578217
     2.000      0.000     -2.332      2.180     -0.618     -0.242     -1.852     -1.064      0.500     -1.594     -0.725      4.318     -4.037      1.144      0.448      1.970     -0.926      2.952      1.342     -0.926      1.000      1.000      1.000      0.000      1.000      0.500      1.000      0.000      0.000      0.000      1.000 90714933
     1.000      2.000     -0.411      2.364      0.785      0.304      0.148      2.269     -0.500      0.380     -0.725     -0.061      0.351      0.117      0.045      0.337     -0.074      0.056     -0.107     -0.074      0.000      1.000      0.000      0.000      0.000     -0.500      0.000      0.000      0.000      1.000      0.000 96578316
     1.000      0.000      0.550     -0.231      1.000      1.058      1.673      1.103      0.500      0.688      0.275      0.921     -0.386      1.673      1.770      1.845      0.836      1.152      0.461      0.836      0.000      1.000      0.000      0.000      0.000      0.500      1.000      0.000      0.000      1.000      0.000 96506794
     3.000      1.000      1.045     -0.897     -1.576     -2.406      1.872      2.103      0.500     -0.068     -0.725      1.957     -1.680     -2.950     -4.504      3.937      0.936     -0.127     -1.357     -0.936      0.000      1.000      1.000      1.000      0.000     -0.500      0.000      1.000      0.000      0.000      0.000 90570288
     1.000      2.000      0.897      2.950     -0.627     -0.069      0.927     -1.981     -0.500      0.907     -0.725      0.832      2.736     -0.582     -0.064     -1.837     -0.464      0.842     -0.672     -0.464      0.000      1.000      0.000      0.000      0.000     -0.500      0.000      0.000      0.000      1.000      0.000 91716891
     1.000      0.000     -1.614      2.026      0.092      0.304      2.723      1.436      0.500      0.380     -1.725     -4.395      5.517      0.251      0.828      3.911      1.362      1.035     -4.696      1.362      0.000      1.000      0.000      0.000      0.000      0.500      1.000      0.000      0.000      1.000      0.000 94578407
     3.000      2.000      1.010      0.086     -0.400     -1.220     -0.764      0.686      0.500          *     -0.725     -0.771     -0.066      0.306      0.931     -0.524     -0.382          *      0.553     -0.382      0.000      1.000      0.000      0.000      0.000      0.500      0.000      0.000      0.000      0.000      0.000 99574406
     3.000      1.000      1.010     -0.897     -0.166      0.066     -0.706      2.186     -0.500          *     -0.725     -0.714      0.634      0.117     -0.047     -1.544      0.353          *      0.512     -0.353      0.000      0.000      0.000      1.000      0.000      0.500      0.000      1.000      0.000      0.000      0.000 95574892
     3.000      0.000     -2.328     -0.897      0.285     -0.347     -0.797     -1.231     -0.500          *     -0.725      1.857      0.715     -0.227      0.277      0.981      0.399          *      0.578      0.399      0.000      1.000      0.000      0.000      0.000     -0.500      1.000      0.000      0.000      0.000      0.000 96710360
     3.000      2.000      0.402      1.246     -0.873      1.098     -0.135      2.519     -0.500          *     -1.725     -0.054     -0.169      0.118     -0.149     -0.341      0.068          *      0.234     -0.068      0.000      1.000      0.000      0.000      0.000      0.500      0.000      0.000      0.000      0.000      0.000 99574336
     3.000      1.000     -0.307      0.408     -0.868     -0.502     -0.438      0.603      0.500          *     -0.225      0.134     -0.179      0.381      0.220     -0.264     -0.219          *      0.098      0.219      0.000      1.000      0.000      0.000      0.000     -0.500      0.000      1.000      0.000      0.000      0.000 90506195
     3.000      0.000     -2.435     -0.231      0.544     -2.014      0.933      0.103      0.500     -0.901      0.275     -2.272     -0.215      0.508     -1.879      0.096      0.467     -0.841      0.257      0.467      0.000      1.000      0.000      0.000      0.000      0.500      1.000      0.000      0.000      0.000      0.000 91584930
     3.000      2.000     -0.867      1.225      1.716      0.431      0.528     -0.731      0.500      0.231     -0.225     -0.458      0.647      0.907      0.228     -0.386      0.264      0.122     -0.119     -0.264      0.000      1.000      0.000      0.000      0.000     -0.500      0.000      0.000      0.000      0.000      0.000 98714930
     3.000      1.000      0.570     -0.897      0.785     -1.849      0.072      5.103      0.500     -0.806     -1.725      0.041     -0.064      0.056     -0.132      0.365      0.036     -0.058     -0.123      0.036      0.000      1.000      0.000      0.000      0.000      0.500      0.000      1.000      0.000      0.000      0.000 93573223
     3.000      1.000      0.625     -0.897     -0.167      0.582     -2.367      2.269      0.500          *     -0.225     -1.479      2.123      0.395     -1.378     -5.370     -1.183          *      0.531      1.183      0.000      1.000      0.000      0.000      0.000     -0.500      0.000      1.000      0.000      0.000      0.000 99578784
     3.000      2.000     -0.089      1.000      0.092      0.820      2.173      0.019     -0.500          *     -0.725     -0.194      2.172      0.201      1.782      0.042     -1.087          *     -1.575      1.087      0.000      1.000      0.000      0.000      0.000      0.500      0.000      0.000      0.000      0.000      0.000 95575224
     1.000      0.000     -0.328      2.118     -0.376      0.304      0.886      0.853     -0.500          *     -0.225     -0.291      1.876     -0.333      0.269      0.755     -0.443          *     -0.199     -0.443      0.000      1.000      0.000      0.000      0.000     -0.500      1.000      0.000      0.000      1.000      0.000 92577161
     1.000      2.000     -0.978      0.026     -2.452      0.582      0.551     -0.397     -0.500     -0.639     -1.725     -0.538      0.015     -1.350      0.321     -0.219     -0.275     -0.352     -0.950      0.275      0.000      1.000      0.000      0.000      0.000      0.500      0.000      0.000      0.000      1.000      0.000 92576493
     3.000      2.000     -0.385     -0.897      0.079      0.431      0.415      0.436     -0.500          *      0.275     -0.160     -0.372      0.033      0.179      0.181     -0.207          *      0.114     -0.207      0.000      1.000      0.000      0.000      0.000     -0.500      0.000      0.000      0.000      0.000      0.000 10316654
     3.000      2.000     -0.086     -0.897     -1.549      0.344     -0.541     -1.231      0.500      0.015     -0.725      0.047      0.486      0.839     -0.187      0.666     -0.271     -0.008      0.392     -0.271      0.000      1.000      0.000      0.000      0.000      0.500      0.000      0.000      0.000      0.000      0.000 98500218
     3.000      0.000      0.408     -0.897     -1.987     -0.744     -0.530     -1.231      0.500     -0.564      0.275     -0.216      0.476      1.053      0.394      0.652     -0.265      0.299     -0.146     -0.265      0.000      1.000      0.000      0.000      0.000      0.500      1.000      0.000      0.000      0.000      0.000 92570973
     3.000      1.000      0.785     -0.897      0.303      0.623      0.127     -2.481     -0.500     -0.639      0.275      0.100     -0.114      0.038      0.079     -0.315     -0.063     -0.081      0.035      0.063      0.000      1.000      0.000      0.000      0.000      0.500      0.000      1.000      0.000      0.000      0.000 91788908
     1.000      0.000     -0.720      2.950     -0.172      0.447      1.036      0.269      0.500          *     -1.725     -0.746      3.055     -0.178      0.463      0.279      0.518          *     -1.786      0.518      1.000      1.000      0.000      0.000      0.000      0.500      1.000      0.000      0.000      1.000      0.000 90500380
     1.000      2.000      1.010      1.666     -0.166      0.820     -1.612      1.353     -0.500     -0.025     -1.725     -1.628     -2.686      0.268     -1.322     -2.180      0.806      0.041      2.780     -0.806      0.000      1.000      0.000      0.000      0.000      0.500      0.000      0.000      0.000      1.000      0.000 94574892
     3.000      1.000      0.345     -0.559      0.088      1.336     -0.603      1.103      0.500          *     -0.725     -0.208      0.337     -0.053     -0.806     -0.665     -0.302          *      0.437     -0.302      0.000      1.000      0.000      0.000      0.000      0.500      0.000      1.000      0.000      0.000      0.000 97572872
     3.000      1.000      0.240     -0.897      0.058     -0.719      0.195     -0.647      0.500          *      1.275      0.047     -0.175      0.011     -0.140     -0.126      0.097          *      0.248      0.097      0.000      1.000      0.000      0.000      0.000      0.500      0.000      1.000      0.000      0.000      0.000 20676929
     3.000      0.000      1.010     -0.897      1.943      0.226     -1.362     -1.064     -0.500     -1.594          *     -1.376      1.222     -2.646     -0.308      1.449      0.681      2.170          *     -0.681      0.000      1.000      0.000      0.000      0.000      0.500      1.000      0.000      0.000      0.000      0.000 98574932
     1.000      1.000     -0.089      0.950      0.788     -0.425      1.997      3.269      0.500     -0.639     -0.725     -0.178      1.897      1.575     -0.850      6.530      0.999     -1.275     -1.447      0.999      0.000      1.000      0.000      0.000      1.000      0.500      0.000      1.000      0.000      1.000      0.000 91578311
     1.000      0.000     -0.120     -0.897     -1.777      1.336     -1.827     -0.481     -0.500          *          *      0.220      1.639      3.246     -2.441      0.878      0.913          *          *     -0.913      0.000      1.000      0.000      0.000      0.000      0.500      1.000      0.000      0.000      1.000      0.000 91886995
     3.000      1.000      0.571      0.640      1.000     -0.783      0.477     -0.397      0.500          *          *      0.273      0.305      0.477     -0.374     -0.190      0.239          *          *      0.239      0.000      1.000      0.000      0.000      0.000      0.500      0.000      1.000      0.000      0.000      0.000 95718316
     1.000      0.000      0.533      0.355      0.764      0.582      1.209     -2.731      0.500     -0.564      0.275      0.644      0.429      0.924      0.704     -3.302      0.605     -0.682      0.333     -0.605      0.000      1.000      0.000      0.000      0.000     -0.500      1.000      0.000      0.000      1.000      0.000 95714091
     3.000      2.000      0.294     -0.559      0.319      1.336     -0.867      0.603      0.500          *     -0.725     -0.255      0.484     -0.277     -1.158     -0.522     -0.433          *      0.628      0.433      0.000      1.000      0.000      0.000      0.000     -0.500      0.000      0.000      0.000      0.000      0.000 90573434
     1.000      0.000     -2.465      2.273     -2.714      0.582     -0.405     -1.564     -0.500     -0.431     -0.725      0.997     -0.920      1.098     -0.236      0.633      0.202      0.174      0.293     -0.202      0.000      1.000      0.000      0.000      0.000      0.500      1.000      0.000      0.000      1.000      0.000 95710184
     1.000      2.000      0.817      1.197      0.285      0.344      2.072     -3.231      0.500     -0.025     -0.725      1.693      2.479      0.590      0.714     -6.694      1.036     -0.053     -1.501      1.036      0.000      1.000      0.000      0.000      0.000      0.500      0.000      0.000      0.000      1.000      0.000 95718003
     2.000      2.000      0.494      0.785      1.245      0.464      0.285     -1.897     -0.500      1.296      0.775      0.141      0.224      0.355      0.132     -0.542     -0.143      0.370      0.221     -0.143      0.000      1.000      0.000      0.000      0.000     -0.500      0.000      0.000      0.000      0.000      1.000 97713502
     3.000      1.000     -0.684     -0.220      1.943     -0.400      0.335     -1.564     -0.500     -1.258          *     -0.229     -0.074      0.652     -0.134     -0.524     -0.168     -0.422          *     -0.168      0.000      1.000      0.000      0.000      0.000     -0.500      0.000      1.000      0.000      0.000      0.000 95718385
     3.000      0.000     -1.651      2.703     -1.311     -1.220     -0.257      0.853     -0.500     -0.639     -0.725      0.424     -0.695      0.337      0.313     -0.219      0.129      0.164      0.186     -0.129      0.000      1.000      0.000      0.000      0.000      0.500      1.000      0.000      0.000      0.000      0.000 96575628
     3.000      1.000      0.825     -0.929      1.716      1.098      0.395      1.686     -0.500     -0.159     -1.725      0.326     -0.367      0.678      0.434      0.666     -0.197     -0.063     -0.681     -0.197      0.000      1.000      0.000      0.000      0.000     -0.500      0.000      1.000      0.000      0.000      0.000 93570488
     3.000      1.000     -0.196      1.081      0.530     -1.915      0.113      0.603      0.500     -0.495     -0.725     -0.022      0.122      0.060     -0.216      0.068      0.056     -0.056     -0.082     -0.056      0.000      1.000      0.000      0.000      0.000     -0.500      0.000      1.000      0.000      0.000      0.000 96575924
     3.000      2.000      1.010     -0.897     -0.179      0.264      0.343     -0.481      0.500      0.907     -1.725      0.346     -0.307     -0.061      0.090     -0.165      0.171      0.311     -0.591      0.171      0.000      1.000      0.000      0.000      0.000      0.500      0.000      0.000      0.000      0.000      0.000 91888980
     3.000      1.000      1.080     -0.766     -0.377     -1.374     -0.643      0.436     -0.500      0.510      1.275     -0.695      0.493      0.242      0.884     -0.281      0.322     -0.328     -0.821     -0.322      0.000      1.000      0.000      0.000      0.000      0.500      0.000      1.000      0.000      0.000      0.000 92578608
     3.000      0.000      0.795     -0.559      1.250      0.623     -0.610     -2.147      0.500     -0.639     -0.725     -0.485      0.341     -0.763     -0.380      1.310     -0.305      0.390      0.442     -0.305      0.000      1.000      0.000      0.000      0.000      0.500      1.000      0.000      0.000      0.000      0.000 91784917
     3.000      2.000          *          *          *          *      0.607     -2.897     -0.500     -2.105          *          *          *          *          *     -1.758     -0.303     -1.277          *     -0.303      0.000      1.000      0.000      0.000      0.000     -0.500      0.000      0.000      0.000      0.000      0.000 96715021
     3.000      1.000      0.617     -0.897      0.062      0.820      0.293     -0.897      0.500          *     -0.725      0.181     -0.263      0.018      0.241     -0.263      0.147          *     -0.213     -0.147      0.000      1.000      0.000      0.000      0.000     -0.500      0.000      1.000      0.000      0.000      0.000 98572989
     3.000      0.000      1.045     -0.897      1.013      0.860     -0.028     -0.981     -0.500      0.129     -0.225     -0.030      0.025     -0.029     -0.024      0.028      0.014     -0.004      0.006      0.014      0.000      1.000      0.000      0.000      0.000     -0.500      1.000      0.000      0.000      0.000      0.000 96575620
     3.000      2.000      0.075     -0.591      1.013      1.336     -0.355     -3.481      0.500          *      0.775     -0.027      0.209     -0.359     -0.474      1.234     -0.177          *     -0.275      0.177      0.000      1.000      0.000      0.000      0.000     -0.500      0.000      0.000      0.000      0.000      0.000 99719938
     3.000      2.000      1.045     -0.897      0.543      0.304     -1.378      1.603     -0.500          *     -0.725     -1.440      1.236     -0.748     -0.419     -2.208      0.689          *      0.998      0.689      0.000      1.000      0.000      0.000      0.000     -0.500      0.000      0.000      0.000      0.000      0.000 93570254
     3.000      1.000      0.155     -0.005     -1.088      1.098      0.700     -0.897      0.500          *     -1.725      0.108     -0.004     -0.762      0.769     -0.628      0.350          *     -1.208      0.350      0.000      1.000      0.000      0.000      0.000      0.500      0.000      1.000      0.000      0.000      0.000 93572380
     1.000      0.000      0.589     -0.312     -1.267      0.582      0.133      1.436     -0.500      1.087     -0.225      0.078     -0.041     -0.168      0.077      0.191     -0.066      0.144     -0.030     -0.066      0.000      1.000      0.000      0.000      0.000     -0.500      1.000      0.000      0.000      1.000      0.000 97574825
     3.000      2.000      0.781     -0.312      1.943     -0.626      0.403     -1.147      0.500      1.059      0.275      0.315     -0.126      0.783     -0.252     -0.462      0.201      0.427      0.111     -0.201      0.000      1.000      0.000      0.000      0.000     -0.500      0.000      0.000      0.000      0.000      0.000 96884933
     3.000      1.000     -0.089      0.414      1.461      1.098     -0.533     -0.397     -0.500     -0.208     -0.725      0.048     -0.221     -0.779     -0.585      0.212      0.267      0.111      0.386     -0.267      0.000      1.000      0.000      0.000      0.000      0.500      0.000      1.000      0.000      0.000      0.000 95718683
     3.000      0.000      0.571      0.108      1.000      1.098     -1.075     -1.064     -0.500          *      2.275     -0.614     -0.116     -1.075     -1.180      1.143      0.537          *     -2.445     -0.537      0.000      1.000      0.000      0.000      0.000      0.500      1.000      0.000      0.000      0.000      0.000 97508989
     3.000      1.000     -0.341     -0.897     -0.355     -2.145     -0.797     -0.397      0.500          *      1.275      0.272      0.715      0.283      1.710      0.317     -0.399          *     -1.017     -0.399      0.000      1.000      0.000      0.000      0.000      0.500      0.000      1.000      0.000      0.000      0.000 96718984
     3.000      2.000      0.841      0.796     -0.403     -0.212     -0.014     -0.314      0.500      0.625     -0.725     -0.012     -0.011      0.006      0.003      0.004     -0.007     -0.009      0.010      0.007      0.000      1.000      1.000      0.000      0.000     -0.500      0.000      0.000      0.000      0.000      0.000 99717862
     3.000      1.000      0.034     -0.220     -0.360      0.820     -0.680      0.603      0.500     -1.412          *     -0.023      0.150      0.245     -0.558     -0.410     -0.340      0.960          *      0.340      0.000      1.000      0.000      0.000      0.000     -0.500      0.000      1.000      0.000      0.000      0.000 98575829
     3.000      1.000     -1.165     -0.897     -1.074      0.193      0.965     -0.314      0.500     -0.431     -1.725     -1.124     -0.866     -1.037      0.187     -0.303      0.483     -0.416     -1.665      0.483      0.000      1.000      0.000      0.000      0.000      0.500      0.000      1.000      0.000      0.000      0.000 99578763
     3.000      1.000      0.785     -0.897      0.536      0.066      2.129     -0.897      0.500     -1.124      0.275      1.672     -1.910      1.141      0.141     -1.911      1.065     -2.393      0.587      1.065      0.000      1.000      0.000      0.000      0.000      0.500      0.000      1.000      0.000      0.000      0.000 90575240
     3.000      0.000     -0.090     -0.591     -2.018     -1.432      2.395      1.353     -0.500      0.293      2.275     -0.215     -1.415     -4.835     -3.431      3.240     -1.198      0.702      5.450     -1.198      0.000      1.000      0.000      0.000      0.000     -0.500      1.000      0.000      0.000      0.000      0.000 93574632
     3.000      2.000      0.795      1.113      1.469      0.344      0.765      1.353      0.500     -0.901     -0.725      0.608      0.851      1.124      0.263      1.035      0.382     -0.689     -0.554      0.382      0.000      1.000      0.000      0.000      0.000      0.500      0.000      0.000      0.000      0.000      0.000 97578385
     2.000      0.000      1.045      2.058     -0.834     -0.846      1.744      1.436     -0.500      0.822     -0.725      1.823      3.589     -1.455     -1.476      2.504     -0.872      1.433     -1.264     -0.872      0.000      1.000      0.000      0.000      0.000     -0.500      1.000      0.000      0.000      0.000      1.000 93578309
     3.000      1.000      0.203          *      0.995     -0.663     -0.493     -0.147      0.500      0.352     -0.725     -0.100          *     -0.491      0.327      0.073     -0.247     -0.174      0.357      0.247      0.000      1.000      0.000      0.000      0.000     -0.500      0.000      1.000      0.000      0.000      0.000 92575625
     1.000      0.000      0.209          *     -0.604      1.336      0.142     -3.064     -0.500     -1.817     -0.725      0.030          *     -0.086      0.190     -0.435     -0.071     -0.258     -0.103      0.071      0.000      1.000      0.000      0.000      0.000      0.500      1.000      0.000      0.000      1.000      0.000 93717160
     3.000      1.000      1.010      0.436     -0.641     -1.220      0.131      0.353     -0.500     -0.370      1.275      0.132      0.057     -0.084     -0.159      0.046     -0.065     -0.048      0.167      0.065      0.000      1.000      0.000      0.000      0.000      0.500      0.000      1.000      0.000      0.000      0.000 97578580
     3.000      1.000     -0.328      0.026     -1.052     -0.052     -0.664     -1.314      0.500          *          *      0.218     -0.018      0.698      0.035      0.873     -0.332          *          *      0.332      0.000      1.000      0.000      0.000      0.000     -0.500      0.000      1.000      0.000      0.000      0.000 95716396
     3.000      0.000     -1.021     -0.199     -0.170      0.085     -0.085     -2.231      0.500          *     -0.725      0.087      0.017      0.014     -0.007      0.190     -0.043          *      0.062      0.043      0.000      1.000      0.000      0.000      0.000     -0.500      1.000      0.000      0.000      0.000      0.000 90718081
     0.000      2.000     -0.089      0.026      0.062      1.336     -0.061      0.853     -0.500     -0.806      0.275      0.005     -0.002     -0.004     -0.082     -0.052      0.031      0.049     -0.017     -0.031      0.000      1.000      0.000      0.000      0.000      0.500      0.000      0.000      1.000      0.000      0.000 92717160
     3.000      0.000      0.111     -0.897      0.075      0.582      1.080     -1.564     -0.500          *      0.275      0.120     -0.969      0.081      0.629     -1.689     -0.540          *      0.297      0.540      0.000      1.000      0.000      0.000      0.000      0.500      1.000      0.000      0.000      0.000      0.000 99718305
     3.000      1.000      0.281     -0.897     -0.605      0.582     -0.690     -0.647      0.500      0.510      0.775     -0.194      0.619      0.417     -0.402      0.447     -0.345     -0.352     -0.535      0.345      0.000      1.000      0.000      0.000      0.000     -0.500      0.000      1.000      0.000      0.000      0.000 92717865
     3.000      1.000     -0.815     -0.897     -1.789      0.363     -0.164     -0.064      0.500      0.055      0.275      0.133      0.147      0.293     -0.059      0.010     -0.082     -0.009     -0.045      0.082      0.000      1.000      0.000      0.000      0.000     -0.500      0.000      1.000      0.000      0.000      0.000 93572383
     3.000      0.000      0.795     -0.897      0.759      0.582      0.820      1.686      0.500          *      0.275      0.651     -0.735      0.622      0.477      1.382      0.410          *      0.226      0.410      0.000      1.000      0.000      0.000      0.000      0.500      1.000      0.000      0.000      0.000      0.000 18676822
     3.000      1.000      0.766     -0.897      0.526      0.820      0.175     -1.564      0.500     -1.412      1.275      0.134     -0.157      0.092      0.144     -0.274      0.088     -0.247      0.224      0.088      0.000      1.000      0.000      0.000      0.000      0.500      0.000      1.000      0.000      0.000      0.000 90715220
     3.000      1.000      0.923      1.441      0.303      1.098      1.922      0.769      0.500          *      2.275      1.775      2.770      0.582      2.111      1.479      0.961          *      4.374     -0.961      0.000      1.000      0.000      0.000      0.000     -0.500      0.000      1.000      0.000      0.000      0.000 94506995
     2.000      0.000          *     -0.897     -2.246      0.026      0.634      1.519     -0.500          *          *          *     -0.569     -1.424      0.016      0.963     -0.317          *          *     -0.317      0.000      1.000      0.000      0.000      0.000     -0.500      1.000      0.000      0.000      0.000      1.000 92578589
     1.000      0.000      0.111     -0.559      0.776      1.098      0.533     -0.647     -0.500     -0.564     -0.725      0.059     -0.298      0.414      0.586     -0.345     -0.267     -0.301     -0.386      0.267      0.000      1.000      0.000      0.000      0.000      0.500      1.000      0.000      0.000      1.000      0.000 94574118
     3.000      2.000      1.010     -0.252     -1.548      1.098     -1.024     -2.564     -0.500     -0.370          *     -1.035      0.258      1.585     -1.125      2.626      0.512      0.379          *     -0.512      0.000      1.000      0.000      0.000      0.000      0.500      0.000      0.000      0.000      0.000      0.000 94718114
     3.000      0.000     -0.468     -0.897      0.302      0.860      0.523      1.519      0.500          *     -0.725     -0.245     -0.469      0.158      0.450      0.795      0.261          *     -0.379     -0.261      0.000      1.000      0.000      0.000      0.000     -0.500      1.000      0.000      0.000      0.000      0.000 92575624
     3.000      2.000      1.010     -0.591     -0.150      0.820      0.101      1.603      0.500     -1.258     -2.725      0.102     -0.060     -0.015      0.083      0.162      0.051     -0.127     -0.276      0.051      0.000      1.000      0.000      0.000      0.000      0.500      0.000      0.000      0.000      0.000      0.000 95575928
     3.000      1.000      0.075     -0.252     -0.381      1.336      0.915      0.269      0.500      0.907     -0.225      0.069     -0.231     -0.349      1.223      0.247      0.458      0.831     -0.205     -0.458      0.000      1.000      0.000      0.000      0.000     -0.500      0.000      1.000      0.000      0.000      0.000 91588902
     3.000      1.000      0.570     -0.897      0.785      0.344     -2.490     -0.481      0.500     -2.105     -0.725     -1.419      2.234     -1.956     -0.858      1.197     -1.245      5.242      1.804     -1.245      0.000      1.000      1.000      0.000      0.000      0.500      0.000      1.000      0.000      0.000      0.000 91619366
     3.000      2.000      1.010      1.038      0.785     -0.806     -0.078      1.353     -0.500     -1.124      0.275     -0.079     -0.081     -0.062      0.063     -0.106      0.039      0.088     -0.022     -0.039      0.000      1.000      0.000      0.000      0.000      0.500      0.000      0.000      0.000      0.000      0.000 96712376
     3.000      2.000      1.010      0.858      1.943      0.385     -1.094     -1.564     -0.500          *     -0.725     -1.105     -0.939     -2.126     -0.421      1.710      0.547          *      0.792     -0.547      0.000      1.000      0.000      0.000      0.000      0.500      0.000      0.000      0.000      0.000      0.000 94718212
     3.000      1.000      0.347          *     -0.394     -1.179      1.332     -0.231     -0.500     -0.431     -1.225      0.462          *     -0.525     -1.570     -0.307     -0.666     -0.574     -1.631     -0.666      0.000      1.000      0.000      0.000      0.000     -0.500      0.000      1.000      0.000      0.000      0.000 97715920
     3.000      1.000      0.134      0.774      1.247      0.860      0.937      1.519      0.500     -1.006     -0.725      0.125      0.726      1.168      0.806      1.424      0.469     -0.943     -0.679      0.469      0.000      1.000      0.000      0.000      0.000      0.500      0.000      1.000      0.000      0.000      0.000 90578883
     3.000      2.000     -0.089     -0.081      0.079     -1.025      1.093     -0.064      0.500     -0.806     -1.725     -0.098     -0.089      0.087     -1.120     -0.070      0.546     -0.880     -1.885      0.546      0.000      1.000      0.000      0.000      0.000      0.500      0.000      0.000      0.000      0.000      0.000 97578088
     1.000      1.000      0.408     -0.897      0.070      0.264     -0.170     -0.481      0.500          *      0.275     -0.070      0.153     -0.012     -0.045      0.082     -0.085          *     -0.047     -0.085      0.000      1.000      0.000      0.000      0.000      0.500      0.000      1.000      0.000      1.000      0.000 90578806
     3.000      2.000      0.811      0.774      0.097     -1.886     -0.854      1.936      0.500     -0.495     -0.725     -0.693     -0.662     -0.083      1.612     -1.654     -0.427      0.423      0.619      0.427      0.000      1.000      0.000      0.000      0.000     -0.500      0.000      0.000      0.000      0.000      0.000 91586970
     3.000      0.000     -1.406      2.118      0.320     -1.652     -0.005      2.269      0.500          *     -0.725      0.007     -0.011     -0.002      0.009     -0.012     -0.003          *      0.004     -0.003      0.000      1.000      0.000      0.000      0.000      0.500      1.000      0.000      0.000      0.000      0.000 96579231
     3.000      0.000     -0.581     -0.284      0.303     -0.212     -0.767     -0.731      0.500      0.164      1.275      0.446      0.218     -0.232      0.162      0.560     -0.383     -0.126     -0.978     -0.383      0.000      1.000      0.000      0.000      0.000      0.500      1.000      0.000      0.000      0.000      0.000 90578587
     3.000      0.000     -1.840      1.666     -0.615     -0.699      1.713      2.519      0.500      0.092     -0.725     -3.151      2.853     -1.053     -1.197      4.314      0.856      0.158     -1.241     -0.856      0.000      1.000      0.000      0.000      0.000     -0.500      1.000      0.000      0.000      0.000      0.000 95578029
     3.000      1.000      1.010      0.858     -0.654     -1.354      0.238      0.269     -0.500     -0.564      1.275      0.240      0.204     -0.155     -0.322      0.064     -0.119     -0.134      0.303      0.119      0.000      1.000      0.000      0.000      0.000      0.500      0.000      1.000      0.000      0.000      0.000 94506694
     3.000      2.000      0.348     -0.284      0.781      0.582     -1.533      0.603      0.500      0.198      0.275     -0.534      0.435     -1.198     -0.893     -0.924     -0.767     -0.303     -0.422     -0.767      0.000      1.000      0.000      0.000      0.000      0.500      0.000      0.000      0.000      0.000      0.000 97575423
     3.000      1.000      0.933      0.054     -0.838     -0.044     -0.855     -1.897      0.500          *      1.275     -0.797     -0.047      0.717      0.038      1.622     -0.427          *     -1.090      0.427      0.000      1.000      0.000      0.000      0.000     -0.500      0.000      1.000      0.000      0.000      0.000 99716092
     3.000      1.000     -0.279     -0.897     -0.838     -2.025      0.743     -0.147     -0.500          *      1.275     -0.207     -0.667     -0.622     -1.504     -0.109     -0.371          *      0.948      0.371      0.000      1.000      0.000      0.000      0.000      0.500      0.000      1.000      0.000      0.000      0.000 91578989
     3.000      0.000      0.513      1.779      1.247     -0.391     -0.815      1.436     -0.500      0.407     -1.225     -0.418     -1.449     -1.015      0.318     -1.170      0.407     -0.332      0.998      0.407      0.000      1.000      0.000      0.000      0.000     -0.500      1.000      0.000      0.000      0.000      0.000 98579234
     3.000      1.000      0.817     -0.897     -0.166     -0.985      0.604      1.019      0.500     -0.901      1.275      0.493     -0.542     -0.100     -0.595      0.615      0.302     -0.544      0.770      0.302      0.000      1.000      0.000      0.000      0.000      0.500      0.000      1.000      0.000      0.000      0.000 91884990
     3.000      2.000     -0.089          *      1.004      0.623     -1.372     -2.064      0.500     -0.025          *      0.123          *     -1.378     -0.855      2.833     -0.686      0.035          *     -0.686      0.000      1.000      0.000      0.000      0.000      0.500      0.000      0.000      0.000      0.000      0.000 99718016
     3.000      2.000      0.409     -0.897      1.233      1.336      0.322      0.019      0.500      0.015      0.775      0.132     -0.289      0.397      0.430      0.006      0.161      0.005      0.250     -0.161      0.000      1.000      0.000      0.000      0.000     -0.500      0.000      0.000      0.000      0.000      0.000 97578911
     3.000      2.000     -0.772      0.608      0.075      0.820     -1.432      2.186      0.500     -0.806      0.275      1.106     -0.870     -0.107     -1.174     -3.130     -0.716      1.153     -0.394     -0.716      0.000      1.000      0.000      0.000      0.000      0.500      0.000      0.000      0.000      0.000      0.000 95576897
     3.000      2.000     -0.104     -0.897     -0.394     -0.044     -1.130     -3.314      0.500      0.581      1.275      0.118      1.014      0.445      0.050      3.745     -0.565     -0.656     -1.441     -0.565      0.000      1.000      0.000      0.000      0.000      0.500      0.000      0.000      0.000      0.000      0.000 99504508
     3.000      2.000     -2.727     -0.005      0.044     -0.052      0.824     -0.647     -0.500     -0.259          *     -2.248     -0.004      0.036     -0.043     -0.534     -0.412     -0.213          *      0.412      0.000      1.000      0.000      0.000      0.000      0.500      0.000      0.000      0.000      0.000      0.000 93717867
     3.000      0.000     -0.089      1.102      0.303      0.820      0.147      2.103     -0.500     -0.159     -0.725     -0.013      0.162      0.044      0.120      0.308     -0.073     -0.023     -0.106      0.073      0.000      1.000      0.000      0.000      0.000      0.500      1.000      0.000      0.000      0.000      0.000 95574592
     3.000      1.000      0.783     -0.312      0.531      1.098     -0.247      2.436     -0.500          *      0.275     -0.193      0.077     -0.131     -0.271     -0.601      0.123          *     -0.068     -0.123      0.000      0.000      0.000      1.000      1.000      0.500      0.000      1.000      0.000      0.000      0.000 98606127
     1.000      0.000      0.326      3.873     -0.632      0.860      0.665      2.519      0.500     -1.817     -1.725      0.217      2.577     -0.420      0.573      1.676      0.333     -1.209     -1.148      0.333      0.000      1.000      0.000      0.000      0.000      0.500      1.000      0.000      0.000      1.000      0.000 91882955
     1.000      0.000      0.937      2.703     -2.487      0.582     -1.042     -1.897     -0.500     -0.431      0.275     -0.977     -2.817      2.592     -0.607      1.978      0.521      0.449     -0.287      0.521      0.000      1.000      0.000      0.000      0.000     -0.500      1.000      0.000      0.000      1.000      0.000 99712975
     3.000      0.000      1.010     -0.897      1.246      1.336     -2.319     -2.481     -0.500     -0.639     -0.725     -2.343      2.080     -2.889     -3.098      5.752      1.159      1.480      1.680     -1.159      0.000      1.000      0.000      0.000      0.000      0.500      1.000      0.000      0.000      0.000      0.000 99718310
     1.000      0.000      0.714     -0.252     -0.860      0.582      1.022      2.186      0.500     -0.370     -0.725      0.730     -0.258     -0.879      0.595      2.233      0.511     -0.378     -0.740     -0.511      0.000      1.000      0.000      0.000      0.000     -0.500      1.000      0.000      0.000      1.000      0.000 96593004
     3.000      0.000      0.795      0.140      0.523      1.336     -0.178     -0.814      0.500          *     -1.725     -0.141     -0.025     -0.093     -0.237      0.145     -0.089          *      0.306     -0.089      0.000      1.000      0.000      0.000      0.000      0.500      1.000      0.000      0.000      0.000      0.000 99574033
     3.000      1.000     -0.198     -0.537      0.302     -0.052     -0.865      0.436      0.500      1.059     -0.725      0.171      0.465     -0.261      0.045     -0.377     -0.433     -0.917      0.627      0.433      0.000      1.000      0.000      0.000      0.000     -0.500      0.000      1.000      0.000      0.000      0.000 91576598
     3.000      1.000      0.294     -0.897      0.315      0.125     -0.909     -1.647     -0.500      0.231          *     -0.267      0.815     -0.287     -0.114      1.497      0.454     -0.210          *      0.454      0.000      1.000      0.000      0.000      0.000     -0.500      0.000      1.000      0.000      0.000      0.000 91583905
     3.000      2.000     -0.089     -0.897     -0.153     -0.806     -1.828     -0.397     -0.500     -1.006     -0.725      0.163      1.640      0.279      1.473      0.726      0.914      1.839      1.324     -0.914      0.000      1.000      0.000      0.000      0.000      0.500      0.000      0.000      0.000      0.000      0.000 99575245
     3.000      2.000      0.270     -0.897      0.772     -1.779     -0.562     -1.231      0.500     -1.124     -2.725     -0.152      0.504     -0.434      1.000      0.692     -0.281      0.632      1.532      0.281      0.000      1.000      0.000      0.000      0.000     -0.500      0.000      0.000      0.000      0.000      0.000 91500921
     3.000      2.000     -1.298      0.129      0.075      0.385      0.877      0.436     -0.500          *      1.775     -1.139      0.113      0.066      0.337      0.382     -0.438          *      1.557     -0.438      0.000      1.000      0.000      0.000      0.000     -0.500      0.000      0.000      0.000      0.000      0.000 96676929
     1.000      0.000      0.299     -0.005      0.767     -0.441     -1.740      2.519     -0.500     -0.159      0.275     -0.520      0.009     -1.335      0.767     -4.383      0.870      0.277     -0.479     -0.870      0.000      1.000      0.000      0.000      0.000      0.500      1.000      0.000      0.000      1.000      0.000 97576998
     2.000      0.000      0.795     -0.177      0.755     -0.347      1.446      1.269     -0.500     -1.817     -0.725      1.149     -0.256      1.092     -0.502      1.836     -0.723     -2.628     -1.048      0.723      0.000      1.000      0.000      0.000      0.000      0.500      1.000      0.000      0.000      0.000      1.000 97574036
     1.000      2.000      1.045     -0.897      0.759      1.336     -0.455      0.436     -0.500          *      0.275     -0.475      0.408     -0.345     -0.608     -0.198      0.227          *     -0.125      0.227      0.000      1.000      0.000      0.000      0.000     -0.500      0.000      0.000      0.000      1.000      0.000 94572386
     3.000      2.000      0.137     -0.897      0.295      0.344     -0.047      1.353     -0.500     -1.006     -0.725     -0.006      0.042     -0.014     -0.016     -0.064      0.024      0.047      0.034      0.024      0.000      1.000      0.000      0.000      0.000     -0.500      0.000      0.000      0.000      0.000      0.000 90575526
     1.000      0.000      1.010      1.441      1.000      1.098      0.633      2.353     -0.500     -1.006     -0.725      0.640      0.912      0.633      0.695      1.489     -0.317     -0.637     -0.459      0.317      0.000      1.000      0.000      0.000      0.000      0.500      1.000      0.000      0.000      1.000      0.000 93574999
     3.000      2.000      0.326      0.273      0.316      1.098     -1.780     -3.064     -0.500     -0.313      1.275     -0.579     -0.486     -0.563     -1.955      5.453      0.890      0.557     -2.270     -0.890      0.000      1.000      0.000      0.000      0.000      0.500      0.000      0.000      0.000      0.000      0.000 13676121
     1.000      2.000      0.326      1.779     -0.578      0.860     -0.352      2.436     -0.500     -0.901     -1.725     -0.114     -0.626      0.203     -0.303     -0.857      0.176      0.317      0.606     -0.176      0.000      1.000      0.000      0.000      0.000      0.500      0.000      0.000      0.000      1.000      0.000 57103869
     3.000      1.000      0.775      0.054     -0.399      0.582      0.626      1.519     -0.500     -0.159     -0.725      0.485      0.034     -0.250      0.364      0.950     -0.313     -0.099     -0.453     -0.313      0.000      1.000      0.000      0.000      0.000     -0.500      0.000      1.000      0.000      0.000      0.000 97578314
     3.000      1.000     -0.577     -0.897     -0.385     -0.110      0.025      1.769      0.500     -0.370     -0.725     -0.014     -0.022     -0.010     -0.003      0.044      0.012     -0.009     -0.018      0.012      0.000      1.000      0.000      0.000      0.000      0.500      0.000      1.000      0.000      0.000      0.000 91578185
     3.000      0.000      0.904     -0.897      0.096      1.336     -0.649     -4.064      0.500      1.251      1.275     -0.587      0.582     -0.062     -0.867      2.637     -0.324     -0.812     -0.828      0.324      0.000      1.000      0.000      0.000      0.000     -0.500      1.000      0.000      0.000      0.000      0.000 91884995
     1.000      0.000      0.075     -0.591     -0.118      0.582     -0.593     -1.231     -0.500      0.055     -0.225     -0.045      0.350      0.070     -0.345      0.730      0.296     -0.032      0.133      0.296      0.000      1.000      0.000      0.000      0.000     -0.500      1.000      0.000      0.000      1.000      0.000 97710575
     3.000      1.000      1.010      0.048      0.785      0.304     -0.599      0.353      0.500          *     -0.725     -0.605     -0.029     -0.470     -0.182     -0.211     -0.299          *      0.434     -0.299      0.000      1.000      0.000      0.000      0.000      0.500      0.000      1.000      0.000      0.000      0.000 91576591
     3.000      1.000      0.764     -0.897      0.773     -0.957      0.220      2.103     -0.500     -0.806     -0.725      0.168     -0.197      0.170     -0.211      0.463     -0.110     -0.177     -0.159      0.110      0.000      1.000      0.000      0.000      0.000      0.500      0.000      1.000      0.000      0.000      0.000 91784918
     3.000      2.000     -0.112     -0.897      0.742      1.336     -0.255     -2.647     -0.500      0.323     -0.725      0.029      0.229     -0.189     -0.341      0.675      0.128     -0.082      0.185     -0.128      0.000      1.000      0.000      0.000      0.000      0.500      0.000      0.000      0.000      0.000      0.000 96715986
     1.000      1.000     -0.089     -0.897      0.589      0.623      2.136     -0.731     -0.500      0.015     -0.725     -0.191     -1.916      1.258      1.330     -1.561     -1.068      0.033     -1.547      1.068      0.000      1.000      0.000      0.000      0.000      0.500      0.000      1.000      0.000      1.000      0.000 93578511
     3.000      2.000      0.380      0.608      0.785      1.098      0.219     -2.397      0.500     -1.817     -0.725      0.083      0.133      0.172      0.240     -0.524      0.109     -0.397     -0.158      0.109      0.000      1.000      0.000      0.000      0.000      0.500      0.000      0.000      0.000      0.000      0.000 96715951
     3.000      1.000      0.326     -0.897      0.544     -0.391      0.005      0.353     -0.500      0.055      1.275      0.002     -0.005      0.003     -0.002      0.002     -0.003      0.000      0.006      0.003      0.000      1.000      0.000      0.000      0.000      0.500      0.000      1.000      0.000      0.000      0.000 92575126
     1.000      0.000     -0.110      0.588     -1.298     -2.251      1.350     -1.981      0.500     -0.313      0.275     -0.149      0.794     -1.753     -3.040     -2.674      0.675     -0.423      0.372      0.675      0.000      1.000      1.000      0.000      0.000      0.500      1.000      0.000      0.000      1.000      0.000 12714332
     3.000      2.000     -0.066      2.118     -0.627     -1.374      0.723      3.353      0.500     -0.159     -0.725     -0.047      1.530     -0.453     -0.993      2.423      0.361     -0.115     -0.524     -0.361      0.000      1.000      0.000      0.000      0.000     -0.500      0.000      0.000      0.000      0.000      0.000 93676522
     3.000      1.000      0.633     -0.591     -1.061      0.066     -0.698     -1.981      0.500     -0.495     -0.725     -0.441      0.412      0.740     -0.046      1.382     -0.349      0.346      0.506      0.349      0.000      1.000      0.000      0.000      0.000     -0.500      0.000      1.000      0.000      0.000      0.000 15676328
     3.000      0.000      1.010     -0.312     -1.513     -0.806      1.250     -1.397     -0.500     -0.431     -0.725      1.263     -0.390     -1.891     -1.007     -1.747     -0.625     -0.539     -0.906      0.625      0.000      1.000      0.000      0.000      0.000      0.500      1.000      0.000      0.000      0.000      0.000 97710284
     3.000      1.000      1.010     -0.897      1.233     -0.585     -1.158      1.436      0.500          *     -0.725     -1.170      1.039     -1.428      0.678     -1.663     -0.579          *      0.839     -0.579      0.000      1.000      0.000      0.000      0.000      0.500      0.000      1.000      0.000      0.000      0.000 99578986
     3.000      0.000      0.817      0.076      0.544     -0.982      0.069     -0.397      0.500     -1.006     -0.725      0.056      0.005      0.037     -0.067     -0.027      0.034     -0.069     -0.050      0.034      0.000      1.000      0.000      0.000      0.000      0.500      1.000      0.000      0.000      0.000      0.000 92574739
     3.000      0.000     -1.578      1.645     -0.870     -1.235     -0.462     -0.647     -0.500     -0.431     -0.725      0.729     -0.759      0.402      0.570      0.299      0.231      0.199      0.334     -0.231      0.000      1.000      0.000      0.000      0.000      0.500      1.000      0.000      0.000      0.000      0.000 97574996
     3.000      1.000     -0.172     -0.897      0.530     -0.290     -1.566     -1.481      0.500          *     -0.725      0.269      1.405     -0.830      0.454      2.319     -0.783          *      1.135     -0.783      0.000      1.000      0.000      0.000      0.000      0.500      0.000      1.000      0.000      0.000      0.000 98718987
     3.000      1.000      0.075     -0.327     -0.909     -2.939     -1.808      0.519      0.500     -1.412     -0.725     -0.136      0.591      1.644      5.314     -0.939     -0.904      2.553      1.310      0.904      0.000      1.000      0.000      0.000      0.000     -0.500      0.000      1.000      0.000      0.000      0.000 90574230
     0.000      2.000      0.111      1.688      0.795      0.860      0.619     -1.064     -0.500     -1.006     -1.725      0.069      1.044      0.492      0.532     -0.658     -0.309     -0.622     -1.067      0.309      0.000      1.000      0.000      0.000      0.000      0.500      0.000      0.000      1.000      0.000      0.000 15714117
     3.000      2.000     -2.474      0.183      0.307     -0.585      1.678      1.436     -0.500     -0.159     -0.725     -4.152      0.307      0.515     -0.982      2.410     -0.839     -0.267     -1.216      0.839      0.000      1.000      0.000      0.000      0.000      0.500      0.000      0.000      0.000      0.000      0.000 91584998
     3.000      1.000     -0.089     -0.252     -0.820     -0.052      0.356      0.103      0.500     -1.817     -1.725     -0.032     -0.090     -0.292     -0.019      0.037      0.178     -0.647     -0.614      0.178      0.000      1.000      0.000      0.000      0.000      0.500      0.000      1.000      0.000      0.000      0.000 90508220
     1.000      2.000     -1.351      2.004      0.558     -2.018      0.110      0.436      0.500          *     -1.725     -0.148      0.220      0.061     -0.222      0.048      0.055          *     -0.190      0.055      0.000      1.000      0.000      0.000      0.000      0.500      0.000      0.000      0.000      1.000      0.000 91882975
     3.000      1.000     -1.987     -0.312     -0.186     -1.457      2.041     -0.314      0.500     -1.124      0.275     -4.055     -0.637     -0.379     -2.974     -0.641      1.020     -2.294      0.562      1.020      0.000      1.000      0.000      0.000      0.000      0.500      0.000      1.000      0.000      0.000      0.000 98578012
     3.000      1.000      1.010     -0.897      0.079      0.582      1.372      0.186      0.500          *     -0.725      1.386     -1.231      0.109      0.799      0.255      0.686          *     -0.994      0.686      0.000      1.000      0.000      0.000      0.000      0.500      0.000      1.000      0.000      0.000      0.000 91578012
     3.000      0.000      0.075     -0.559     -0.381     -1.973     -1.314      1.603     -0.500      0.380      0.275     -0.099      0.734      0.500      2.592     -2.105      0.657     -0.499     -0.362      0.657      0.000      1.000      0.000      0.000      0.000     -0.500      1.000      0.000      0.000      0.000      0.000 97575624
     3.000      2.000     -0.421     -0.897      0.764     -0.203     -0.003     -0.564      0.500      0.924      1.275      0.001      0.003     -0.003      0.001      0.002     -0.002     -0.003     -0.004      0.002      0.000      1.000      0.000      0.000      0.000     -0.500      0.000      0.000      0.000      0.000      0.000 91583902
     3.000      1.000     -0.784     -0.559      1.022      0.344      0.185      0.269     -0.500          *      1.275     -0.145     -0.104      0.190      0.064      0.050     -0.093          *      0.236     -0.093      0.000      1.000      0.000      0.000      0.000     -0.500      0.000      1.000      0.000      0.000      0.000 99676726
     3.000      1.000     -0.311      0.436      0.040      1.058      0.651      1.603      0.500     -0.313     -1.725     -0.203      0.284      0.026      0.689      1.044      0.326     -0.204     -1.123      0.326      0.000      1.000      0.000      0.000      0.000      0.500      0.000      1.000      0.000      0.000      0.000 98574219
     2.000      0.000     -0.479      3.288     -2.509     -0.330     -0.837     -1.314     -0.500     -0.719     -1.725      0.401     -2.752      2.100      0.276      1.100      0.418      0.601      1.443     -0.418      0.000      1.000      0.000      0.000      0.000      0.500      1.000      0.000      0.000      0.000      1.000 95717967
     3.000      1.000      0.795      0.023      0.289      0.860     -0.229      0.853      0.500     -1.817     -0.725     -0.182     -0.005     -0.066     -0.197     -0.195     -0.114      0.416      0.166     -0.114      0.000      1.000      0.000      0.000      0.000      0.500      0.000      1.000      0.000      0.000      0.000 97572274
     3.000      1.000      0.922     -0.897     -1.757      0.582      0.616     -0.231      0.500          *      0.275      0.568     -0.553     -1.082      0.359     -0.142      0.308          *      0.170     -0.308      0.000      1.000      0.000      0.000      0.000     -0.500      0.000      1.000      0.000      0.000      0.000 95508984
     3.000      0.000      0.188     -0.778      0.781     -1.296      0.077     -1.647     -0.500     -0.068     -0.725      0.015     -0.060      0.061     -0.100     -0.128     -0.039     -0.005     -0.056     -0.039      0.000      1.000      0.000      0.000      0.000     -0.500      1.000      0.000      0.000      0.000      0.000 92714992
     3.000      2.000      0.601     -0.312      0.330     -0.901     -0.793     -1.647      0.500     -1.594      0.275     -0.477      0.248     -0.262      0.715      1.307     -0.397      1.265     -0.219     -0.397      0.000      1.000      0.000      0.000      0.000      0.500      0.000      0.000      0.000      0.000      0.000 94718226
     3.000      2.000     -0.033     -0.252     -0.176      0.641     -0.472     -0.564     -0.500      0.822     -1.225      0.015      0.119      0.083     -0.303      0.266      0.236     -0.388      0.578      0.236      0.000      1.000      0.000      0.000      0.000     -0.500      0.000      0.000      0.000      0.000      0.000 94572380
     3.000      2.000     -0.089      0.026     -0.895     -0.163      0.661      0.186      0.500     -0.639      0.275     -0.059      0.017     -0.592     -0.108      0.123      0.331     -0.422      0.182      0.331      0.000      1.000      0.000      0.000      0.000      0.500      0.000      0.000      0.000      0.000      0.000 91500510
     3.000      2.000     -2.342     -0.897     -0.150      0.169      1.213      2.103      0.500     -0.159          *     -2.839     -1.088     -0.181      0.204      2.550      0.606     -0.193          *     -0.606      0.000      1.000      0.000      0.000      0.000     -0.500      0.000      0.000      0.000      0.000      0.000 99578019
     3.000      2.000      0.307      0.608      0.544      0.304     -2.027      2.103     -0.500      0.055      0.275     -0.622     -1.232     -1.103     -0.617     -4.263      1.014     -0.111     -0.559      1.014      0.000      1.000      0.000      0.000      0.000     -0.500      0.000      0.000      0.000      0.000      0.000 94572274
     2.000      0.000     -2.315      1.102          *      0.542     -1.112      2.769     -0.500      0.804      0.275      2.575     -1.226          *     -0.603     -3.080      0.556     -0.894     -0.306     -0.556      0.000      1.000      0.000      0.000      0.000      0.500      1.000      0.000      0.000      0.000      1.000 94506697
     3.000      0.000     -0.200     -0.559     -0.095      0.304      0.375      2.269     -0.500      0.625      0.775     -0.075     -0.209     -0.036      0.114      0.850     -0.187      0.234      0.291     -0.187      0.000      1.000      0.000      0.000      0.000     -0.500      1.000      0.000      0.000      0.000      0.000 90570380
     1.000      0.000     -1.874      0.693      1.220      0.502     -0.701      1.853     -0.500     -0.639          *      1.315     -0.486     -0.856     -0.352     -1.300      0.351      0.448          *      0.351      0.000      1.000      0.000      0.000      0.000     -0.500      1.000      0.000      0.000      1.000      0.000 94508763
     3.000      1.000      0.795      0.699      1.000     -0.806      0.894     -1.731      0.500      0.231      1.275      0.710      0.625      0.894     -0.721     -1.548      0.447      0.206      1.141      0.447      0.000      1.000      0.000      0.000      0.000      0.500      0.000      1.000      0.000      0.000      0.000 90719939
     3.000      1.000      0.766     -0.897     -0.631      0.582      0.270     -1.231      0.500          *      0.275      0.207     -0.242     -0.170      0.157     -0.332      0.135          *      0.074      0.135      0.000      1.000      0.000      0.000      0.000      0.500      0.000      1.000      0.000      0.000      0.000 91888962
     1.000      2.000      0.592     -0.897     -2.255     -1.735     -1.312     -2.397     -0.500      0.129      0.275     -0.777      1.177      2.958      2.277      3.146      0.656     -0.169     -0.362     -0.656      0.000      1.000      0.000      0.000      0.000      0.500      0.000      0.000      0.000      1.000      0.000 96884936
     3.000      2.000     -0.732      1.074      0.303      0.304     -0.587     -0.231      0.500     -0.639      0.275      0.430     -0.631     -0.178     -0.179      0.135     -0.294      0.375     -0.162     -0.294      0.000      1.000      0.000      0.000      0.000      0.500      0.000      0.000      0.000      0.000      0.000 90504996
     1.000      0.000      1.010      3.535     -1.996      0.226      0.755      0.853      0.500          *      0.275      0.763      2.670     -1.507      0.171      0.644      0.378          *      0.208      0.378      0.000      1.000      0.000      0.000      0.000      0.500      1.000      0.000      0.000      1.000      0.000 94576596
     1.000      2.000     -0.098      1.606     -1.093      1.058      1.389      1.103     -0.500      0.485          *     -0.136      2.230     -1.518      1.469      1.531     -0.694      0.674          *      0.694      0.000      1.000      0.000      0.000      0.000      0.500      0.000      0.000      0.000      1.000      0.000 96586999
     3.000      1.000     -0.116     -0.312      0.330      0.472     -0.229     -1.397      0.500          *      0.275      0.027      0.072     -0.076     -0.108      0.320     -0.115          *     -0.063     -0.115      0.000      1.000      0.000      0.000      0.000      0.500      0.000      1.000      0.000      0.000      0.000 95718004
     2.000      0.000     -0.073      1.779     -2.021      0.234     -0.494     -0.897     -0.500      0.380     -0.725      0.036     -0.879      0.999     -0.116      0.443      0.247     -0.188      0.358     -0.247      0.000      1.000      0.000      0.000      0.000      0.500      1.000      0.000      0.000      0.000      1.000 91715195
     1.000      2.000      1.010     -0.897          *      0.304     -0.688      2.519     -0.500     -0.639     -0.725     -0.695      0.617          *     -0.209     -1.734      0.344      0.439      0.499     -0.344      0.000      1.000      0.000      0.000      0.000      0.500      0.000      0.000      0.000      1.000      0.000 98508228
     3.000      0.000      0.390      0.048     -1.339     -2.050      0.856      0.603     -0.500      0.907     -0.225      0.334      0.041     -1.146     -1.755      0.516     -0.428      0.777     -0.192     -0.428      0.000      1.000      0.000      0.000      0.000     -0.500      1.000      0.000      0.000      0.000      0.000 95578335
     3.000      0.000          *      1.779      1.602      0.107     -1.127      2.519      0.500     -1.006          *          *     -2.005     -1.806     -0.120     -2.839     -0.564      1.134          *      0.564      0.000      1.000      0.000      0.000      0.000     -0.500      1.000      0.000      0.000      0.000      0.000 91784912
     3.000      1.000      0.484      0.108      0.311      0.304     -0.879      0.436     -0.500     -1.124     -0.725     -0.426     -0.095     -0.273     -0.267     -0.383      0.439      0.988      0.637      0.439      0.000      1.000      0.000      0.000      0.000     -0.500      0.000      1.000      0.000      0.000      0.000 97575353
     3.000      0.000      0.949     -0.591      1.242      0.820     -2.140     -2.147     -0.500     -1.258     -0.725     -2.030      1.264     -2.658     -1.755      4.596      1.070      2.691      1.551      1.070      0.000      1.000      0.000      0.000      0.000     -0.500      1.000      0.000      0.000      0.000      0.000 91713997
     3.000      1.000      1.010     -0.284      1.943      1.336     -1.343     -0.064      0.500      0.510      2.275     -1.356      0.381     -2.609     -1.794      0.086     -0.671     -0.685     -3.055     -0.671      0.000      1.000      0.000      0.000      0.000      0.500      0.000      1.000      0.000      0.000      0.000 91884902
     3.000      1.000      0.741     -0.897      0.335      0.641      0.588     -3.064      0.500      0.728     -0.225      0.436     -0.528      0.197      0.377     -1.803      0.294      0.429     -0.132     -0.294      0.000      1.000      0.000      0.000      0.000     -0.500      0.000      1.000      0.000      0.000      0.000 96570988
     2.000      0.000      1.010      1.225      0.558      0.860      0.252     -0.564     -0.500     -0.259     -0.725      0.255      0.309      0.141      0.217     -0.142     -0.126     -0.065     -0.183      0.126      0.000      1.000      0.000      0.000      0.000      0.500      1.000      0.000      0.000      0.000      1.000 98575956
     3.000      1.000     -0.992     -0.897      0.750     -2.582     -0.027      0.269      0.500     -0.495      0.275      0.027      0.024     -0.020      0.070     -0.007     -0.013      0.013     -0.007     -0.013      0.000      1.000      0.000      0.000      0.000      0.500      0.000      1.000      0.000      0.000      0.000 96504700
     3.000      2.000      1.010     -0.897      0.303      0.820      0.063     -0.731      0.500      0.129     -0.725      0.063     -0.056      0.019      0.051     -0.046      0.031      0.008     -0.045      0.031      0.000      1.000      0.000      0.000      0.000      0.500      0.000      0.000      0.000      0.000      0.000 96884905
     3.000      2.000      1.010      2.273      1.461      1.336      0.062     -1.314      0.500      0.092     -0.725      0.062      0.140      0.090      0.082     -0.081      0.031      0.006     -0.045      0.031      0.000      1.000      0.000      0.000      0.000      0.500      0.000      0.000      0.000      0.000      0.000 96884915
     1.000      0.000     -1.593      0.714     -2.255      0.145      0.269     -1.231     -0.500      0.728     -0.225     -0.429      0.192     -0.607      0.039     -0.331     -0.135      0.196     -0.060     -0.135      0.000      1.000      0.000      0.000      0.000     -0.500      1.000      0.000      0.000      1.000      0.000 96586992
     1.000      0.000      1.045      1.000      0.075      1.098      0.848      1.769     -0.500      0.510      0.275      0.886      0.848      0.064      0.931      1.500     -0.424      0.433      0.234     -0.424      0.000      1.000      0.000      0.000      0.000     -0.500      1.000      0.000      0.000      1.000      0.000 90579235
     3.000      1.000      0.376     -0.897      0.307     -0.052     -1.030     -1.481      0.500      0.055     -1.725     -0.388      0.925     -0.316      0.054      1.526     -0.515     -0.056      1.777     -0.515      0.000      1.000      0.000      0.000      0.000      0.500      0.000      1.000      0.000      0.000      0.000 98544909
     3.000      0.000     -1.043      3.288     -2.013      0.304     -1.718      1.936     -0.500     -0.068      0.275      1.792     -5.648      3.458     -0.522     -3.325      0.859      0.117     -0.473      0.859      0.000      1.000      0.000      0.000      0.000     -0.500      1.000      0.000      0.000      0.000      0.000 92508464
     3.000      2.000      0.817      0.743      0.598      1.058     -0.440      2.269      0.500      0.874      0.275     -0.360     -0.327     -0.263     -0.466     -0.999     -0.220     -0.385     -0.121     -0.220      0.000      1.000      0.000      0.000      0.000      0.500      0.000      0.000      0.000      0.000      0.000 92575099
     3.000      0.000      1.080     -0.897     -0.614     -1.220     -0.285     -1.064      0.500      0.055      0.275     -0.308      0.256      0.175      0.348      0.303     -0.143     -0.016     -0.079     -0.143      0.000      1.000      0.000      0.000      0.000      0.500      1.000      0.000      0.000      0.000      0.000 96570537
     3.000      2.000      0.484     -0.897      1.004      0.860     -0.826     -3.481      0.500      0.728      0.275     -0.400      0.741     -0.830     -0.711      2.875     -0.413     -0.602     -0.228      0.413      0.000      1.000      0.000      0.000      0.000     -0.500      0.000      0.000      0.000      0.000      0.000 91717055
     3.000      1.000     -0.089      1.063     -0.815     -1.300     -1.265     -2.731      0.500     -1.006     -0.725      0.113     -1.345      1.032      1.645      3.455     -0.633      1.273      0.917     -0.633      0.000      1.000      0.000      0.000      0.000      0.500      0.000      1.000      0.000      0.000      0.000 12571478
     3.000      2.000     -1.651     -0.897     -0.122     -0.568     -1.896      2.019      0.500     -1.006     -0.725      3.130      1.701      0.231      1.077     -3.829     -0.948      1.908      1.374     -0.948      0.000      1.000      0.000      0.000      0.000      0.500      0.000      0.000      0.000      0.000      0.000 20577328
     3.000      2.000     -0.089      0.355     -2.027     -1.025      1.077      0.769      0.500      0.625      0.275     -0.096      0.382     -2.183     -1.104      0.829      0.538      0.673      0.297      0.538      0.000      1.000      0.000      0.000      0.000      0.500      0.000      0.000      0.000      0.000      0.000 91576798
     3.000      1.000     -0.189     -0.897      0.334     -0.823     -1.090      1.769      0.500      1.307      2.275      0.206      0.978     -0.365      0.898     -1.929     -0.545     -1.426     -2.481      0.545      0.000      1.000      0.000      0.000      0.000     -0.500      0.000      1.000      0.000      0.000      0.000 95575429
     3.000      0.000     -0.089     -0.897      0.303      1.058      1.249      0.436     -0.500     -0.564      0.275     -0.112     -1.120      0.379      1.321      0.544     -0.624     -0.705      0.344      0.624      0.000      1.000      0.000      0.000      0.000      0.500      1.000      0.000      0.000      0.000      0.000 93576496
     1.000      0.000      0.134      1.419     -0.350      0.582      2.029     -0.731      0.500     -1.594      0.275      0.272      2.880     -0.711      1.181     -1.482      1.015     -3.234      0.559      1.015      0.000      1.000      0.000      0.000      0.000      0.500      1.000      0.000      0.000      1.000      0.000 22574932
     3.000      2.000      0.155     -0.312     -1.307     -0.249      0.110     -3.147      0.500      0.647      0.275      0.017     -0.034     -0.144     -0.027     -0.346      0.055      0.071      0.030      0.055      0.000      1.000      0.000      0.000      0.000      0.500      0.000      0.000      0.000      0.000      0.000 99884906
     1.000      0.000     -0.347          *      0.548      0.304     -0.107     -1.647     -0.500      0.055     -0.725      0.037          *     -0.059     -0.033      0.176      0.054     -0.006      0.078      0.054      0.000      1.000      0.000      0.000      0.000     -0.500      1.000      0.000      0.000      1.000      0.000 91715326
     3.000      2.000      1.045     -0.897     -0.157      0.226      0.530     -0.231      0.500      0.907     -0.725      0.554     -0.475     -0.083      0.120     -0.122      0.265      0.481     -0.384     -0.265      0.000      1.000      0.000      0.000      0.000     -0.500      0.000      0.000      0.000      0.000      0.000 99546991
     2.000      0.000     -1.374      2.118     -1.096     -1.457      0.542      2.269     -0.500          *     -2.725     -0.745      1.147     -0.594     -0.789      1.229     -0.271          *     -1.476      0.271      0.000      1.000      0.000      0.000      0.000      0.500      1.000      0.000      0.000      0.000      1.000 91588987
     2.000      0.000     -3.731      0.714     -1.075     -0.707     -0.117     -0.731      0.500     -0.068     -1.725      0.436     -0.083      0.126      0.083      0.085     -0.058      0.008      0.201     -0.058      0.000      1.000      0.000      0.000      0.000      0.500      1.000      0.000      0.000      0.000      1.000 96715123
     3.000      1.000      0.625      0.086      1.702      0.304     -2.309      0.353     -0.500      0.625      0.275     -1.444     -0.199     -3.931     -0.702     -0.815      1.155     -1.444     -0.636      1.155      0.000      1.000      0.000      0.000      0.000     -0.500      0.000      1.000      0.000      0.000      0.000 99574831
     1.000      2.000     -0.202      1.531     -0.394      0.623      0.087     -2.397      0.500     -1.412          *     -0.017      0.133     -0.034      0.054     -0.208      0.043     -0.122          *     -0.043      0.000      1.000      0.000      0.000      0.000     -0.500      0.000      0.000      0.000      1.000      0.000 91715820
     3.000      2.000      0.075      0.333      0.097      0.403      0.193     -2.147      0.500     -0.431     -1.725      0.015      0.064      0.019      0.078     -0.414      0.096     -0.083     -0.333     -0.096      0.000      1.000      0.000      0.000      0.000     -0.500      0.000      0.000      0.000      0.000      0.000 99715823
     3.000      2.000      0.570      0.743     -0.175     -1.652      1.674      1.936      0.500     -1.124     -0.725      0.953      1.243     -0.294     -2.764      3.240      0.837     -1.881     -1.212      0.837      0.000      1.000      0.000      0.000      0.000      0.500      0.000      0.000      0.000      0.000      0.000 91540130
     1.000      2.000     -0.486      0.640      1.242     -0.901      2.508     -0.731      0.500     -1.258     -0.725     -1.219      1.604      3.114     -2.260     -1.832      1.254     -3.154     -1.817      1.254      0.000      1.000      0.000      0.000      0.000      0.500      0.000      0.000      0.000      1.000      0.000 92718218
     2.000      0.000      1.045          *     -0.898      0.107     -1.089     -3.481     -0.500     -0.159     -1.225     -1.138          *      0.977     -0.116      3.790      0.544      0.173      1.333      0.544      0.000      1.000      0.000      0.000      0.000     -0.500      1.000      0.000      0.000      0.000      1.000 98715256
     3.000      0.000      0.522     -0.559      0.092     -0.846     -1.446      1.853     -0.500      0.129     -1.725     -0.755      0.808     -0.133      1.224     -2.679      0.723     -0.186      2.494     -0.723      0.000      1.000      0.000      0.000      0.000      0.500      1.000      0.000      0.000      0.000      0.000 90578805
     2.000      2.000     -1.138      0.108      0.307     -0.431     -0.495     -1.647     -0.500     -0.431      1.275      0.564     -0.053     -0.152      0.214      0.816      0.248      0.213     -0.632     -0.248      0.000      1.000      0.000      0.000      0.000      0.500      0.000      0.000      0.000      0.000      1.000 91882958
     3.000      1.000     -0.069      0.108      0.106     -2.168     -1.789      0.769     -0.500     -0.806     -0.725      0.124     -0.193     -0.190      3.878     -1.377      0.895      1.441      1.296      0.895      0.000      1.000      0.000      0.000      0.000     -0.500      0.000      1.000      0.000      0.000      0.000 91588911
     3.000      2.000      0.348     -0.897     -1.282     -1.733     -0.986     -2.147     -0.500      0.055     -0.725     -0.343      0.885      1.264      1.708      2.117      0.493     -0.054      0.714     -0.493      0.000      1.000      0.000      0.000      0.000      0.500      0.000      0.000      0.000      0.000      0.000 91888901
     3.000      1.000      1.010     -0.897      1.943      0.066      0.906     -1.064      0.500          *     -0.725      0.915     -0.813      1.761      0.060     -0.964      0.453          *     -0.656      0.453      0.000      1.000      0.000      0.000      0.000      0.500      0.000      1.000      0.000      0.000      0.000 96578988
     3.000      0.000      1.010     -0.897      1.005      0.304      1.315      1.519      0.500     -0.259     -0.725      1.329     -1.180      1.322      0.400      1.998      0.658     -0.341     -0.953      0.658      0.000      1.000      0.000      0.000      0.000      0.500      1.000      0.000      0.000      0.000      0.000 92577964
     1.000      2.000      0.336          *     -0.153      0.860      0.934     -3.481     -0.500      0.231      0.275      0.314          *     -0.143      0.803     -3.250     -0.467      0.215      0.257     -0.467      0.000      1.000      0.000      0.000      0.000     -0.500      0.000      0.000      0.000      1.000      0.000 96884996
     3.000      1.000     -2.528     -0.897     -1.101     -1.362     -0.113     -3.064     -0.500      0.728      0.775      0.286      0.102      0.125      0.154      0.347      0.057     -0.082     -0.088      0.057      0.000      1.000      0.000      0.000      0.000     -0.500      0.000      1.000      0.000      0.000      0.000 91588907
     3.000      1.000      0.327      0.414     -0.372      0.026      1.341     -0.731      0.500     -0.901     -0.725      0.439      0.556     -0.498      0.035     -0.980      0.670     -1.208     -0.971      0.670      0.000      1.000      0.000      0.000      0.000      0.500      0.000      1.000      0.000      0.000      0.000 94718907
     3.000      0.000      1.045     -0.897     -0.140      1.336     -0.531     -1.147     -0.500      0.728      0.275     -0.555      0.476      0.074     -0.710      0.609      0.266     -0.387     -0.146      0.266      0.000      1.000      0.000      0.000      0.000     -0.500      1.000      0.000      0.000      0.000      0.000 99716396
     3.000      0.000      0.545      1.779      1.475      0.702     -0.210      2.019     -0.500     -0.112     -0.725     -0.115     -0.374     -0.310     -0.148     -0.425      0.105      0.024      0.152     -0.105      0.000      1.000      0.000      0.000      0.000      0.500      1.000      0.000      0.000      0.000      0.000 92646229
     0.000      0.000      0.311     -0.897      0.992     -0.620      1.094     -1.314     -0.500     -0.495     -0.725      0.341     -0.982      1.085     -0.678     -1.438     -0.547     -0.542     -0.793     -0.547      0.000      1.000      0.000      0.000      0.000     -0.500      1.000      0.000      1.000      0.000      0.000 93710678
     3.000      0.000      0.155      0.355      0.790     -1.966      0.424      0.603     -0.500     -0.112     -0.725      0.066      0.150      0.335     -0.833      0.255     -0.212     -0.048     -0.307      0.212      0.000      1.000      0.000      0.000      0.000      0.500      1.000      0.000      0.000      0.000      0.000 91885995
     3.000      2.000     -0.858     -0.897     -0.372     -0.330      0.355      2.019      0.500      0.460      1.275     -0.304     -0.318     -0.132     -0.117      0.716      0.177      0.163      0.453     -0.177      0.000      1.000      0.000      0.000      0.000     -0.500      0.000      0.000      0.000      0.000      0.000 98578613
     3.000      1.000     -1.375      0.721     -0.640     -0.323     -0.164      2.269      0.500     -1.124          *      0.225     -0.118      0.105      0.053     -0.372     -0.082      0.184          *     -0.082      0.000      1.000      0.000      0.000      0.000      0.500      0.000      1.000      0.000      0.000      0.000 97578981
     3.000      2.000      1.010     -0.897      1.023      1.098     -0.349     -0.647      0.500     -1.258     -0.725     -0.352      0.313     -0.356     -0.383      0.226     -0.174      0.438      0.253     -0.174      0.000      1.000      0.000      0.000      0.000      0.500      0.000      0.000      0.000      0.000      0.000 57253432
     1.000      0.000     -1.171      2.343          *     -0.330     -0.356      2.769     -0.500     -0.639      0.275      0.417     -0.835          *      0.118     -0.987      0.178      0.227     -0.098     -0.178      0.000      1.000      0.000      0.000      0.000      0.500      1.000      0.000      0.000      1.000      0.000 91884920
     3.000      1.000      1.010     -0.897     -2.483     -1.611     -0.439     -0.647      0.500      0.728      0.275     -0.443      0.394      1.089      0.707      0.284     -0.219     -0.319     -0.121     -0.219      0.000      1.000      0.000      0.000      0.000      0.500      0.000      1.000      0.000      0.000      0.000 98571403
     3.000      0.000      0.795     -0.591      1.000      1.336     -0.366      1.936     -0.500      0.460      0.275     -0.291      0.216     -0.366     -0.489     -0.708      0.183     -0.168     -0.101     -0.183      0.000      1.000      0.000      0.000      0.000      0.500      1.000      0.000      0.000      0.000      0.000 95676723
     2.000      2.000      0.134      2.026     -1.101      0.145      0.353      0.686      0.500      0.293      0.275      0.047      0.716     -0.389      0.051      0.243      0.177      0.104      0.097      0.177      0.000      1.000      0.000      0.000      0.000      0.500      0.000      0.000      0.000      0.000      1.000 91587965
     3.000      1.000      1.080     -0.897     -0.346      1.098     -0.671     -2.147      0.500     -0.901     -0.725     -0.725      0.602      0.232     -0.737      1.441     -0.336      0.605      0.486     -0.336      0.000      1.000      0.000      0.000      0.000      0.500      0.000      1.000      0.000      0.000      0.000 95718315
     3.000      1.000      0.357     -0.559      0.548     -1.339     -0.357     -1.731      0.500     -0.068     -0.725     -0.127      0.199     -0.196      0.478      0.617     -0.178      0.024      0.258     -0.178      0.000      1.000      0.000      0.000      0.000      0.500      0.000      1.000      0.000      0.000      0.000 95714890
     3.000      2.000     -0.283      1.698     -1.531      0.304     -0.006      0.603      0.500     -0.259     -0.725      0.002     -0.010      0.009     -0.002     -0.004     -0.003      0.002      0.004     -0.003      1.000      1.000      1.000      0.000      0.000      0.500      0.000      0.000      0.000      0.000      0.000 95570983
     3.000      0.000     -0.118      0.361      0.567      0.702     -0.741     -2.064      0.500          *          *      0.087     -0.268     -0.420     -0.520      1.530     -0.371          *          *     -0.371      0.000      1.000      0.000      0.000      0.000      0.500      1.000      0.000      0.000      0.000      0.000 92718315
     3.000      2.000      0.009     -0.897      0.326      0.582     -0.500     -1.064      0.500      1.059      1.775     -0.004      0.449     -0.163     -0.291      0.532     -0.250     -0.530     -0.888      0.250      0.000      1.000      0.000      0.000      0.000     -0.500      0.000      0.000      0.000      0.000      0.000 98575294
     2.000      2.000      0.122      0.183     -1.056     -1.362      1.466     -0.314      0.500      0.840      1.275      0.179      0.268     -1.548     -1.996     -0.460      0.733      1.231      1.869      0.733      0.000      1.000      0.000      0.000      0.000      0.500      0.000      0.000      0.000      0.000      1.000 93678270
     3.000      0.000      0.502      2.118     -0.153     -0.601     -0.504     -2.064      0.500      0.907      0.275     -0.253     -1.067      0.077      0.303      1.040     -0.252     -0.457     -0.139     -0.252      0.000      1.000      0.000      0.000      0.000      0.500      1.000      0.000      0.000      0.000      0.000 91588938
     3.000      0.000     -0.089     -0.897      0.785      0.447     -0.416     -0.897     -0.500          *      0.275      0.037      0.373     -0.327     -0.186      0.373      0.208          *     -0.115     -0.208      0.000      1.000      0.000      0.000      0.000      0.500      1.000      0.000      0.000      0.000      0.000 91718087
     2.000      0.000      0.119      0.633      1.009      1.098      0.365     -2.897     -0.500      0.558     -0.725      0.043      0.231      0.368      0.401     -1.058     -0.183      0.204     -0.264      0.183      0.000      1.000      0.000      0.000      0.000      0.500      1.000      0.000      0.000      0.000      1.000 15574600
     3.000      1.000     -0.732      0.108     -1.547     -0.568      0.069      2.686      0.500     -0.806     -1.225     -0.051      0.007     -0.107     -0.039      0.186      0.035     -0.056     -0.085     -0.035      0.000      1.000      0.000      0.000      0.000     -0.500      0.000      1.000      0.000      0.000      0.000 96578413
     3.000      1.000     -1.388     -0.897      0.320     -1.018     -0.045     -1.981      0.500      0.262      0.275      0.063      0.040     -0.014      0.046      0.089     -0.023     -0.012     -0.012     -0.023      0.000      1.000      0.000      0.000      0.000      0.500      0.000      1.000      0.000      0.000      0.000 91788902
     3.000      0.000      0.782     -0.252     -1.065      1.098      0.887      2.269      0.500          *     -0.725      0.694     -0.224     -0.945      0.974      2.013      0.444          *     -0.643     -0.444      0.000      1.000      0.000      0.000      0.000     -0.500      1.000      0.000      0.000      0.000      0.000 88249047
     3.000      0.000      0.570     -0.897      0.790      0.521     -0.361     -1.314     -0.500      0.231     -0.725     -0.206      0.324     -0.285     -0.188      0.475      0.181     -0.083      0.262     -0.181      0.000      1.000      0.000      0.000      0.000      0.500      1.000      0.000      0.000      0.000      0.000 93710912
     1.000      0.000     -0.119      0.361      0.785      0.582     -1.177     -1.981     -0.500     -0.159      1.275      0.141     -0.425     -0.925     -0.686      2.332      0.589      0.187     -1.502     -0.589      0.000      1.000      0.000      0.000      0.000      0.500      1.000      0.000      0.000      1.000      0.000 95719938
     3.000      0.000     -0.089      0.026      0.087      0.623      1.240     -0.397     -0.500          *     -1.725     -0.111      0.033      0.108      0.772     -0.493     -0.620          *     -2.138      0.620      0.000      1.000      0.000      0.000      0.000      0.500      1.000      0.000      0.000      0.000      0.000 97572980
     3.000      2.000     -1.167     -0.897     -0.637      0.226      0.196     -2.731      0.500      0.380     -0.225     -0.229     -0.176     -0.125      0.044     -0.536      0.098      0.075     -0.044     -0.098      0.000      1.000      0.000      0.000      0.000     -0.500      0.000      0.000      0.000      0.000      0.000 91710288
     3.000      1.000     -0.816     -0.897      0.303      1.336     -0.153      1.186      0.500      1.059      1.275      0.125      0.137     -0.046     -0.204     -0.181     -0.076     -0.162     -0.195      0.076      0.000      1.000      0.000      0.000      0.000     -0.500      0.000      1.000      0.000      0.000      0.000 96506594
     3.000      2.000      1.010      0.436     -0.398      0.226      0.036      2.269      0.500     -1.258      0.275      0.037      0.016     -0.015      0.008      0.083      0.018     -0.046      0.010      0.018      0.000      1.000      0.000      0.000      0.000      0.500      0.000      0.000      0.000      0.000      0.000 93578620
     1.000      2.000      0.494     -0.312          *     -0.052     -0.469      1.936     -0.500          *     -2.725     -0.232      0.146          *      0.024     -0.908      0.235          *      1.278      0.235      0.000      1.000      0.000      0.000      0.000     -0.500      0.000      0.000      0.000      1.000      0.000 96570187
     3.000      1.000      0.766     -0.897     -1.566     -0.823      0.023     -0.981      0.500          *      1.275      0.017     -0.020     -0.036     -0.019     -0.022      0.011          *      0.029      0.011      0.000      1.000      0.000      0.000      0.000      0.500      0.000      1.000      0.000      0.000      0.000 96578507
     3.000      1.000     -0.377     -0.897     -0.627     -1.215      0.141     -1.481     -0.500          *     -0.725     -0.053     -0.127     -0.089     -0.172     -0.209     -0.071          *     -0.102     -0.071      0.000      1.000      0.000      0.000      0.000     -0.500      0.000      1.000      0.000      0.000      0.000 94710380
     3.000      2.000      0.796     -0.284      0.545     -1.652      1.152      3.186      0.500     -0.431     -1.225      0.918     -0.327      0.628     -1.904      3.672      0.576     -0.497     -1.411     -0.576      0.000      1.000      0.000      0.000      0.000     -0.500      0.000      0.000      0.000      0.000      0.000 99578669
     1.000      0.000      0.316      1.441     -1.817     -0.330      0.932      1.936     -0.500     -1.412          *      0.295      1.343     -1.694     -0.308      1.805     -0.466     -1.316          *      0.466      0.000      1.000      0.000      0.000      0.000      0.500      1.000      0.000      0.000      1.000      0.000 99578682
     2.000      0.000     -0.301      2.858     -0.860     -0.528      0.363      1.103     -0.500      0.510      0.775     -0.109      1.036     -0.312     -0.191      0.400     -0.181      0.185      0.281     -0.181      0.000      1.000      0.000      0.000      0.000     -0.500      1.000      0.000      0.000      0.000      1.000 96574190
     1.000      0.000     -0.089      0.446     -0.418     -1.092      0.364      2.686     -0.500          *     -1.725     -0.033      0.163     -0.152     -0.398      0.979     -0.182          *     -0.628      0.182      0.000      1.000      0.000      0.000      0.000      0.500      1.000      0.000      0.000      1.000      0.000 92575523
     3.000      2.000      0.897      0.333     -0.391      0.464      0.812      0.269     -0.500      0.510      0.275      0.728      0.270     -0.317      0.377      0.219     -0.406      0.414      0.224     -0.406      0.000      1.000      0.000      0.000      0.000     -0.500      0.000      0.000      0.000      0.000      0.000 99710187
     3.000      1.000      0.764     -0.897      0.317      1.336      0.554     -1.897     -0.500      1.114      0.275      0.423     -0.497      0.176      0.740     -1.050     -0.277      0.617      0.153      0.277      0.000      1.000      0.000      0.000      0.000      0.500      0.000      1.000      0.000      0.000      0.000 91588901
     2.000      1.000      0.766     -0.897     -0.613     -0.957     -1.434      0.103     -0.500          *      2.275     -1.098      1.286      0.879      1.372     -0.147      0.717          *     -3.262     -0.717      0.000      1.000      0.000      0.000      0.000      0.500      0.000      1.000      0.000      0.000      1.000 91577120
     3.000      1.000     -0.789      0.365          *      0.860     -0.090      0.686     -0.500     -0.639     -1.725      0.071     -0.033          *     -0.077     -0.061      0.045      0.057      0.154     -0.045      0.000      1.000      0.000      0.000      0.000      0.500      0.000      1.000      0.000      0.000      0.000 57132268
     3.000      1.000     -0.323     -0.897     -0.859      0.820     -1.636      0.769      0.500      0.510      0.275      0.528      1.468      1.405     -1.342     -1.259     -0.818     -0.835     -0.451      0.818      0.000      1.000      0.000      0.000      0.000     -0.500      0.000      1.000      0.000      0.000      0.000 96508067
     0.000      0.000      0.372      3.873     -1.776     -1.617     -0.118     -2.814      0.500     -1.258      0.275     -0.044     -0.457      0.209      0.191      0.332     -0.059      0.148     -0.032      0.059      0.000      1.000      1.000      0.000      0.000     -0.500      1.000      0.000      1.000      0.000      0.000 91884937
     3.000      1.000      1.010      0.108      0.530      0.472     -0.933      1.853      0.500     -1.412     -1.725     -0.943     -0.101     -0.495     -0.440     -1.729     -0.467      1.317      1.609     -0.467      0.000      1.000      0.000      0.000      0.000      0.500      0.000      1.000      0.000      0.000      0.000 92578037
     3.000      1.000     -2.515     -1.021     -2.478      1.082     -0.487     -1.647      0.500      0.198          *      1.225      0.497      1.207     -0.527      0.802     -0.244     -0.096          *     -0.244      0.000      1.000      0.000      0.000      0.000      0.500      0.000      1.000      0.000      0.000      0.000 97717261
     3.000      2.000      0.937     -0.897      0.316     -0.113     -0.954      2.769      0.500      1.191     -1.725     -0.894      0.856     -0.302      0.108     -2.641     -0.477     -1.136      1.645      0.477      0.000      1.000      0.000      0.000      0.000     -0.500      0.000      0.000      0.000      0.000      0.000 91676221
     3.000      2.000     -0.737      2.118     -1.092      0.820     -0.491      1.853     -0.500          *     -1.725      0.362     -1.041      0.537     -0.403     -0.910      0.246          *      0.847     -0.246      0.000      1.000      0.000      0.000      0.000      0.500      0.000      0.000      0.000      0.000      0.000 91888982
     3.000      1.000     -0.089      0.408      0.785      1.098     -0.916     -0.814      0.500     -1.412          *      0.082     -0.374     -0.720     -1.006      0.746     -0.458      1.294          *     -0.458      0.000      1.000      0.000      0.000      0.000      0.500      0.000      1.000      0.000      0.000      0.000 94715123
     3.000      0.000     -0.189     -0.897     -0.166      0.344     -1.777     -2.314     -0.500      1.251      1.275      0.335      1.595      0.295     -0.612      4.113      0.889     -2.223     -2.267      0.889      0.000      1.000      0.000      0.000      0.000     -0.500      1.000      0.000      0.000      0.000      0.000 91888931
     3.000      1.000      0.270     -0.537      1.483      1.098      1.125      2.769      0.500          *     -0.725      0.304     -0.604      1.668      1.235      3.115      0.562          *     -0.815     -0.562      0.000      1.000      0.000      0.000      0.000     -0.500      0.000      1.000      0.000      0.000      0.000 98578681
     3.000      2.000      0.224     -0.591      0.795     -1.733     -0.398     -1.731      0.500      1.127      1.275     -0.089      0.235     -0.317      0.690      0.689     -0.199     -0.449     -0.508      0.199      0.000      1.000      0.000      0.000      0.000     -0.500      0.000      0.000      0.000      0.000      0.000 91585992
     3.000      2.000     -0.089     -0.897      0.105     -0.029     -0.391     -3.147     -0.500          *          *      0.035      0.351     -0.041      0.011      1.232      0.196          *          *     -0.196      0.000      1.000      0.000      0.000      0.000      0.500      0.000      0.000      0.000      0.000      0.000 91785927
     3.000      1.000      0.222      0.076     -0.188      1.336      1.028     -0.981      0.500      0.840      2.275      0.229      0.078     -0.194      1.373     -1.008      0.514      0.863      2.339     -0.514      0.000      1.000      0.000      0.000      0.000     -0.500      0.000      1.000      0.000      0.000      0.000 91578885
     2.000      2.000     -0.089      3.288     -1.078     -0.172     -0.788      1.936     -0.500     -0.719     -0.725      0.070     -2.592      0.850      0.135     -1.526      0.394      0.566      0.571     -0.394      0.000      1.000      0.000      0.000      0.000      0.500      0.000      0.000      0.000      0.000      1.000 93572374
     3.000      0.000     -0.082      0.838     -0.367     -0.347     -1.661     -1.647     -0.500      0.581     -0.725      0.137     -1.392      0.609      0.577      2.736      0.831     -0.965      1.204     -0.831      1.000      1.000      0.000      0.000      0.000      0.500      1.000      0.000      0.000      0.000      0.000 94714936
     3.000      1.000     -0.058      0.796      0.062     -0.461     -1.487     -0.564      0.500      0.407     -0.725      0.086     -1.183     -0.092      0.686      0.838     -0.743     -0.606      1.077     -0.743      0.000      1.000      0.000      0.000      0.000      0.500      0.000      1.000      0.000      0.000      0.000 99574016
     3.000      2.000     -2.800      1.419     -0.351     -0.323      1.291      1.603      0.500      0.510      0.775     -3.615      1.832     -0.453     -0.416      2.069      0.646      0.659      1.001     -0.646      0.000      1.000      0.000      0.000      0.000     -0.500      0.000      0.000      0.000      0.000      0.000 94578831
     1.000      0.000      0.838     -0.537      0.082     -2.066     -0.046     -0.147     -0.500          *      1.275     -0.038      0.025     -0.004      0.095      0.007      0.023          *     -0.059      0.023      0.000      1.000      0.000      0.000      0.000     -0.500      1.000      0.000      0.000      1.000      0.000 95544206
     3.000      1.000      0.795     -0.559     -0.141     -2.582     -1.520      0.853      0.500     -0.159      0.275     -1.208      0.849      0.215      3.925     -1.296     -0.760      0.242     -0.419     -0.760      0.000      1.000      0.000      0.000      0.000      0.500      0.000      1.000      0.000      0.000      0.000 91888905
     3.000      1.000      0.005     -0.897      0.557      0.125      0.444      2.186      0.500      0.015     -0.225      0.002     -0.398      0.248      0.056      0.971      0.222      0.007     -0.100     -0.222      0.000      1.000      0.000      0.000      0.000     -0.500      0.000      1.000      0.000      0.000      0.000 98575623
     3.000      2.000          *      0.355      0.786      0.860     -2.037      2.353     -0.500      0.380          *          *     -0.722     -1.602     -1.753     -4.793      1.019     -0.774          *      1.019      0.000      1.000      0.000      0.000      0.000     -0.500      0.000      0.000      0.000      0.000      0.000 97574910
     3.000      2.000      1.045      1.473      0.299     -0.585     -0.479     -2.564     -0.500          *      1.275     -0.501     -0.706     -0.143      0.280      1.229      0.240          *     -0.611      0.240      0.000      1.000      0.000      0.000      0.000     -0.500      0.000      0.000      0.000      0.000      0.000 11504509
     2.000      1.000      0.310      1.585     -0.143     -0.941      0.140      1.353     -0.500     -0.259     -0.225      0.043      0.221     -0.020     -0.131      0.189     -0.070     -0.036     -0.031     -0.070      0.000      1.000      0.000      0.000      0.000     -0.500      0.000      1.000      0.000      0.000      1.000 57106020
     1.000      0.000      0.250      0.468     -0.855      0.582      0.083      0.436     -0.500      0.055     -1.225      0.021      0.039     -0.071      0.049      0.036     -0.042      0.005     -0.102     -0.042      0.000      1.000      0.000      0.000      0.000     -0.500      1.000      0.000      0.000      1.000      0.000 57117008
     3.000      0.000          *     -0.897     -3.172      0.623      0.836      2.186     -0.500          *          *          *     -0.750     -2.651      0.520      1.827     -0.418          *          *     -0.418      0.000      1.000      0.000      0.000      0.000     -0.500      1.000      0.000      0.000      0.000      0.000 57117488
     3.000      0.000     -0.485      1.398      1.255     -0.052      0.974      1.769     -0.500          *     -1.725     -0.472      1.361      1.223     -0.051      1.723     -0.487          *     -1.680      0.487      0.000      1.000      0.000      0.000      0.000      0.500      1.000      0.000      0.000      0.000      0.000 57122336
     3.000      2.000      1.045     -0.897     -0.596      0.582     -1.034     -2.647     -0.500          *      0.275     -1.080      0.927      0.616     -0.602      2.736      0.517          *     -0.285      0.517      0.000      1.000      0.000      0.000      0.000     -0.500      0.000      0.000      0.000      0.000      0.000 57127961
     1.000      2.000     -0.089     -0.559     -0.618     -1.608     -0.483     -1.647     -0.500      0.129      1.275      0.043      0.270      0.299      0.777      0.796      0.242     -0.062     -0.616     -0.242      0.000      1.000      0.000      0.000      0.000      0.500      0.000      0.000      0.000      1.000      0.000 57129567
     3.000      1.000      0.345     -0.897      0.129     -0.249      1.501     -0.981      0.500          *     -1.725      0.517     -1.347      0.193     -0.374     -1.472      0.750          *     -2.588      0.750      0.000      1.000      0.000      0.000      0.000      0.500      0.000      1.000      0.000      0.000      0.000 57134970
     3.000      2.000     -0.051      0.183      1.004      1.336      0.066      0.769      0.500      0.380     -0.225     -0.003      0.012      0.066      0.088      0.051      0.033      0.025     -0.015     -0.033      0.000      1.000      0.000      0.000      0.000     -0.500      0.000      0.000      0.000      0.000      0.000 57135063
     1.000      2.000     -0.570     -0.559     -0.386     -0.469     -0.014     -2.314      0.500      0.055     -0.725      0.008      0.008      0.005      0.007      0.033     -0.007     -0.001      0.010     -0.007      0.000      1.000      0.000      0.000      0.000      0.500      0.000      0.000      0.000      1.000      0.000 57141765
     3.000      0.000     -1.926     -0.231     -0.373      0.582     -0.826     -2.897      0.500     -0.068      0.275      1.591      0.191      0.308     -0.481      2.394     -0.413      0.056     -0.228      0.413      1.000      1.000      1.000      0.000      0.000     -0.500      1.000      0.000      0.000      0.000      0.000 57141767
     3.000      2.000      0.694     -0.897      0.083      1.098     -0.067     -3.147      0.500      0.460      0.275     -0.047      0.060     -0.006     -0.074      0.212     -0.034     -0.031     -0.019      0.034      0.000      1.000      0.000      0.000      0.000     -0.500      0.000      0.000      0.000      0.000      0.000 57141873
     3.000      1.000      1.045     -0.897      1.228      0.623      1.092     -2.814     -0.500     -0.431      1.275      1.141     -0.979      1.341      0.680     -3.072     -0.546     -0.470      1.392     -0.546      0.000      1.000      0.000      0.000      0.000     -0.500      0.000      1.000      0.000      0.000      0.000 57141918
     3.000      1.000      0.357      0.108      0.056      1.336      0.304      2.853     -0.500          *      1.275      0.108      0.033      0.017      0.406      0.866     -0.152          *      0.387      0.152      0.000      1.000      0.000      0.000      0.000      0.500      0.000      1.000      0.000      0.000      0.000 57145731
     3.000      2.000      1.010     -0.897      0.080      0.542     -0.683      1.603     -0.500      0.940      2.275     -0.690      0.612     -0.055     -0.370     -1.094      0.341     -0.641     -1.553     -0.341      1.000      1.000      0.000      0.000      0.000      0.500      0.000      0.000      0.000      0.000      0.000 57159712
     3.000      2.000     -1.209     -0.897     -1.087     -0.052      0.113     -2.814      0.500     -0.208     -0.725     -0.137     -0.101     -0.123     -0.006     -0.318      0.056     -0.023     -0.082     -0.056      0.000      1.000      0.000      0.000      0.000     -0.500      0.000      0.000      0.000      0.000      0.000 57165516
     3.000      2.000      0.570     -0.897      0.316      0.066     -0.758     -3.314     -0.500      0.625     -0.725     -0.432      0.680     -0.240     -0.050      2.513      0.379     -0.474      0.549     -0.379      0.000      1.000      0.000      0.000      0.000      0.500      0.000      0.000      0.000      0.000      0.000 57166463
     3.000      1.000      0.904     -0.897     -1.047      0.758     -0.712      1.603     -0.500      0.231      1.275     -0.644      0.639      0.745     -0.539     -1.141      0.356     -0.164     -0.908      0.356      0.000      1.000      0.000      0.000      0.000     -0.500      0.000      1.000      0.000      0.000      0.000 57169807
     3.000      1.000      1.080     -0.897     -1.091      0.542      0.703      2.353      0.500          *      0.275      0.759     -0.630     -0.767      0.381      1.653      0.351          *      0.194      0.351      0.000      1.000      0.000      0.000      0.000      0.500      0.000      1.000      0.000      0.000      0.000 57175752
     3.000      0.000     -0.964      0.108     -0.617     -1.692     -1.272     -0.147      0.500     -0.639     -0.725      1.226     -0.137      0.785      2.153      0.187     -0.636      0.812      0.922     -0.636      0.000      1.000      0.000      0.000      0.000      0.500      1.000      0.000      0.000      0.000      0.000 57188247
     3.000      0.000      0.817     -0.897     -0.833      0.304      0.687      1.519     -0.500          *     -0.725      0.562     -0.617     -0.573      0.209      1.044     -0.344          *     -0.498      0.344      0.000      1.000      0.000      0.000      0.000      0.500      1.000      0.000      0.000      0.000      0.000 57193349
     2.000      0.000     -1.005      1.441      1.233     -0.307      1.443     -0.731      0.500          *     -0.225     -1.451      2.079      1.780     -0.443     -1.054      0.722          *     -0.324     -0.722      0.000      1.000      0.000      0.000      0.000     -0.500      1.000      0.000      0.000      0.000      1.000 57195317
     3.000      1.000      0.766     -0.897     -0.855     -0.323      1.146      2.019     -0.500      0.625      2.275      0.878     -1.028     -0.980     -0.370      2.314     -0.573      0.716      2.608      0.573      0.000      1.000      0.000      0.000      0.000      0.500      0.000      1.000      0.000      0.000      0.000 57198440
     3.000      2.000      0.136     -0.559     -0.627     -2.541      0.554     -0.897      0.500     -1.258     -1.725      0.075     -0.309     -0.347     -1.407     -0.497      0.277     -0.696     -0.955      0.277      0.000      1.000      0.000      0.000      0.000      0.500      0.000      0.000      0.000      0.000      0.000 57199896
     3.000      1.000     -0.335     -0.591     -0.639     -0.203      0.182      2.103      0.500     -1.594     -0.725     -0.061     -0.107     -0.116     -0.037      0.382      0.091     -0.289     -0.132      0.091      0.000      1.000      1.000      0.000      0.000      0.500      0.000      1.000      0.000      0.000      0.000 57203332
     1.000      0.000      0.756      1.441      0.527      1.058      0.914      0.603     -0.500      1.101      1.275      0.691      1.317      0.482      0.967      0.551     -0.457      1.006      1.166     -0.457      0.000      1.000      0.000      0.000      0.000     -0.500      1.000      0.000      0.000      1.000      0.000 57210612
     1.000      2.000      0.155     -0.897     -0.622     -2.668     -0.039     -2.731     -0.500      0.510     -0.725     -0.006      0.035      0.024      0.103      0.106      0.019     -0.020      0.028     -0.019      0.000      1.000      0.000      0.000      0.000      0.500      0.000      0.000      0.000      1.000      0.000 57212861
     1.000      2.000     -0.489     -0.591     -0.369     -2.947      0.395      1.853      0.500          *     -1.725     -0.193     -0.233     -0.146     -1.162      0.731      0.197          *     -0.680      0.197      0.000      1.000      1.000      0.000      0.000      0.500      0.000      0.000      0.000      1.000      0.000 57217652
     3.000      2.000      1.045      1.419     -0.832     -1.362      0.601      1.603     -0.500      0.231     -0.725      0.628      0.853     -0.500     -0.819      0.963     -0.301      0.139     -0.435     -0.301      0.000      1.000      0.000      0.000      0.000     -0.500      0.000      0.000      0.000      0.000      0.000 57242812
     3.000      2.000     -0.089      0.693     -0.376      0.860      1.048     -0.314      0.500      0.164     -0.725     -0.094      0.726     -0.394      0.901     -0.329      0.524      0.172     -0.759      0.524      0.000      1.000      0.000      0.000      0.000      0.500      0.000      0.000      0.000      0.000      0.000 57245315
     3.000      2.000     -0.823      0.076     -0.408      0.193      0.383     -3.147      0.500      1.524      0.275     -0.315      0.029     -0.156      0.074     -1.205      0.191      0.584      0.105     -0.191      0.000      1.000      0.000      0.000      0.000     -0.500      0.000      0.000      0.000      0.000      0.000 57251197
     1.000      2.000      0.633     -0.591     -0.829     -0.400     -0.227      0.769     -0.500          *     -0.225     -0.144      0.134      0.189      0.091     -0.175      0.114          *      0.051      0.114      0.000      1.000      0.000      0.000      0.000     -0.500      0.000      0.000      0.000      1.000      0.000 57259344
     3.000      1.000     -0.471     -0.312      1.474      1.098     -1.229     -0.731      0.500      0.986      1.275      0.579      0.384     -1.812     -1.350      0.898     -0.615     -1.212     -1.568      0.615      0.000      1.000      0.000      0.000      0.000     -0.500      0.000      1.000      0.000      0.000      0.000 57261449
     3.000      0.000     -0.560      2.118      0.062     -0.585      0.764     -0.814     -0.500      0.055      0.275     -0.428      1.617      0.047     -0.447     -0.621     -0.382      0.042      0.210      0.382      0.000      1.000      0.000      0.000      0.000      0.500      1.000      0.000      0.000      0.000      0.000 57262842
     2.000      0.000      1.010      2.890      1.232     -1.084      0.160      0.603     -0.500      0.907      0.275      0.162      0.463      0.197     -0.174      0.097     -0.080      0.145      0.044      0.080      0.000      1.000      0.000      0.000      0.000      0.500      1.000      0.000      0.000      0.000      1.000 57265175
     3.000      1.000      0.766      0.806      1.013     -0.044      1.749     -1.064      0.500          *      1.275      1.340      1.410      1.772     -0.078     -1.860      0.874          *      2.230      0.874      0.000      1.000      0.000      0.000      0.000      0.500      0.000      1.000      0.000      0.000      0.000 57265490
     2.000      2.000      0.579     -0.312     -1.092     -0.203      1.089     -1.647      0.500      0.231      1.275      0.630     -0.340     -1.189     -0.221     -1.793      0.544      0.251      1.389      0.544      0.000      1.000      0.000      0.000      0.000      0.500      0.000      0.000      0.000      0.000      1.000 57270817
     3.000      1.000     -1.526      1.651      0.093     -0.012      0.451      2.436     -0.500      0.728     -0.225     -0.689      0.745      0.042     -0.005      1.099     -0.226      0.329     -0.101     -0.226      0.000      1.000      0.000      0.000      0.000     -0.500      0.000      1.000      0.000      0.000      0.000 88144567
     3.000      1.000      0.795     -0.591     -0.162     -0.330      0.184      1.186      0.500     -1.412     -1.725      0.146     -0.109     -0.030     -0.061      0.218      0.092     -0.260     -0.317      0.092      0.000      1.000      0.000      0.000      0.000      0.500      0.000      1.000      0.000      0.000      0.000 88202138
     3.000      0.000     -0.169     -0.220      0.319     -0.937     -1.443      2.436     -0.500          *     -2.225      0.243      0.318     -0.461      1.351     -3.514      0.721          *      3.209      0.721      0.000      1.000      0.000      0.000      0.000     -0.500      1.000      0.000      0.000      0.000      0.000 88204513
     1.000      0.000      0.897      1.328      0.777      0.860     -0.572      1.936     -0.500      0.558     -0.225     -0.513     -0.759     -0.444     -0.492     -1.107      0.286     -0.319      0.128      0.286      0.000      1.000      0.000      0.000      0.000     -0.500      1.000      0.000      0.000      1.000      0.000 90500638
     3.000      0.000      1.010      0.023      0.549      0.582      0.462      2.519     -0.500          *      0.275      0.467      0.010      0.254      0.269      1.164     -0.231          *      0.127      0.231      0.000      1.000      0.000      0.000      0.000      0.500      1.000      0.000      0.000      0.000      0.000 90500914
     2.000      2.000      0.380      3.175     -1.310     -1.339     -1.304      1.936     -0.500          *      1.275     -0.495     -4.140      1.709      1.746     -2.524      0.652          *     -1.663     -0.652      0.000      1.000      0.000      0.000      0.000      0.500      0.000      0.000      0.000      0.000      1.000 90504005
     2.000      2.000      0.817      0.108     -0.184      0.193     -1.963     -0.814     -0.500      0.625      1.275     -1.604     -0.212      0.362     -0.380      1.598      0.981     -1.227     -2.503     -0.981      0.000      1.000      0.000      0.000      0.000      0.500      0.000      0.000      0.000      0.000      1.000 90504603
     3.000      2.000     -0.506      0.023     -1.101      0.186     -1.840      1.603      0.500          *      1.275      0.931     -0.042      2.026     -0.342     -2.949     -0.920          *     -2.347     -0.920      0.000      1.000      0.000      0.000      0.000      0.500      0.000      0.000      0.000      0.000      0.000 90506592
     3.000      2.000      0.038      0.721      1.013     -0.282      0.545      1.353      0.500      0.231      0.775      0.021      0.393      0.552     -0.154      0.737      0.273      0.126      0.423     -0.273      0.000      1.000      0.000      0.000      0.000     -0.500      0.000      0.000      0.000      0.000      0.000 90506599
     3.000      2.000      0.081     -0.591     -2.955      0.186      0.819      2.603     -0.500      0.231      1.275      0.067     -0.484     -2.419      0.152      2.131     -0.409      0.189      1.044      0.409      0.000      1.000      0.000      0.000      0.000      0.500      0.000      0.000      0.000      0.000      0.000 90506699
     3.000      2.000     -1.707     -0.591      1.233     -0.520      1.203      0.769      0.500          *      2.275     -2.054     -0.710      1.483     -0.625      0.925      0.601          *      2.737      0.601      0.000      1.000      0.000      0.000      0.000      0.500      0.000      0.000      0.000      0.000      0.000 90508160
     3.000      1.000      0.369     -0.559      1.003      1.336      0.316     -0.731      0.500      0.804     -1.225      0.117     -0.177      0.317      0.422     -0.231      0.158      0.254     -0.387     -0.158      0.000      1.000      0.000      0.000      0.000     -0.500      0.000      1.000      0.000      0.000      0.000 90508165
     3.000      0.000     -0.089      1.113      0.785     -0.310      1.582     -0.147     -0.500     -1.258     -0.725     -0.141      1.760      1.243     -0.491     -0.233     -0.791     -1.989     -1.146      0.791      0.000      1.000      0.000      0.000      0.000      0.500      1.000      0.000      0.000      0.000      0.000 90508320
     0.000      0.000      0.666      0.858     -1.799      0.424      0.638      0.103     -0.500     -0.806      1.275      0.425      0.547     -1.148      0.270      0.066     -0.319     -0.514      0.814     -0.319      0.000      1.000      1.000      0.000      0.000     -0.500      1.000      0.000      1.000      0.000      0.000 90508333
     3.000      1.000      0.139      0.578      1.004      1.336      0.056     -0.147     -0.500     -0.370     -1.225      0.008      0.033      0.057      0.075     -0.008     -0.028     -0.021     -0.069     -0.028      0.000      1.000      0.000      0.000      0.000     -0.500      0.000      1.000      0.000      0.000      0.000 90508368
     3.000      2.000      0.566      0.054     -0.158      0.193      0.076      1.603      0.500     -0.159      1.275      0.043      0.004     -0.012      0.015      0.121      0.038     -0.012      0.096     -0.038      0.000      1.000      0.000      0.000      0.000     -0.500      0.000      0.000      0.000      0.000      0.000 90543902
     1.000      2.000     -1.707     -0.177     -1.083     -0.330      0.033      1.603     -0.500      0.380      0.275     -0.056     -0.006     -0.036     -0.011      0.053     -0.016      0.012      0.009      0.016      0.000      1.000      0.000      0.000      0.000      0.500      0.000      0.000      0.000      1.000      0.000 90546991
     2.000      2.000     -0.189      1.166      0.070     -0.347      0.214      0.269     -0.500      1.127     -0.225     -0.040      0.249      0.015     -0.074      0.058     -0.107      0.241     -0.048     -0.107      0.000      1.000      0.000      0.000      0.000     -0.500      0.000      0.000      0.000      0.000      1.000 90546992
     3.000      2.000     -0.327     -0.897     -1.293      0.860     -0.788      0.019     -0.500      1.059      0.275      0.258      0.707      1.018     -0.678     -0.015      0.394     -0.834     -0.217      0.394      0.000      1.000      0.000      0.000      0.000     -0.500      0.000      0.000      0.000      0.000      0.000 90570282
     3.000      2.000     -0.925     -0.559      1.005      0.431      0.484      1.186      0.500          *      1.775     -0.448     -0.270      0.487      0.209      0.574      0.242          *      0.859     -0.242      0.000      1.000      0.000      0.000      0.000     -0.500      0.000      0.000      0.000      0.000      0.000 90570488
     1.000      1.000     -0.089     -0.897      0.777      0.186      1.830      1.603     -0.500     -0.806      2.275     -0.163     -1.642      1.422      0.340      2.933     -0.915     -1.474      4.165      0.915      0.000      1.000      0.000      0.000      0.000      0.500      0.000      1.000      0.000      1.000      0.000 90570582
     3.000      0.000      1.010     -0.559      0.991      0.860      0.502     -2.147      0.500          *     -2.725      0.508     -0.281      0.498      0.432     -1.079      0.251          *     -1.369      0.251      0.000      1.000      0.000      0.000      0.000      0.500      1.000      0.000      0.000      0.000      0.000 90570628
     3.000      2.000      0.766      0.393     -0.164      1.336     -1.521      3.019      0.500          *     -1.725     -1.165     -0.597      0.250     -2.032     -4.591     -0.760          *      2.622     -0.760      0.000      1.000      0.000      0.000      0.000      0.500      0.000      0.000      0.000      0.000      0.000 90570629
     3.000      2.000     -0.282      0.076     -0.613      0.820      0.736      1.686     -0.500      0.510     -0.725     -0.208      0.056     -0.451      0.604      1.241     -0.368      0.375     -0.533     -0.368      0.000      1.000      0.000      0.000      0.000     -0.500      0.000      0.000      0.000      0.000      0.000 90570935
     1.000      2.000     -0.844      1.102     -0.377     -0.656     -1.868      2.019      0.500      1.127      1.775      1.576     -2.060      0.704      1.225     -3.773     -0.934     -2.106     -3.317      0.934      0.000      1.000      0.000      0.000      0.000     -0.500      0.000      0.000      0.000      1.000      0.000 90570984
     3.000      2.000     -1.235     -0.591     -0.404      0.582      0.639     -0.981      0.500          *      0.275     -0.790     -0.378     -0.258      0.372     -0.627      0.320          *      0.176     -0.320      0.000      1.000      0.000      0.000      0.000     -0.500      0.000      0.000      0.000      0.000      0.000 90572178
     3.000      2.000      1.010     -0.312      0.785      1.098      1.680     -2.397      0.500      0.460      0.275      1.698     -0.524      1.320      1.845     -4.028      0.840      0.773      0.463      0.840      0.000      1.000      0.000      0.000      0.000      0.500      0.000      0.000      0.000      0.000      0.000 90572284
     3.000      1.000     -1.374     -0.591      0.553     -1.101     -0.803      2.103      0.500          *          *      1.103      0.474     -0.444      0.884     -1.688     -0.401          *          *     -0.401      0.000      1.000      0.000      0.000      0.000      0.500      0.000      1.000      0.000      0.000      0.000 90572285
     3.000      1.000     -0.242     -0.897     -0.372     -1.735     -0.953     -0.314      0.500     -0.639     -0.725      0.230      0.855      0.354      1.653      0.299     -0.476      0.608      0.690     -0.476      0.000      1.000      0.000      0.000      0.000      0.500      0.000      1.000      0.000      0.000      0.000 90572287
     3.000      1.000     -0.182     -0.897      0.061      1.058      0.802      1.269      0.500     -0.431     -0.725     -0.146     -0.720      0.049      0.849      1.018      0.401     -0.346     -0.581      0.401      0.000      1.000      0.000      0.000      0.000      0.500      0.000      1.000      0.000      0.000      0.000 90572386
     1.000      0.000      0.126     -0.897     -0.358      0.107     -0.721     -0.231     -0.500      0.822      1.275     -0.091      0.647      0.258     -0.077      0.166      0.360     -0.592     -0.919     -0.360      0.000      1.000      0.000      0.000      0.000      0.500      1.000      0.000      0.000      1.000      0.000 90572841
     3.000      2.000      0.317     -0.897      0.544      0.820      0.453     -0.981      0.500      0.986      0.775      0.144     -0.406      0.246      0.371     -0.444      0.226      0.446      0.351     -0.226      0.000      1.000      0.000      0.000      0.000     -0.500      0.000      0.000      0.000      0.000      0.000 90574003
     3.000      1.000     -1.783     -0.231      0.039     -0.441      1.015      2.103      0.500      0.907      1.775     -1.810     -0.234      0.040     -0.447      2.134      0.508      0.921      1.802     -0.508      0.000      1.000      0.000      0.000      0.000     -0.500      0.000      1.000      0.000      0.000      0.000 90574202
     3.000      2.000     -1.352      0.714     -0.179      0.820     -0.219     -0.564      0.500      1.059     -0.725      0.296     -0.156      0.039     -0.179      0.123     -0.109     -0.231      0.158      0.109      0.000      1.000      0.000      0.000      0.000     -0.500      0.000      0.000      0.000      0.000      0.000 90574204
     3.000      1.000      0.595     -0.897      0.325      0.820     -0.428      1.019      0.500      0.231      0.275     -0.255      0.384     -0.139     -0.351     -0.437     -0.214     -0.099     -0.118     -0.214      0.000      1.000      0.000      0.000      0.000      0.500      0.000      1.000      0.000      0.000      0.000 90574307
     3.000      2.000      1.045      0.414      0.781     -0.739     -0.588     -0.064      0.500     -1.124     -0.225     -0.615     -0.244     -0.460      0.435      0.038     -0.294      0.661      0.132      0.294      0.000      1.000      0.000      0.000      0.000     -0.500      0.000      0.000      0.000      0.000      0.000 90574313
     3.000      2.000          *      1.359     -1.329     -1.617      1.286      4.353      0.500          *          *          *      1.749     -1.709     -2.080      5.599      0.643          *          *     -0.643      0.000      1.000      0.000      0.000      0.000     -0.500      0.000      0.000      0.000      0.000      0.000 90574494
     3.000      0.000      0.601      0.446      0.773      0.066      0.759      2.019     -0.500     -0.259      0.275      0.456      0.339      0.587      0.050      1.533     -0.379     -0.197      0.209      0.379      0.000      1.000      0.000      0.000      0.000      0.500      1.000      0.000      0.000      0.000      0.000 90574600
     3.000      2.000      0.795     -0.897      0.755     -0.172     -1.101     -0.147     -0.500      0.231      1.275     -0.875      0.988     -0.831      0.189      0.162      0.551     -0.254     -1.405     -0.551      0.000      1.000      0.000      0.000      0.000      0.500      0.000      0.000      0.000      0.000      0.000 90574805
     3.000      1.000      0.705      0.161     -1.334     -1.776     -0.348      0.353     -0.500      0.380      0.275     -0.246     -0.056      0.465      0.618     -0.123      0.174     -0.132     -0.096      0.174      0.000      1.000      0.000      0.000      0.000     -0.500      0.000      1.000      0.000      0.000      0.000 90574817
     2.000      0.000     -0.308     -0.312     -2.938      0.542      0.875      0.769      0.500          *          *     -0.269     -0.273     -2.572      0.474      0.673      0.438          *          *      0.438      0.000      1.000      0.000      0.000      0.000      0.500      1.000      0.000      0.000      0.000      1.000 90574835
     3.000      2.000      0.561      0.108      1.224      1.098     -0.357     -0.147      0.500      0.822     -0.725     -0.200     -0.039     -0.437     -0.392      0.053     -0.179     -0.294      0.259     -0.179      0.000      1.000      0.000      0.000      0.000      0.500      0.000      0.000      0.000      0.000      0.000 90574935
     3.000      1.000      0.785     -0.897      1.246     -0.585      0.138      1.853     -0.500      0.129      1.275      0.108     -0.124      0.172     -0.081      0.255     -0.069      0.018      0.176      0.069      0.000      1.000      0.000      0.000      0.000      0.500      0.000      1.000      0.000      0.000      0.000 90575243
     3.000      1.000     -0.782     -0.537     -1.314     -3.573     -1.167      0.686      0.500          *     -2.225      0.913      0.627      1.534      4.170     -0.801     -0.584          *      2.596      0.584      0.000      1.000      0.000      0.000      0.000     -0.500      0.000      1.000      0.000      0.000      0.000 90575383
     3.000      1.000      0.785      1.719      1.233     -0.347     -0.285     -0.314      0.500      0.510      1.275     -0.224     -0.490     -0.351      0.099      0.089     -0.142     -0.145     -0.363     -0.142      0.000      1.000      0.000      0.000      0.000      0.500      0.000      1.000      0.000      0.000      0.000 90575389
     3.000      2.000      0.592     -0.559     -1.075     -0.787     -0.510     -0.564     -0.500          *     -0.725     -0.302      0.285      0.549      0.402      0.288      0.255          *      0.370     -0.255      0.000      1.000      0.000      0.000      0.000      0.500      0.000      0.000      0.000      0.000      0.000 90575521
     3.000      2.000      0.354     -0.897      0.562      0.582      0.813     -0.314     -0.500     -0.564      0.275      0.288     -0.730      0.457      0.474     -0.255     -0.407     -0.459      0.224      0.407      0.000      1.000      0.000      0.000      0.000      0.500      0.000      0.000      0.000      0.000      0.000 90575522
     3.000      1.000     -1.411      0.023     -0.829      1.058     -0.620      2.436      0.500     -0.564     -0.725      0.875     -0.014      0.514     -0.656     -1.511     -0.310      0.350      0.449     -0.310      0.000      1.000      0.000      0.000      0.000      0.500      0.000      1.000      0.000      0.000      0.000 90575527
     3.000      1.000     -1.526     -0.897      0.525      0.582     -0.770      2.603      0.500     -0.639     -0.725      1.175      0.691     -0.405     -0.449     -2.005     -0.385      0.492      0.558      0.385      0.000      1.000      0.000      0.000      0.000     -0.500      0.000      1.000      0.000      0.000      0.000 90575929
     3.000      2.000      0.041      1.113     -1.319     -1.432     -0.977      1.936     -0.500      0.625     -0.725     -0.040     -1.088      1.289      1.400     -1.892      0.489     -0.611      0.708      0.489      0.000      1.000      0.000      0.000      0.000     -0.500      0.000      0.000      0.000      0.000      0.000 90575934
     3.000      2.000      1.045     -0.897      0.316      1.098     -2.064     -1.647     -0.500          *      1.775     -2.158      1.852     -0.653     -2.267      3.401      1.032          *     -3.665      1.032      0.000      1.000      0.000      0.000      0.000     -0.500      0.000      0.000      0.000      0.000      0.000 90575941
     3.000      0.000      0.216     -0.897      0.781      1.058     -0.594     -2.314      0.500          *      0.275     -0.128      0.533     -0.464     -0.628      1.374     -0.297          *     -0.164      0.297      0.000      1.000      0.000      0.000      0.000     -0.500      1.000      0.000      0.000      0.000      0.000 90575942
     3.000      0.000     -2.211     -0.312     -2.040     -0.982      0.318     -3.147      0.500      1.412      2.275     -0.704     -0.099     -0.649     -0.312     -1.002      0.159      0.449      0.724     -0.159      0.000      1.000      0.000      0.000      0.000     -0.500      1.000      0.000      0.000      0.000      0.000 90575944
     3.000      1.000      0.183     -0.897      0.549      1.098      0.421      1.103     -0.500      1.059      1.275      0.077     -0.377      0.231      0.462      0.464     -0.210      0.445      0.536     -0.210      0.000      1.000      0.000      0.000      0.000     -0.500      0.000      1.000      0.000      0.000      0.000 90575949
     3.000      2.000     -2.206     -0.559     -2.473     -0.330      1.322     -0.064      0.500          *      0.275     -2.917     -0.739     -3.269     -0.436     -0.085      0.661          *      0.364      0.661      0.000      1.000      0.000      0.000      0.000      0.500      0.000      0.000      0.000      0.000      0.000 90575991
     1.000      2.000      0.380      0.355      0.075     -1.890     -0.400      0.853      0.500     -0.806     -0.725     -0.152     -0.142     -0.030      0.756     -0.341     -0.200      0.322      0.290     -0.200      0.000      1.000      0.000      0.000      0.000      0.500      0.000      0.000      0.000      1.000      0.000 90576199
     3.000      0.000      0.502     -0.312      0.080      0.304      2.231      1.686     -0.500          *     -0.225      1.120     -0.696      0.178      0.678      3.761     -1.115          *     -0.501     -1.115      0.000      1.000      0.000      0.000      0.000     -0.500      1.000      0.000      0.000      0.000      0.000 90576295
     3.000      2.000      0.525     -0.537      1.242     -1.432      1.518      0.436      0.500      1.031      0.275      0.797     -0.815      1.884     -2.174      0.662      0.759      1.564      0.418     -0.759      0.000      1.000      0.000      0.000      0.000     -0.500      0.000      0.000      0.000      0.000      0.000 90576521
     3.000      2.000     -0.571     -0.897      0.303      1.058     -2.202     -0.481      0.500          *      1.275      1.257      1.976     -0.667     -2.330      1.059     -1.101          *     -2.809      1.101      0.000      1.000      0.000      0.000      0.000     -0.500      0.000      0.000      0.000      0.000      0.000 90576692
     3.000      0.000      0.826      0.129      0.071     -1.973      0.431      0.769      0.500      0.015     -0.225      0.356      0.056      0.031     -0.850      0.332      0.215      0.007     -0.097     -0.215      0.000      1.000      0.000      0.000      0.000     -0.500      1.000      0.000      0.000      0.000      0.000 90576754
     3.000      2.000     -0.305     -0.897      0.088     -0.560     -0.097      0.269     -0.500          *     -0.725      0.030      0.087     -0.009      0.054     -0.026      0.048          *      0.070     -0.048      0.000      1.000      0.000      0.000      0.000      0.500      0.000      0.000      0.000      0.000      0.000 90576797
     3.000      2.000     -2.052      0.161     -2.211     -0.780     -2.788      0.519      0.500      0.164      0.275      5.721     -0.449      6.164      2.174     -1.448     -1.394     -0.457     -0.768     -1.394      0.000      1.000      0.000      0.000      0.000      0.500      0.000      0.000      0.000      0.000      0.000 90576830
     2.000      0.000      0.355      0.774     -0.861     -0.490      0.094      0.353     -0.500      0.986      0.775      0.033      0.073     -0.081     -0.046      0.033     -0.047      0.093      0.073     -0.047      0.000      1.000      0.000      1.000      0.000     -0.500      1.000      0.000      0.000      0.000      1.000 90576906
     3.000      0.000      1.010     -0.284     -0.872     -0.347      2.354      2.103      0.500          *     -2.725      2.379     -0.669     -2.054     -0.818      4.951      1.177          *     -6.415      1.177      0.000      1.000      0.000      0.000      0.000      0.500      1.000      0.000      0.000      0.000      0.000 90577060
     3.000      0.000          *      2.118          *     -0.330      0.177      2.603     -0.500          *          *          *      0.375          *     -0.058      0.461     -0.089          *          *     -0.089      0.000      1.000      0.000      0.000      0.000     -0.500      1.000      0.000      0.000      0.000      0.000 90577065
     3.000      1.000     -2.232     -0.897     -1.069      0.820     -0.613      1.269      0.500      0.907      0.775      1.369      0.550      0.656     -0.503     -0.778     -0.307     -0.556     -0.476      0.307      0.000      1.000      0.000      0.000      0.000     -0.500      0.000      1.000      0.000      0.000      0.000 90577228
     1.000      2.000     -3.643      0.693      0.992     -0.212     -0.253      1.186      0.500     -0.313     -1.725      0.923     -0.176     -0.251      0.054     -0.301     -0.127      0.079      0.437     -0.127      0.000      1.000      0.000      0.000      0.000      0.500      0.000      0.000      0.000      1.000      0.000 90577260
     3.000      2.000      0.173      0.023      0.544     -0.679     -0.725      2.186     -0.500      1.059      0.775     -0.125     -0.016     -0.395      0.492     -1.586      0.363     -0.768     -0.563      0.363      0.000      1.000      0.000      0.000      0.000     -0.500      0.000      0.000      0.000      0.000      0.000 90577920
     3.000      2.000     -0.182      0.108     -0.810      0.226     -0.592     -0.481      0.500      0.129      1.275      0.108     -0.064      0.479     -0.134      0.284     -0.296     -0.076     -0.755     -0.296      0.000      1.000      0.000      0.000      0.000      0.500      0.000      0.000      0.000      0.000      0.000 90578008
     3.000      1.000     -0.314     -0.220      1.716      0.226     -0.932      2.686      0.500     -0.431     -1.725      0.293      0.205     -1.599     -0.211     -2.504     -0.466      0.402      1.608     -0.466      0.000      1.000      0.000      0.000      0.000      0.500      0.000      1.000      0.000      0.000      0.000 90578105
     3.000      2.000     -0.452     -0.897     -0.846      0.066      1.119      0.936      0.500      0.380     -0.725     -0.506     -1.004     -0.947      0.074      1.048      0.560      0.425     -0.811     -0.560      0.000      1.000      0.000      0.000      0.000     -0.500      0.000      0.000      0.000      0.000      0.000 90578111
     3.000      2.000     -3.388     -0.220      1.706      1.336     -1.554     -0.231      0.500     -0.806     -0.725      5.265      0.342     -2.652     -2.076      0.358     -0.777      1.252      1.126     -0.777      0.000      1.000      0.000      0.000      0.000      0.500      0.000      0.000      0.000      0.000      0.000 90578118
     3.000      1.000      0.795      0.054     -1.338      1.336     -0.100      0.436      0.500          *     -0.725     -0.079     -0.005      0.134     -0.134     -0.044     -0.050          *      0.072     -0.050      0.000      1.000      0.000      0.000      0.000      0.500      0.000      1.000      0.000      0.000      0.000 90578288
     1.000      0.000     -0.037      0.108     -1.333     -0.044     -1.608      0.769     -0.500          *      0.775      0.060     -0.173      2.145      0.071     -1.237      0.804          *     -1.247      0.804      0.000      1.000      0.000      0.000      0.000     -0.500      1.000      0.000      0.000      1.000      0.000 90578304
     3.000      1.000      1.010          *      1.702     -1.061     -1.913     -0.481     -0.500     -0.431     -1.725     -1.932          *     -3.256      2.029      0.919      0.956      0.824      3.298     -0.956      0.000      1.000      0.000      0.000      0.000      0.500      0.000      1.000      0.000      0.000      0.000 90578310
     3.000      2.000      0.923     -0.252     -0.382     -2.145     -0.828      1.769      0.500          *     -1.225     -0.764      0.209      0.316      1.776     -1.465     -0.414          *      1.014      0.414      0.000      1.000      0.000      0.000      0.000     -0.500      0.000      0.000      0.000      0.000      0.000 90578363
     3.000      2.000      1.010      0.446     -3.413     -1.220     -0.126      2.353      0.500     -0.806     -2.725     -0.127     -0.056      0.430      0.154     -0.297     -0.063      0.102      0.343     -0.063      0.000      1.000      0.000      0.000      0.000      0.500      0.000      0.000      0.000      0.000      0.000 90578404
     0.000      0.000          *      0.023      0.089      0.820      0.249     -0.397      0.500     -1.258          *          *      0.006      0.022      0.204     -0.099      0.125     -0.314          *     -0.125      0.000      1.000      0.000      0.000      0.000     -0.500      1.000      0.000      1.000      0.000      0.000 90578439
     3.000      0.000      0.288      1.758     -0.386      0.363      0.146      1.436      0.500     -0.159      0.275      0.042      0.256     -0.056      0.053      0.209      0.073     -0.023      0.040     -0.073      0.000      1.000      0.000      0.000      0.000     -0.500      1.000      0.000      0.000      0.000      0.000 90578487
     3.000      2.000      0.106     -0.591      0.522     -2.006     -1.180      0.603      0.500          *      0.275     -0.125      0.697     -0.616      2.368     -0.711     -0.590          *     -0.325     -0.590      0.000      1.000      0.000      0.000      0.000      0.500      0.000      0.000      0.000      0.000      0.000 90578567
     3.000      2.000      0.155      1.381     -0.166     -2.322      1.159      1.186      0.500      0.907     -1.725      0.179      1.601     -0.193     -2.691      1.375      0.580      1.052     -1.999      0.580      0.000      1.000      0.000      0.000      0.000      0.500      0.000      0.000      0.000      0.000      0.000 90578660
     3.000      0.000     -0.089     -0.897     -0.614      0.820      0.310     -1.564      0.500     -0.159     -1.725     -0.028     -0.278     -0.190      0.254     -0.484      0.155     -0.049     -0.534      0.155      0.000      1.000      0.000      0.000      0.000      0.500      1.000      0.000      0.000      0.000      0.000 90578802
     3.000      0.000     -0.339      1.166     -0.395      0.582      0.557      2.269      0.500     -3.203     -0.725     -0.189      0.649     -0.220      0.324      1.264      0.278     -1.784     -0.403      0.278      0.000      1.000      0.000      0.000      0.000      0.500      1.000      0.000      0.000      0.000      0.000 90578803
     3.000      1.000     -1.619     -0.897      1.236     -1.145      0.762     -1.314      0.500      0.231      1.275     -1.234     -0.684      0.942     -0.873     -1.002      0.381      0.176      0.972     -0.381      0.000      1.000      0.000      0.000      0.000     -0.500      0.000      1.000      0.000      0.000      0.000 90578923
     3.000      2.000      0.400      0.023      1.000      1.336     -0.776      0.603     -0.500      0.231      0.775     -0.311     -0.018     -0.776     -1.037     -0.468      0.388     -0.179     -0.602      0.388      0.000      1.000      0.000      0.000      0.000     -0.500      0.000      0.000      0.000      0.000      0.000 90578986
     3.000      0.000      0.522     -0.220     -1.776     -0.044      1.526      0.103     -0.500     -0.313      1.275      0.797     -0.336     -2.710     -0.068      0.157     -0.763     -0.478      1.946      0.763      0.000      1.000      0.000      0.000      0.000      0.500      1.000      0.000      0.000      0.000      0.000 90578988
     2.000      0.000      0.080      1.102      0.535      1.098     -1.116      1.103     -0.500      0.407      0.275     -0.089     -1.231     -0.598     -1.226     -1.231      0.558     -0.455     -0.308     -0.558      0.000      1.000      0.000      0.000      0.000      0.500      1.000      0.000      0.000      0.000      1.000 90579230
     3.000      0.000      0.484      0.273     -1.114      1.058      0.383     -0.981     -0.500     -0.806     -0.225      0.185      0.104     -0.426      0.405     -0.375     -0.191     -0.308     -0.086     -0.191      0.000      1.000      0.000      0.000      0.000     -0.500      1.000      0.000      0.000      0.000      0.000 90579232
     3.000      2.000      0.197     -0.284      0.992      0.820      0.624      0.353     -0.500      0.728      0.775      0.123     -0.177      0.619      0.511      0.220     -0.312      0.454      0.484     -0.312      0.000      1.000      0.000      0.000      0.000     -0.500      0.000      0.000      0.000      0.000      0.000 90579931
     3.000      1.000      0.075      0.753      1.260      1.336      0.380      1.186      0.500          *      0.775      0.029      0.286      0.479      0.508      0.451      0.190          *      0.295     -0.190      0.000      1.000      0.000      0.000      0.000     -0.500      0.000      1.000      0.000      0.000      0.000 90579937
     3.000      1.000     -0.823      1.938     -2.008      1.058     -1.341     -0.564     -0.500      0.907      1.775      1.104     -2.599      2.692     -1.418      0.756      0.670     -1.217     -2.380      0.670      0.000      1.000      0.000      0.000      0.000     -0.500      0.000      1.000      0.000      0.000      0.000 90579938
     3.000      2.000     -0.752      1.536      1.479      0.860      0.998      2.936      0.500      0.907      0.275     -0.751      1.533      1.476      0.859      2.931      0.499      0.906      0.275     -0.499      0.000      1.000      0.000      0.000      0.000     -0.500      0.000      0.000      0.000      0.000      0.000 90619360
     3.000      1.000          *     -0.559     -0.399      0.623     -1.454     -0.231      0.500     -0.068          *          *      0.813      0.581     -0.905      0.335     -0.727      0.099          *      0.727      0.000      1.000      0.000      0.000      0.000     -0.500      0.000      1.000      0.000      0.000      0.000 90619365
     3.000      0.000      1.010      0.693      0.093      1.336     -1.356      2.519      0.500      0.786      2.275     -1.370     -0.940     -0.125     -1.812     -3.416     -0.678     -1.065     -3.086     -0.678      0.000      1.000      0.000      0.000      0.000      0.500      1.000      0.000      0.000      0.000      0.000 90646128
     3.000      0.000     -0.089      0.054      1.220      0.820     -0.202      0.103      0.500      2.100      2.275      0.018     -0.011     -0.247     -0.166     -0.021     -0.101     -0.424     -0.460     -0.101      0.000      1.000      0.000      0.000      0.000      0.500      1.000      0.000      0.000      0.000      0.000 90646328
     1.000      2.000          *     -0.312      1.004     -0.719      0.063      1.853     -0.500          *          *          *     -0.020      0.064     -0.045      0.117     -0.032          *          *     -0.032      0.000      1.000      0.000      0.000      0.000     -0.500      0.000      0.000      0.000      1.000      0.000 90676028
     3.000      2.000     -1.195     -0.897     -2.022     -0.012     -0.300      2.519      0.500      0.767     -0.725      0.359      0.269      0.607      0.003     -0.756     -0.150     -0.230      0.217      0.150      0.000      1.000      0.000      0.000      0.000     -0.500      0.000      0.000      0.000      0.000      0.000 90676627
     3.000      1.000      1.010     -0.897      0.092      0.464     -0.928      1.436     -0.500      1.059      2.275     -0.938      0.833     -0.086     -0.431     -1.333      0.464     -0.983     -2.112     -0.464      0.000      1.000      0.000      0.000      0.000      0.500      0.000      1.000      0.000      0.000      0.000 90676725
     3.000      1.000      0.517     -0.897     -0.149      0.709      0.181     -1.397     -0.500      0.986      0.275      0.094     -0.163     -0.027      0.129     -0.253     -0.091      0.179      0.050     -0.091      0.000      1.000      0.000      0.000      0.000     -0.500      0.000      1.000      0.000      0.000      0.000 90710010
     3.000      1.000      0.517     -0.897      0.763      0.820      1.784     -2.147      0.500          *     -0.725      0.923     -1.601      1.361      1.463     -3.831      0.892          *     -1.292     -0.892      0.000      1.000      0.000      1.000      0.000     -0.500      0.000      1.000      0.000      0.000      0.000 90710011
     3.000      1.000          *     -0.929      1.264          *     -1.268     -0.647     -0.500          *          *          *      1.178     -1.602          *      0.821      0.634          *          *      0.634      0.000      1.000      0.000      0.000      0.000     -0.500      0.000      1.000      0.000      0.000      0.000 90710483
     1.000      2.000     -0.539     -0.312     -1.093     -1.092      0.368     -1.814      0.500     -0.259     -1.725     -0.199     -0.115     -0.403     -0.402     -0.668      0.184     -0.095     -0.635      0.184      0.000      1.000      0.000      0.000      0.000      0.500      0.000      0.000      0.000      1.000      0.000 90710654
     3.000      1.000     -0.089     -0.897      0.330     -0.466      0.480     -3.064      0.500     -0.431      0.275     -0.043     -0.431      0.158     -0.223     -1.470      0.240     -0.207      0.132      0.240      0.000      1.000      0.000      0.000      0.000      0.500      0.000      1.000      0.000      0.000      0.000 90710981
     3.000      2.000     -1.008      0.746     -0.399     -1.212      0.970     -3.564      0.500          *     -0.725     -0.978      0.724     -0.387     -1.175     -3.457      0.485          *     -0.703      0.485      0.000      1.000      0.000      0.000      0.000      0.500      0.000      0.000      0.000      0.000      0.000 90711276
     3.000      0.000     -0.089     -0.559     -0.815      1.098     -0.015     -3.064      0.500          *     -0.725      0.001      0.008      0.012     -0.017      0.047     -0.008          *      0.011     -0.008      0.000      1.000      0.000      0.000      0.000      0.500      1.000      0.000      0.000      0.000      0.000 90711975
     3.000      2.000     -0.131     -0.897     -1.292      1.336     -0.392     -2.814      0.500      1.262      1.275      0.051      0.351      0.506     -0.523      1.102     -0.196     -0.494     -0.499      0.196      0.000      1.000      1.000      0.000      0.000     -0.500      0.000      0.000      0.000      0.000      0.000 90712942
     3.000      1.000      1.010     -0.897      0.795      0.820      1.653     -2.147      0.500     -0.564     -1.725      1.670     -1.483      1.313      1.356     -3.549      0.826     -0.933     -2.850      0.826      0.000      1.000      0.000      0.000      0.000      0.500      0.000      1.000      0.000      0.000      0.000 90712976
     2.000      2.000      0.766      1.670      0.775      1.336      2.116     -1.981     -0.500     -0.431      1.275      1.621      3.533      1.641      2.827     -4.191     -1.058     -0.912      2.699      1.058      0.000      1.000      0.000      0.000      0.000      0.500      0.000      0.000      0.000      0.000      1.000 90713039
     3.000      2.000     -0.279      0.023      1.256      0.464     -0.455     -0.731     -0.500     -2.510     -1.725      0.127     -0.010     -0.571     -0.211      0.332      0.227      1.141      0.784      0.227      0.000      1.000      0.000      0.000      0.000     -0.500      0.000      0.000      0.000      0.000      0.000 90713208
     3.000      1.000      1.010     -0.559      0.754      0.582     -0.107     -2.897     -0.500      0.231      1.275     -0.109      0.060     -0.081     -0.063      0.311      0.054     -0.025     -0.137     -0.054      0.000      1.000      0.000      0.000      0.000      0.500      0.000      1.000      0.000      0.000      0.000 90713702
     3.000      2.000     -0.895     -0.897     -0.868      1.058     -0.413      0.019     -0.500     -0.806     -0.725      0.370      0.370      0.358     -0.437     -0.008      0.206      0.333      0.299      0.206      0.000      1.000      0.000      0.000      0.000     -0.500      0.000      0.000      0.000      0.000      0.000 90714098
     1.000      2.000      0.783      1.648      1.702      0.014     -1.155     -1.647      0.500     -1.124     -1.725     -0.904     -1.904     -1.966     -0.017      1.902     -0.577      1.298      1.992     -0.577      0.000      1.000      0.000      0.000      0.000      0.500      0.000      0.000      0.000      1.000      0.000 90714212
     0.000      0.000     -0.086      0.693      0.343     -0.052      0.309     -2.481      0.500     -0.806      0.275     -0.027      0.214      0.106     -0.016     -0.767      0.155     -0.249      0.085      0.155      0.000      1.000      0.000      0.000      0.000      0.500      1.000      0.000      1.000      0.000      0.000 90714237
     3.000      2.000      1.010     -0.312      0.544      0.304     -0.397     -2.231     -0.500     -0.208      1.275     -0.401      0.124     -0.216     -0.121      0.885      0.198      0.082     -0.506     -0.198      0.000      1.000      0.000      0.000      0.000      0.500      0.000      0.000      0.000      0.000      0.000 90714311
     3.000      1.000      1.045      0.108      1.943      0.234     -1.568     -1.564     -0.500      0.728     -0.225     -1.639     -0.169     -3.048     -0.367      2.452      0.784     -1.142      0.352      0.784      0.000      1.000      0.000      0.000      0.000     -0.500      0.000      1.000      0.000      0.000      0.000 90714932
     3.000      2.000      1.010     -0.897     -0.113     -2.066     -0.509     -1.397      0.500     -0.068      0.275     -0.514      0.457      0.057      1.052      0.711     -0.255      0.035     -0.140     -0.255      0.000      1.000      0.000      0.000      0.000      0.500      0.000      0.000      0.000      0.000      0.000 90714935
     3.000      0.000      1.010      1.021     -0.609      1.336      0.353     -2.147      0.500     -0.431     -1.725      0.356      0.360     -0.215      0.471     -0.758      0.176     -0.152     -0.608      0.176      0.000      1.000      0.000      0.000      0.000      0.500      1.000      0.000      0.000      0.000      0.000 90714993
     3.000      2.000      0.601     -0.591      0.320      0.085     -0.459     -2.564     -0.500     -0.313      1.275     -0.276      0.271     -0.147     -0.039      1.177      0.229      0.144     -0.585     -0.229      0.000      1.000      0.000      0.000      0.000      0.500      0.000      0.000      0.000      0.000      0.000 90715028
     1.000      2.000      1.045      0.108     -2.947      1.336      1.037     -2.231      0.500      0.092      0.275      1.083      0.112     -3.054      1.385     -2.312      0.518      0.096      0.286     -0.518      0.000      1.000      0.000      0.000      0.000     -0.500      0.000      0.000      0.000      1.000      0.000 90715198
     2.000      0.000     -0.362      3.288     -3.654      0.304      0.674     -0.814     -0.500      0.907     -0.725     -0.244      2.217     -2.463      0.205     -0.549     -0.337      0.612     -0.488     -0.337      0.000      1.000      0.000      0.000      0.000     -0.500      1.000      0.000      0.000      0.000      1.000 90715257
     3.000      0.000      0.129          *     -0.154      0.702     -0.972     -3.897     -0.500     -1.006     -0.725     -0.125          *      0.149     -0.682      3.789      0.486      0.978      0.704     -0.486      0.000      1.000      0.000      0.000      0.000      0.500      1.000      0.000      0.000      0.000      0.000 90715357
     3.000      0.000      1.045     -0.897      1.943      1.336      0.050     -1.314     -0.500      0.709      1.275      0.052     -0.044      0.096      0.066     -0.065     -0.025      0.035      0.063     -0.025      0.000      1.000      0.000      0.000      0.000     -0.500      1.000      0.000      0.000      0.000      0.000 90715954
     3.000      2.000      1.010     -0.897     -1.330      1.098     -1.198     -2.314     -0.500          *     -0.725     -1.211      1.075      1.593     -1.316      2.773      0.599          *      0.868     -0.599      0.000      1.000      0.000      0.000      0.000      0.500      0.000      0.000      0.000      0.000      0.000 90716093
     1.000      0.000      0.186     -0.897     -0.188      0.709     -0.451     -1.481     -0.500     -0.431      1.275     -0.084      0.405      0.085     -0.320      0.668      0.225      0.194     -0.575     -0.225      0.000      1.000      0.000      0.000      0.000      0.500      1.000      0.000      0.000      1.000      0.000 90716193
     3.000      2.000      0.949     -0.897     -0.139      1.336     -1.659     -1.814     -0.500      0.940     -0.725     -1.574      1.489      0.231     -2.217      3.010      0.830     -1.559      1.202      0.830      0.000      1.000      0.000      0.000      0.000     -0.500      0.000      0.000      0.000      0.000      0.000 90716390
     3.000      2.000      0.195     -0.897     -2.260      0.107     -0.041     -2.147     -0.500      0.822      0.775     -0.008      0.037      0.094     -0.004      0.089      0.021     -0.034     -0.032      0.021      0.000      1.000      1.000      0.000      0.000     -0.500      0.000      0.000      0.000      0.000      0.000 90716994
     3.000      1.000      1.045     -0.591     -0.832     -0.330     -0.681     -1.981      0.500     -1.124     -0.725     -0.712      0.402      0.567      0.225      1.349     -0.341      0.766      0.494      0.341      0.000      1.000      0.000      0.000      0.000     -0.500      0.000      1.000      0.000      0.000      0.000 90718017
     3.000      0.000      0.385     -0.897      0.513     -0.585      0.361     -2.314     -0.500          *      2.275      0.139     -0.324      0.185     -0.211     -0.834     -0.180          *      0.821      0.180      0.000      1.000      0.000      0.000      0.000      0.500      1.000      0.000      0.000      0.000      0.000 90718089
     3.000      2.000     -2.239     -0.897      1.027     -0.044      0.002     -2.814      0.500      0.940      1.275     -0.005     -0.002      0.002      0.000     -0.006      0.001      0.002      0.003      0.001      0.000      1.000      0.000      0.000      0.000      0.500      0.000      0.000      0.000      0.000      0.000 90718100
     1.000      0.000      1.045     -0.005      1.702      0.860      0.279     -2.147     -0.500          *      1.775      0.291     -0.002      0.475      0.240     -0.599     -0.139          *      0.495     -0.139      0.000      1.000      0.000      0.000      0.000     -0.500      1.000      0.000      0.000      1.000      0.000 90718116
     3.000      2.000      0.949     -0.897      0.581      1.336     -1.211     -2.647      0.500          *      0.275     -1.149      1.087     -0.704     -1.619      3.207     -0.606          *     -0.334      0.606      0.000      1.000      0.000      0.000      0.000     -0.500      0.000      0.000      0.000      0.000      0.000 90718207
     3.000      0.000      0.703     -0.897     -0.391     -0.004      0.633     -1.814     -0.500      1.412      2.275      0.445     -0.568     -0.248     -0.003     -1.148     -0.316      0.894      1.440     -0.316      0.000      1.000      0.000      0.000      0.000     -0.500      1.000      0.000      0.000      0.000      0.000 90718280
     3.000      0.000      0.614     -0.897      1.943      0.226     -0.266     -1.564     -0.500          *      1.275     -0.163      0.238     -0.516     -0.060      0.415      0.133          *     -0.339      0.133      0.000      1.000      0.000      0.000      0.000     -0.500      1.000      0.000      0.000      0.000      0.000 90718285
     0.000      0.000      0.186      3.873     -2.266      0.582      1.532      0.103     -0.500     -0.495     -0.725      0.286      5.935     -3.472      0.892      0.157     -0.766     -0.759     -1.110      0.766      0.000      1.000      0.000      0.000      0.000      0.500      1.000      0.000      1.000      0.000      0.000 90718287
     3.000      2.000      0.764     -0.897     -0.609     -0.044      0.435     -2.064      0.500          *      2.275      0.332     -0.390     -0.265     -0.019     -0.897      0.217          *      0.989      0.217      0.000      1.000      0.000      0.000      0.000      0.500      0.000      0.000      0.000      0.000      0.000 90718305
     3.000      1.000      0.354     -0.897      0.106      0.344     -1.579     -2.814     -0.500     -0.806      2.275     -0.559      1.417     -0.168     -0.544      4.445      0.790      1.272     -3.594     -0.790      0.000      1.000      0.000      0.000      0.000      0.500      0.000      1.000      0.000      0.000      0.000 90718311
     3.000      1.000     -0.089     -0.897      0.333      0.075      1.819     -1.481      0.500          *     -0.725     -0.162     -1.632      0.607      0.137     -2.693      0.909          *     -1.318      0.909      0.000      1.000      0.000      0.000      0.000      0.500      0.000      1.000      0.000      0.000      0.000 90718981
     3.000      1.000      1.045     -0.897     -0.136      0.107      0.825     -1.481     -0.500          *      1.275      0.862     -0.740     -0.112      0.088     -1.221     -0.412          *      1.052     -0.412      0.000      1.000      0.000      0.000      0.000     -0.500      0.000      1.000      0.000      0.000      0.000 90718986
     2.000      2.000      0.766     -0.312     -0.122     -0.957      1.454      0.603      0.500          *     -1.725      1.114     -0.454     -0.177     -1.391      0.876      0.727          *     -2.508      0.727      0.000      1.000      0.000      0.000      0.000      0.500      0.000      0.000      0.000      0.000      1.000 90718989
     3.000      1.000      0.270     -0.897     -0.627     -0.172     -1.566     -2.981      0.500          *      0.775     -0.424      1.405      0.982      0.269      4.668     -0.783          *     -1.214      0.783      0.000      1.000      0.000      0.000      0.000     -0.500      0.000      1.000      0.000      0.000      0.000 90719930
     3.000      2.000      0.085     -0.897      0.316      0.582     -1.026     -0.897     -0.500     -0.068      1.275     -0.087      0.920     -0.324     -0.597      0.920      0.513      0.070     -1.308     -0.513      0.000      1.000      0.000      0.000      0.000      0.500      0.000      0.000      0.000      0.000      0.000 90719934
     2.000      1.000      0.795     -0.591     -0.179     -1.220      1.155      0.269      0.500          *      1.275      0.918     -0.682     -0.207     -1.409      0.311      0.578          *      1.473      0.578      0.000      1.000      0.000      0.000      0.000      0.500      0.000      1.000      0.000      0.000      1.000 91500087
     3.000      1.000      1.010          *      0.983      0.860     -1.352      0.686      0.500          *     -1.725     -1.366          *     -1.329     -1.164     -0.928     -0.676          *      2.332     -0.676      0.000      1.000      0.000      0.000      0.000      0.500      0.000      1.000      0.000      0.000      0.000 91500755
     3.000      0.000     -3.820     -0.559     -2.474      0.304      0.726     -0.064      0.500      0.231     -0.725     -2.773     -0.406     -1.796      0.221     -0.046      0.363      0.167     -0.526      0.363      0.000      1.000      0.000      0.000      0.000      0.500      1.000      0.000      0.000      0.000      0.000 91504289
     3.000      0.000      0.348      1.441     -0.377      0.066     -0.017      2.019     -0.500     -1.124     -0.725     -0.006     -0.025      0.006     -0.001     -0.034      0.009      0.019      0.012     -0.009      0.000      1.000      0.000      0.000      0.000      0.500      1.000      0.000      0.000      0.000      0.000 91504291
     3.000      0.000     -0.120      0.774     -1.284      0.820     -0.076      2.519     -0.500          *          *      0.009     -0.059      0.097     -0.062     -0.191      0.038          *          *      0.038      0.000      1.000      0.000      0.000      0.000     -0.500      1.000      0.000      0.000      0.000      0.000 91504393
     3.000      1.000     -0.978     -0.897      0.303     -1.018     -1.113     -1.064      0.500     -0.370      0.275      1.088      0.999     -0.337      1.133      1.184     -0.557      0.412     -0.307     -0.557      0.000      1.000      0.000      0.000      0.000      0.500      0.000      1.000      0.000      0.000      0.000 91504405
     3.000      2.000      1.010     -0.284     -0.144     -0.585      0.470      2.103      0.500          *      1.275      0.475     -0.133     -0.068     -0.275      0.988      0.235          *      0.599      0.235      0.000      1.000      0.000      0.000      0.000      0.500      0.000      0.000      0.000      0.000      0.000 91504703
     3.000      2.000      1.080     -0.897      0.084      0.542     -1.117     -0.231     -0.500      0.625      2.275     -1.206      1.002     -0.094     -0.605      0.258      0.558     -0.698     -2.541     -0.558      0.000      1.000      0.000      0.000      0.000      0.500      0.000      0.000      0.000      0.000      0.000 91506196
     3.000      2.000     -1.896     -0.897     -0.394     -1.339      0.263      0.269      0.500     -0.806      0.775     -0.498     -0.236     -0.104     -0.352      0.071      0.131     -0.212      0.204     -0.131      0.000      1.000      0.000      0.000      0.000     -0.500      0.000      0.000      0.000      0.000      0.000 91506293
     3.000      2.000     -2.705      0.414     -1.114     -2.541      2.309      0.936      0.500      0.293      1.275     -6.244      0.957     -2.571     -5.867      2.161      1.154      0.677      2.945      1.154      0.000      1.000      0.000      0.000      0.000      0.500      0.000      0.000      0.000      0.000      0.000 91506773
     3.000      1.000     -0.903      2.058     -0.601     -1.432     -0.542      2.186     -0.500      0.231     -0.725      0.490     -1.116      0.326      0.777     -1.186      0.271     -0.125      0.393     -0.271      0.000      1.000      0.000      0.000      0.000      0.500      0.000      1.000      0.000      0.000      0.000 91506996
     3.000      1.000      0.949     -0.897      0.303      0.582     -1.483      1.853      0.500      0.728      0.775     -1.406      1.330     -0.449     -0.863     -2.747     -0.741     -1.080     -1.150      0.741      0.000      1.000      0.000      0.000      0.000     -0.500      0.000      1.000      0.000      0.000      0.000 91506997
     3.000      1.000      0.595     -0.284      0.303      0.169     -0.216     -0.064      0.500          *      1.275     -0.129      0.061     -0.065     -0.036      0.014     -0.108          *     -0.276     -0.108      0.000      1.000      0.000      0.000      0.000      0.500      0.000      1.000      0.000      0.000      0.000 91508288
     3.000      1.000      0.789     -0.897     -0.163     -0.092     -1.478     -0.064      0.500     -1.124     -1.725     -1.166      1.327      0.241      0.137      0.095     -0.739      1.662      2.550     -0.739      0.000      1.000      0.000      0.000      0.000      0.500      0.000      1.000      0.000      0.000      0.000 91508381
     2.000      2.000      0.369      3.288      0.509      0.582      0.186      3.103     -0.500     -0.564     -0.725      0.069      0.611      0.095      0.108      0.576     -0.093     -0.105     -0.135      0.093      0.000      1.000      0.000      0.000      0.000      0.500      0.000      0.000      0.000      0.000      1.000 91508387
     3.000      1.000     -0.279     -0.231     -0.404     -1.339     -2.640      0.853      0.500          *     -0.725      0.737      0.609      1.067      3.535     -2.251     -1.320          *      1.912      1.320      0.000      1.000      0.000      0.000      0.000     -0.500      0.000      1.000      0.000      0.000      0.000 91508389
     3.000      1.000     -0.572     -0.897      1.492     -0.242     -0.352      2.353      0.500     -0.159      1.275      0.201      0.316     -0.525      0.085     -0.828     -0.176      0.056     -0.449     -0.176      0.000      1.000      0.000      0.000      0.000      0.500      0.000      1.000      0.000      0.000      0.000 91508522
     3.000      2.000     -0.275     -0.897      0.115     -2.251      1.326      1.103      0.500          *      1.275     -0.365     -1.189      0.152     -2.984      1.462      0.663          *      1.691      0.663      0.000      1.000      0.000      0.000      0.000      0.500      0.000      0.000      0.000      0.000      0.000 91540759
     3.000      2.000     -0.988     -0.897     -0.372      0.582     -1.732     -0.314      0.500          *     -0.225      1.712      1.554      0.644     -1.009      0.544     -0.866          *      0.389      0.866      0.000      1.000      0.000      0.000      0.000     -0.500      0.000      0.000      0.000      0.000      0.000 91544201
     2.000      2.000     -0.539      2.540     -0.877      0.860      0.292      1.019     -0.500     -0.370     -0.725     -0.158      0.742     -0.256      0.251      0.298     -0.146     -0.108     -0.212      0.146      0.000      1.000      0.000      0.000      0.000      0.500      0.000      0.000      0.000      0.000      1.000 91570187
     1.000      0.000      0.345      2.026     -0.626      0.542     -0.336      1.686     -0.500      0.380          *     -0.116     -0.682      0.211     -0.182     -0.567      0.168     -0.128          *     -0.168      0.000      1.000      0.000      0.000      0.000      0.500      1.000      0.000      0.000      1.000      0.000 91570584
     3.000      0.000     -0.277      0.026      0.088      0.860     -1.259     -1.314      0.500          *     -0.725      0.348     -0.033     -0.111     -1.083      1.654     -0.629          *      0.912     -0.629      0.000      1.000      0.000      0.000      0.000      0.500      1.000      0.000      0.000      0.000      0.000 91570820
     1.000      0.000     -0.089     -0.005      0.084      0.075      1.125      0.936      0.500     -0.025      0.275     -0.100     -0.006      0.095      0.085      1.053      0.563     -0.029      0.310      0.563      0.000      1.000      0.000      0.000      0.000      0.500      1.000      0.000      0.000      1.000      0.000 91570828
     3.000      1.000     -0.111     -0.005     -0.637      0.304     -0.958      3.436     -0.500          *          *      0.106      0.005      0.611     -0.291     -3.293      0.479          *          *      0.479      0.000      1.000      0.000      0.000      0.000     -0.500      0.000      1.000      0.000      0.000      0.000 91570986
     3.000      2.000     -1.995     -0.252      0.781      0.582      0.289      0.269     -0.500          *     -0.725     -0.576     -0.073      0.225      0.168      0.078     -0.144          *     -0.209      0.144      0.000      1.000      0.000      0.000      0.000      0.500      0.000      0.000      0.000      0.000      0.000 91571174
     3.000      2.000     -2.482     -0.537     -0.394      0.226      0.826      0.186      0.500      1.251     -0.725     -2.050     -0.444     -0.326      0.187      0.154      0.413      1.033     -0.599     -0.413      0.000      1.000      0.000      0.000      0.000     -0.500      0.000      0.000      0.000      0.000      0.000 91571675
     3.000      1.000     -0.048      0.023      0.339      1.098     -0.900      2.353      0.500      1.625      0.275      0.043     -0.020     -0.305     -0.988     -2.117     -0.450     -1.462     -0.248      0.450      0.000      1.000      0.000      0.000      0.000     -0.500      0.000      1.000      0.000      0.000      0.000 91572282
     3.000      2.000     -1.403      0.608     -0.854     -1.220      0.142      0.436      0.500          *      0.275     -0.199      0.086     -0.121     -0.173      0.062      0.071          *      0.039      0.071      0.000      1.000      0.000      0.000      0.000      0.500      0.000      0.000      0.000      0.000      0.000 91572475
     3.000      0.000     -0.774      1.441     -0.836     -0.601     -1.066      0.269      0.500     -2.105     -0.725      0.825     -1.536      0.891      0.640     -0.287     -0.533      2.244      0.772     -0.533      0.000      1.000      0.000      0.000      0.000      0.500      1.000      0.000      0.000      0.000      0.000 91572975
     3.000      2.000     -0.634      0.699     -0.635      1.336     -1.237      0.269      0.500          *     -1.225      0.784     -0.865      0.785     -1.652     -0.333     -0.618          *      1.514      0.618      0.000      1.000      0.000      0.000      0.000     -0.500      0.000      0.000      0.000      0.000      0.000 91572978
     3.000      0.000      0.922     -0.897     -0.162      0.186      0.850      0.603     -0.500      0.293     -0.225      0.784     -0.762     -0.138      0.158      0.512     -0.425      0.249     -0.191     -0.425      0.000      1.000      0.000      0.000      0.000     -0.500      1.000      0.000      0.000      0.000      0.000 91574099
     3.000      2.000      0.380      0.468     -0.149     -0.560      0.175      2.103      0.500      0.015      1.275      0.067      0.082     -0.026     -0.098      0.369      0.088      0.003      0.224      0.088      0.000      1.000      0.000      0.000      0.000      0.500      0.000      0.000      0.000      0.000      0.000 91574231
     3.000      1.000      0.153     -0.897     -0.149      1.098     -0.488      0.853     -0.500      1.191      2.275     -0.075      0.438      0.073     -0.536     -0.416      0.244     -0.581     -1.111      0.244      0.000      1.000      0.000      0.000      0.000     -0.500      0.000      1.000      0.000      0.000      0.000 91574308
     3.000      2.000     -0.974      0.108      0.087      0.820      0.739     -0.064     -0.500          *     -1.725     -0.720      0.080      0.065      0.606     -0.047     -0.370          *     -1.275      0.370      0.000      1.000      0.000      0.000      0.000      0.500      0.000      0.000      0.000      0.000      0.000 91574337
     3.000      1.000      0.933      0.129     -1.082      0.026      0.098      1.103      0.500     -1.006     -0.225      0.092      0.013     -0.106      0.003      0.108      0.049     -0.099     -0.022     -0.049      0.000      1.000      0.000      0.000      0.000     -0.500      0.000      1.000      0.000      0.000      0.000 91574399
     3.000      2.000      0.766     -0.591      0.751      0.820     -0.874      0.103      0.500          *      0.275     -0.670      0.516     -0.656     -0.717     -0.090     -0.437          *     -0.241     -0.437      0.000      1.000      0.000      0.000      0.000      0.500      0.000      0.000      0.000      0.000      0.000 91574403
     3.000      2.000      0.310     -0.897      0.070      0.582      1.780      2.019      0.500      0.055     -1.725      0.552     -1.597      0.125      1.037      3.595      0.890      0.097     -3.070     -0.890      0.000      1.000      0.000      0.000      0.000     -0.500      0.000      0.000      0.000      0.000      0.000 91574417
     0.000      0.000     -1.344      2.364     -0.158     -0.323      0.432      1.603     -0.500     -0.025     -0.725     -0.580      1.021     -0.068     -0.139      0.692     -0.216     -0.011     -0.313     -0.216      0.000      1.000      0.000      0.000      0.000     -0.500      1.000      0.000      1.000      0.000      0.000 91574430
     3.000      0.000      0.817      2.026      1.242      0.582      0.138      1.436      0.500          *     -1.725      0.112      0.279      0.171      0.080      0.198      0.069          *     -0.237      0.069      0.000      1.000      0.000      0.000      0.000      0.500      1.000      0.000      0.000      0.000      0.000 91574693
     3.000      2.000      0.795      0.023      0.075      0.820      0.947      3.436     -0.500          *     -2.725      0.752      0.021      0.071      0.776      3.252     -0.473          *     -2.579      0.473      0.000      1.000      0.000      0.000      0.000      0.500      0.000      0.000      0.000      0.000      0.000 91574791
     3.000      2.000     -2.710      0.361     -0.635     -0.620      0.200     -0.481      0.500     -0.068      1.275     -0.541      0.072     -0.127     -0.124     -0.096      0.100     -0.014      0.255      0.100      0.000      1.000      0.000      0.000      0.000      0.500      0.000      0.000      0.000      0.000      0.000 91574796
     3.000      2.000      0.666      1.381      0.084      0.234     -0.630      1.769      0.500     -1.817     -0.725     -0.419     -0.870     -0.053     -0.147     -1.114     -0.315      1.144      0.456      0.315      0.000      1.000      0.000      0.000      0.000     -0.500      0.000      0.000      0.000      0.000      0.000 91574916
     1.000      2.000     -0.089      1.165      0.330      1.336      0.589     -0.231     -0.500     -1.817          *     -0.053      0.686      0.194      0.787     -0.136     -0.295     -1.070          *      0.295      0.000      1.000      0.000      0.000      0.000      0.500      0.000      0.000      0.000      1.000      0.000 91575025
     3.000      1.000      0.170     -0.897      0.531      1.098     -0.522     -1.897      0.500     -0.431     -0.725     -0.089      0.468     -0.277     -0.573      0.990     -0.261      0.225      0.378     -0.261      0.000      1.000      0.000      1.000      0.000      0.500      0.000      1.000      0.000      0.000      0.000 91575128
     3.000      2.000      0.354      0.108     -0.564      0.860      0.243      1.853     -0.500          *      2.275      0.086      0.026     -0.137      0.209      0.451     -0.122          *      0.554      0.122      0.000      1.000      0.000      0.000      0.000      0.500      0.000      0.000      0.000      0.000      0.000 91575242
     3.000      2.000     -2.670     -0.252      0.084      0.066      0.688      1.769     -0.500          *     -0.725     -1.837     -0.173      0.058      0.046      1.217     -0.344          *     -0.498      0.344      0.000      1.000      0.000      0.000      0.000      0.500      0.000      0.000      0.000      0.000      0.000 91575280
     3.000      1.000     -0.637      0.054     -0.382     -0.212      0.493     -0.147      0.500     -0.564     -2.225     -0.314      0.027     -0.188     -0.104     -0.073      0.246     -0.278     -1.096     -0.246      0.000      1.000      0.000      0.000      0.000     -0.500      0.000      1.000      0.000      0.000      0.000 91575326
     3.000      1.000     -0.257      0.753      1.023      0.385     -0.301      0.769     -0.500          *          *      0.077     -0.226     -0.307     -0.116     -0.231      0.150          *          *      0.150      0.000      1.000      0.000      0.000      0.000     -0.500      0.000      1.000      0.000      0.000      0.000 91575329
     3.000      0.000      0.553     -0.284      0.553      1.091     -0.427     -0.064      0.500          *     -0.225     -0.236      0.121     -0.236     -0.466      0.027     -0.213          *      0.096      0.213      0.000      1.000      0.000      0.000      0.000     -0.500      1.000      0.000      0.000      0.000      0.000 91575385
     3.000      1.000      0.933     -0.897     -0.363     -0.351      0.502      0.519     -0.500      1.307      0.775      0.469     -0.451     -0.182     -0.176      0.261     -0.251      0.657      0.389     -0.251      0.000      1.000      0.000      0.000      0.000     -0.500      0.000      1.000      0.000      0.000      0.000 91575387
     3.000      2.000      0.766      0.774      0.075      0.344      0.941      1.603      0.500          *     -2.725      0.721      0.728      0.071      0.324      1.507      0.470          *     -2.563      0.470      0.000      1.000      0.000      0.000      0.000      0.500      0.000      0.000      0.000      0.000      0.000 91575422
     3.000      2.000     -0.865      0.023     -1.070      0.582     -0.180     -0.314      0.500      0.625     -0.725      0.156     -0.004      0.193     -0.105      0.057     -0.090     -0.113      0.130      0.090      0.000      1.000      0.000      0.000      0.000     -0.500      0.000      0.000      0.000      0.000      0.000 91575424
     3.000      0.000      0.316     -0.897      1.702      0.226      1.719      0.603     -0.500     -0.639     -0.725      0.544     -1.542      2.927      0.389      1.036     -0.860     -1.098     -1.246      0.860      0.000      1.000      0.000      0.000      0.000      0.500      1.000      0.000      0.000      0.000      0.000 91575626
     3.000      2.000      1.045     -0.897      1.943      1.098      0.418      2.103     -0.500          *      1.275      0.437     -0.375      0.812      0.459      0.879     -0.209          *      0.533     -0.209      0.000      1.000      0.000      0.000      0.000     -0.500      0.000      0.000      0.000      0.000      0.000 91575628
     3.000      1.000     -3.890     -0.591     -3.188      0.291      0.361     -0.147      0.500      0.728      1.775     -1.403     -0.213     -1.150      0.105     -0.053      0.180      0.263      0.641     -0.180      0.000      1.000      0.000      0.000      0.000     -0.500      0.000      1.000      0.000      0.000      0.000 91575940
     2.000      2.000      0.183      0.301      1.018      1.336     -0.659     -1.897     -0.500      1.329      1.275     -0.121     -0.199     -0.672     -0.881      1.251      0.330     -0.877     -0.841      0.330      0.000      1.000      0.000      0.000      0.000     -0.500      0.000      0.000      0.000      0.000      1.000 91575943
     1.000      1.000      1.045     -0.897      0.548      1.336     -0.044     -2.981     -0.500      0.907      1.275     -0.046      0.039     -0.024     -0.058      0.130      0.022     -0.040     -0.056      0.022      0.000      1.000      0.000      0.000      0.000     -0.500      0.000      1.000      0.000      1.000      0.000 91575949
     3.000      0.000      0.922     -0.231      0.991     -0.282      0.590      1.769     -0.500          *     -0.225      0.544     -0.136      0.585     -0.167      1.044     -0.295          *     -0.132     -0.295      0.000      1.000      1.000      0.000      0.000     -0.500      1.000      0.000      0.000      0.000      0.000 91576192
     3.000      0.000      0.817      2.118     -1.317      1.336      0.797      1.353     -0.500          *      1.275      0.651      1.688     -1.049      1.065      1.078     -0.399          *      1.017      0.399      0.000      1.000      0.000      0.000      0.000      0.500      1.000      0.000      0.000      0.000      0.000 91576395
     3.000      2.000      0.815      0.108     -0.193      0.107      0.607      2.436      0.500      0.728     -0.225      0.495      0.065     -0.118      0.065      1.480      0.304      0.442     -0.136     -0.304      0.000      1.000      0.000      0.000      0.000     -0.500      0.000      0.000      0.000      0.000      0.000 91576396
     3.000      2.000      1.045     -0.252      0.785     -0.957     -0.588      2.603      0.500      0.164     -0.725     -0.615      0.148     -0.462      0.563     -1.530     -0.294     -0.096      0.426      0.294      0.000      1.000      0.000      0.000      0.000     -0.500      0.000      0.000      0.000      0.000      0.000 91576478
     3.000      1.000      1.010      0.414     -0.149      0.304      0.490      2.603      0.500          *          *      0.495      0.203     -0.073      0.149      1.275      0.245          *          *      0.245      0.000      1.000      0.000      0.000      0.000      0.500      0.000      1.000      0.000      0.000      0.000 91576593
     3.000      0.000     -0.389     -0.897      0.075     -0.739      0.428      0.519      0.500          *     -0.725     -0.167     -0.384      0.032     -0.316      0.222      0.214          *     -0.310     -0.214      0.000      1.000      0.000      0.000      0.000     -0.500      1.000      0.000      0.000      0.000      0.000 91576597
     3.000      0.000     -2.117      0.714     -0.876     -1.771      0.426      0.436      0.500      0.986      1.275     -0.901      0.304     -0.373     -0.754      0.186      0.213      0.420      0.543     -0.213      0.000      1.000      0.000      0.000      0.000     -0.500      1.000      0.000      0.000      0.000      0.000 91576651
     3.000      1.000     -0.192     -0.591     -0.571      0.623      0.845      1.269     -0.500          *      0.775     -0.163     -0.499     -0.482      0.526      1.072     -0.422          *      0.655     -0.422      0.000      1.000      0.000      0.000      0.000     -0.500      0.000      1.000      0.000      0.000      0.000 91576656
     3.000      2.000      0.181      0.968     -0.886     -0.719     -0.453      0.769      0.500      0.231      1.275     -0.082     -0.438      0.401      0.326     -0.349     -0.227     -0.104     -0.578     -0.227      0.000      1.000      0.000      0.000      0.000      0.500      0.000      0.000      0.000      0.000      0.000 91576790
     3.000      2.000     -1.159      0.436      0.294     -0.502      1.646      0.019      0.500      0.625      0.275     -1.908      0.718      0.484     -0.826      0.032      0.823      1.029      0.453      0.823      0.000      1.000      0.000      0.000      0.000      0.500      0.000      0.000      0.000      0.000      0.000 91576795
     3.000      0.000     -0.617      1.413     -0.139     -1.534      0.543      1.103     -0.500      0.728     -0.225     -0.335      0.768     -0.075     -0.833      0.599     -0.272      0.396     -0.122     -0.272      0.000      1.000      0.000      0.000      0.000     -0.500      1.000      0.000      0.000      0.000      0.000 91576797
     3.000      1.000      0.937     -0.199     -0.155     -1.747     -0.627      1.686     -0.500      0.231     -0.725     -0.588      0.125      0.097      1.096     -1.057      0.314     -0.145      0.454      0.314      0.000      1.000      0.000      0.000      0.000     -0.500      0.000      1.000      0.000      0.000      0.000 91576997
     3.000      1.000      0.075      1.441      1.483      0.582     -1.839      2.353     -0.500          *     -1.225     -0.138     -2.650     -2.728     -1.071     -4.327      0.920          *      2.252      0.920      0.000      1.000      0.000      0.000      0.000     -0.500      0.000      1.000      0.000      0.000      0.000 91577868
     3.000      1.000      1.045      0.086     -1.306     -1.915     -0.230      0.436      0.500          *      0.775     -0.241     -0.020      0.301      0.441     -0.100     -0.115          *     -0.179      0.115      0.000      1.000      0.000      0.000      0.000     -0.500      0.000      1.000      0.000      0.000      0.000 91578089
     3.000      1.000     -0.565     -0.537     -0.167     -0.823      0.593      1.603     -0.500          *      2.275     -0.335     -0.318     -0.099     -0.488      0.950     -0.296          *      1.348     -0.296      0.000      1.000      0.000      0.000      0.000     -0.500      0.000      1.000      0.000      0.000      0.000 91578107
     3.000      1.000      0.106     -0.312     -0.622     -0.212     -0.136     -0.814      0.500          *     -0.725     -0.014      0.042      0.085      0.029      0.111     -0.068          *      0.098     -0.068      0.000      1.000      0.000      0.000      0.000      0.500      0.000      1.000      0.000      0.000      0.000 91578201
     3.000      2.000     -0.978     -0.284      0.303     -2.251      0.039      3.103      0.500          *     -0.725     -0.038     -0.011      0.012     -0.088      0.121      0.019          *     -0.028      0.019      0.000      1.000      0.000      0.000      0.000      0.500      0.000      0.000      0.000      0.000      0.000 91578267
     3.000      1.000      1.045      0.507      0.088      0.820     -1.829     -0.064     -0.500          *      0.275     -1.912     -0.928     -0.162     -1.500      0.117      0.914          *     -0.504      0.914      0.000      1.000      0.000      0.000      0.000     -0.500      0.000      1.000      0.000      0.000      0.000 91578287
     3.000      0.000     -0.042      2.283     -0.606     -0.739     -1.399      0.019      0.500          *      1.275      0.059     -3.194      0.848      1.035     -0.027     -0.700          *     -1.785     -0.700      0.000      1.000      0.000      0.000      0.000      0.500      1.000      0.000      0.000      0.000      0.000 91578502
     3.000      1.000     -0.169     -0.897      1.255      1.336      1.038      0.686     -0.500          *      1.275     -0.175     -0.932      1.303      1.387      0.712     -0.519          *      1.325     -0.519      0.000      1.000      0.000      0.000      0.000     -0.500      0.000      1.000      0.000      0.000      0.000 91578584
     3.000      1.000      1.010      1.081     -0.153     -2.541      0.393      0.936      0.500      0.924      1.275      0.397      0.425     -0.060     -0.998      0.368      0.196      0.363      0.501      0.196      0.000      1.000      0.000      0.000      0.000      0.500      0.000      1.000      0.000      0.000      0.000 91578605
     1.000      2.000     -4.277     -0.284      1.483      0.385     -0.166      1.103      0.500     -3.203     -1.725      0.708      0.047     -0.246     -0.064     -0.183     -0.083      0.530      0.286     -0.083      0.000      1.000      0.000      0.000      0.000      0.500      0.000      0.000      0.000      1.000      0.000 91578612
     3.000      2.000          *          *     -0.604      0.304      0.258      2.436     -0.500          *          *          *          *     -0.156      0.079      0.629     -0.129          *          *     -0.129      0.000      1.000      0.000      0.000      0.000     -0.500      0.000      0.000      0.000      0.000      0.000 91578704
     3.000      1.000     -2.314     -0.897     -0.394      1.058     -0.212      2.269     -0.500     -0.370     -0.725      0.491      0.191      0.084     -0.225     -0.482      0.106      0.079      0.154     -0.106      0.000      0.000      0.000      0.000      0.000      0.500      0.000      1.000      0.000      0.000      0.000 91578709
     1.000      2.000      1.010     -0.220     -0.394     -0.004      0.346      2.603     -0.500          *      0.275      0.350     -0.076     -0.136     -0.001      0.901     -0.173          *      0.095      0.173      0.000      1.000      0.000      0.000      0.000      0.500      0.000      0.000      0.000      1.000      0.000 91578781
     3.000      0.000     -3.750      0.129          *      0.344      0.833      5.019     -0.500          *     -0.725     -3.124      0.108          *      0.287      4.182     -0.417          *     -0.604      0.417      0.000      1.000      0.000      0.000      0.000      0.500      1.000      0.000      0.000      0.000      0.000 91578801
     1.000      0.000     -1.404      2.118      0.092      0.344     -1.158      1.353     -0.500      1.412     -0.725      1.626     -2.453     -0.107     -0.399     -1.567      0.579     -1.635      0.839      0.579      0.000      1.000      0.000      0.000      0.000     -0.500      1.000      0.000      0.000      1.000      0.000 91578828
     3.000      2.000     -1.224      2.118      1.000     -0.719     -0.963      1.019      0.500     -0.495      0.275      1.178     -2.039     -0.963      0.692     -0.982     -0.481      0.477     -0.265     -0.481      0.000      1.000      0.000      0.000      0.000      0.500      0.000      0.000      0.000      0.000      0.000 91578863
     3.000      1.000      0.815     -0.897      0.746      1.098      0.235      0.019     -0.500          *     -0.725      0.191     -0.210      0.175      0.258      0.005     -0.117          *     -0.170     -0.117      0.000      1.000      0.000      0.000      0.000     -0.500      0.000      1.000      0.000      0.000      0.000 91578911
     1.000      0.000      0.949      0.026      0.531      1.098      0.663     -0.147     -0.500     -1.412     -0.225      0.629      0.017      0.352      0.728     -0.098     -0.331     -0.936     -0.149     -0.331      0.000      1.000      0.000      0.000      0.000     -0.500      1.000      0.000      0.000      1.000      0.000 91578927
     3.000      2.000      0.348      0.054      1.241      1.098     -1.151      1.686      0.500          *      2.275     -0.401     -0.063     -1.429     -1.264     -1.940     -0.575          *     -2.619     -0.575      0.000      1.000      0.000      0.000      0.000      0.500      0.000      0.000      0.000      0.000      0.000 91578986
     1.000      0.000      1.010      0.108      1.943     -1.849     -1.647      0.603     -0.500     -1.817      1.275     -1.664     -0.178     -3.202      3.046     -0.993      0.824      2.993     -2.101     -0.824      0.000      1.000      0.000      0.000      0.000      0.500      1.000      0.000      0.000      1.000      0.000 91579230
     3.000      0.000     -0.507      0.076     -0.623     -1.457      0.474      0.269      0.500          *          *     -0.240      0.036     -0.295     -0.690      0.128      0.237          *          *      0.237      0.000      1.000      0.000      0.000      0.000      0.500      1.000      0.000      0.000      0.000      0.000 91579234
     3.000      2.000     -0.200     -0.591      1.716      1.336      1.542      1.853      0.500      0.822      0.775     -0.308     -0.910      2.645      2.060      2.856      0.771      1.267      1.196     -0.771      0.000      1.000      0.000      0.000      0.000     -0.500      0.000      0.000      0.000      0.000      0.000 91579238
     3.000      2.000      0.089          *      0.036     -0.588      0.600     -0.314     -0.500      0.380     -0.725      0.054          *      0.021     -0.353     -0.188     -0.300      0.228     -0.435     -0.300      0.000      1.000      0.000      0.000      0.000     -0.500      0.000      0.000      0.000      0.000      0.000 91579335
     1.000      0.000     -0.089     -0.252     -0.649      0.860     -0.617      0.686     -0.500      0.510      2.275      0.055      0.156      0.400     -0.531     -0.424      0.309     -0.315     -1.405     -0.309      0.000      1.000      0.000      0.000      0.000      0.500      1.000      0.000      0.000      1.000      0.000 91579339
     3.000      1.000     -0.919      1.758      1.036      0.860     -1.071      1.853     -0.500      1.127      2.275      0.984     -1.883     -1.109     -0.922     -1.984      0.536     -1.207     -2.437      0.536      0.000      1.000      0.000      0.000      0.000     -0.500      0.000      1.000      0.000      0.000      0.000 91579932
     3.000      1.000      1.045      1.623      0.754      0.860     -0.172      2.519     -0.500      0.164      0.275     -0.180     -0.279     -0.130     -0.148     -0.433      0.086     -0.028     -0.047      0.086      0.000      1.000      0.000      0.000      0.000     -0.500      0.000      1.000      0.000      0.000      0.000 91579936
     3.000      0.000     -0.370     -0.897     -1.096      0.464     -1.017      0.853      0.500      0.625      0.275      0.376      0.912      1.115     -0.472     -0.867     -0.508     -0.636     -0.280     -0.508      0.000      1.000      0.000      0.000      0.000      0.500      1.000      0.000      0.000      0.000      0.000 91608476
     2.000      0.000     -0.460     -0.005     -0.842      0.820      0.914      0.269     -0.500          *      2.275     -0.420     -0.005     -0.769      0.749      0.246     -0.457          *      2.079     -0.457      0.000      1.000      0.000      0.000      0.000     -0.500      1.000      0.000      0.000      0.000      1.000 91619160
     3.000      0.000     -0.089     -0.231     -0.153      0.582      0.280      0.603      0.500      0.822      0.275     -0.025     -0.065     -0.043      0.163      0.169      0.140      0.230      0.077      0.140      0.000      1.000      0.000      0.000      0.000      0.500      1.000      0.000      0.000      0.000      0.000 91676357
     1.000      2.000     -0.446      0.446     -0.618      1.336      1.897     -1.314      0.500      1.059      1.775     -0.846      0.846     -1.172      2.534     -2.492      0.948      2.009      3.367     -0.948      0.000      1.000      0.000      0.000      0.000     -0.500      0.000      0.000      0.000      1.000      0.000 91678175
     3.000      1.000     -0.279     -0.897     -0.131     -0.282      1.109      0.853      0.500      1.633      1.275     -0.310     -0.995     -0.145     -0.313      0.946      0.555      1.811      1.415     -0.555      0.000      1.000      0.000      0.000      0.000     -0.500      0.000      1.000      0.000      0.000      0.000 91678776
     3.000      0.000     -0.602     -0.591      0.311     -1.629      1.042     -1.481      0.500     -2.105     -0.725     -0.627     -0.615      0.324     -1.697     -1.543      0.521     -2.193     -0.755      0.521      0.000      1.000      0.000      0.000      0.000      0.500      1.000      0.000      0.000      0.000      0.000 91710252
     3.000      1.000     -0.322     -0.284     -0.136     -0.585     -0.323     -0.981     -0.500      0.728      0.275      0.104      0.092      0.044      0.189      0.317      0.161     -0.235     -0.089      0.161      0.000      1.000      0.000      1.000      1.000     -0.500      0.000      1.000      0.000      0.000      0.000 91710280
     3.000      2.000      0.445     -0.897      0.999      1.058      0.749     -2.481     -0.500      0.558      1.275      0.334     -0.672      0.749      0.793     -1.859     -0.375      0.418      0.956     -0.375      0.000      1.000      0.000      0.000      0.000     -0.500      0.000      0.000      0.000      0.000      0.000 91710381
     3.000      2.000     -0.089     -0.312      1.943      1.336      0.324     -1.064      0.500     -1.594     -0.725     -0.029     -0.101      0.630      0.433     -0.345      0.162     -0.517     -0.235      0.162      0.000      1.000      0.000      0.000      0.000      0.500      0.000      0.000      0.000      0.000      0.000 91712273
     1.000      0.000     -4.006      0.671          *     -1.973      3.115      0.019      0.500     -0.259     -2.225    -12.475      2.091          *     -6.146      0.060      1.557     -0.807     -6.928     -1.557      0.000      1.000      0.000      0.000      0.000     -0.500      1.000      0.000      0.000      1.000      0.000 91712371
     1.000      1.000      0.353     -0.897      0.548      0.820      0.874     -1.731      0.500      0.558     -0.725      0.309     -0.784      0.479      0.717     -1.513      0.437      0.488     -0.633     -0.437      0.000      1.000      0.000      0.000      0.000     -0.500      0.000      1.000      0.000      1.000      0.000 91713106
     3.000      1.000      1.010     -0.897      0.544      0.623      1.202     -2.981      0.500      0.055      1.275      1.214     -1.079      0.654      0.748     -3.583      0.601      0.066      1.533      0.601      0.000      1.000      0.000      0.000      0.000      0.500      0.000      1.000      0.000      0.000      0.000 91713304
     3.000      0.000     -1.154      1.805     -1.499      1.336     -0.256     -1.147     -0.500     -0.159     -0.225      0.295     -0.462      0.384     -0.342      0.294      0.128      0.041      0.057      0.128      0.000      1.000      0.000      0.000      0.000     -0.500      1.000      0.000      0.000      0.000      0.000 91713306
     3.000      2.000     -0.533      1.145     -0.582     -0.370     -0.003     -1.314     -0.500     -1.258     -0.725      0.001     -0.003      0.002      0.001      0.004      0.001      0.003      0.002     -0.001      0.000      1.000      0.000      0.000      0.000      0.500      0.000      0.000      0.000      0.000      0.000 91713333
     3.000      2.000     -0.562      0.446      1.027      0.820      1.370     -1.397      0.500          *     -0.725     -0.770      0.611      1.406      1.123     -1.914      0.685          *     -0.993     -0.685      0.000      1.000      0.000      0.000      0.000     -0.500      0.000      0.000      0.000      0.000      0.000 91713604
     3.000      1.000      1.045     -0.537      0.785      1.336     -0.661     -1.897      0.500      0.164          *     -0.691      0.355     -0.520     -0.884      1.255     -0.331     -0.108          *      0.331      0.000      1.000      0.000      0.000      0.000     -0.500      0.000      1.000      0.000      0.000      0.000 91714216
     3.000      2.000      0.303      0.108      1.228      1.058      0.692     -2.647     -0.500     -0.159     -0.725      0.210      0.075      0.849      0.732     -1.831     -0.346     -0.110     -0.501     -0.346      0.000      1.000      0.000      0.000      0.000     -0.500      0.000      0.000      0.000      0.000      0.000 91714237
     1.000      0.000     -0.542      2.583     -1.529      1.058      0.636     -1.731      0.500     -0.806     -0.725     -0.345      1.643     -0.973      0.673     -1.101      0.318     -0.512     -0.461      0.318      0.000      1.000      0.000      0.000      0.000      0.500      1.000      0.000      0.000      1.000      0.000 91714398
     3.000      0.000      1.010     -0.220      0.553     -0.679     -0.563     -1.731     -0.500     -0.068      0.275     -0.569      0.124     -0.312      0.382      0.975      0.282      0.038     -0.155     -0.282      0.000      1.000      0.000      0.000      0.000      0.500      1.000      0.000      0.000      0.000      0.000 91714998
     3.000      1.000      0.346     -0.089      0.754     -0.585      0.464     -2.731      0.500          *     -1.725      0.161     -0.041      0.350     -0.272     -1.268      0.232          *     -0.801     -0.232      0.000      1.000      0.000      0.000      0.000     -0.500      0.000      1.000      0.000      0.000      0.000 91715028
     1.000      1.000      1.045     -0.897      1.943     -1.652     -1.517     -3.064     -0.500     -0.068      0.275     -1.586      1.361     -2.949      2.506      4.649      0.759      0.103     -0.418      0.759      0.000      1.000      0.000      0.000      0.000     -0.500      0.000      1.000      0.000      1.000      0.000 91715920
     3.000      2.000     -0.089      1.891      0.075      0.226     -0.639     -0.814     -0.500     -1.124     -1.725      0.057     -1.209     -0.048     -0.145      0.520      0.320      0.719      1.103     -0.320      0.000      1.000      0.000      0.000      0.000      0.500      0.000      0.000      0.000      0.000      0.000 91715928
     3.000      2.000      0.356      1.000      0.557     -0.823     -1.145     -3.481      0.500          *      0.275     -0.407     -1.145     -0.638      0.943      3.986     -0.573          *     -0.316      0.573      0.000      1.000      0.000      0.000      0.000     -0.500      0.000      0.000      0.000      0.000      0.000 91715991
     3.000      1.000      0.357     -0.897     -1.759     -0.330     -1.498     -2.147      0.500      0.434     -0.725     -0.535      1.344      2.634      0.495      3.217     -0.749     -0.650      1.085     -0.749      0.000      1.000      0.000      0.000      0.000      0.500      0.000      1.000      0.000      0.000      0.000 91717169
     3.000      0.000      0.914     -0.897      0.566     -0.747      2.411     -2.564     -0.500      0.055     -0.725      2.205     -2.163      1.366     -1.801     -6.183     -1.206      0.132     -1.747     -1.206      0.000      1.000      0.000      0.000      0.000     -0.500      1.000      0.000      0.000      0.000      0.000 91717260
     3.000      1.000      0.206      1.842      0.303      0.169     -0.426     -1.231     -0.500     -0.159     -0.725     -0.088     -0.785     -0.129     -0.072      0.525      0.213      0.068      0.309      0.213      0.000      1.000      0.000      0.000      0.000     -0.500      0.000      1.000      0.000      0.000      0.000 91718080
     3.000      2.000      0.570      0.023      0.544     -0.280     -0.869     -2.397      0.500     -0.431      1.275     -0.495     -0.020     -0.473      0.243      2.084     -0.435      0.375     -1.109     -0.435      0.000      1.000      0.000      0.000      0.000      0.500      0.000      0.000      0.000      0.000      0.000 91718186
     3.000      1.000      0.608      0.743      0.075     -1.985      0.344     -2.147      0.500     -0.112      1.275      0.209      0.255      0.026     -0.683     -0.739      0.172     -0.039      0.439     -0.172      0.000      1.000      0.000      0.000      0.000     -0.500      0.000      1.000      0.000      0.000      0.000 91718200
     2.000      0.000     -2.284     -0.897     -0.166     -1.915      0.535     -2.481     -0.500      0.380          *     -1.222     -0.480     -0.089     -1.024     -1.327     -0.267      0.203          *      0.267      0.000      1.000      0.000      0.000      0.000      0.500      1.000      0.000      0.000      0.000      1.000 91718209
     3.000      2.000      0.336      0.023     -1.749     -1.457      1.276     -0.231     -0.500          *      0.275      0.428      0.029     -2.232     -1.860     -0.294     -0.638          *      0.352     -0.638      1.000      1.000      1.000      0.000      0.000     -0.500      0.000      0.000      0.000      0.000      0.000 91718210
     3.000      2.000     -0.150     -0.897      0.544     -0.638      0.349     -2.981      0.500          *     -0.225     -0.052     -0.313      0.190     -0.223     -1.040      0.174          *     -0.078     -0.174      0.000      1.000      0.000      0.000      0.000     -0.500      0.000      0.000      0.000      0.000      0.000 91718302
     1.000      0.000      1.010      0.118      0.544      1.098      1.125     -3.147     -0.500      0.055     -0.725      1.137      0.133      0.612      1.236     -3.541     -0.563      0.061     -0.815      0.563      0.000      1.000      0.000      0.000      0.000      0.500      1.000      0.000      0.000      1.000      0.000 91718320
     3.000      2.000     -0.732     -0.284     -0.873      0.304     -0.852      1.603      0.500     -1.006     -2.725      0.624      0.242      0.743     -0.259     -1.365     -0.426      0.857      2.321     -0.426      0.000      1.000      0.000      0.000      0.000      0.500      0.000      0.000      0.000      0.000      0.000 91718960
     3.000      2.000      0.795     -0.897      0.558      1.098      1.215      0.019     -0.500     -0.639     -1.725      0.966     -1.090      0.678      1.335      0.024     -0.608     -0.776     -2.096      0.608      0.000      1.000      0.000      0.000      0.000      0.500      0.000      0.000      0.000      0.000      0.000 91718969
     3.000      1.000      0.343     -0.559      0.085     -0.867      1.208     -1.647      0.500      0.558      0.775      0.415     -0.675      0.102     -1.047     -1.990      0.604      0.674      0.937     -0.604      0.000      1.000      0.000      0.000      0.000     -0.500      0.000      1.000      0.000      0.000      0.000 91719931
     2.000      0.000      0.402     -0.284     -1.071     -1.617      0.268     -3.064     -0.500     -0.159      1.275      0.108     -0.076     -0.286     -0.433     -0.820     -0.134     -0.043      0.341      0.134      0.000      1.000      0.000      0.000      0.000      0.500      1.000      0.000      0.000      0.000      1.000 91719937
     3.000      2.000     -1.474     -0.312     -0.385      0.860      1.390      0.686     -0.500          *      0.275     -2.050     -0.434     -0.535      1.196      0.954     -0.695          *      0.383     -0.695      0.000      1.000      0.000      0.000      0.000     -0.500      0.000      0.000      0.000      0.000      0.000 92500081
     1.000      0.000      0.233     -0.897      0.106     -2.352      0.532     -3.147     -0.500      0.510      1.275      0.124     -0.478      0.057     -1.252     -1.676     -0.266      0.272      0.679     -0.266      0.000      1.000      0.000      0.000      1.000     -0.500      1.000      0.000      0.000      1.000      0.000 92500226
     1.000      2.000     -1.651     -0.897      0.758     -0.806     -0.800      2.019      0.500     -0.806     -1.225      1.320      0.717     -0.606      0.644     -1.615     -0.400      0.644      0.979      0.400      0.000      1.000      0.000      0.000      1.000     -0.500      0.000      0.000      0.000      1.000      0.000 92500853
     3.000      1.000      0.363     -0.897      0.764     -1.084      0.640     -0.481      0.500     -0.806     -0.725      0.232     -0.575      0.489     -0.694     -0.308      0.320     -0.516     -0.464      0.320      0.000      1.000      0.000      0.000      0.000      0.500      0.000      1.000      0.000      0.000      0.000 92500927
     1.000      0.000     -3.869      0.048      0.557      1.098      0.088      0.686      0.500          *     -0.725     -0.340      0.004      0.049      0.096      0.060      0.044          *     -0.064      0.044      0.000      1.000      0.000      0.000      0.000      0.500      1.000      0.000      0.000      1.000      0.000 92500984
     3.000      1.000     -0.067     -0.199      1.461      0.186      1.512     -0.397     -0.500     -1.124     -1.725     -0.101     -0.301      2.210      0.281     -0.601     -0.756     -1.700     -2.608      0.756      0.000      1.000      0.000      0.000      0.000      0.500      0.000      1.000      0.000      0.000      0.000 92503135
     3.000      1.000     -0.161     -0.591      0.742      0.542      0.106      1.603      0.500          *      1.775     -0.017     -0.063      0.079      0.058      0.170      0.053          *      0.188     -0.053      0.000      1.000      0.000      0.000      0.000     -0.500      0.000      1.000      0.000      0.000      0.000 92504002
     3.000      1.000      0.914      0.183     -1.315      0.125     -0.841      2.269     -0.500          *      1.775     -0.769     -0.154      1.107     -0.105     -1.909      0.421          *     -1.494      0.421      0.000      1.000      0.000      0.000      0.000     -0.500      0.000      1.000      0.000      0.000      0.000 92504321
     3.000      2.000      0.795     -0.005      0.056      0.186      2.003     -0.731     -0.500      0.129     -0.725      1.592     -0.011      0.112      0.372     -1.464     -1.002      0.258     -1.451      1.002      0.000      1.000      0.000      0.000      0.000      0.500      0.000      0.000      0.000      0.000      0.000 92504405
     3.000      2.000      1.010     -0.897      1.224     -0.043     -0.562     -0.064      0.500      0.164      0.275     -0.567      0.504     -0.687      0.024      0.036     -0.281     -0.092     -0.155     -0.281      0.000      1.000      0.000      0.000      0.000      0.500      0.000      0.000      0.000      0.000      0.000 92504901
     3.000      2.000     -0.334      0.414     -0.859      0.542      0.079      1.269     -0.500      0.907      1.275     -0.026      0.033     -0.068      0.043      0.100     -0.039      0.071      0.100     -0.039      0.000      1.000      0.000      0.000      0.000     -0.500      0.000      0.000      0.000      0.000      0.000 92506094
     3.000      2.000     -1.169     -0.231     -1.328      0.820     -0.464      1.019      0.500          *     -1.225      0.542      0.107      0.616     -0.380     -0.473     -0.232          *      0.568      0.232      0.000      1.000      0.000      0.000      0.000     -0.500      0.000      0.000      0.000      0.000      0.000 92506099
     3.000      2.000     -1.364      0.414      0.075     -1.018     -0.296      1.686      0.500     -1.258      1.275      0.403     -0.123     -0.022      0.301     -0.498     -0.148      0.372     -0.377     -0.148      1.000      0.000      0.000      0.000      0.000      0.500      0.000      0.000      0.000      0.000      0.000 92506153
     1.000      0.000     -0.553      0.414     -0.149      0.820     -0.161      2.103     -0.500     -0.159     -0.725      0.089     -0.067      0.024     -0.132     -0.339      0.081      0.026      0.117      0.081      0.000      1.000      0.000      0.000      0.000     -0.500      1.000      0.000      0.000      1.000      0.000 92506998
     1.000      0.000      0.785      1.811          *     -2.251      0.864      1.936      0.500      0.055     -0.725      0.679      1.565          *     -1.945      1.673      0.432      0.047     -0.626      0.432      0.000      1.000      0.000      0.000      0.000      0.500      1.000      0.000      0.000      1.000      0.000 92507983
     3.000      2.000     -0.175     -0.897      1.702      0.209     -1.167     -0.981     -0.500          *     -0.225      0.204      1.047     -1.987     -0.244      1.145      0.584          *      0.262      0.584      0.000      1.000      0.000      0.000      0.000     -0.500      0.000      0.000      0.000      0.000      0.000 92508020
     3.000      0.000     -0.335     -0.861      0.544     -0.747     -0.870      2.019      0.500     -0.806     -1.725      0.292      0.750     -0.474      0.650     -1.758     -0.435      0.701      1.501     -0.435      0.000      1.000      0.000      0.000      0.000      0.500      1.000      0.000      0.000      0.000      0.000 92508223
     2.000      2.000      1.010      1.353      0.531      1.098      0.610      1.186     -0.500     -1.817     -0.725      0.616      0.825      0.324      0.670      0.723     -0.305     -1.108     -0.442      0.305      0.000      1.000      0.000      0.000      0.000      0.500      0.000      0.000      0.000      0.000      1.000 92508287
     3.000      2.000     -1.761      1.398      0.343     -1.084      1.721      0.686      0.500     -0.806     -0.725     -3.030      2.405      0.591     -1.865      1.180      0.860     -1.386     -1.247      0.860      0.000      1.000      0.000      0.000      0.000      0.500      0.000      0.000      0.000      0.000      0.000 92508620
     3.000      0.000     -1.231      0.023     -2.930     -0.172     -0.186      1.853      0.500          *      1.275      0.229     -0.004      0.545      0.032     -0.344     -0.093          *     -0.237     -0.093      0.000      1.000      0.000      1.000      0.000      0.500      1.000      0.000      0.000      0.000      0.000 92546991
     3.000      1.000     -1.840     -0.897      0.794     -0.858     -1.404      0.269      0.500      0.728     -0.725      2.584      1.260     -1.114      1.204     -0.378     -0.702     -1.023      1.017      0.702      0.000      1.000      0.000      0.000      0.000     -0.500      0.000      1.000      0.000      0.000      0.000 92546992
     3.000      1.000     -0.110     -0.312          *      1.058     -0.506      1.769      0.500      0.625      1.275      0.056      0.158          *     -0.535     -0.896     -0.253     -0.316     -0.646     -0.253      0.000      1.000      0.000      0.000      0.000      0.500      0.000      1.000      0.000      0.000      0.000 92546994
     3.000      2.000      1.045      0.023      0.768      1.058     -0.224      1.436     -0.500      0.407     -0.725     -0.235     -0.005     -0.172     -0.237     -0.322      0.112     -0.091      0.163      0.112      0.000      1.000      0.000      0.000      0.000     -0.500      0.000      0.000      0.000      0.000      0.000 92546997
     3.000      2.000     -0.007      0.806     -1.053      1.098      0.911      2.186     -0.500      0.231      0.275     -0.007      0.735     -0.959      1.001      1.992     -0.456      0.210      0.251     -0.456      0.000      1.000      0.000      0.000      0.000     -0.500      0.000      0.000      0.000      0.000      0.000 92546998
     3.000      1.000     -0.110     -0.897     -0.395     -0.588      0.281      2.269      0.500      0.055      0.275     -0.031     -0.253     -0.111     -0.166      0.639      0.141      0.015      0.078      0.141      0.000      1.000      0.000      0.000      0.000      0.500      0.000      1.000      0.000      0.000      0.000 92570086
     3.000      2.000     -0.899     -0.897      0.307      1.336      0.117     -0.564     -0.500      0.688      0.275     -0.105     -0.105      0.036      0.156     -0.066     -0.058      0.080      0.032     -0.058      0.000      1.000      0.000      0.000      0.000     -0.500      0.000      0.000      0.000      0.000      0.000 92570233
     3.000      1.000      0.656     -0.897     -1.584     -1.374     -0.157      0.019      0.500      1.114      0.275     -0.103      0.141      0.248      0.215     -0.003     -0.078     -0.175     -0.043      0.078      0.000      1.000      0.000      0.000      0.000     -0.500      0.000      1.000      0.000      0.000      0.000 92570282
     3.000      1.000     -1.934     -0.897      1.246     -0.744     -0.448      2.353      0.500     -1.006          *      0.867      0.402     -0.559      0.334     -1.055     -0.224      0.451          *     -0.224      0.000      1.000      0.000      0.000      0.000      0.500      0.000      1.000      0.000      0.000      0.000 92570284
     3.000      2.000      0.431     -0.897      0.549     -1.711     -0.562      0.936     -0.500     -1.006     -0.725     -0.242      0.504     -0.309      0.961     -0.526      0.281      0.566      0.407     -0.281      0.000      1.000      0.000      0.000      0.000      0.500      0.000      0.000      0.000      0.000      0.000 92570427
     3.000      1.000      0.820     -0.897      0.312      0.582     -1.258     -1.397     -0.500      0.231      1.275     -1.032      1.129     -0.393     -0.733      1.758      0.629     -0.290     -1.605      0.629      0.000      1.000      0.000      0.000      0.000     -0.500      0.000      1.000      0.000      0.000      0.000 92570629
     3.000      1.000     -0.304      0.048     -2.239      0.464     -0.479      0.519      0.500      0.129      0.275      0.145     -0.023      1.073     -0.222     -0.249     -0.240     -0.062     -0.132     -0.240      0.000      1.000      0.000      0.000      0.000      0.500      0.000      1.000      0.000      0.000      0.000 92570722
     1.000      0.000      0.904      0.971      0.306      1.098      0.612      0.519     -0.500      0.907     -0.225      0.554      0.595      0.187      0.672      0.318     -0.306      0.555     -0.137     -0.306      0.000      1.000      0.000      0.000      0.000     -0.500      1.000      0.000      0.000      1.000      0.000 92571200
     3.000      0.000     -0.089     -0.897      1.045     -1.617      0.929      5.353     -0.500          *          *     -0.083     -0.833      0.971     -1.502      4.973     -0.464          *          *      0.464      0.000      1.000      0.000      0.000      0.000      0.500      1.000      0.000      0.000      0.000      0.000 92573224
     2.000      0.000      0.110     -0.149      0.772     -0.044     -0.529     -0.981     -0.500     -0.431      0.275     -0.058      0.079     -0.408      0.023      0.518      0.264      0.228     -0.146     -0.264      0.000      1.000      0.000      0.000      0.000      0.500      1.000      0.000      0.000      0.000      1.000 92573232
     3.000      2.000      0.795     -0.897      1.943      0.472     -1.909      2.519     -0.500      0.129      1.275     -1.517      1.713     -3.711     -0.901     -4.811      0.955     -0.246     -2.436     -0.955      0.000      1.000      0.000      0.000      0.000      0.500      0.000      0.000      0.000      0.000      0.000 92574090
     3.000      2.000     -0.203     -0.897      0.097     -0.780     -0.461     -1.647      0.500      1.191      1.775      0.093      0.414     -0.045      0.359      0.759     -0.230     -0.549     -0.818      0.230      1.000      1.000      1.000      0.000      0.000     -0.500      0.000      0.000      0.000      0.000      0.000 92574200
     1.000      0.000      0.689      2.364     -0.390     -0.679     -1.818      2.269     -0.500          *     -0.725     -1.254     -4.299      0.709      1.234     -4.126      0.909          *      1.317      0.909      0.000      1.000      0.000      0.000      0.000     -0.500      1.000      0.000      0.000      1.000      0.000 92574395
     3.000      1.000      1.010     -0.252     -0.162      0.145      1.375     -0.981      0.500     -1.817      1.275      1.389     -0.347     -0.223      0.200     -1.348      0.687     -2.498      1.754      0.687      0.000      1.000      0.000      0.000      0.000      0.500      0.000      1.000      0.000      0.000      0.000 92574502
     0.000      0.000     -0.110      2.703     -1.047      0.582      3.112     -0.397      0.500     -0.639     -0.725     -0.343      8.410     -3.256      1.812     -1.236      1.556     -1.987     -2.254      1.556      0.000      1.000      0.000      0.000      0.000      0.500      1.000      0.000      1.000      0.000      0.000 92574614
     3.000      0.000     -0.089      1.391     -0.413     -0.172      0.771     -1.314     -0.500     -1.817      1.275     -0.069      1.073     -0.318     -0.132     -1.013     -0.385     -1.401      0.983      0.385      0.000      1.000      0.000      0.000      0.000      0.500      1.000      0.000      0.000      0.000      0.000 92574810
     3.000      2.000      0.811     -0.897      0.303      0.344     -2.035     -0.731      0.500      0.822      1.275     -1.650      1.826     -0.616     -0.701      1.487     -1.017     -1.672     -2.595      1.017      0.000      1.000      0.000      0.000      0.000     -0.500      0.000      0.000      0.000      0.000      0.000 92575240
     3.000      1.000     -1.200     -0.005      1.224      0.542     -0.233     -0.564      0.500      0.822     -0.725      0.279      0.001     -0.285     -0.126      0.131     -0.116     -0.191      0.168      0.116      0.000      1.000      0.000      0.000      0.000     -0.500      0.000      1.000      0.000      0.000      0.000 92575244
     3.000      2.000     -0.521      0.414          *     -0.679     -0.836      1.686      0.500     -2.105     -1.725      0.436     -0.347          *      0.568     -1.410     -0.418      1.761      1.443     -0.418      0.000      1.000      0.000      0.000      0.000      0.500      0.000      0.000      0.000      0.000      0.000 92575325
     3.000      1.000     -0.089     -0.897      0.303      1.098     -0.984      1.769      0.500     -0.639      0.275      0.088      0.883     -0.298     -1.081     -1.741     -0.492      0.628     -0.271     -0.492      0.000      1.000      0.000      0.000      0.000      0.500      0.000      1.000      0.000      0.000      0.000 92575326
     3.000      1.000     -0.585      0.693          *     -0.330      1.399      2.269      0.500          *      0.275     -0.818      0.969          *     -0.462      3.174      0.699          *      0.385     -0.699      0.000      1.000      0.000      0.000      0.000     -0.500      0.000      1.000      0.000      0.000      0.000 92575434
     3.000      1.000      1.045     -0.537     -0.149      0.820     -2.296      1.269     -0.500     -0.495     -1.225     -2.400      1.234      0.341     -1.883     -2.915      1.148      1.138      2.812      1.148      0.000      1.000      0.000      0.000      0.000     -0.500      0.000      1.000      0.000      0.000      0.000 92575623
     3.000      1.000      0.554     -0.897      0.553      0.820      0.211      0.853      0.500      0.728      1.275      0.117     -0.190      0.117      0.173      0.180      0.106      0.154      0.270     -0.106      0.000      1.000      0.000      0.000      0.000     -0.500      0.000      1.000      0.000      0.000      0.000 92575627
     3.000      2.000     -0.598     -0.897      0.782     -0.271     -0.062      0.269      0.500     -0.806     -1.725      0.037      0.055     -0.048      0.017     -0.017     -0.031      0.050      0.106     -0.031      0.000      1.000      0.000      0.000      0.000      0.500      0.000      0.000      0.000      0.000      0.000 92575823
     3.000      1.000     -0.093     -0.897     -0.622     -0.806      0.630      2.936      0.500     -1.006      0.275     -0.058     -0.565     -0.392     -0.507      1.849      0.315     -0.634      0.173      0.315      0.000      1.000      0.000      0.000      0.000      0.500      0.000      1.000      0.000      0.000      0.000 92575825
     3.000      1.000      0.817     -0.537      0.290      0.165      1.222     -0.397     -0.500     -1.258          *      0.998     -0.656      0.354      0.202     -0.485     -0.611     -1.536          *      0.611      0.000      1.000      0.000      0.000      0.000      0.500      0.000      1.000      0.000      0.000      0.000 92575827
     3.000      1.000      0.700      0.086     -0.381      0.542     -0.219      0.436      0.500      1.031     -0.725     -0.154     -0.019      0.084     -0.119     -0.096     -0.110     -0.226      0.159      0.110      0.000      1.000      0.000      0.000      0.000     -0.500      0.000      1.000      0.000      0.000      0.000 92575942
     3.000      0.000      1.010     -0.897     -0.815      0.304     -0.834      0.603      0.500     -1.124          *     -0.842      0.748      0.680     -0.253     -0.502     -0.417      0.937          *     -0.417      0.000      1.000      0.000      0.000      0.000      0.500      1.000      0.000      0.000      0.000      0.000 92575959
     3.000      2.000     -4.866      0.048      0.267     -0.085      0.284     -0.397      0.500          *     -0.725     -1.382      0.014      0.076     -0.024     -0.113      0.142          *     -0.206      0.142      0.000      1.000      0.000      0.000      0.000      0.500      0.000      0.000      0.000      0.000      0.000 92576091
     3.000      0.000     -0.622     -0.559     -0.627     -0.679     -0.559      0.019     -0.500      1.307     -0.725      0.348      0.312      0.350      0.379     -0.011      0.279     -0.731      0.405      0.279      0.000      1.000      1.000      0.000      0.000     -0.500      1.000      0.000      0.000      0.000      0.000 92576198
     3.000      0.000      0.240      2.118     -0.394     -0.916      1.546     -0.231      0.500          *     -1.725      0.371      3.274     -0.609     -1.417     -0.357      0.773          *     -2.666      0.773      0.000      1.000      0.000      0.000      0.000      0.500      1.000      0.000      0.000      0.000      0.000 92576358
     1.000      2.000     -3.472      0.086     -2.500     -0.172      0.038      0.436      0.500          *      1.275     -0.132      0.003     -0.095     -0.007      0.017      0.019          *      0.049      0.019      0.000      1.000      0.000      0.000      0.000      0.500      0.000      0.000      0.000      1.000      0.000 92576394
     3.000      1.000      1.045      1.145      0.759      1.058     -0.475     -0.147      0.500      0.986      0.775     -0.496     -0.543     -0.360     -0.502      0.070     -0.237     -0.468     -0.368      0.237      0.000      1.000      0.000      0.000      0.000     -0.500      0.000      1.000      0.000      0.000      0.000 92576395
     3.000      1.000      0.082     -0.897      0.058     -0.798      1.209      2.186      0.500      1.191      1.275      0.099     -1.084      0.070     -0.965      2.642      0.604      1.440      1.542     -0.604      0.000      1.000      0.000      0.000      0.000     -0.500      0.000      1.000      0.000      0.000      0.000 92576472
     2.000      2.000     -0.337      1.885      0.084     -0.450     -1.010      0.103      0.500          *     -0.725      0.340     -1.903     -0.085      0.454     -0.104     -0.505          *      0.732     -0.505      0.000      1.000      0.000      0.000      0.000      0.500      0.000      0.000      0.000      0.000      1.000 92576555
     3.000      1.000     -1.143     -0.897      0.097      0.820     -0.038      1.353     -0.500          *      1.275      0.043      0.034     -0.004     -0.031     -0.051      0.019          *     -0.048      0.019      0.000      1.000      0.000      0.000      0.000     -0.500      0.000      1.000      0.000      0.000      0.000 92576594
     3.000      2.000      1.010      1.441     -3.413      0.304     -1.416      3.019     -0.500      0.055      0.275     -1.431     -2.041      4.833     -0.431     -4.276      0.708     -0.077     -0.390     -0.708      0.000      1.000      0.000      0.000      0.000      0.500      0.000      0.000      0.000      0.000      0.000 92576696
     1.000      0.000      0.557     -0.591      1.483      0.344      0.818     -0.064     -0.500      1.191      0.275      0.456     -0.483      1.213      0.282     -0.052     -0.409      0.974      0.225     -0.409      0.000      1.000      0.000      0.000      0.000     -0.500      1.000      0.000      0.000      1.000      0.000 92576799
     0.000      0.000     -1.093      2.890     -1.540      0.860     -0.223      0.436     -0.500      0.625      1.275      0.243     -0.644      0.343     -0.192     -0.097      0.111     -0.139     -0.284      0.111      0.000      1.000      0.000      0.000      0.000     -0.500      1.000      0.000      1.000      0.000      0.000 92576992
     1.000      2.000      0.266      0.108      0.544      0.234     -1.020      2.269     -0.500      0.728      0.275     -0.271     -0.110     -0.555     -0.239     -2.315      0.510     -0.743     -0.281      0.510      0.000      1.000      0.000      0.000      0.000     -0.500      0.000      0.000      0.000      1.000      0.000 92577013
     3.000      2.000      0.937     -0.897     -0.842      0.385      0.618      2.269     -0.500          *      1.275      0.579     -0.554     -0.520      0.238      1.402     -0.309          *      0.788     -0.309      0.000      1.000      0.000      0.000      0.000     -0.500      0.000      0.000      0.000      0.000      0.000 92577063
     3.000      1.000      0.222     -0.897     -0.604     -0.044      0.542     -1.897      0.500      0.625      1.275      0.121     -0.486     -0.327     -0.024     -1.028      0.271      0.339      0.691     -0.271      0.000      1.000      0.000      0.000      0.000     -0.500      0.000      1.000      0.000      0.000      0.000 92577224
     3.000      2.000          *     -0.252      0.088      1.098      0.394      2.519      0.500          *          *          *     -0.099      0.035      0.433      0.993      0.197          *          *     -0.197      0.000      1.000      0.000      0.000      0.000     -0.500      0.000      0.000      0.000      0.000      0.000 92577363
     3.000      2.000          *      0.129      0.996     -0.347      0.380      3.353      0.500          *          *          *      0.049      0.379     -0.132      1.274      0.190          *          *     -0.190      0.000      1.000      0.000      0.000      0.000     -0.500      0.000      0.000      0.000      0.000      0.000 92577584
     3.000      2.000     -0.524     -0.312     -0.861     -0.947      1.722     -0.814      0.500     -0.112     -0.725     -0.902     -0.537     -1.482     -1.631     -1.402      0.861     -0.194     -1.248     -0.861      0.000      1.000      0.000      0.000      0.000     -0.500      0.000      0.000      0.000      0.000      0.000 92578021
     3.000      1.000      1.045     -0.861      1.240     -0.249      0.927      1.269      0.500      0.015      0.275      0.969     -0.798      1.150     -0.231      1.176      0.463      0.014      0.255     -0.463      0.000      1.000      0.000      0.000      0.000     -0.500      0.000      1.000      0.000      0.000      0.000 92578080
     3.000      1.000     -1.073     -0.897      0.306      0.542     -0.059      0.269      0.500      0.510      1.275      0.063      0.053     -0.018     -0.032     -0.016     -0.029     -0.030     -0.075     -0.029      0.000      1.000      0.000      0.000      0.000      0.500      0.000      1.000      0.000      0.000      0.000 92578121
     3.000      0.000     -0.972      1.081      1.264     -0.747     -0.019      1.936     -0.500          *     -0.725      0.019     -0.021     -0.024      0.014     -0.037      0.010          *      0.014     -0.010      0.000      1.000      0.000      0.000      0.000      0.500      1.000      0.000      0.000      0.000      0.000 92578123
     3.000      2.000     -1.938     -0.284     -0.158     -1.220      0.269      0.353      0.500     -0.719     -1.725     -0.522     -0.076     -0.043     -0.328      0.095      0.135     -0.193     -0.464     -0.135      0.000      1.000      0.000      0.000      0.000     -0.500      0.000      0.000      0.000      0.000      0.000 92578161
     2.000      0.000      0.107      2.364     -0.412     -0.092     -0.796      2.603     -0.500      0.092      1.275     -0.085     -1.882      0.328      0.073     -2.072      0.398     -0.074     -1.015     -0.398      0.000      1.000      0.000      0.000      0.000      0.500      1.000      0.000      0.000      0.000      1.000 92578203
     3.000      1.000     -0.209     -0.312     -1.816     -2.446     -0.670      0.853     -0.500      0.558      1.275      0.140      0.209      1.217      1.639     -0.571      0.335     -0.374     -0.854      0.335      0.000      1.000      0.000      0.000      0.000     -0.500      0.000      1.000      0.000      0.000      0.000 92578238
     3.000      0.000     -1.863      0.393     -0.189      0.860      0.282      1.186      0.500          *      0.275     -0.525      0.111     -0.053      0.243      0.334      0.141          *      0.078      0.141      0.000      1.000      0.000      0.000      0.000      0.500      1.000      0.000      0.000      0.000      0.000 92578305
     1.000      0.000     -0.089     -0.252      0.785      0.464     -1.000      0.186     -0.500     -0.313     -0.725      0.089      0.252     -0.786     -0.464     -0.186      0.500      0.313      0.725     -0.500      0.000      1.000      0.000      0.000      0.000      0.500      1.000      0.000      0.000      1.000      0.000 92578310
     3.000      0.000     -0.886      0.640      0.281     -0.391      0.534      1.853     -0.500      0.380     -0.725     -0.474      0.342      0.150     -0.209      0.990     -0.267      0.203     -0.387      0.267      0.000      1.000      0.000      0.000      0.000      0.500      1.000      0.000      0.000      0.000      0.000 92578311
     1.000      1.000     -2.790     -0.591     -1.554     -0.982      1.462      2.436      0.500     -1.817      0.275     -4.079     -0.863     -2.271     -1.435      3.561      0.731     -2.656      0.403      0.731      0.000      1.000      0.000      0.000      0.000      0.500      0.000      1.000      0.000      1.000      0.000 92578312
     3.000      2.000      0.766      0.023      0.303      0.304     -0.800      1.603     -0.500     -1.006     -1.725     -0.613     -0.018     -0.242     -0.243     -1.282      0.400      0.805      1.380     -0.400      0.000      1.000      0.000      0.000      0.000      0.500      0.000      0.000      0.000      0.000      0.000 92578361
     3.000      1.000      1.080     -0.897          *     -1.142     -0.785      2.686     -0.500      0.092      0.275     -0.848      0.704          *      0.896     -2.108      0.392     -0.073     -0.216     -0.392      0.000      1.000      0.000      0.000      0.000      0.500      0.000      1.000      0.000      0.000      0.000 92578385
     3.000      1.000      0.380     -0.069      0.763      0.153     -0.181      3.103      0.500          *     -0.725     -0.069      0.012     -0.138     -0.028     -0.562     -0.090          *      0.131     -0.090      0.000      1.000      0.000      0.000      0.000      0.500      0.000      1.000      0.000      0.000      0.000 92578501
     3.000      1.000      1.010     -0.897      1.461     -0.450      1.923      1.519      0.500          *     -0.725      1.943     -1.725      2.810     -0.865      2.922      0.962          *     -1.393      0.962      0.000      1.000      0.000      0.000      0.000      0.500      0.000      1.000      0.000      0.000      0.000 92578505
     1.000      1.000     -1.069          *     -1.995     -1.095      3.746      2.686     -0.500     -0.431     -1.725     -4.006          *     -7.475     -4.104     10.063     -1.873     -1.614     -6.461      1.873      0.000      1.000      0.000      0.000      0.000      0.500      0.000      1.000      0.000      1.000      0.000 92578514
     1.000      0.000      0.601      0.393     -0.166     -0.823      0.697      1.769     -0.500     -0.806     -0.725      0.419      0.274     -0.116     -0.573      1.232     -0.348     -0.561     -0.505      0.348      0.000      1.000      0.000      0.000      0.000      0.500      1.000      0.000      0.000      1.000      0.000 92578580
     3.000      1.000     -0.178      1.091     -2.488     -0.347      0.008      0.436      0.500      0.164     -0.725     -0.001      0.009     -0.019     -0.003      0.003      0.004      0.001     -0.006     -0.004      0.000      1.000      0.000      0.000      0.000     -0.500      0.000      1.000      0.000      0.000      0.000 92578618
     3.000      2.000      1.010      0.361      1.711      1.336      0.338      2.186     -0.500          *      1.275      0.342      0.122      0.579      0.452      0.740     -0.169          *      0.432      0.169      0.000      1.000      0.000      0.000      0.000      0.500      0.000      0.000      0.000      0.000      0.000 92578687
     3.000      2.000      0.502     -0.591     -0.627      1.098     -1.127      2.186     -0.500      0.907      0.275     -0.566      0.666      0.707     -1.238     -2.464      0.564     -1.023     -0.311      0.564      0.000      1.000      0.000      0.000      0.000     -0.500      0.000      0.000      0.000      0.000      0.000 92578722
     3.000      1.000     -0.826     -0.897     -0.154      0.344      1.039     -0.564     -0.500      0.907      2.275     -0.857     -0.932     -0.160      0.358     -0.586     -0.519      0.942      2.363     -0.519      0.000      1.000      0.000      0.000      0.000     -0.500      0.000      1.000      0.000      0.000      0.000 92578783
     3.000      0.000      1.010     -0.897      0.781      0.582     -1.157      0.519     -0.500      0.380      1.275     -1.169      1.038     -0.904     -0.674     -0.601      0.579     -0.440     -1.476     -0.579      0.000      1.000      0.000      0.000      0.000      0.500      1.000      0.000      0.000      0.000      0.000 92578802
     1.000      0.000     -0.378      2.026      1.241      1.098      1.238      1.603     -0.500          *     -0.225     -0.468      2.508      1.536      1.359      1.984     -0.619          *     -0.278     -0.619      0.000      1.000      0.000      0.000      0.000     -0.500      1.000      0.000      0.000      1.000      0.000 92578862
     3.000      2.000      1.010      0.743     -0.632      1.336     -0.281     -1.314      0.500          *     -0.725     -0.284     -0.209      0.178     -0.376      0.370     -0.141          *      0.204     -0.141      0.000      1.000      0.000      0.000      0.000      0.500      0.000      0.000      0.000      0.000      0.000 92578885
     1.000      2.000     -0.110     -0.897      1.000      1.098     -0.230      0.519      0.500     -1.412     -0.725      0.025      0.207     -0.231     -0.253     -0.120     -0.115      0.325      0.167     -0.115      0.000      1.000      0.000      0.000      0.000      0.500      0.000      0.000      0.000      1.000      0.000 92578981
     3.000      1.000     -0.329      0.076     -1.544     -0.052      1.165     -0.981      0.500      0.986      1.275     -0.384      0.088     -1.798     -0.061     -1.142      0.582      1.149      1.486     -0.582      0.000      1.000      1.000      0.000      0.000     -0.500      0.000      1.000      0.000      0.000      0.000 92579335
     3.000      2.000      0.380     -0.284      0.548      0.344      0.319      1.853     -0.500          *      2.275      0.121     -0.091      0.175      0.110      0.591     -0.160          *      0.726      0.160      0.000      1.000      0.000      0.000      0.000      0.500      0.000      0.000      0.000      0.000      0.000 92579337
     3.000      0.000      0.601      0.608      0.544     -0.916      1.009     -0.231      0.500     -0.025      1.275      0.606      0.613      0.549     -0.924     -0.233      0.504     -0.026      1.287      0.504      0.000      1.000      0.000      0.000      0.000      0.500      1.000      0.000      0.000      0.000      0.000 92579932
     3.000      1.000      0.774      1.419      1.005     -1.136     -0.188      0.519      0.500          *      0.275     -0.146     -0.267     -0.189      0.214     -0.098     -0.094          *     -0.052      0.094      0.000      1.000      0.000      0.000      0.000     -0.500      0.000      1.000      0.000      0.000      0.000 92579937
     3.000      2.000     -2.067      0.383     -0.600      0.582      1.887      1.019      0.500      0.015      0.275     -3.900      0.722     -1.132      1.099      1.924      0.944      0.029      0.520      0.944      0.000      1.000      0.000      0.000      0.000      0.500      0.000      0.000      0.000      0.000      0.000 92593202
     1.000      0.000      0.363     -0.897      0.074      1.336     -1.148      0.103     -0.500     -0.068      1.275     -0.417      1.030     -0.085     -1.534     -0.118      0.574      0.078     -1.464     -0.574      0.000      1.000      0.000      0.000      0.000      0.500      1.000      0.000      0.000      1.000      0.000 92619267
     3.000      2.000     -0.943      2.058      0.750      1.098      1.884     -1.481      0.500     -0.208     -0.725     -1.777      3.877      1.412      2.069     -2.789      0.942     -0.391     -1.365      0.942      0.000      1.000      0.000      0.000      0.000      0.500      0.000      0.000      0.000      0.000      0.000 92710280
     3.000      0.000     -1.446     -0.231     -0.618     -0.347     -0.397     -0.564      0.500     -1.594     -0.725      0.573      0.091      0.245      0.138      0.224     -0.198      0.632      0.287     -0.198      0.000      1.000      0.000      0.000      0.000      0.500      1.000      0.000      0.000      0.000      0.000 92710384
     3.000      1.000     -0.454     -0.897      0.544      0.820      0.829     -2.314      0.500     -0.025     -0.725     -0.376     -0.744      0.451      0.680     -1.918      0.415     -0.021     -0.601     -0.415      0.000      1.000      0.000      0.000      0.000     -0.500      0.000      1.000      0.000      0.000      0.000 92710488
     3.000      1.000      0.336     -0.537     -1.551     -0.052     -0.817     -2.564      0.500      0.164     -0.725     -0.274      0.439      1.267      0.042      2.094     -0.408     -0.134      0.592     -0.408      0.000      1.000      0.000      0.000      0.000      0.500      0.000      1.000      0.000      0.000      0.000 92710931
     1.000      0.000     -0.360      1.998     -0.617     -0.982      1.451      2.186     -0.500     -0.639     -0.725     -0.523      2.900     -0.895     -1.425      3.172     -0.726     -0.927     -1.051     -0.726      0.000      1.000      0.000      0.000      0.000     -0.500      1.000      0.000      0.000      1.000      0.000 92710983
     1.000      0.000     -0.089      0.125     -0.179      0.145     -0.996     -2.481      0.500     -0.901      2.275      0.089     -0.124      0.179     -0.145      2.470     -0.498      0.897     -2.266     -0.498      0.000      1.000      0.000      0.000      0.000      0.500      1.000      0.000      0.000      1.000      0.000 92711172
     1.000      2.000          *     -0.897      1.943      0.860      0.730      0.353      0.500          *          *          *     -0.655      1.418      0.628      0.257      0.365          *          *     -0.365      0.000      1.000      0.000      0.000      0.000     -0.500      0.000      0.000      0.000      1.000      0.000 92712276
     3.000      2.000     -0.089     -0.312      0.544      1.058     -2.939     -2.314      0.500      0.407     -0.725      0.262      0.917     -1.600     -3.109      6.800     -1.469     -1.197      2.129     -1.469      0.000      1.000      0.000      0.000      0.000      0.500      0.000      0.000      0.000      0.000      0.000 92714236
     2.000      2.000      0.541      1.810      0.340      0.860     -0.586     -2.564     -0.500      1.001     -0.725     -0.317     -1.060     -0.199     -0.504      1.502      0.293     -0.587      0.424     -0.293      0.000      1.000      0.000      0.000      0.000      0.500      0.000      0.000      0.000      0.000      1.000 92714331
     3.000      0.000     -1.869     -0.897      0.557     -2.406     -0.108     -1.731      0.500      0.380      0.275      0.201      0.097     -0.060      0.259      0.186     -0.054     -0.041     -0.030      0.054      0.000      1.000      1.000      0.000      0.000     -0.500      1.000      0.000      0.000      0.000      0.000 92714335
     3.000      2.000     -0.286     -0.897     -1.998      0.066      0.441     -3.147      0.500      1.166     -1.225     -0.126     -0.396     -0.882      0.029     -1.389      0.221      0.515     -0.540     -0.221      0.000      1.000      0.000      0.000      0.000     -0.500      0.000      0.000      0.000      0.000      0.000 92714917
     3.000      1.000      1.010     -0.897      0.785     -0.072      0.824     -2.481      0.500     -0.806     -1.725      0.832     -0.739      0.647     -0.060     -2.043      0.412     -0.663     -1.420      0.412      0.000      1.000      0.000      0.000      0.000      0.500      0.000      1.000      0.000      0.000      0.000 92715123
     3.000      2.000      1.010      0.414     -0.609      1.098     -0.599     -3.314      0.500     -0.806      0.275     -0.605     -0.248      0.365     -0.658      1.984     -0.299      0.482     -0.165     -0.299      0.000      1.000      0.000      0.000      0.000      0.500      0.000      0.000      0.000      0.000      0.000 92715953
     3.000      1.000     -0.681     -0.897     -0.832      0.385      1.322     -2.564     -0.500     -0.025      0.275     -0.900     -1.186     -1.099      0.509     -3.388     -0.661     -0.034      0.364     -0.661      0.000      1.000      0.000      0.000      0.000     -0.500      0.000      1.000      0.000      0.000      0.000 92715981
     3.000      0.000      0.002      1.719      0.066      0.860     -0.433     -0.731      0.500     -0.112     -0.225     -0.001     -0.745     -0.029     -0.373      0.317     -0.217      0.049      0.097      0.217      0.000      1.000      1.000      0.000      0.000     -0.500      1.000      0.000      0.000      0.000      0.000 92716897
     1.000      2.000      0.326          *      0.562     -0.212     -0.088     -1.814     -0.500          *     -0.725     -0.029          *     -0.050      0.019      0.160      0.044          *      0.064     -0.044      0.000      1.000      0.000      0.000      0.000      0.500      0.000      0.000      0.000      1.000      0.000 92717866
     3.000      2.000      0.420     -0.897      1.220      0.304     -0.067     -3.147      0.500      0.510      0.275     -0.028      0.060     -0.082     -0.020      0.211     -0.034     -0.034     -0.019      0.034      0.000      1.000      0.000      0.000      0.000     -0.500      0.000      0.000      0.000      0.000      0.000 92718005
     3.000      1.000      0.694     -0.897      0.294      0.582     -1.363     -2.147      0.500      0.558     -1.225     -0.946      1.223     -0.401     -0.794      2.927     -0.682     -0.760      1.669      0.682      0.000      1.000      0.000      0.000      0.000     -0.500      0.000      1.000      0.000      0.000      0.000 92718027
     1.000      0.000      1.010      1.719     -1.530      1.336      0.954     -1.314     -0.500     -0.495     -0.725      0.963      1.640     -1.459      1.274     -1.253     -0.477     -0.472     -0.691      0.477      0.000      1.000      0.000      0.000      0.000      0.500      1.000      0.000      0.000      1.000      0.000 92718029
     3.000      1.000      0.561     -0.897      1.250      0.344     -1.526     -2.397      0.500      0.055      1.275     -0.855      1.369     -1.908     -0.526      3.658     -0.763     -0.083     -1.946     -0.763      0.000      1.000      0.000      0.000      0.000      0.500      0.000      1.000      0.000      0.000      0.000 92718100
     1.000      0.000     -0.048      0.335          *      1.336     -0.402     -1.064     -0.500      0.231     -0.725      0.019     -0.135          *     -0.537      0.427      0.201     -0.093      0.291      0.201      0.000      1.000      0.000      0.000      0.000     -0.500      1.000      0.000      0.000      1.000      0.000 92718126
     1.000      2.000      0.625      0.693      1.465      1.336      1.386     -0.897     -0.500     -0.639     -0.725      0.866      0.960      2.030      1.851     -1.243     -0.693     -0.885     -1.004     -0.693      0.000      1.000      0.000      0.000      0.000     -0.500      0.000      0.000      0.000      1.000      0.000 92718225
     3.000      2.000      0.305     -0.897      0.522      0.223     -0.702     -1.647      0.500     -0.431     -0.225     -0.214      0.630     -0.366     -0.157      1.156     -0.351      0.302      0.158      0.351      0.000      1.000      0.000      0.000      0.000     -0.500      0.000      0.000      0.000      0.000      0.000 92718265
     3.000      1.000      0.367     -0.897      1.045      0.542      1.731     -1.647      0.500     -0.431     -1.725      0.636     -1.553      1.810      0.938     -2.851      0.865     -0.746     -2.985      0.865      0.000      1.000      0.000      0.000      0.000      0.500      0.000      1.000      0.000      0.000      0.000 92718305
     3.000      2.000      0.517     -0.897      0.544      0.344     -0.719     -2.981     -0.500      0.857      0.275     -0.372      0.645     -0.391     -0.248      2.142      0.359     -0.616     -0.198      0.359      0.000      1.000      0.000      0.000      0.000     -0.500      0.000      0.000      0.000      0.000      0.000 92718307
     2.000      2.000      0.315      0.026      0.781      1.098      1.519     -3.231     -0.500      0.510     -0.225      0.478      0.040      1.187      1.668     -4.908     -0.760      0.775     -0.341     -0.760      0.000      1.000      0.000      0.000      0.000     -0.500      0.000      0.000      0.000      0.000      1.000 92718324
     3.000      1.000      1.045      0.054      0.778      0.860     -0.268     -0.397      0.500          *          *     -0.280     -0.015     -0.208     -0.231      0.106     -0.134          *          *      0.134      0.000      1.000      0.000      0.000      0.000     -0.500      0.000      1.000      0.000      0.000      0.000 92718388
     3.000      2.000      0.592     -0.312      0.330      0.385      0.085     -1.897     -0.500          *      1.275      0.050     -0.027      0.028      0.033     -0.161     -0.043          *      0.108      0.043      0.000      1.000      0.000      0.000      0.000      0.500      0.000      0.000      0.000      0.000      0.000 92718688
     3.000      1.000     -0.918      1.010      1.702      1.098      1.679     -0.564      0.500          *     -0.725     -1.542      1.696      2.859      1.844     -0.947      0.840          *     -1.217     -0.840      0.000      1.000      0.000      0.000      0.000     -0.500      0.000      1.000      0.000      0.000      0.000 92718829
     3.000      2.000      1.010     -0.591      1.483      1.336      0.754     -2.731      0.500      0.380     -0.725      0.762     -0.445      1.118      1.007     -2.059      0.377      0.287     -0.546      0.377      0.000      1.000      0.000      0.000      0.000      0.500      0.000      0.000      0.000      0.000      0.000 92718906
     3.000      0.000     -2.559      2.343      1.465     -2.312      0.525     -2.564      0.500          *     -0.725     -1.343      1.230      0.769     -1.214     -1.346      0.262          *     -0.380      0.262      0.000      1.000      0.000      0.000      0.000      0.500      1.000      0.000      0.000      0.000      0.000 92718925
     3.000      2.000     -1.619     -0.897          *     -0.330     -1.100      0.603      0.500     -0.370     -1.725      1.781      0.987          *      0.363     -0.663     -0.550      0.407      1.897     -0.550      0.000      1.000      0.000      0.000      0.000      0.500      0.000      0.000      0.000      0.000      0.000 92718967
     3.000      0.000      0.324      0.273      0.325     -1.846     -0.705     -0.481     -0.500     -0.901     -1.725     -0.228     -0.193     -0.229      1.302      0.339      0.352      0.635      1.216     -0.352      0.000      1.000      0.000      0.000      0.000      0.500      1.000      0.000      0.000      0.000      0.000 93500455
     3.000      1.000     -0.422     -0.897      1.228      0.234      0.749     -0.647      0.500      0.293     -0.725     -0.316     -0.672      0.920      0.175     -0.485      0.375      0.220     -0.543     -0.375      0.000      1.000      0.000      0.000      0.000     -0.500      0.000      1.000      0.000      0.000      0.000 93503801
     3.000      1.000      1.045     -0.897      0.281      1.336     -1.672      0.686      0.500      1.274      1.275     -1.748      1.500     -0.469     -2.234     -1.147     -0.836     -2.130     -2.133      0.836      0.000      1.000      0.000      0.000      0.000     -0.500      0.000      1.000      0.000      0.000      0.000 93504001
     3.000      1.000      1.010     -0.231      0.531      0.431      0.218     -1.231      0.500      0.510      1.275      0.220     -0.050      0.116      0.094     -0.268      0.109      0.111      0.278      0.109      0.000      1.000      0.000      0.000      0.000      0.500      0.000      1.000      0.000      0.000      0.000 93504506
     1.000      2.000      0.570      2.703      0.772     -0.323      0.221      1.103      0.500          *     -1.725      0.126      0.596      0.170     -0.071      0.243      0.110          *     -0.380      0.110      0.000      1.000      0.000      0.000      0.000      0.500      0.000      0.000      0.000      1.000      0.000 93504521
     1.000      1.000      0.220     -0.897     -0.153     -0.280      0.029     -0.397     -0.500      0.728      0.775      0.006     -0.026     -0.004     -0.008     -0.011     -0.014      0.021      0.022     -0.014      0.000      1.000      0.000      0.000      0.000     -0.500      0.000      1.000      0.000      1.000      0.000 93506053
     1.000      2.000     -0.113     -0.897      0.803      0.304     -1.038      0.519     -0.500          *     -0.225      0.117      0.932     -0.834     -0.316     -0.539      0.519          *      0.233      0.519      0.000      1.000      0.000      0.000      0.000     -0.500      0.000      0.000      0.000      1.000      0.000 93506098
     1.000      0.000     -0.266      0.054     -0.153     -1.018     -0.193      2.019     -0.500          *      0.275      0.051     -0.010      0.030      0.196     -0.389      0.096          *     -0.053     -0.096      0.000      1.000      0.000      0.000      0.000      0.500      1.000      0.000      0.000      1.000      0.000 93506690
     3.000      2.000     -1.218     -0.312      0.075     -0.172     -0.599     -0.564      0.500          *      0.275      0.730      0.187     -0.045      0.103      0.338     -0.300          *     -0.165     -0.300      0.000      1.000      0.000      0.000      0.000      0.500      0.000      0.000      0.000      0.000      0.000 93507853
     3.000      2.000      1.010     -0.312      0.561     -0.941      0.409      1.269      0.500          *     -0.725      0.413     -0.128      0.229     -0.385      0.519      0.204          *     -0.296      0.204      0.000      1.000      0.000      0.000      0.000      0.500      0.000      0.000      0.000      0.000      0.000 93508287
     1.000      2.000     -1.393     -0.312     -1.092     -2.819     -1.595     -1.481      0.500     -0.025      0.275      2.221      0.498      1.741      4.496      2.361     -0.797      0.041     -0.439     -0.797      0.000      1.000      0.000      0.000      0.000      0.500      0.000      0.000      0.000      1.000      0.000 93508564
     3.000      0.000      1.010      0.054      1.469     -1.022     -0.498     -0.397     -0.500     -2.105     -2.725     -0.503     -0.027     -0.731      0.509      0.198      0.249      1.048      1.356     -0.249      0.000      1.000      0.000      0.000      0.000      0.500      1.000      0.000      0.000      0.000      0.000 93508763
     1.000      2.000     -1.170      2.058      0.500      0.344      0.027      2.186      0.500     -0.806     -0.725     -0.031      0.055      0.013      0.009      0.059      0.013     -0.022     -0.019      0.013      0.000      1.000      0.000      0.000      0.000      0.500      0.000      0.000      0.000      1.000      0.000 93508828
     2.000      2.000     -0.784     -0.897     -0.592     -2.463     -0.032      2.103     -0.500          *          *      0.025      0.028      0.019      0.078     -0.066      0.016          *          *     -0.016      0.000      1.000      0.000      0.000      0.000      0.500      0.000      0.000      0.000      0.000      1.000 93540338
     3.000      2.000      0.525     -0.897      0.553      1.336     -0.191      0.519      0.500      1.059      0.275     -0.100      0.171     -0.106     -0.255     -0.099     -0.096     -0.202     -0.053      0.096      0.000      1.000      0.000      0.000      0.000     -0.500      0.000      0.000      0.000      0.000      0.000 93544901
     3.000      2.000     -0.348      2.583     -1.758     -0.957     -0.239      0.519      0.500      0.510      0.275      0.083     -0.616      0.419      0.228     -0.124     -0.119     -0.122     -0.066      0.119      0.000      1.000      0.000      0.000      0.000     -0.500      0.000      0.000      0.000      0.000      0.000 93546575
     3.000      1.000      1.010     -0.284      0.311     -0.461      1.747      2.603      0.500          *      2.275      1.765     -0.496      0.544     -0.806      4.548      0.874          *      3.976      0.874      0.000      1.000      0.000      0.000      0.000      0.500      0.000      1.000      0.000      0.000      0.000 93546997
     3.000      1.000      0.795      0.026     -0.135      0.304      0.583     -2.064      0.500     -1.594      2.275      0.463      0.015     -0.079      0.177     -1.203      0.291     -0.929      1.326      0.291      0.000      1.000      0.000      0.000      0.000      0.500      0.000      1.000      0.000      0.000      0.000 93570129
     1.000      2.000     -0.613      0.693     -0.349      0.464      0.381      0.519     -0.500      0.510      0.775     -0.233      0.264     -0.133      0.177      0.198     -0.190      0.194      0.295     -0.190      0.000      1.000      0.000      0.000      0.000     -0.500      0.000      0.000      0.000      1.000      0.000 93570222
     3.000      1.000     -0.957     -0.897     -0.828      1.058     -2.330      0.186     -0.500      0.822      1.275      2.229      2.090      1.928     -2.465     -0.433      1.165     -1.915     -2.972     -1.165      0.000      1.000      0.000      0.000      0.000      0.500      0.000      1.000      0.000      0.000      0.000 93570251
     3.000      2.000      0.550     -0.897     -1.110     -0.307      0.695     -1.147     -0.500      0.907      1.275      0.382     -0.623     -0.771     -0.213     -0.797     -0.347      0.630      0.886      0.347      0.000      1.000      0.000      0.000      0.000      0.500      0.000      0.000      0.000      0.000      0.000 93570357
     3.000      1.000      1.045     -0.591     -0.626      0.582      0.481      1.186      0.500      0.907      0.775      0.503     -0.284     -0.301      0.280      0.571      0.241      0.437      0.373     -0.241      0.000      1.000      0.000      0.000      0.000     -0.500      0.000      1.000      0.000      0.000      0.000 93570384
     1.000      1.000     -2.195      1.166     -0.605      0.542      0.136      1.769     -0.500          *      0.275     -0.299      0.159     -0.082      0.074      0.241     -0.068          *      0.038     -0.068      0.000      1.000      0.000      0.000      0.000     -0.500      0.000      1.000      0.000      1.000      0.000 93570581
     3.000      1.000      1.010     -0.559     -0.132     -0.747      0.141     -0.231      0.500      0.460      1.275      0.142     -0.079     -0.019     -0.105     -0.032      0.070      0.065      0.179      0.070      0.000      1.000      0.000      0.000      0.000      0.500      0.000      1.000      0.000      0.000      0.000 93570687
     3.000      0.000      1.010      0.118      0.298     -1.260     -0.659      0.019      0.500     -0.495     -2.725     -0.666     -0.078     -0.197      0.830     -0.013     -0.329      0.326      1.795     -0.329      0.000      1.000      0.000      0.000      0.000      0.500      1.000      0.000      0.000      0.000      0.000 93570754
     3.000      1.000      1.010      1.623     -0.855     -1.846      1.618      3.603      0.500          *     -0.725      1.634      2.625     -1.383     -2.986      5.828      0.809          *     -1.172      0.809      0.000      1.000      0.000      0.000      0.000      0.500      0.000      1.000      0.000      0.000      0.000 93570827
     3.000      1.000      0.431      0.806     -0.860     -0.069      1.142     -0.314      0.500          *      0.275      0.492      0.921     -0.983     -0.079     -0.359      0.571          *      0.315      0.571      0.000      1.000      0.000      0.000      0.000      0.500      0.000      1.000      0.000      0.000      0.000 93571171
     3.000      1.000      0.785      0.140     -0.636     -1.695      0.173      2.686      0.500      0.323     -0.725      0.136      0.024     -0.110     -0.294      0.466      0.087      0.056     -0.126      0.087      0.000      1.000      0.000      0.000      0.000      0.500      0.000      1.000      0.000      0.000      0.000 93571172
     3.000      1.000     -1.186     -0.591     -0.373     -0.941      0.028      0.269      0.500     -0.495     -1.725     -0.033     -0.017     -0.010     -0.026      0.008      0.014     -0.014     -0.048      0.014      0.000      1.000      0.000      0.000      0.000      0.500      0.000      1.000      0.000      0.000      0.000 93571375
     3.000      2.000     -0.806     -0.766     -1.351      0.125      0.078     -0.147     -0.500     -1.006          *     -0.063     -0.060     -0.105      0.010     -0.011     -0.039     -0.078          *     -0.039      0.000      1.000      0.000      0.000      0.000     -0.500      0.000      0.000      0.000      0.000      0.000 93572177
     3.000      1.000      0.706     -0.897      0.809      0.582     -1.233     -0.564      0.500      1.179     -0.225     -0.870      1.106     -0.997     -0.718      0.695     -0.616     -1.453      0.277      0.616      0.000      1.000      0.000      0.000      0.000     -0.500      0.000      1.000      0.000      0.000      0.000 93572281
     1.000      2.000     -0.881      0.026     -0.807      0.623      1.465     -0.064     -0.500          *     -2.725     -1.290      0.039     -1.182      0.912     -0.094     -0.732          *     -3.990     -0.732      0.000      1.000      0.000      0.000      0.000     -0.500      0.000      0.000      0.000      1.000      0.000 93572375
     3.000      1.000      0.451     -0.312     -2.027     -1.973      0.360      0.353     -0.500     -0.564     -1.725      0.162     -0.112     -0.730     -0.711      0.127     -0.180     -0.203     -0.621     -0.180      0.000      1.000      0.000      0.000      0.000     -0.500      0.000      1.000      0.000      0.000      0.000 93572388
     3.000      1.000      0.730     -0.897      1.716      1.336     -0.138      0.103     -0.500      0.728      0.775     -0.101      0.124     -0.237     -0.185     -0.014      0.069     -0.101     -0.107      0.069      0.000      1.000      0.000      0.000      0.000     -0.500      0.000      1.000      0.000      0.000      0.000 93572443
     3.000      2.000     -0.747      1.676     -1.316     -0.092      0.207     -0.147      0.500     -0.806          *     -0.155      0.348     -0.273     -0.019     -0.031      0.104     -0.167          *      0.104      0.000      1.000      0.000      0.000      0.000      0.500      0.000      0.000      0.000      0.000      0.000 93572978
     3.000      2.000     -0.946     -0.284      1.497      1.098     -0.123      2.436     -0.500     -0.313     -0.725      0.116      0.035     -0.184     -0.135     -0.299      0.061      0.038      0.089     -0.061      0.000      1.000      0.000      0.000      0.000      0.500      0.000      0.000      0.000      0.000      0.000 93572980
     3.000      2.000      0.357     -0.897     -0.157      0.145      0.111      1.769      0.500     -0.431          *      0.040     -0.100     -0.017      0.016      0.196      0.055     -0.048          *      0.055      0.000      1.000      0.000      0.000      0.000      0.500      0.000      0.000      0.000      0.000      0.000 93572981
     3.000      2.000      1.010     -0.591      0.785     -0.568     -0.315     -1.647      0.500          *      0.275     -0.318      0.186     -0.247      0.179      0.519     -0.157          *     -0.087     -0.157      0.000      1.000      0.000      0.000      0.000      0.500      0.000      0.000      0.000      0.000      0.000 93572983
     3.000      0.000     -2.921      0.108      1.009      0.820      0.200      1.019      0.500     -0.431      0.275     -0.585      0.022      0.202      0.164      0.204      0.100     -0.086      0.055      0.100      0.000      1.000      0.000      0.000      0.000      0.500      1.000      0.000      0.000      0.000      0.000 93573694
     3.000      2.000     -1.084      0.940     -1.122     -2.233     -0.769      1.019     -0.500      1.059      1.775      0.833     -0.722      0.863      1.717     -0.784      0.384     -0.814     -1.365      0.384      0.000      1.000      0.000      0.000      0.000     -0.500      0.000      0.000      0.000      0.000      0.000 93573808
     3.000      1.000      0.785     -0.284     -0.395     -0.441     -0.638      0.519      0.500      0.352      0.275     -0.501      0.181      0.252      0.281     -0.331     -0.319     -0.225     -0.176     -0.319      0.000      1.000      0.000      0.000      0.000      0.500      0.000      1.000      0.000      0.000      0.000 93574036
     2.000      2.000     -2.906      1.359      0.789      0.820     -1.310      0.186     -0.500     -0.564      0.275      3.807     -1.781     -1.034     -1.075     -0.244      0.655      0.740     -0.361     -0.655      0.000      1.000      0.000      0.000      0.000      0.500      0.000      0.000      0.000      0.000      1.000 93574235
     3.000      2.000     -0.528     -0.897      0.553     -1.018      1.448     -2.647      0.500     -0.431      0.275     -0.765     -1.299      0.801     -1.474     -3.834      0.724     -0.624      0.399      0.724      0.000      1.000      0.000      0.000      0.000      0.500      0.000      0.000      0.000      0.000      0.000 93574305
     3.000      1.000     -0.407      0.468     -0.622     -0.441     -1.649      2.103      0.500      0.198      0.775      0.670     -0.771      1.026      0.727     -3.467     -0.824     -0.326     -1.279      0.824      0.000      1.000      0.000      0.000      0.000     -0.500      0.000      1.000      0.000      0.000      0.000 93574403
     3.000      1.000      1.010      0.048      0.544     -1.890      1.585     -0.147      0.500          *     -0.725      1.601      0.076      0.862     -2.994     -0.233      0.792          *     -1.148      0.792      0.000      1.000      0.000      0.000      0.000      0.500      0.000      1.000      0.000      0.000      0.000 93574494
     3.000      1.000      0.561     -0.252      0.995     -2.860      0.298      0.353     -0.500     -0.159      0.275      0.167     -0.075      0.296     -0.851      0.105     -0.149     -0.047      0.082      0.149      0.000      1.000      0.000      0.000      0.000      0.500      0.000      1.000      0.000      0.000      0.000 93574605
     3.000      1.000      1.010      0.774      0.325      0.304      1.898     -1.314      0.500      0.092     -0.725      1.918      1.470      0.616      0.577     -2.494      0.949      0.175     -1.375      0.949      0.000      1.000      0.000      0.000      0.000      0.500      0.000      1.000      0.000      0.000      0.000 93574698
     3.000      1.000      0.313     -0.897      0.544     -0.739     -1.320      0.686      0.500          *      1.275     -0.413      1.185     -0.719      0.976     -0.906     -0.660          *     -1.684      0.660      0.000      1.000      0.000      0.000      0.000     -0.500      0.000      1.000      0.000      0.000      0.000 93574700
     1.000      0.000     -0.943     -0.897      0.303     -1.966      0.680      1.519      0.500     -0.259     -0.725     -0.642     -0.611      0.206     -1.338      1.034      0.340     -0.176     -0.493      0.340      0.000      1.000      0.000      0.000      0.000      0.500      1.000      0.000      0.000      1.000      0.000 93574705
     3.000      2.000      1.010     -0.897      0.316     -0.626      0.831     -1.481     -0.500     -1.258      0.275      0.839     -0.745      0.263     -0.520     -1.230     -0.415     -1.045      0.229      0.415      0.000      1.000      0.000      0.000      0.000      0.500      0.000      0.000      0.000      0.000      0.000 93574804
     3.000      1.000      0.388      1.370     -2.000     -0.585     -0.945      0.436      0.500     -1.124     -1.225     -0.366     -1.294      1.889      0.553     -0.412     -0.472      1.062      1.157      0.472      0.000      1.000      0.000      0.000      0.000     -0.500      0.000      1.000      0.000      0.000      0.000 93574917
     1.000      0.000      1.010      0.489     -3.413     -0.092     -0.871      1.853      0.500          *     -0.725     -0.879     -0.426      2.971      0.080     -1.613     -0.435          *      0.631     -0.435      0.000      1.000      0.000      0.000      0.000      0.500      1.000      0.000      0.000      1.000      0.000 93574932
     3.000      1.000     -1.604     -0.231      0.303      0.542     -0.046      0.436      0.500      0.092     -0.725      0.073      0.011     -0.014     -0.025     -0.020     -0.023     -0.004      0.033     -0.023      0.000      1.000      0.000      0.000      0.000      0.500      0.000      1.000      0.000      0.000      0.000 93575084
     3.000      2.000      0.573     -0.312      0.794      0.820     -1.423     -0.897     -0.500          *      1.275     -0.816      0.444     -1.131     -1.167      1.277      0.712          *     -1.816     -0.712      0.000      1.000      1.000      0.000      0.000      0.500      0.000      0.000      0.000      0.000      0.000 93575093
     3.000      1.000     -0.029     -0.897      0.995      0.066      1.167     -2.481      0.500      0.015      0.775     -0.034     -1.047      1.162      0.077     -2.895      0.584      0.018      0.905     -0.584      0.000      1.000      0.000      0.000      0.000     -0.500      0.000      1.000      0.000      0.000      0.000 93575123
     3.000      0.000     -0.219      0.108     -1.086      0.385     -0.343      2.436      0.500     -1.258     -1.225      0.075     -0.037      0.372     -0.132     -0.835     -0.171      0.431      0.420      0.171      0.000      1.000      0.000      0.000      0.000     -0.500      1.000      0.000      0.000      0.000      0.000 93575154
     3.000      2.000      1.010     -0.897      0.544     -0.568     -0.082      2.019      0.500     -0.112      1.275     -0.082      0.073     -0.044      0.046     -0.165     -0.041      0.009     -0.104     -0.041      0.000      1.000      0.000      0.000      0.000      0.500      0.000      0.000      0.000      0.000      0.000 93575181
     2.000      1.000     -0.732     -0.312     -0.653      0.582     -0.157     -0.314     -0.500      0.728      2.275      0.115      0.049      0.103     -0.092      0.049      0.079     -0.114     -0.358     -0.079      0.000      1.000      0.000      0.000      0.000      0.500      0.000      1.000      0.000      0.000      1.000 93575184
     3.000      1.000      1.045     -0.897      1.943      1.098      1.631     -1.814      0.500      0.907      0.275      1.704     -1.463      3.169      1.791     -2.958      0.815      1.480      0.449     -0.815      0.000      1.000      0.000      0.000      0.000     -0.500      0.000      1.000      0.000      0.000      0.000 93575244
     3.000      2.000      0.588     -0.897      0.074     -0.004      1.121     -2.897      0.500      1.191      0.775      0.659     -1.005      0.083     -0.004     -3.247      0.560      1.335      0.869     -0.560      0.000      1.000      0.000      0.000      0.000     -0.500      0.000      0.000      0.000      0.000      0.000 93575249
     3.000      1.000     -2.786     -0.897     -0.127     -2.244      0.407      2.686      0.500     -0.806     -1.725     -1.133     -0.365     -0.052     -0.913      1.093      0.203     -0.328     -0.701      0.203      0.000      1.000      0.000      0.000      0.000      0.500      0.000      1.000      0.000      0.000      0.000 93575287
     1.000      1.000     -0.314     -0.897     -0.828     -0.806      0.830      2.269      0.500     -1.258     -0.725     -0.261     -0.744     -0.687     -0.669      1.883      0.415     -1.043     -0.601      0.415      0.000      1.000      0.000      0.000      1.000      0.500      0.000      1.000      0.000      1.000      0.000 93575621
     3.000      2.000      0.109      0.023      0.294      0.860      1.261     -0.897      0.500      1.073     -0.725      0.137      0.028      0.371      1.085     -1.132      0.631      1.353     -0.914     -0.631      0.000      1.000      0.000      0.000      0.000     -0.500      0.000      0.000      0.000      0.000      0.000 93575625
     2.000      2.000      0.320      2.026     -1.784      0.582      0.193     -0.397      0.500     -1.412     -0.725      0.062      0.390     -0.344      0.112     -0.077      0.096     -0.272     -0.140      0.096      0.000      1.000      0.000      0.000      0.000      0.500      0.000      0.000      0.000      0.000      1.000 93575924
     1.000      2.000      0.186     -0.897     -0.588     -2.066     -1.064     -0.564      0.500          *      0.275     -0.198      0.954      0.625      2.197      0.600     -0.532          *     -0.293     -0.532      0.000      1.000      0.000      0.000      0.000      0.500      0.000      0.000      0.000      1.000      0.000 93575940
     3.000      2.000      0.564     -0.897      0.307     -0.044     -0.122     -1.481      0.500          *     -0.225     -0.069      0.110     -0.038      0.005      0.181     -0.061          *      0.027      0.061      0.000      1.000      0.000      0.000      0.000     -0.500      0.000      0.000      0.000      0.000      0.000 93575941
     1.000      0.000      0.795      0.023      0.088     -0.568      0.006      1.853     -0.500          *      0.275      0.005      0.000      0.001     -0.004      0.012     -0.003          *      0.002      0.003      0.000      1.000      0.000      0.000      0.000      0.500      1.000      0.000      0.000      1.000      0.000 93575948
     3.000      1.000      1.010      0.774          *      0.107      1.173      2.269      0.500     -3.203     -0.725      1.185      0.908          *      0.125      2.662      0.586     -3.757     -0.850      0.586      0.000      1.000      0.000      0.000      0.000      0.500      0.000      1.000      0.000      0.000      0.000 93575952
     3.000      1.000      0.447     -0.897     -0.158     -1.195     -2.390     -0.147      0.500      1.412      2.275     -1.068      2.144      0.377      2.855      0.352     -1.195     -3.374     -5.438      1.195      0.000      1.000      0.000      0.000      0.000     -0.500      0.000      1.000      0.000      0.000      0.000 93575996
     3.000      2.000      0.270     -0.591      0.544      0.582     -0.355      1.686      0.500     -0.431     -0.725     -0.096      0.210     -0.193     -0.207     -0.599     -0.177      0.153      0.257      0.177      0.000      1.000      0.000      0.000      0.000     -0.500      0.000      0.000      0.000      0.000      0.000 93576398
     3.000      0.000      1.045     -0.591     -0.180     -0.044      0.068      1.769      0.500      0.510     -0.225      0.071     -0.040     -0.012     -0.003      0.120      0.034      0.035     -0.015     -0.034      0.000      1.000      0.000      0.000      0.000     -0.500      1.000      0.000      0.000      0.000      0.000 93576594
     3.000      2.000      0.764     -0.897     -0.615     -1.695      0.191      1.186     -0.500          *     -0.725      0.146     -0.171     -0.117     -0.324      0.226     -0.095          *     -0.138      0.095      0.000      1.000      0.000      0.000      0.000      0.500      0.000      0.000      0.000      0.000      0.000 93576597
     3.000      1.000      0.484     -0.537      0.093     -0.282     -0.993     -0.481      0.500      0.804      0.275     -0.481      0.534     -0.092      0.280      0.477     -0.497     -0.799     -0.274      0.497      0.000      1.000      0.000      0.000      0.000     -0.500      0.000      1.000      0.000      0.000      0.000 93577222
     3.000      2.000      1.045     -0.897      0.781      1.098     -0.275     -2.981      0.500      0.352      1.275     -0.287      0.246     -0.215     -0.302      0.819     -0.137     -0.097     -0.350      0.137      0.000      1.000      0.000      0.000      0.000     -0.500      0.000      0.000      0.000      0.000      0.000 93577225
     3.000      0.000      0.486      1.505     -1.082     -2.127      0.276      1.019      0.500      0.709      1.275      0.134      0.416     -0.299     -0.588      0.282      0.138      0.196      0.352      0.138      0.000      1.000      0.000      0.000      0.000      0.500      1.000      0.000      0.000      0.000      0.000 93577852
     3.000      2.000      1.010      0.436      0.325     -0.052      0.205      0.103     -0.500     -0.901      1.275      0.207      0.089      0.067     -0.011      0.021     -0.102     -0.184      0.261      0.102      0.000      1.000      0.000      0.000      0.000      0.500      0.000      0.000      0.000      0.000      0.000 93578015
     3.000      2.000      1.010      1.676      0.774      0.860      0.582      0.936     -0.500          *      0.275      0.588      0.975      0.450      0.500      0.544     -0.291          *      0.160      0.291      0.000      1.000      0.000      0.000      0.000      0.500      0.000      0.000      0.000      0.000      0.000 93578082
     3.000      0.000     -0.192      0.023     -0.171      0.623     -1.645      2.019      0.500      0.055      0.275      0.316     -0.037      0.282     -1.024     -3.322     -0.823     -0.090     -0.453      0.823      0.000      1.000      0.000      0.000      0.000     -0.500      1.000      0.000      0.000      0.000      0.000 93578189
     3.000      2.000      0.570     -0.861      0.303     -0.679     -0.576     -0.147     -0.500          *      0.275     -0.328      0.496     -0.174      0.391      0.085      0.288          *     -0.159     -0.288      0.000      1.000      0.000      0.000      0.000      0.500      0.000      0.000      0.000      0.000      0.000 93578280
     3.000      2.000      1.010     -0.897      0.999      0.860      0.890      1.769     -0.500      0.055     -0.725      0.899     -0.798      0.889      0.765      1.574     -0.445      0.049     -0.645      0.445      0.000      1.000      0.000      0.000      0.000      0.500      0.000      0.000      0.000      0.000      0.000 93578307
     0.000      0.000     -1.490      2.703     -0.176      1.098     -1.972      0.436     -0.500     -1.594     -0.725      2.938     -5.330      0.348     -2.166     -0.860      0.986      3.143      1.429      0.986      0.000      1.000      0.000      0.000      0.000     -0.500      1.000      0.000      1.000      0.000      0.000 93578411
     3.000      1.000     -1.747      2.191     -3.413      0.066      1.172      1.436      0.500     -0.564     -0.725     -2.048      2.568     -4.000      0.078      1.683      0.586     -0.661     -0.849      0.586      0.000      1.000      0.000      0.000      0.000      0.500      0.000      1.000      0.000      0.000      0.000 93578420
     3.000      2.000      0.186     -0.897      1.233     -1.652     -1.867     -0.564      0.500      1.191      0.275     -0.348      1.675     -2.302      3.084      1.053     -0.934     -2.224     -0.514     -0.934      0.000      1.000      0.000      0.000      0.000      0.500      0.000      0.000      0.000      0.000      0.000 93578486
     3.000      2.000     -1.410     -0.537     -0.628      0.304     -0.366      1.853      0.500      0.092      2.275      0.517      0.197      0.230     -0.111     -0.679     -0.183     -0.034     -0.834     -0.183      0.000      1.000      0.000      0.000      0.000      0.500      0.000      0.000      0.000      0.000      0.000 93578503
     3.000      1.000      0.625     -0.252      0.785      0.502     -0.706     -1.397     -0.500          *      0.775     -0.442      0.178     -0.555     -0.354      0.987      0.353          *     -0.548      0.353      0.000      1.000      0.000      0.000      0.000     -0.500      0.000      1.000      0.000      0.000      0.000 93578536
     3.000      1.000     -2.290     -0.177      0.781      0.502     -0.659      1.103      0.500      0.688      2.275      1.510      0.117     -0.515     -0.331     -0.727     -0.330     -0.454     -1.500     -0.330      0.000      1.000      0.000      0.000      0.000      0.500      0.000      1.000      0.000      0.000      0.000 93578609
     3.000      2.000     -0.864      0.753     -2.254      0.820      0.006     -1.147      0.500      1.127      1.275     -0.005      0.005     -0.014      0.005     -0.007      0.003      0.007      0.008     -0.003      0.000      1.000      0.000      0.000      0.000     -0.500      0.000      0.000      0.000      0.000      0.000 93578662
     3.000      0.000     -0.038      0.129      0.768      0.860     -1.032      2.353      0.500          *     -0.725      0.040     -0.133     -0.793     -0.888     -2.428     -0.516          *      0.748      0.516      0.000      1.000      0.000      0.000      0.000     -0.500      1.000      0.000      0.000      0.000      0.000 93578685
     3.000      2.000      0.296     -0.897     -2.697     -0.585     -1.362     -0.064      0.500          *     -1.725     -0.403      1.222      3.672      0.797      0.087     -0.681          *      2.348      0.681      0.000      1.000      0.000      0.000      0.000     -0.500      0.000      0.000      0.000      0.000      0.000 93578728
     3.000      2.000      1.010     -0.537      0.112     -1.432      0.060      2.186      0.500          *      1.275      0.060     -0.032      0.007     -0.085      0.130      0.030          *      0.076      0.030      0.000      1.000      1.000      0.000      0.000      0.500      0.000      0.000      0.000      0.000      0.000 93579230
     3.000      2.000      0.595      0.023      0.513     -1.611     -0.167      1.519      0.500          *      0.275     -0.100     -0.004     -0.086      0.270     -0.254     -0.084          *     -0.046     -0.084      0.000      1.000      0.000      0.000      0.000      0.500      0.000      0.000      0.000      0.000      0.000 93579232
     3.000      1.000      0.573     -0.278     -0.153      1.336     -0.835     -1.231      0.500     -0.159      2.275     -0.478      0.232      0.128     -1.115      1.027     -0.417      0.133     -1.899     -0.417      0.000      1.000      0.000      0.000      0.000      0.500      0.000      1.000      0.000      0.000      0.000 93579235
     1.000      2.000      0.785     -0.559     -0.378     -0.528     -1.573      2.436     -0.500     -0.159      1.275     -1.235      0.879      0.594      0.830     -3.831      0.786      0.250     -2.006     -0.786      0.000      1.000      0.000      0.000      0.000      0.500      0.000      0.000      0.000      1.000      0.000 93579239
     3.000      0.000     -0.089      0.023      0.777      0.820     -1.508      1.686     -0.500      0.055      2.275      0.135     -0.034     -1.172     -1.237     -2.543      0.754     -0.082     -3.432     -0.754      0.000      1.000      0.000      0.000      0.000      0.500      1.000      0.000      0.000      0.000      0.000 93579331
     3.000      0.000     -1.410      1.328      0.544      0.820     -0.665      2.936     -0.500          *     -0.725      0.937     -0.882     -0.362     -0.545     -1.952      0.332          *      0.482     -0.332      0.000      1.000      1.000      0.000      0.000      0.500      1.000      0.000      0.000      0.000      0.000 93579338
     3.000      2.000     -0.886     -0.312      0.092      0.860      0.253     -1.481     -0.500      0.728          *     -0.224     -0.079      0.023      0.217     -0.374     -0.126      0.184          *     -0.126      0.000      1.000      0.000      0.000      0.000     -0.500      0.000      0.000      0.000      0.000      0.000 93579934
     2.000      0.000     -1.128     -0.312      0.527      0.226      0.143     -0.064     -0.500          *      1.275     -0.161     -0.044      0.075      0.032     -0.009     -0.071          *      0.182      0.071      0.000      1.000      0.000      0.000      0.000      0.500      1.000      0.000      0.000      0.000      1.000 93579938
     3.000      2.000     -1.638     -0.220      0.544      0.138      0.832      1.853      0.500      0.055     -0.725     -1.362     -0.183      0.452      0.115      1.541      0.416      0.045     -0.602      0.416      0.000      1.000      0.000      0.000      0.000      0.500      0.000      0.000      0.000      0.000      0.000 93579953
     2.000      0.000      0.239      0.023      0.522      0.860      0.940     -0.731      0.500          *     -0.225      0.224      0.021      0.491      0.809     -0.687      0.470          *     -0.211     -0.470      0.000      1.000      0.000      0.000      0.000     -0.500      1.000      0.000      0.000      0.000      1.000 93614977
     1.000      0.000     -2.330      0.489     -0.831      0.066     -0.917      2.603      0.500          *     -0.725      2.137     -0.449      0.762     -0.061     -2.386     -0.458          *      0.664     -0.458      0.000      1.000      0.000      0.000      0.000      0.500      1.000      0.000      0.000      1.000      0.000 93619967
     3.000      1.000     -0.162     -0.591     -1.540     -0.858     -1.086      2.519      0.500      0.728     -0.725      0.176      0.641      1.673      0.931     -2.736     -0.543     -0.791      0.787      0.543      0.000      1.000      0.000      0.000      0.000     -0.500      0.000      1.000      0.000      0.000      0.000 93676029
     1.000      0.000     -0.089     -0.897     -0.878      0.542     -2.225     -0.397     -0.500          *     -0.725      0.199      1.996      1.954     -1.206      0.884      1.113          *      1.612     -1.113      0.000      1.000      0.000      0.000      0.000      0.500      1.000      0.000      0.000      1.000      0.000 93710011
     3.000      2.000      1.010      0.785      0.558      0.344     -0.482     -1.064     -0.500     -0.112      0.275     -0.487     -0.378     -0.269     -0.166      0.513      0.241      0.054     -0.133     -0.241      0.000      1.000      0.000      0.000      0.000      0.500      0.000      0.000      0.000      0.000      0.000 93710235
     3.000      0.000     -0.732     -0.897      0.781      0.264      0.104     -0.564     -0.500     -3.203     -0.725     -0.076     -0.093      0.081      0.027     -0.058     -0.052     -0.332     -0.075      0.052      0.000      1.000      0.000      0.000      0.000      0.500      1.000      0.000      0.000      0.000      0.000 93710685
     3.000      2.000      1.045     -0.897      0.315      0.702      0.518     -1.981     -0.500      1.307     -0.725      0.541     -0.464      0.163      0.363     -1.025     -0.259      0.677     -0.375     -0.259      0.000      1.000      0.000      0.000      0.000     -0.500      0.000      0.000      0.000      0.000      0.000 93710913
     3.000      2.000      0.537     -0.177     -1.290      0.472      0.568     -1.897      0.500          *          *      0.305     -0.101     -0.732      0.268     -1.078      0.284          *          *      0.284      0.000      1.000      0.000      0.000      0.000      0.500      0.000      0.000      0.000      0.000      0.000 93710917
     2.000      0.000     -0.098      2.118     -0.646      0.193     -0.503     -2.147      0.500      0.728      1.275      0.050     -1.066      0.325     -0.097      1.081     -0.252     -0.367     -0.642     -0.252      0.000      1.000      0.000      0.000      1.000      0.500      1.000      0.000      0.000      0.000      1.000 93711276
     1.000      0.000      0.625     -0.231     -0.395     -0.916      1.907     -2.064     -0.500          *      0.275      1.192     -0.440     -0.753     -1.747     -3.936     -0.953          *      0.525     -0.953      0.000      1.000      0.000      0.000      0.000     -0.500      1.000      0.000      0.000      1.000      0.000 93712175
     0.000      0.000      1.045     -0.312      0.784     -0.212     -1.287     -2.564     -0.500      0.728      1.275     -1.346      0.402     -1.010      0.273      3.301      0.644     -0.938     -1.642      0.644      0.000      1.000      0.000      0.000      0.000     -0.500      1.000      0.000      1.000      0.000      0.000 93713033
     2.000      0.000     -0.579      1.441     -0.154     -0.347      0.976     -2.231      0.500      0.907     -2.725     -0.565      1.407     -0.150     -0.339     -2.178      0.488      0.886     -2.660      0.488      0.000      1.000      0.000      0.000      0.000      0.500      1.000      0.000      0.000      0.000      1.000 93714236
     3.000      0.000      1.010      0.076      0.534     -2.014     -0.878     -1.397      0.500     -1.258     -0.725     -0.887     -0.067     -0.469      1.769      1.227     -0.439      1.105      0.636     -0.439      0.000      1.000      0.000      0.000      0.000      0.500      1.000      0.000      0.000      0.000      0.000 93714291
     1.000      0.000      1.010     -0.897     -0.126      1.336     -1.419     -3.314     -0.500     -0.112     -1.725     -1.433      1.273      0.178     -1.896      4.702      0.709      0.159      2.447     -0.709      0.000      1.000      0.000      0.000      0.000      0.500      1.000      0.000      0.000      1.000      0.000 93714292
     3.000      0.000      0.541      0.858     -1.114      1.098      0.642     -2.481     -0.500      0.231      0.275      0.347      0.551     -0.715      0.705     -1.591     -0.321      0.148      0.177      0.321      0.000      1.000      0.000      0.000      0.000      0.500      1.000      0.000      0.000      0.000      0.000 93714317
     0.000      0.000     -1.929      2.562     -1.579      0.304     -0.267     -1.897      0.500          *          *      0.516     -0.685      0.422     -0.081      0.507     -0.134          *          *      0.134      0.000      1.000      0.000      0.000      0.000     -0.500      1.000      0.000      1.000      0.000      0.000 93714930
     3.000      2.000      0.075     -0.897     -0.828      1.098      0.079     -1.481     -0.500      0.510      1.275      0.006     -0.071     -0.065      0.086     -0.116     -0.039      0.040      0.100     -0.039      0.000      1.000      0.000      0.000      0.000     -0.500      0.000      0.000      0.000      0.000      0.000 93714932
     1.000      0.000      0.011      0.785      0.303      0.582      0.009     -0.731     -0.500          *      0.275      0.000      0.007      0.003      0.005     -0.007     -0.005          *      0.002     -0.005      0.000      1.000      0.000      0.000      0.000     -0.500      1.000      0.000      0.000      1.000      0.000 93714996
     2.000      2.000      0.351      1.870      1.250     -0.290      0.168     -2.397     -0.500     -1.124          *      0.059      0.315      0.210     -0.049     -0.404     -0.084     -0.189          *      0.084      0.000      1.000      0.000      0.000      0.000      0.500      0.000      0.000      0.000      0.000      1.000 93715125
     1.000      1.000      1.010      0.301      0.347     -0.400     -1.406     -2.481      0.500     -0.159     -0.725     -1.420     -0.423     -0.488      0.563      3.488     -0.703      0.223      1.019     -0.703      0.000      1.000      0.000      0.000      0.000      0.500      0.000      1.000      0.000      1.000      0.000 93715299
     3.000      1.000     -0.089      2.476      1.260     -0.307     -0.662     -2.147      0.500     -0.159     -0.725      0.059     -1.639     -0.834      0.203      1.422     -0.331      0.105      0.480     -0.331      1.000      0.000      0.000      0.000      0.000      0.500      0.000      1.000      0.000      0.000      0.000 93715922
     3.000      1.000      0.075      0.048      0.999      1.336     -0.317     -3.481      0.500     -0.068     -0.725     -0.024     -0.015     -0.316     -0.423      1.102     -0.158      0.022      0.229      0.158      0.000      1.000      0.000      0.000      0.000     -0.500      0.000      1.000      0.000      0.000      0.000 93716239
     3.000      1.000      1.010     -0.897      0.781      0.193     -0.400     -1.981      0.500      0.129      0.275     -0.404      0.359     -0.312     -0.077      0.791     -0.200     -0.051     -0.110     -0.200      0.000      1.000      0.000      0.000      0.000      0.500      0.000      1.000      0.000      0.000      0.000 93716422
     3.000      0.000     -0.335      1.198      0.316      1.058     -0.907     -0.981     -0.500     -0.564      1.275      0.304     -1.086     -0.287     -0.959      0.889      0.453      0.512     -1.156     -0.453      0.000      1.000      0.000      0.000      0.000      0.500      1.000      0.000      0.000      0.000      0.000 93716894
     2.000      2.000      0.106      1.113     -2.482     -0.282      1.300     -1.814      0.500      0.786      1.275      0.137      1.446     -3.227     -0.367     -2.358      0.650      1.021      1.658      0.650      1.000      1.000      0.000      0.000      0.000      0.500      0.000      0.000      0.000      0.000      1.000 93716976
     1.000      0.000      0.355      0.640     -2.228     -0.666      1.020     -1.314      0.500      0.092     -0.725      0.363      0.652     -2.273     -0.679     -1.340      0.510      0.094     -0.739      0.510      0.000      1.000      0.000      0.000      0.000      0.500      1.000      0.000      0.000      1.000      0.000 93716993
     3.000      2.000     -1.626     -0.284      1.465      0.820     -1.438     -1.314      0.500     -1.412     -2.725      2.338      0.408     -2.107     -1.179      1.890     -0.719      2.030      3.918     -0.719      0.000      1.000      0.000      0.000      0.000      0.500      0.000      0.000      0.000      0.000      0.000 93717868
     1.000      2.000     -0.066     -0.897      0.754     -0.982     -0.756     -1.647     -0.500      0.407     -0.725      0.050      0.678     -0.570      0.742      1.245      0.378     -0.308      0.548      0.378      0.000      1.000      0.000      0.000      0.000     -0.500      0.000      0.000      0.000      1.000      0.000 93718010
     3.000      1.000      0.933     -0.897     -0.184      0.424      0.646     -2.481     -0.500          *          *      0.603     -0.580     -0.119      0.274     -1.602     -0.323          *          *     -0.323      0.000      1.000      0.000      0.000      0.000     -0.500      0.000      1.000      0.000      0.000      0.000 93718129
     3.000      2.000      0.540     -0.897     -0.623      0.542     -0.536     -1.147     -0.500     -1.817     -0.725     -0.289      0.481      0.334     -0.291      0.615      0.268      0.974      0.388     -0.268      0.000      1.000      0.000      0.000      0.000      0.500      0.000      0.000      0.000      0.000      0.000 93718180
     1.000      1.000     -1.543      0.125          *     -0.739     -0.723      0.269      0.500          *          *      1.115     -0.090          *      0.534     -0.195     -0.361          *          *     -0.361      0.000      1.000      0.000      0.000      0.000      0.500      0.000      1.000      0.000      1.000      0.000 93718189
     1.000      2.000      0.719     -0.897      0.303     -0.461      0.323     -2.064     -0.500     -0.159     -0.725      0.232     -0.290      0.098     -0.149     -0.667     -0.161     -0.051     -0.234     -0.161      0.000      1.000      0.000      0.000      0.000     -0.500      0.000      0.000      0.000      1.000      0.000 93718206
     3.000      1.000      0.274      1.198      1.461      0.542     -0.326     -2.481     -0.500          *     -0.725     -0.089     -0.391     -0.476     -0.177      0.809      0.163          *      0.236      0.163      0.000      1.000      0.000      0.000      0.000     -0.500      0.000      1.000      0.000      0.000      0.000 93718218
     3.000      2.000      1.045     -0.897      1.247     -0.330     -1.419     -1.731     -0.500          *      0.275     -1.483      1.273     -1.769      0.468      2.455      0.709          *     -0.391      0.709      0.000      1.000      0.000      0.000      0.000     -0.500      0.000      0.000      0.000      0.000      0.000 93718316
     3.000      1.000      0.795     -0.897     -0.176      0.234      1.281     -2.981      0.500          *     -0.725      1.018     -1.149     -0.226      0.299     -3.818      0.640          *     -0.928      0.640      0.000      1.000      0.000      0.000      0.000      0.500      0.000      1.000      0.000      0.000      0.000 93718482
     1.000      0.000      1.045      1.623     -1.780     -0.528      0.143     -2.897     -0.500          *      2.275      0.150      0.233     -0.255     -0.076     -0.416     -0.072          *      0.326     -0.072      0.000      1.000      0.000      0.000      0.000     -0.500      1.000      0.000      0.000      1.000      0.000 93718682
     1.000      1.000      1.010     -0.897      1.014     -0.347      0.671     -1.981     -0.500      0.728      0.275      0.678     -0.602      0.680     -0.233     -1.329     -0.335      0.489      0.185      0.335      0.000      1.000      0.000      0.000      0.000      0.500      0.000      1.000      0.000      1.000      0.000 93718903
     1.000      2.000     -0.354     -0.312      0.317     -0.307      1.677     -1.147      0.500     -0.068     -1.225     -0.594     -0.523      0.531     -0.515     -1.924      0.838     -0.114     -2.053     -0.838      0.000      1.000      0.000      0.000      0.000     -0.500      0.000      0.000      0.000      1.000      0.000 93718917
     3.000      1.000      0.564     -0.897      0.303      0.860      0.503     -0.731     -0.500          *          *      0.284     -0.451      0.152      0.433     -0.368     -0.252          *          *      0.252      0.000      1.000      0.000      0.000      0.000      0.500      0.000      1.000      0.000      0.000      0.000 93718926
     3.000      2.000     -1.205     -0.897      0.303     -0.585      1.491     -2.064      0.500      0.293     -0.725     -1.796     -1.337      0.451     -0.872     -3.077      0.745      0.437     -1.080     -0.745      0.000      1.000      0.000      0.000      0.000     -0.500      0.000      0.000      0.000      0.000      0.000 93718967
     3.000      1.000      1.045     -0.897      1.264      1.098      0.862      0.603      0.500          *     -0.725      0.901     -0.773      1.089      0.947      0.519      0.431          *     -0.624     -0.431      0.000      1.000      0.000      0.000      0.000     -0.500      0.000      1.000      0.000      0.000      0.000 93718985
     3.000      2.000      1.010     -0.044      0.330     -0.528     -0.721     -1.814      0.500     -0.495      0.275     -0.729      0.032     -0.238      0.381      1.309     -0.361      0.357     -0.199     -0.361      0.000      1.000      0.000      0.000      0.000      0.500      0.000      0.000      0.000      0.000      0.000 93719931
     3.000      2.000      0.056          *     -0.855     -0.957      2.316     -1.147     -0.500      0.986      1.775      0.131          *     -1.980     -2.216     -2.657     -1.158      2.284      4.112     -1.158      0.000      1.000      0.000      0.000      0.000     -0.500      0.000      0.000      0.000      0.000      0.000 93719935
     3.000      0.000     -1.170     -0.591     -1.342      0.860      2.113     -2.981     -0.500          *      1.775     -2.473     -1.248     -2.836      1.818     -6.298     -1.056          *      3.751     -1.056      0.000      1.000      0.000      0.000      0.000     -0.500      1.000      0.000      0.000      0.000      0.000 93719938
     3.000      1.000      1.045     -0.897      0.083      0.344      1.105      2.019      0.500      0.380      1.275      1.155     -0.991      0.092      0.381      2.232      0.553      0.420      1.410     -0.553      0.000      0.000      0.000      1.000      1.000     -0.500      0.000      1.000      0.000      0.000      0.000 94500059
     3.000      2.000      0.484      0.693      1.004     -0.044     -1.079      1.019     -0.500      2.453     -0.225     -0.523     -0.748     -1.084      0.048     -1.100      0.540     -2.647      0.242      0.540      0.000      1.000      0.000      0.000      0.000     -0.500      0.000      0.000      0.000      0.000      0.000 94500284
     3.000      2.000      0.838      0.608      0.340      1.098     -0.696      1.436      0.500      1.127      2.275     -0.583     -0.423     -0.236     -0.764     -0.999     -0.348     -0.784     -1.583      0.348      0.000      1.000      0.000      0.000      0.000     -0.500      0.000      0.000      0.000      0.000      0.000 94504408
     3.000      2.000     -2.052     -0.537     -2.244      0.542     -0.848      1.353      0.500      1.191      1.275      1.739      0.455      1.903     -0.459     -1.147     -0.424     -1.010     -1.081      0.424      0.000      1.000      0.000      0.000      0.000     -0.500      0.000      0.000      0.000      0.000      0.000 94504505
     3.000      0.000     -0.646      0.129     -0.591     -0.585      0.800      1.519      0.500      1.361      1.775     -0.517      0.104     -0.473     -0.468      1.216      0.400      1.089      1.421     -0.400      0.000      1.000      0.000      0.000      0.000     -0.500      1.000      0.000      0.000      0.000      0.000 94504506
     3.000      2.000     -0.238      2.026          *      0.860     -1.088      2.603     -0.500          *     -0.725      0.259     -2.205          *     -0.936     -2.832      0.544          *      0.788     -0.544      0.000      1.000      0.000      0.000      0.000      0.500      0.000      0.000      0.000      0.000      0.000 94504994
     3.000      1.000      1.010      0.183      1.475      0.860     -0.588      0.603      0.500     -0.639      0.275     -0.594     -0.107     -0.867     -0.506     -0.355     -0.294      0.376     -0.162     -0.294      0.000      1.000      1.000      0.000      0.000      0.500      0.000      1.000      0.000      0.000      0.000 94506496
     3.000      0.000      0.904      1.983      0.282      0.582      0.240      0.853      0.500      0.510      0.275      0.217      0.476      0.068      0.140      0.205      0.120      0.123      0.066     -0.120      0.000      1.000      0.000      0.000      0.000     -0.500      1.000      0.000      0.000      0.000      0.000 94506596
     3.000      2.000      0.691     -0.897     -0.408      0.709      0.819     -0.064      0.500      1.127      0.275      0.566     -0.735     -0.335      0.581     -0.052      0.410      0.924      0.226     -0.410      0.000      1.000      0.000      0.000      0.000     -0.500      0.000      0.000      0.000      0.000      0.000 94506696
     3.000      0.000     -0.207     -0.312     -0.372     -0.330      0.516      1.853     -0.500          *     -0.725     -0.107     -0.161     -0.192     -0.171      0.957     -0.258          *     -0.374     -0.258      0.000      1.000      0.000      0.000      0.000     -0.500      1.000      0.000      0.000      0.000      0.000 94506891
     3.000      0.000     -0.065      0.978     -1.065      0.820     -1.753      0.269      0.500          *      0.275      0.114     -1.715      1.867     -1.438     -0.472     -0.877          *     -0.483     -0.877      0.000      1.000      0.000      0.000      0.000      0.500      1.000      0.000      0.000      0.000      0.000 94506996
     3.000      2.000     -0.944      0.301     -0.873     -1.362      0.366      1.603      0.500     -1.006      0.275     -0.345      0.110     -0.319     -0.498      0.586      0.183     -0.368      0.101     -0.183      0.000      1.000      0.000      0.000      0.000     -0.500      0.000      0.000      0.000      0.000      0.000 94508068
     3.000      2.000     -0.089     -0.005     -0.153     -1.846     -0.437     -0.481      0.500     -1.412     -1.725      0.039      0.002      0.067      0.807      0.210     -0.218      0.617      0.753     -0.218      0.000      1.000      0.000      0.000      0.000      0.500      0.000      0.000      0.000      0.000      0.000 94508567
     1.000      2.000     -0.522      0.446      0.782      1.098      0.608     -0.397     -0.500      0.581     -0.725     -0.317      0.271      0.476      0.668     -0.242     -0.304      0.353     -0.441     -0.304      0.000      1.000      0.000      0.000      0.000     -0.500      0.000      0.000      0.000      1.000      0.000 94508662
     2.000      1.000     -0.430     -0.897          *     -2.541      1.584      2.186      0.500     -0.431     -0.225     -0.681     -1.421          *     -4.024      3.462      0.792     -0.682     -0.356     -0.792      0.000      1.000      0.000      0.000      0.000     -0.500      0.000      1.000      0.000      0.000      1.000 94508669
     3.000      2.000      0.408     -0.252     -0.153     -0.172      0.507      0.353     -0.500          *      1.275      0.207     -0.128     -0.077     -0.087      0.179     -0.253          *      0.646      0.253      0.000      1.000      0.000      0.000      0.000      0.500      0.000      0.000      0.000      0.000      0.000 94546996
     2.000      0.000          *     -0.537     -0.618      0.304      1.348      2.019     -0.500     -0.208          *          *     -0.724     -0.833      0.410      2.722     -0.674     -0.280          *     -0.674      0.000      1.000      0.000      0.000      0.000     -0.500      1.000      0.000      0.000      0.000      1.000 94570181
     3.000      1.000      0.817     -0.897     -0.618      1.058      1.073      2.019      0.500     -1.124     -2.725      0.876     -0.962     -0.663      1.135      2.166      0.536     -1.206     -2.922      0.536      0.000      1.000      0.000      0.000      0.000      0.500      0.000      1.000      0.000      0.000      0.000 94570914
     3.000      0.000     -0.279     -0.897     -0.408      0.344      0.252     -1.231     -0.500     -0.431      1.275     -0.070     -0.226     -0.103      0.087     -0.310     -0.126     -0.109      0.321     -0.126      0.000      1.000      0.000      0.000      0.000     -0.500      1.000      0.000      0.000      0.000      0.000 94571179
     3.000      1.000      0.147     -0.284      0.303     -1.195     -0.898     -0.981     -0.500      0.688      2.275     -0.132      0.255     -0.272      1.072      0.880      0.449     -0.618     -2.043     -0.449      0.000      1.000      0.000      0.000      0.000      0.500      0.000      1.000      0.000      0.000      0.000 94571479
     3.000      2.000      0.075     -0.897      1.943     -0.044     -1.561      0.686     -0.500      1.392      0.275     -0.118      1.400     -3.033      0.069     -1.071      0.780     -2.172     -0.430      0.780      0.000      1.000      0.000      0.000      0.000     -0.500      0.000      0.000      0.000      0.000      0.000 94571751
     1.000      2.000     -0.246     -0.897      0.097      0.623     -0.084     -1.064     -0.500      0.822     -0.725      0.021      0.075     -0.008     -0.052      0.089      0.042     -0.069      0.061      0.042      0.000      1.000      0.000      0.000      0.000     -0.500      0.000      0.000      0.000      1.000      0.000 94572281
     3.000      2.000          *      0.273     -2.943      0.702      0.432      2.436      0.500          *          *          *      0.118     -1.272      0.303      1.053      0.216          *          *     -0.216      0.000      1.000      0.000      0.000      0.000     -0.500      0.000      0.000      0.000      0.000      0.000 94572977
     3.000      0.000      0.573      0.468      1.474     -0.280     -1.720     -1.231     -0.500     -1.412     -0.725     -0.985     -0.804     -2.536      0.481      2.117      0.860      2.428      1.246     -0.860      0.000      1.000      0.000      0.000      0.000      0.500      1.000      0.000      0.000      0.000      0.000 94572979
     3.000      2.000      1.045     -0.252      0.097      1.098     -0.239     -0.564      0.500      1.412      2.275     -0.249      0.060     -0.023     -0.262      0.135     -0.119     -0.337     -0.543      0.119      0.000      1.000      0.000      0.000      0.000     -0.500      0.000      0.000      0.000      0.000      0.000 94573439
     3.000      1.000     -0.614     -0.897      1.027      1.336     -0.702      3.103      0.500      0.164          *      0.431      0.630     -0.721     -0.938     -2.179     -0.351     -0.115          *      0.351      0.000      1.000      0.000      0.000      0.000     -0.500      0.000      1.000      0.000      0.000      0.000 94573925
     3.000      1.000     -0.089     -0.897      0.785     -0.875     -0.660      4.019     -0.500     -0.719          *      0.059      0.592     -0.518      0.578     -2.653      0.330      0.474          *     -0.330      0.000      1.000      0.000      0.000      0.000      0.500      0.000      1.000      0.000      0.000      0.000 94573926
     3.000      1.000     -0.089     -0.591     -1.328      0.820      1.590      2.269      0.500     -0.564      0.275     -0.142     -0.939     -2.112      1.304      3.608      0.795     -0.897      0.438      0.795      0.000      1.000      0.000      0.000      0.000      0.500      0.000      1.000      0.000      0.000      0.000 94573999
     3.000      1.000      0.817      2.026     -0.829     -1.339      0.693      0.519      0.500     -1.258      1.275      0.566      1.404     -0.574     -0.928      0.360      0.346     -0.871      0.884      0.346      0.000      1.000      0.000      0.000      0.000      0.500      0.000      1.000      0.000      0.000      0.000 94574112
     3.000      2.000     -0.067      1.811     -0.376      0.582      0.912     -0.397      0.500          *     -0.725     -0.061      1.652     -0.343      0.531     -0.362      0.456          *     -0.661      0.456      0.000      1.000      0.000      0.000      0.000      0.500      0.000      0.000      0.000      0.000      0.000 94574115
     2.000      0.000     -0.021      0.916     -0.166      0.780     -0.214      2.186     -0.500     -0.901     -1.225      0.005     -0.196      0.036     -0.167     -0.468      0.107      0.193      0.262      0.107      0.000      1.000      0.000      0.000      0.000     -0.500      1.000      0.000      0.000      0.000      1.000 94574315
     3.000      1.000      0.933     -0.897      1.943     -0.223      0.005      1.936      0.500      1.203      0.775      0.005     -0.004      0.009     -0.001      0.009      0.002      0.006      0.004     -0.002      0.000      1.000      0.000      0.000      0.000     -0.500      0.000      1.000      0.000      0.000      0.000 94574413
     3.000      0.000     -0.042     -0.591     -0.619     -1.154     -1.206     -0.231     -0.500      0.510      1.275      0.051      0.712      0.746      1.392      0.278      0.603     -0.615     -1.539     -0.603      0.000      1.000      0.000      0.000      0.000      0.500      1.000      0.000      0.000      0.000      0.000 94574502
     3.000      0.000     -0.530      1.811     -0.394     -0.957      1.657     -0.814      0.500     -0.159     -0.725     -0.879      3.001     -0.654     -1.586     -1.349      0.829     -0.263     -1.201     -0.829      0.000      1.000      0.000      0.000      0.000     -0.500      1.000      0.000      0.000      0.000      0.000 94574531
     3.000      1.000     -2.847     -0.897      1.483     -1.513     -0.041      2.853     -0.500          *          *      0.116      0.036     -0.060      0.061     -0.116      0.020          *          *     -0.020      0.000      1.000      0.000      0.000      0.000      0.500      0.000      1.000      0.000      0.000      0.000 94574617
     3.000      2.000     -0.759      0.393     -0.171      0.582     -0.562     -0.731     -0.500     -0.370      0.275      0.427     -0.221      0.096     -0.327      0.411      0.281      0.208     -0.155     -0.281      0.000      1.000      0.000      0.000      0.000      0.500      0.000      0.000      0.000      0.000      0.000 94574618
     3.000      0.000      0.215      1.779      0.079      1.336     -1.168     -0.231      0.500      0.164     -1.225     -0.251     -2.079     -0.092     -1.561      0.269     -0.584     -0.191      1.430      0.584      0.000      1.000      0.000      0.000      0.000     -0.500      1.000      0.000      0.000      0.000      0.000 94574815
     3.000      2.000      1.010     -0.897     -0.158     -0.044      0.253      1.686      0.500     -0.259      0.275      0.255     -0.227     -0.040     -0.011      0.426      0.126     -0.065      0.070      0.126      0.000      1.000      0.000      0.000      0.000      0.500      0.000      0.000      0.000      0.000      0.000 94574896
     3.000      2.000     -0.089      2.118      0.311      0.820     -1.025     -2.481      0.500      0.164      2.275      0.092     -2.172     -0.319     -0.841      2.544     -0.513     -0.168     -2.333     -0.513      0.000      1.000      0.000      0.000      0.000      0.500      0.000      0.000      0.000      0.000      0.000 94575029
     3.000      2.000     -0.089      0.414     -0.832     -0.728      0.750      2.436      0.500          *      0.275     -0.067      0.311     -0.624     -0.546      1.826      0.375          *      0.206      0.375      0.000      1.000      0.000      0.000      0.000      0.500      0.000      0.000      0.000      0.000      0.000 94575151
     3.000      1.000      0.075     -0.897     -0.163     -0.883      0.867     -0.647      0.500     -1.124     -0.725      0.065     -0.778     -0.141     -0.765     -0.561      0.434     -0.975     -0.628     -0.434      0.000      1.000      0.000      0.000      0.000     -0.500      0.000      1.000      0.000      0.000      0.000 94575228
     1.000      1.000      0.365      0.383      1.220      0.304     -1.306      0.686     -0.500          *      0.275     -0.477     -0.500     -1.593     -0.397     -0.896      0.653          *     -0.360      0.653      0.000      1.000      0.000      0.000      0.000     -0.500      0.000      1.000      0.000      1.000      0.000 94575280
     2.000      0.000     -0.314      1.445     -0.135     -1.652     -1.346     -0.897     -0.500      0.804      2.275      0.423     -1.944      0.182      2.223      1.208      0.673     -1.082     -3.063     -0.673      0.000      1.000      0.000      0.000      0.000      0.500      1.000      0.000      0.000      0.000      1.000 94575397
     3.000      2.000      0.134     -0.897      0.311      1.098      0.798     -0.397      0.500     -0.259          *      0.107     -0.716      0.248      0.876     -0.317      0.399     -0.207          *     -0.399      0.000      1.000      0.000      0.000      0.000     -0.500      0.000      0.000      0.000      0.000      0.000 94575425
     3.000      1.000      0.541     -0.897      0.785      1.098     -0.807      3.686      0.500     -0.901     -0.725     -0.437      0.724     -0.634     -0.887     -2.976     -0.404      0.727      0.585     -0.404      0.000      1.000      0.000      0.000      0.000      0.500      0.000      1.000      0.000      0.000      0.000 94575525
     3.000      2.000      1.010     -0.312      1.702     -0.069     -1.513     -1.481      0.500      0.728      0.275     -1.529      0.472     -2.576      0.105      2.240     -0.757     -1.102     -0.417     -0.757      0.000      1.000      0.000      0.000      0.000      0.500      0.000      0.000      0.000      0.000      0.000 94575940
     3.000      2.000     -1.370     -0.559     -2.487      0.820     -0.480     -1.647     -0.500          *     -0.225      0.658      0.268      1.194     -0.394      0.791      0.240          *      0.108      0.240      0.000      1.000      0.000      0.000      0.000     -0.500      0.000      0.000      0.000      0.000      0.000 94575947
     1.000      0.000     -1.794      0.023     -0.130     -0.330      0.325      2.436     -0.500      0.015     -0.725     -0.583      0.007     -0.042     -0.107      0.791     -0.162      0.005     -0.235      0.162      0.000      1.000      0.000      0.000      0.000      0.500      1.000      0.000      0.000      1.000      0.000 94575949
     3.000      0.000      0.308     -0.897      0.522     -0.502      1.140     -1.064     -0.500          *      1.275      0.351     -1.023      0.595     -0.572     -1.213     -0.570          *      1.454     -0.570      0.000      1.000      0.000      0.000      0.000     -0.500      1.000      0.000      0.000      0.000      0.000 94575978
     3.000      1.000     -0.365     -0.231      1.224     -0.739     -1.171      1.269      0.500     -0.901      1.275      0.428      0.270     -1.433      0.866     -1.487     -0.586      1.055     -1.494     -0.586      0.000      1.000      0.000      0.000      0.000      0.500      0.000      1.000      0.000      0.000      0.000 94575985
     3.000      1.000      1.010     -0.284     -1.305     -0.092      0.964     -0.064     -0.500      0.986      1.275      0.974     -0.274     -1.258     -0.089     -0.062     -0.482      0.951      1.229      0.482      0.000      1.000      0.000      0.000      0.000      0.500      0.000      1.000      0.000      0.000      0.000 94575991
     3.000      2.000      1.045     -0.897      0.790     -0.307     -0.369     -0.147     -0.500      0.510     -0.725     -0.386      0.331     -0.291      0.113      0.054      0.184     -0.188      0.267      0.184      0.000      1.000      0.000      0.000      0.000     -0.500      0.000      0.000      0.000      0.000      0.000 94576294
     3.000      0.000     -3.785      0.129     -0.654      0.304      1.787      1.936      0.500     -0.901      0.275     -6.763      0.231     -1.168      0.543      3.460      0.894     -1.610      0.492      0.894      0.000      0.000      0.000      1.000      1.000      0.500      1.000      0.000      0.000      0.000      0.000 94577084
     3.000      0.000     -0.305      0.743     -1.057     -0.766      0.343      0.769      0.500      0.164     -0.725     -0.105      0.255     -0.363     -0.263      0.264      0.172      0.056     -0.249      0.172      0.000      1.000      0.000      0.000      0.000      0.500      1.000      0.000      0.000      0.000      0.000 94577264
     3.000      2.000     -0.089      2.703     -0.144     -0.330     -0.247      1.353     -0.500          *      0.275      0.022     -0.668      0.036      0.082     -0.334      0.123          *     -0.068     -0.123      0.000      1.000      0.000      0.000      0.000      0.500      0.000      0.000      0.000      0.000      0.000 94577365
     3.000      2.000     -0.089      1.966     -1.344      0.169     -0.085     -0.564      0.500     -0.370     -0.725      0.008     -0.168      0.115     -0.014      0.048     -0.043      0.032      0.062     -0.043      0.000      1.000      0.000      0.000      0.000      0.500      0.000      0.000      0.000      0.000      0.000 94578006
     3.000      2.000      1.010     -0.312      1.028      0.820      0.125      1.853      0.500      0.380      0.275      0.126     -0.039      0.128      0.103      0.232      0.062      0.048      0.034      0.062      0.000      1.000      0.000      0.000      0.000      0.500      0.000      0.000      0.000      0.000      0.000 94578101
     3.000      0.000      0.441      0.054     -0.159      0.582     -0.110     -0.564     -0.500      0.380      0.275     -0.048     -0.006      0.017     -0.064      0.062      0.055     -0.042     -0.030      0.055      0.000      1.000      0.000      0.000      0.000     -0.500      1.000      0.000      0.000      0.000      0.000 94578216
     3.000      1.000     -4.471     -0.284      0.581      1.098      1.354      1.769      0.500          *          *     -6.055     -0.385      0.787      1.487      2.396      0.677          *          *      0.677      0.000      1.000      0.000      0.000      0.000      0.500      0.000      1.000      0.000      0.000      0.000 94578410
     3.000      1.000     -0.384     -0.897      0.097      0.582     -1.710      0.103      0.500     -0.431      1.275      0.657      1.534     -0.167     -0.996     -0.176     -0.855      0.737     -2.181     -0.855      0.000      1.000      0.000      0.000      0.000      0.500      0.000      1.000      0.000      0.000      0.000 94578780
     3.000      2.000     -2.019     -0.177     -0.614      0.193      0.439      1.103      0.500          *     -1.725     -0.886     -0.078     -0.269      0.085      0.484      0.219          *     -0.757      0.219      0.000      1.000      0.000      0.000      0.000      0.500      0.000      0.000      0.000      0.000      0.000 94578804
     3.000      1.000     -3.100     -0.897     -1.566     -0.347      0.495      3.436      0.500          *      1.275     -1.535     -0.444     -0.775     -0.172      1.701      0.248          *      0.632      0.248      0.000      1.000      0.000      0.000      0.000      0.500      0.000      1.000      0.000      0.000      0.000 94578881
     1.000      2.000      0.121     -0.897      1.943      0.820     -0.031      1.019      0.500      0.625     -0.725     -0.004      0.028     -0.060     -0.025     -0.032     -0.015     -0.019      0.022      0.015      0.000      1.000      0.000      0.000      0.000     -0.500      0.000      0.000      0.000      1.000      0.000 94578903
     3.000      1.000      0.308      0.858      0.084      1.336     -0.040     -0.397     -0.500          *      0.275     -0.012     -0.034     -0.003     -0.053      0.016      0.020          *     -0.011      0.020      0.000      1.000      0.000      0.000      0.000     -0.500      0.000      1.000      0.000      0.000      0.000 94578966
     3.000      1.000      0.550     -0.897     -1.807     -1.973     -1.691      0.103      0.500          *      1.275     -0.931      1.517      3.055      3.336     -0.174     -0.845          *     -2.156     -0.845      0.000      1.000      0.000      0.000      0.000      0.500      0.000      1.000      0.000      0.000      0.000 94578967
     3.000      2.000     -0.558      2.273     -1.346     -0.052      0.457      0.936     -0.500      0.840      2.275     -0.255      1.038     -0.615     -0.024      0.427     -0.228      0.383      1.039      0.228      0.000      1.000      0.000      0.000      0.000      0.500      0.000      0.000      0.000      0.000      0.000 94578984
     3.000      1.000     -3.511      1.441     -2.296      1.098     -0.054     -0.064     -0.500      0.625      0.275      0.190     -0.078      0.124     -0.059      0.003      0.027     -0.034     -0.015      0.027      0.000      1.000      0.000      0.000      0.000     -0.500      0.000      1.000      0.000      0.000      0.000 94579230
     3.000      1.000      1.045     -0.252      1.465      0.582     -1.166      2.353     -0.500          *     -0.725     -1.219      0.294     -1.709     -0.679     -2.744      0.583          *      0.845      0.583      0.000      1.000      0.000      0.000      0.000     -0.500      0.000      1.000      0.000      0.000      0.000 94579232
     1.000      0.000      0.502     -0.312      0.764      0.066     -0.930      0.269     -0.500     -0.495      0.275     -0.467      0.290     -0.710     -0.062     -0.250      0.465      0.461     -0.256      0.465      0.000      1.000      0.000      0.000      0.000     -0.500      1.000      0.000      0.000      1.000      0.000 94579939
     3.000      2.000      0.817      0.023     -2.219      0.542     -0.774     -0.647      0.500      0.164      1.275     -0.632     -0.017      1.717     -0.419      0.501     -0.387     -0.127     -0.987     -0.387      0.000      1.000      1.000      0.000      0.000      0.500      0.000      0.000      0.000      0.000      0.000 94606120
     1.000      0.000      0.147     -0.312     -0.380      0.066     -0.028     -2.981     -0.500      0.971      0.275     -0.004      0.009      0.011     -0.002      0.085      0.014     -0.028     -0.008      0.014      0.000      1.000      0.000      0.000      0.000     -0.500      1.000      0.000      0.000      1.000      0.000 94619164
     3.000      1.000      0.705     -0.220      0.562      1.098      0.074     -3.481     -0.500      0.164      0.275      0.052     -0.016      0.042      0.082     -0.259     -0.037      0.012      0.020     -0.037      0.000      1.000      0.000      0.000      0.000     -0.500      0.000      1.000      0.000      0.000      0.000 94710384
     3.000      0.000     -1.836     -0.537     -2.725      0.424      0.322     -1.314     -0.500     -0.901     -0.725     -0.591     -0.173     -0.877      0.136     -0.423     -0.161     -0.290     -0.233     -0.161      0.000      1.000      0.000      0.000      0.000     -0.500      1.000      0.000      0.000      0.000      0.000 94710939
     1.000      0.000      0.174     -0.312     -0.158      0.820     -0.067     -1.897     -0.500      0.380      1.275     -0.012      0.021      0.011     -0.055      0.128      0.034     -0.026     -0.086      0.034      0.000      1.000      0.000      0.000      0.000     -0.500      1.000      0.000      0.000      1.000      0.000 94710974
     1.000      0.000      0.075     -0.312     -1.776     -0.545      0.343     -1.564     -0.500          *      0.275      0.026     -0.107     -0.608     -0.187     -0.536     -0.171          *      0.094     -0.171      0.000      1.000      0.000      0.000      1.000     -0.500      1.000      0.000      0.000      1.000      0.000 94711170
     3.000      2.000      0.358     -0.312      0.544      1.336     -0.036     -2.897     -0.500      0.055          *     -0.013      0.011     -0.020     -0.048      0.105      0.018     -0.002          *      0.018      0.000      1.000      0.000      0.000      0.000     -0.500      0.000      0.000      0.000      0.000      0.000 94711972
     0.000      0.000      1.010      0.273     -0.860      0.582      1.073     -2.814     -0.500      0.380      0.275      1.084      0.293     -0.923      0.625     -3.019     -0.537      0.408      0.296      0.537      0.000      1.000      0.000      0.000      0.000      0.500      1.000      0.000      1.000      0.000      0.000 94712975
     3.000      2.000     -0.076      0.108     -0.381     -0.052     -0.703     -1.314     -0.500     -0.495     -0.225      0.053     -0.076      0.268      0.037      0.924      0.352      0.348      0.158      0.352      0.000      1.000      0.000      0.000      0.000     -0.500      0.000      0.000      0.000      0.000      0.000 94713133
     3.000      1.000      1.045     -0.897      0.785     -0.223     -0.255     -0.647      0.500      0.510     -1.225     -0.267      0.229     -0.200      0.057      0.165     -0.128     -0.130      0.313      0.128      0.000      1.000      0.000      0.000      0.000     -0.500      0.000      1.000      0.000      0.000      0.000 94713301
     3.000      2.000      0.351     -0.897      1.242      0.304     -0.408     -0.397     -0.500     -0.806     -0.725     -0.143      0.366     -0.507     -0.124      0.162      0.204      0.329      0.296     -0.204      0.000      1.000      0.000      0.000      0.000      0.500      0.000      0.000      0.000      0.000      0.000 94714091
     1.000      0.000     -1.202     -0.897     -0.167      0.264      0.072     -2.314      0.500     -0.639     -0.725     -0.086     -0.065     -0.012      0.019     -0.166      0.036     -0.046     -0.052     -0.036      0.000      1.000      0.000      0.000      0.000     -0.500      1.000      0.000      0.000      1.000      0.000 94714099
     2.000      2.000      0.570     -0.312     -0.390      0.582      1.222     -2.981     -0.500     -0.719     -0.725      0.696     -0.381     -0.477      0.711     -3.642     -0.611     -0.878     -0.885      0.611      0.000      1.000      0.000      0.000      0.000      0.500      0.000      0.000      0.000      0.000      1.000 94714117
     3.000      0.000      0.923      2.252      0.544      0.860      0.454          *     -0.500      0.688     -0.725      0.419      1.022      0.247      0.390          *     -0.227      0.312     -0.329     -0.227      0.000      1.000      0.000      0.000      0.000     -0.500      1.000      0.000      0.000      0.000      0.000 94714292
     3.000      1.000      0.155     -0.897      1.461     -1.571      0.078     -3.147      0.500     -0.370          *      0.012     -0.070      0.113     -0.122     -0.244      0.039     -0.029          *      0.039      0.000      1.000      0.000      0.000      0.000      0.500      0.000      1.000      0.000      0.000      0.000 94715220
     3.000      2.000      1.045      0.108      0.294      0.344      0.875     -0.231     -0.500     -0.719      1.275      0.914      0.094      0.257      0.301     -0.202     -0.437     -0.629      1.116     -0.437      0.000      1.000      0.000      0.000      0.000     -0.500      0.000      0.000      0.000      0.000      0.000 94715256
     3.000      2.000      0.421     -0.897      0.772      1.058     -1.288     -3.647      0.500      0.767      0.275     -0.542      1.156     -0.995     -1.363      4.699     -0.644     -0.988     -0.355      0.644      0.000      1.000      0.000      0.000      0.000     -0.500      0.000      0.000      0.000      0.000      0.000 94715257
     3.000      2.000      0.785      3.873     -0.836     -1.849      1.162     -1.397     -0.500          *      0.275      0.912      4.499     -0.971     -2.148     -1.623     -0.581          *      0.320      0.581      0.000      1.000      0.000      0.000      0.000      0.500      0.000      0.000      0.000      0.000      0.000 94715896
     3.000      2.000      0.119      0.026      1.255      1.098      0.108     -1.731      0.500     -2.105     -0.725      0.013      0.003      0.135      0.118     -0.186      0.054     -0.227     -0.078      0.054      0.000      1.000      0.000      0.000      0.000      0.500      0.000      0.000      0.000      0.000      0.000 94715921
     3.000      0.000      0.147     -0.559      1.233      0.542      0.548     -2.481      0.500          *      0.775      0.081     -0.306      0.675      0.297     -1.359      0.274          *      0.425     -0.274      0.000      1.000      0.000      0.000      0.000     -0.500      1.000      0.000      0.000      0.000      0.000 94716057
     3.000      1.000     -0.291      1.688     -0.145      1.336      0.523     -0.981      0.500      0.822      0.775     -0.152      0.883     -0.076      0.699     -0.513      0.262      0.430      0.406     -0.262      1.000      1.000      1.000      0.000      0.000     -0.500      0.000      1.000      0.000      0.000      0.000 94716095
     3.000      2.000      0.376     -0.559      0.308      0.472      0.750     -0.231      0.500          *      1.275      0.282     -0.419      0.231      0.354     -0.173      0.375          *      0.957      0.375      0.000      1.000      0.000      0.000      0.000      0.500      0.000      0.000      0.000      0.000      0.000 94716198
     3.000      1.000     -1.997      0.993     -0.827     -0.585     -0.936     -1.147     -0.500      0.055      1.275      1.871     -0.930      0.775      0.548      1.074      0.468     -0.051     -1.194     -0.468      0.000      1.000      0.000      0.000      0.000      0.500      0.000      1.000      0.000      0.000      0.000 94716290
     3.000      1.000     -0.319     -0.312     -0.390      1.098      0.502     -1.564      0.500      1.307      0.775     -0.160     -0.157     -0.196      0.551     -0.785      0.251      0.656      0.389     -0.251      0.000      1.000      0.000      0.000      0.000     -0.500      0.000      1.000      0.000      0.000      0.000 94716895
     3.000      0.000     -0.539      0.027      0.330      1.336     -1.060      0.769     -0.500          *     -0.725      0.572     -0.029     -0.350     -1.417     -0.816      0.530          *      0.768     -0.530      0.000      1.000      0.000      0.000      0.000      0.500      1.000      0.000      0.000      0.000      0.000 94717262
     3.000      0.000      0.075     -0.284      0.777      0.758      1.799     -3.231     -0.500     -1.412          *      0.135     -0.511      1.398      1.363     -5.812     -0.900     -2.540          *     -0.900      0.000      1.000      0.000      0.000      0.000     -0.500      1.000      0.000      0.000      0.000      0.000 94717862
     3.000      1.000     -0.089     -0.897      0.544      0.623      0.951     -0.897      0.500          *      0.275     -0.085     -0.853      0.517      0.592     -0.853      0.475          *      0.262      0.475      0.000      1.000      0.000      0.000      0.000      0.500      0.000      1.000      0.000      0.000      0.000 94718180
     3.000      1.000     -1.560     -0.897      0.570      1.336     -1.097     -1.481     -0.500     -0.495     -0.725      1.711      0.984     -0.625     -1.466      1.624      0.548      0.543      0.795     -0.548      0.000      1.000      0.000      0.000      0.000      0.500      0.000      1.000      0.000      0.000      0.000 94718209
     3.000      1.000      0.766      0.086     -1.092      0.304     -1.409     -0.647      0.500          *     -0.725     -1.079     -0.121      1.538     -0.428      0.912     -0.704          *      1.021     -0.704      0.000      1.000      0.000      0.000      0.000      0.500      0.000      1.000      0.000      0.000      0.000 94718284
     1.000      2.000      0.071     -0.861      0.785      1.098      1.583     -2.397      0.500          *      1.275      0.113     -1.363      1.243      1.738     -3.794      0.791          *      2.019     -0.791      0.000      1.000      0.000      0.000      0.000     -0.500      0.000      0.000      0.000      1.000      0.000 94718485
     3.000      0.000      0.326     -0.312      0.093      1.058      0.678     -2.314     -0.500     -0.159     -0.725      0.221     -0.212      0.063      0.717     -1.569     -0.339     -0.108     -0.491      0.339      0.000      1.000      0.000      0.000      0.000      0.500      1.000      0.000      0.000      0.000      0.000 94718486
     3.000      0.000      1.010     -0.312      0.330      1.336     -0.415     -1.814     -0.500      0.293      2.275     -0.419      0.130     -0.137     -0.555      0.753      0.208     -0.122     -0.944     -0.208      0.000      1.000      0.000      0.000      0.000      0.500      1.000      0.000      0.000      0.000      0.000 94719935
     3.000      1.000      0.458     -0.897     -1.562     -0.153     -0.488     -2.647      0.500     -0.025      1.775     -0.224      0.438      0.763      0.075      1.293     -0.244      0.012     -0.867      0.244      0.000      1.000      0.000      0.000      0.000     -0.500      0.000      1.000      0.000      0.000      0.000 94719938
     3.000      2.000          *     -0.897      0.544      1.163      1.408     -2.647     -0.500          *          *          *     -1.263      0.766      1.638     -3.728     -0.704          *          *     -0.704      0.000      1.000      0.000      0.000      0.000     -0.500      0.000      0.000      0.000      0.000      0.000 94723908
     1.000      0.000     -0.089     -0.897     -0.856     -0.223      1.183      1.269      0.500     -0.806      0.275     -0.106     -1.061     -1.013     -0.264      1.502      0.592     -0.953      0.326      0.592      0.000      1.000      0.000      0.000      0.000      0.500      1.000      0.000      0.000      1.000      0.000 95500538
     3.000      0.000          *     -0.220     -0.361     -1.195      1.129      2.353      0.500          *          *          *     -0.249     -0.407     -1.348      2.655      0.564          *          *     -0.564      0.000      1.000      0.000      0.000      0.000     -0.500      1.000      0.000      0.000      0.000      0.000 95504290
     3.000      1.000      0.794      0.393      1.018      0.542      1.418      0.603      0.500      1.441     -1.725      1.125      0.557      1.444      0.768      0.854      0.709      2.043     -2.445     -0.709      0.000      1.000      0.000      0.000      0.000     -0.500      0.000      1.000      0.000      0.000      0.000 95504608
     3.000      2.000      0.561     -0.897      0.317      0.820     -1.538      0.019      0.500      0.728      1.275     -0.863      1.380     -0.487     -1.262     -0.030     -0.769     -1.121     -1.962      0.769      0.000      1.000      0.000      0.000      0.000     -0.500      0.000      0.000      0.000      0.000      0.000 95504707
     3.000      0.000      0.300      1.359     -0.887     -1.339      0.707      0.686      0.500      1.059     -0.725      0.212      0.961     -0.627     -0.947      0.485      0.353      0.749     -0.512      0.353      0.000      1.000      0.000      0.000      0.000      0.500      1.000      0.000      0.000      0.000      0.000 95506392
     3.000      0.000     -0.697      0.436     -0.399      0.223     -1.716      0.436     -0.500      1.307      1.275      1.197     -0.748      0.685     -0.383     -0.748      0.858     -2.243     -2.189     -0.858      0.000      1.000      0.000      0.000      0.000      0.500      1.000      0.000      0.000      0.000      0.000 95506395
     3.000      2.000      0.601     -0.897     -0.846      0.304     -0.062      0.769     -0.500          *     -0.725     -0.038      0.056      0.053     -0.019     -0.048      0.031          *      0.045     -0.031      0.000      1.000      0.000      0.000      0.000      0.500      0.000      0.000      0.000      0.000      0.000 95506798
     3.000      2.000     -0.802     -0.897      0.775     -0.568     -0.248      1.519      0.500          *          *      0.199      0.223     -0.192      0.141     -0.377     -0.124          *          *      0.124      0.000      1.000      0.000      0.000      0.000     -0.500      0.000      0.000      0.000      0.000      0.000 95506898
     3.000      1.000     -0.089     -0.897     -1.704     -0.545     -0.261      1.269      0.500     -0.025      0.275      0.023      0.234      0.445      0.142     -0.331     -0.131      0.007     -0.072     -0.131      0.000      1.000      0.000      0.000      0.000      0.500      0.000      1.000      0.000      0.000      0.000 95508161
     1.000      0.000      1.045      0.978     -1.574      0.582      1.195      2.103     -0.500          *      1.275      1.249      1.169     -1.881      0.696      2.513     -0.598          *      1.524     -0.598      0.000      1.000      0.000      0.000      0.000     -0.500      1.000      0.000      0.000      1.000      0.000 95508323
     3.000      1.000      1.010     -0.559     -1.562     -2.947     -0.914      0.103      0.500          *     -1.725     -0.923      0.511      1.427      2.693     -0.094     -0.457          *      1.576     -0.457      0.000      1.000      0.000      0.000      0.000      0.500      0.000      1.000      0.000      0.000      0.000 95508384
     3.000      1.000      0.933     -0.591      0.075      0.582     -1.648      1.186      0.500      1.059          *     -1.537      0.973     -0.124     -0.959     -1.954     -0.824     -1.745          *      0.824      0.000      1.000      0.000      0.000      0.000     -0.500      0.000      1.000      0.000      0.000      0.000 95508624
     1.000      0.000      1.010      0.721      1.943      0.860      0.347      2.353     -0.500          *      1.275      0.350      0.250      0.674      0.298      0.816     -0.173          *      0.442      0.173      0.000      1.000      0.000      0.000      0.000      0.500      1.000      0.000      0.000      1.000      0.000 95508734
     3.000      2.000     -0.338      0.743     -1.316      1.098     -0.014     -0.231      0.500     -0.025      0.275      0.005     -0.011      0.019     -0.016      0.003     -0.007      0.000     -0.004     -0.007      0.000      1.000      0.000      0.000      0.000      0.500      0.000      0.000      0.000      0.000      0.000 95508826
     3.000      0.000      0.817      2.343      0.333     -0.528      0.294     -0.814      0.500     -1.412          *      0.240      0.689      0.098     -0.155     -0.239      0.147     -0.415          *      0.147      0.000      1.000      0.000      0.000      0.000      0.500      1.000      0.000      0.000      0.000      0.000 95508925
     3.000      1.000      1.010      1.021     -1.052     -0.330      3.067      1.936      0.500          *     -2.725      3.098      3.131     -3.227     -1.012      5.937      1.533          *     -8.355      1.533      0.000      1.000      0.000      0.000      0.000      0.500      0.000      1.000      0.000      0.000      0.000 95508980
     3.000      1.000     -2.263      1.165     -1.549     -0.620      0.473     -0.564     -0.500          *     -1.225     -1.071      0.551     -0.733     -0.293     -0.267     -0.237          *     -0.580     -0.237      1.000      0.000      0.000      0.000      1.000     -0.500      0.000      1.000      0.000      0.000      0.000 95540056
     3.000      0.000     -0.771     -0.231      1.702     -3.295      1.035      0.436      0.500      0.231     -1.225     -0.797     -0.239      1.761     -3.409      0.451      0.517      0.239     -1.267     -0.517      0.000      1.000      0.000      0.000      0.000     -0.500      1.000      0.000      0.000      0.000      0.000 95540215
     1.000      1.000      1.010          *      0.330     -0.588     -1.622      1.436      0.500      1.191      0.775     -1.639          *     -0.535      0.955     -2.330     -0.811     -1.932     -1.258     -0.811      0.000      1.000      0.000      0.000      0.000      0.500      0.000      1.000      0.000      1.000      0.000 95540910
     3.000      2.000      0.380     -0.252     -0.398      0.582     -0.183     -0.397      0.500      0.485     -0.725     -0.069      0.046      0.073     -0.106      0.073     -0.091     -0.089      0.132     -0.091      0.000      1.000      0.000      0.000      0.000      0.500      0.000      0.000      0.000      0.000      0.000 95546997
     3.000      1.000      0.075      2.036          *      0.186      0.366      0.519     -0.500     -0.370     -2.725      0.028      0.745          *      0.068      0.190     -0.183     -0.135     -0.997     -0.183      1.000      0.000      0.000      0.000      1.000     -0.500      0.000      1.000      0.000      0.000      0.000 95570450
     3.000      1.000     -0.335     -0.312     -0.166      0.472      1.149      1.936      0.500          *      0.275     -0.385     -0.358     -0.191      0.542      2.224      0.574          *      0.316      0.574      0.000      1.000      0.000      0.000      0.000      0.500      0.000      1.000      0.000      0.000      0.000 95570480
     3.000      1.000      1.010     -0.284     -0.631     -0.044      0.434      0.936      0.500      0.231      1.275      0.439     -0.123     -0.274     -0.019      0.407      0.217      0.100      0.554      0.217      0.000      1.000      0.000      0.000      0.000      0.500      0.000      1.000      0.000      0.000      0.000 95570588
     3.000      2.000     -2.479     -0.897      0.540      0.066      0.890     -1.147      0.500      1.307      0.275     -2.206     -0.798      0.481      0.059     -1.021      0.445      1.164      0.245      0.445      0.000      1.000      0.000      0.000      0.000      0.500      0.000      0.000      0.000      0.000      0.000 95570621
     3.000      2.000      0.111     -0.897      0.539      0.702     -0.011     -0.981     -0.500     -0.259     -2.725     -0.001      0.009     -0.006     -0.007      0.010      0.005      0.003      0.029     -0.005      1.000      0.000      0.000      0.000      1.000      0.500      0.000      0.000      0.000      0.000      0.000 95570852
     3.000      2.000      0.136     -0.891          *     -0.330      0.342      3.853     -0.500          *      0.275      0.046     -0.304          *     -0.113      1.317     -0.171          *      0.094      0.171      0.000      1.000      0.000      0.000      0.000      0.500      0.000      0.000      0.000      0.000      0.000 95571077
     3.000      0.000     -0.089      1.873     -0.681     -0.370      0.088      1.519      0.500     -0.901     -1.725     -0.008      0.165     -0.060     -0.033      0.134      0.044     -0.080     -0.152      0.044      0.000      1.000      0.000      0.000      0.000      0.500      1.000      0.000      0.000      0.000      0.000 95571272
     0.000      0.000      0.783      1.698     -2.018      0.431     -0.618     -0.231      0.500          *      0.275     -0.484     -1.050      1.248     -0.267      0.143     -0.309          *     -0.170     -0.309      0.000      1.000      1.000      0.000      0.000      0.500      1.000      0.000      1.000      0.000      0.000 95571873
     3.000      1.000     -2.029      1.091     -0.411      1.058      0.004      2.769     -0.500          *      2.275     -0.009      0.005     -0.002      0.004      0.012     -0.002          *      0.010     -0.002      0.000      1.000      0.000      0.000      0.000     -0.500      0.000      1.000      0.000      0.000      0.000 95571877
     3.000      2.000      1.045      0.633      0.320      0.582      0.855      1.436      0.500      0.323      0.275      0.894      0.541      0.274      0.498      1.228      0.428      0.276      0.236     -0.428      0.000      1.000      0.000      0.000      0.000     -0.500      0.000      0.000      0.000      0.000      0.000 95572279
     3.000      1.000      1.045     -0.897      1.246      0.344      0.427     -1.147     -0.500      0.625     -0.725      0.446     -0.383      0.532      0.147     -0.490     -0.213      0.267     -0.309     -0.213      0.000      1.000      0.000      0.000      0.000     -0.500      0.000      1.000      0.000      0.000      0.000 95573039
     3.000      1.000      1.010     -0.897      1.943      1.336      0.880      0.436     -0.500     -3.203     -1.725      0.889     -0.790      1.711      1.176      0.384     -0.440     -2.820     -1.518      0.440      0.000      1.000      0.000      0.000      0.000      0.500      0.000      1.000      0.000      0.000      0.000 95573320
     3.000      1.000     -0.748      2.611          *      0.186     -0.417      0.353      0.500     -1.006     -0.725      0.312     -1.090          *     -0.078     -0.147     -0.209      0.420      0.302     -0.209      0.000      1.000      0.000      0.000      0.000      0.500      0.000      1.000      0.000      0.000      0.000 95574118
     2.000      0.000     -0.037      2.118     -1.134      0.860     -0.435      0.353     -0.500     -0.806     -1.725      0.016     -0.922      0.494     -0.375     -0.154      0.218      0.351      0.751     -0.218      0.000      1.000      0.000      0.000      0.000      0.500      1.000      0.000      0.000      0.000      1.000 95574212
     1.000      2.000     -1.582      0.108     -1.779     -1.124      0.887      2.019      0.500          *      0.775     -1.404      0.096     -1.578     -0.997      1.792      0.444          *      0.688     -0.444      0.000      1.000      0.000      0.000      0.000     -0.500      0.000      0.000      0.000      1.000      0.000 95574305
     2.000      0.000     -2.811      3.873     -0.868     -0.608      0.046     -1.147     -0.500      0.293      1.275     -0.129      0.178     -0.040     -0.028     -0.053     -0.023      0.013      0.059      0.023      0.000      1.000      0.000      0.000      0.000      0.500      1.000      0.000      0.000      0.000      1.000 95574317
     1.000      0.000      0.573     -0.897      0.321      1.098      1.164     -1.314     -0.500      0.055      0.275      0.667     -1.045      0.374      1.279     -1.530     -0.582      0.064      0.321      0.582      0.000      1.000      0.000      0.000      0.000      0.500      1.000      0.000      0.000      1.000      0.000 95574437
     1.000      2.000      1.010     -0.897      1.232      1.336     -1.158      0.936     -0.500      0.728      2.275     -1.170      1.039     -1.427     -1.547     -1.084      0.579     -0.843     -2.635     -0.579      0.000      1.000      0.000      0.000      0.000      0.500      0.000      0.000      0.000      1.000      0.000 95574606
     3.000      2.000     -3.536      0.774     -2.250     -0.806      2.807     -0.064      0.500      0.164      1.275     -9.926      2.174     -6.316     -2.262     -0.180      1.404      0.460      3.581      1.404      0.000      1.000      0.000      0.000      0.000      0.500      0.000      0.000      0.000      0.000      0.000 95574733
     3.000      2.000      0.024     -0.231      0.530     -0.568     -0.078      1.686     -0.500      0.728      0.275     -0.002      0.018     -0.041      0.044     -0.132      0.039     -0.057     -0.022      0.039      0.000      1.000      0.000      0.000      0.000     -0.500      0.000      0.000      0.000      0.000      0.000 95575021
     3.000      1.000     -1.156      0.414      1.228     -0.568      1.471      1.103      0.500          *     -1.725     -1.701      0.609      1.806     -0.835      1.622      0.735          *     -2.536     -0.735      0.000      1.000      0.000      0.000      0.000     -0.500      0.000      1.000      0.000      0.000      0.000 95575026
     3.000      1.000      0.661      0.753     -0.171     -0.231     -1.034      0.519     -0.500          *     -0.725     -0.683     -0.778      0.177      0.239     -0.537      0.517          *      0.749      0.517      1.000      0.000      0.000      0.000      0.000     -0.500      0.000      1.000      0.000      0.000      0.000 95575222
     3.000      1.000     -1.485     -0.897      0.311     -0.944      0.769      0.853      0.500     -1.124     -1.725     -1.143     -0.690      0.240     -0.727      0.656      0.385     -0.865     -1.327     -0.385      0.000      1.000      0.000      0.000      0.000     -0.500      0.000      1.000      0.000      0.000      0.000 95575223
     3.000      1.000      0.594     -0.897      0.764     -0.223     -2.355      2.436      0.500      1.059      2.275     -1.399      2.113     -1.800      0.526     -5.738     -1.178     -2.495     -5.360      1.178      0.000      1.000      0.000      0.000      0.000     -0.500      0.000      1.000      0.000      0.000      0.000 95575240
     3.000      1.000     -0.428     -0.861      0.544      0.107     -0.295      2.936      0.500     -0.068     -0.225      0.126      0.254     -0.160     -0.031     -0.865     -0.147      0.020      0.066      0.147      0.000      1.000      0.000      0.000      0.000     -0.500      0.000      1.000      0.000      0.000      0.000 95575350
     3.000      0.000      0.748      2.118     -0.555      0.582     -0.092      1.186     -0.500          *     -0.725     -0.069     -0.196      0.051     -0.054     -0.110      0.046          *      0.067      0.046      0.000      1.000      0.000      0.000      0.000     -0.500      1.000      0.000      0.000      0.000      0.000 95575357
     3.000      2.000     -0.096      0.023      0.334      1.336      0.465     -1.064      0.500     -0.112      0.275     -0.045      0.011      0.156      0.622     -0.495      0.233     -0.052      0.128     -0.233      0.000      1.000      0.000      0.000      0.000     -0.500      0.000      0.000      0.000      0.000      0.000 95575945
     3.000      1.000     -1.134     -0.897     -0.610     -1.263     -1.168      1.686     -0.500          *      0.275      1.324      1.048      0.712      1.475     -1.969      0.584          *     -0.322      0.584      0.000      1.000      0.000      0.000      0.000     -0.500      0.000      1.000      0.000      0.000      0.000 95576398
     3.000      1.000     -0.527     -0.897     -0.386     -0.044      1.645      2.603     -0.500          *      2.275     -0.866     -1.476     -0.635     -0.073      4.282     -0.823          *      3.743      0.823      0.000      1.000      0.000      0.000      0.000      0.500      0.000      1.000      0.000      0.000      0.000 95576890
     3.000      2.000     -3.256      0.414      0.308     -1.076     -1.203     -0.564      0.500      0.907      2.275      3.918     -0.499     -0.371      1.295      0.679     -0.602     -1.092     -2.738      0.602      0.000      1.000      0.000      0.000      0.000     -0.500      0.000      0.000      0.000      0.000      0.000 95577221
     3.000      2.000     -0.593     -0.897     -0.153     -0.044      1.496     -0.231      0.500      1.412      1.275     -0.887     -1.343     -0.229     -0.066     -0.345      0.748      2.113      1.909     -0.748      0.000      1.000      0.000      0.000      0.000     -0.500      0.000      0.000      0.000      0.000      0.000 95577226
     3.000      1.000      1.045     -0.897      0.799     -0.461     -0.768      1.353      0.500      0.625      1.275     -0.803      0.689     -0.614      0.354     -1.039     -0.384     -0.480     -0.979      0.384      0.000      1.000      0.000      0.000      0.000     -0.500      0.000      1.000      0.000      0.000      0.000 95577324
     0.000      2.000      1.010      1.553     -0.145     -1.076      0.108     -1.981     -0.500      0.625      2.275      0.109      0.168     -0.016     -0.116     -0.214     -0.054      0.068      0.246      0.054      0.000      1.000      0.000      0.000      0.000      0.500      0.000      0.000      1.000      0.000      0.000 95577325
     3.000      1.000      1.045     -0.897      0.778      0.860      0.401      1.269     -0.500      0.231     -0.725      0.419     -0.360      0.312      0.345      0.509     -0.200      0.092     -0.290     -0.200      0.000      1.000      0.000      0.000      0.000     -0.500      0.000      1.000      0.000      0.000      0.000 95577364
     3.000      1.000     -1.147     -0.231      1.000     -0.469      0.348      0.519      0.500          *      2.275     -0.399     -0.080      0.348     -0.163      0.181      0.174          *      0.791     -0.174      0.000      1.000      0.000      0.000      0.000     -0.500      0.000      1.000      0.000      0.000      0.000 95577862
     3.000      0.000      1.045     -0.897      1.250      0.623     -1.359      2.103     -0.500          *     -1.725     -1.421      1.220     -1.699     -0.846     -2.858      0.680          *      2.344      0.680      0.000      1.000      0.000      0.000      0.000     -0.500      1.000      0.000      0.000      0.000      0.000 95577968
     1.000      2.000      0.447      1.666     -0.619      0.304     -0.106      0.853     -0.500      0.510     -0.725     -0.048     -0.177      0.066     -0.032     -0.091      0.053     -0.054      0.077      0.053      0.000      1.000      0.000      0.000      0.000     -0.500      0.000      0.000      0.000      1.000      0.000 95578006
     3.000      2.000      1.010     -0.897     -0.136      1.098     -0.110      1.353     -0.500          *     -0.725     -0.111      0.099      0.015     -0.121     -0.149      0.055          *      0.080     -0.055      0.000      1.000      0.000      0.000      0.000      0.500      0.000      0.000      0.000      0.000      0.000 95578083
     3.000      1.000      0.541     -0.665     -0.421      0.780     -0.312      2.186     -0.500          *      0.275     -0.169      0.207      0.131     -0.243     -0.682      0.156          *     -0.086     -0.156      0.000      1.000      0.000      0.000      0.000      0.500      0.000      1.000      0.000      0.000      0.000 95578106
     3.000      2.000     -0.089      0.806      1.241      0.582     -1.392      3.019     -0.500     -1.006     -1.725      0.124     -1.122     -1.728     -0.810     -4.203      0.696      1.401      2.400     -0.696      0.000      1.000      0.000      0.000      0.000      0.500      0.000      0.000      0.000      0.000      0.000 95578109
     3.000      2.000      1.010     -0.897     -0.596     -1.450      1.565      2.853      0.500     -0.901     -1.725      1.581     -1.404     -0.934     -2.269      4.465      0.783     -1.410     -2.699      0.783      0.000      1.000      0.000      0.000      0.000      0.500      0.000      0.000      0.000      0.000      0.000 95578200
     2.000      1.000     -0.281      1.285     -0.842     -1.339     -0.669      1.603      0.500     -1.124     -0.725      0.188     -0.859      0.563      0.895     -1.071     -0.334      0.751      0.484     -0.334      0.000      1.000      0.000      0.000      0.000      0.500      0.000      1.000      0.000      0.000      1.000 95578287
     1.000      2.000      0.416     -0.284     -1.070     -0.565      0.208      2.603      0.500      2.260     -2.725      0.087     -0.059     -0.223     -0.118      0.543      0.104      0.471     -0.568     -0.104      0.000      1.000      0.000      0.000      0.000     -0.500      0.000      0.000      0.000      1.000      0.000 95578364
     3.000      1.000          *     -0.897      0.785     -0.347      0.124      1.519      0.500          *          *          *     -0.111      0.097     -0.043      0.188      0.062          *          *     -0.062      0.000      1.000      0.000      0.000      0.000     -0.500      0.000      1.000      0.000      0.000      0.000 95578380
     3.000      1.000      1.010      0.048      0.102      0.623      0.997      0.853      0.500     -0.431      1.275      1.007      0.048      0.101      0.621      0.850      0.498     -0.429      1.271      0.498      0.000      1.000      0.000      0.000      0.000      0.500      0.000      1.000      0.000      0.000      0.000 95578404
     3.000      2.000      0.197      0.753      0.558      0.193      1.599      2.186     -0.500      0.055     -0.725      0.316      1.203      0.891      0.309      3.495     -0.799      0.087     -1.158     -0.799      0.000      1.000      0.000      0.000      0.000     -0.500      0.000      0.000      0.000      0.000      0.000 95578411
     3.000      2.000     -1.833      0.108     -0.394      0.026     -0.045      0.769     -0.500          *     -2.225      0.083     -0.005      0.018     -0.001     -0.035      0.023          *      0.100      0.023      0.000      1.000      0.000      0.000      0.000     -0.500      0.000      0.000      0.000      0.000      0.000 95578434
     3.000      2.000      1.010      0.640     -1.580      1.058     -0.292      0.436     -0.500          *      1.275     -0.295     -0.187      0.461     -0.309     -0.127      0.146          *     -0.373     -0.146      0.000      1.000      0.000      0.000      0.000      0.500      0.000      0.000      0.000      0.000      0.000 95578585
     3.000      2.000      0.176      0.333     -0.845     -0.798     -1.586      1.436      0.500          *      0.275     -0.280     -0.528      1.341      1.266     -2.278     -0.793          *     -0.437      0.793      0.000      1.000      0.000      0.000      0.000     -0.500      0.000      0.000      0.000      0.000      0.000 95578586
     3.000      2.000     -0.512     -0.897     -0.175     -0.620     -0.834      1.686     -0.500          *     -0.725      0.427      0.748      0.146      0.517     -1.406      0.417          *      0.604      0.417      0.000      1.000      0.000      0.000      0.000     -0.500      0.000      0.000      0.000      0.000      0.000 95578681
     3.000      1.000     -0.065      1.200      0.317     -1.339     -0.759      0.769      0.500      0.380      0.275      0.050     -0.911     -0.241      1.017     -0.584     -0.380     -0.289     -0.209     -0.380      0.000      1.000      0.000      0.000      0.000      0.500      0.000      1.000      0.000      0.000      0.000 95578685
     3.000      1.000      0.408     -0.537     -0.377     -1.339      0.368     -1.147      0.500     -0.806     -0.725      0.150     -0.198     -0.139     -0.492     -0.422      0.184     -0.296     -0.266      0.184      0.000      1.000      0.000      0.000      0.000      0.500      0.000      1.000      0.000      0.000      0.000 95578769
     3.000      2.000      0.766     -0.231      0.316     -1.136      0.043      0.519     -0.500      0.293     -0.725      0.033     -0.010      0.014     -0.049      0.022     -0.022      0.013     -0.031      0.022      0.000      1.000      0.000      0.000      0.000      0.500      0.000      0.000      0.000      0.000      0.000 95578867
     3.000      1.000      1.010     -0.897      0.786     -0.014     -0.309      4.769     -0.500          *     -1.725     -0.312      0.277     -0.243      0.004     -1.472      0.154          *      0.532     -0.154      0.000      1.000      0.000      0.000      0.000      0.500      0.000      1.000      0.000      0.000      0.000 95578888
     3.000      0.000          *      0.721     -1.589     -0.585     -0.406      1.936     -0.500          *          *          *     -0.293      0.645      0.238     -0.786      0.203          *          *      0.203      0.000      1.000      0.000      0.000      0.000     -0.500      1.000      0.000      0.000      0.000      0.000 95578911
     1.000      0.000      0.329      2.004      0.544     -0.172      1.127      3.936     -0.500      0.015     -0.725      0.371      2.259      0.613     -0.193      4.435     -0.563      0.017     -0.816      0.563      0.000      1.000      0.000      0.000      0.000      0.500      1.000      0.000      0.000      1.000      0.000 95578939
     3.000      1.000      0.785     -0.897      0.096     -2.947     -0.145      0.769      0.500     -1.412      1.275     -0.114      0.130     -0.014      0.427     -0.112     -0.073      0.205     -0.185     -0.073      0.000      1.000      0.000      0.000      0.000      0.500      0.000      1.000      0.000      0.000      0.000 95578983
     3.000      1.000     -0.189      2.004     -1.301      0.026     -0.772     -0.064      0.500          *      1.775      0.146     -1.547      1.004     -0.020      0.049     -0.386          *     -1.371      0.386      0.000      1.000      0.000      0.000      0.000     -0.500      0.000      1.000      0.000      0.000      0.000 95579232
     3.000      2.000     -1.987      0.414      0.559      0.582     -0.431      1.519     -0.500      0.510      1.275      0.857     -0.179     -0.241     -0.251     -0.656      0.216     -0.220     -0.550      0.216      0.000      1.000      0.000      0.000      0.000     -0.500      0.000      0.000      0.000      0.000      0.000 95579234
     3.000      2.000      0.056      1.398      1.005      0.860      1.341     -0.397      0.500      0.434     -0.225      0.076      1.874      1.348      1.154     -0.533      0.670      0.582     -0.301     -0.670      0.000      1.000      0.000      0.000      0.000     -0.500      0.000      0.000      0.000      0.000      0.000 95579330
     2.000      0.000      0.155      2.703      1.005      0.860     -1.486      1.353     -0.500      0.231      1.275     -0.230     -4.017     -1.494     -1.279     -2.011      0.743     -0.343     -1.896     -0.743      0.000      1.000      0.000      0.000      0.000      0.500      1.000      0.000      0.000      0.000      1.000 95579332
     3.000      1.000      0.808     -0.284     -1.319      0.165     -0.374      1.019      0.500      0.055          *     -0.302      0.106      0.493     -0.062     -0.381     -0.187     -0.020          *      0.187      0.000      1.000      0.000      0.000      0.000     -0.500      0.000      1.000      0.000      0.000      0.000 95579333
     1.000      0.000      0.800      1.285      0.317      1.336     -0.299     -0.314     -0.500      1.166      0.275     -0.239     -0.384     -0.095     -0.399      0.094      0.149     -0.348     -0.082      0.149      0.000      1.000      0.000      0.000      0.000     -0.500      1.000      0.000      0.000      1.000      0.000 95579336
     3.000      0.000     -0.089     -0.252      1.716      0.641      1.221     -1.064      0.500     -0.159      1.275     -0.109     -0.308      2.094      0.783     -1.299      0.610     -0.194      1.557      0.610      0.000      1.000      0.000      0.000      0.000      0.500      1.000      0.000      0.000      0.000      0.000 95579339
     1.000      1.000      0.766      2.118      0.785     -0.629      0.027      2.769     -0.500      0.055     -0.725      0.020      0.056      0.021     -0.017      0.074     -0.013      0.001     -0.019      0.013      0.000      1.000      0.000      0.000      0.000      0.500      0.000      1.000      0.000      1.000      0.000 95579934
     3.000      0.000      0.402      0.414     -1.333     -0.608      0.316      0.019      0.500      1.431     -0.725      0.127      0.131     -0.422     -0.192      0.006      0.158      0.453     -0.229     -0.158      0.000      1.000      0.000      0.000      0.000     -0.500      1.000      0.000      0.000      0.000      0.000 95614178
     3.000      2.000     -0.314      0.054     -0.617     -1.235      0.108     -2.481      0.500     -0.068     -1.725     -0.034      0.006     -0.067     -0.134     -0.268      0.054     -0.007     -0.187      0.054      0.000      1.000      0.000      0.000      0.000      0.500      0.000      0.000      0.000      0.000      0.000 95619268
     3.000      2.000      0.380      1.811      0.772      1.098     -0.351     -0.814     -0.500     -0.159      0.275     -0.133     -0.635     -0.271     -0.385      0.285      0.175      0.056     -0.097     -0.175      0.000      1.000      0.000      0.000      0.000      0.500      0.000      0.000      0.000      0.000      0.000 95619465
     3.000      2.000     -0.281     -0.177     -0.850     -0.052     -0.733      0.603      0.500      0.231      0.275      0.206      0.130      0.623      0.038     -0.442     -0.367     -0.169     -0.202     -0.367      0.000      1.000      0.000      0.000      0.000      0.500      0.000      0.000      0.000      0.000      0.000 95678174
     3.000      2.000     -1.173      0.858     -1.069      1.058     -0.323     -0.814     -0.500      1.031      0.275      0.379     -0.277      0.346     -0.342      0.263      0.162     -0.333     -0.089     -0.162      0.000      1.000      0.000      0.000      0.000      0.500      0.000      0.000      0.000      0.000      0.000 95678277
     3.000      1.000      0.817     -0.897      1.711     -1.695      1.016     -2.314      0.500     -1.258      0.275      0.830     -0.912      1.738     -1.723     -2.351      0.508     -1.278      0.280      0.508      0.000      1.000      0.000      0.000      0.000      0.500      0.000      1.000      0.000      0.000      0.000 95710350
     3.000      1.000      0.766     -0.591     -0.874     -0.069     -0.200     -1.481      0.500          *     -0.725     -0.153      0.118      0.175      0.014      0.296     -0.100          *      0.145     -0.100      0.000      1.000      0.000      0.000      0.000      0.500      0.000      1.000      0.000      0.000      0.000 95710552
     3.000      2.000      0.283     -0.591     -1.056      0.820      1.064     -0.231      0.500          *     -1.225      0.301     -0.628     -1.124      0.873     -0.245      0.532          *     -1.303     -0.532      0.000      1.000      0.000      0.000      0.000     -0.500      0.000      0.000      0.000      0.000      0.000 95710589
     3.000      1.000     -0.069     -0.252     -0.137     -0.747      2.073     -0.731      0.500          *      0.275     -0.142     -0.523     -0.283     -1.549     -1.515      1.037          *      0.571      1.037      0.000      0.000      0.000      1.000      1.000      0.500      0.000      1.000      0.000      0.000      0.000 95710654
     3.000      1.000     -1.142     -0.778      0.078      0.820      1.860     -1.731      0.500      0.907      1.275     -2.125     -1.447      0.145      1.526     -3.219      0.930      1.688      2.373     -0.930      0.000      1.000      0.000      0.000      0.000     -0.500      0.000      1.000      0.000      0.000      0.000 95710936
     3.000      0.000      0.811      2.223     -0.326     -0.069      0.109      1.269     -0.500          *          *      0.088      0.243     -0.036     -0.008      0.139     -0.055          *          *     -0.055      0.000      1.000      0.000      0.000      0.000     -0.500      1.000      0.000      0.000      0.000      0.000 95710984
     3.000      2.000     -1.552      0.725     -1.776     -1.711      0.540     -1.981      0.500     -1.006     -1.225     -0.838      0.391     -0.959     -0.924     -1.070      0.270     -0.543     -0.661     -0.270      0.000      1.000      0.000      0.000      0.000     -0.500      0.000      0.000      0.000      0.000      0.000 95711878
     3.000      2.000      1.045      0.731     -0.869      0.702      0.125     -3.314      0.500      0.092      0.275      0.131      0.091     -0.109      0.088     -0.414      0.063      0.012      0.034     -0.063      0.000      1.000      0.000      0.000      0.000     -0.500      0.000      0.000      0.000      0.000      0.000 95711974
     3.000      0.000      0.376      0.108      1.461     -0.172     -0.245     -0.397     -0.500     -0.313      1.275     -0.092     -0.026     -0.358      0.042      0.097      0.122      0.077     -0.312     -0.122      0.000      1.000      0.000      0.000      0.000      0.500      1.000      0.000      0.000      0.000      0.000 95713298
     3.000      1.000     -0.335     -0.897     -0.377      0.623      0.669     -1.564      0.500     -0.025      1.275     -0.224     -0.600     -0.252      0.416     -1.046      0.334     -0.017      0.853      0.334      0.000      1.000      0.000      0.000      0.000      0.500      0.000      1.000      0.000      0.000      0.000 95713806
     3.000      1.000      0.550     -0.897      1.483     -2.084     -0.839     -1.981      0.500          *      1.275     -0.462      0.753     -1.244      1.748      1.662     -0.419          *     -1.070     -0.419      0.000      1.000      0.000      0.000      0.000      0.500      0.000      1.000      0.000      0.000      0.000 95714230
     1.000      2.000      1.010      0.858     -1.055      0.860     -0.023     -1.814     -0.500     -0.901          *     -0.024     -0.020      0.025     -0.020      0.042      0.012      0.021          *     -0.012      0.000      1.000      0.000      0.000      0.000      0.500      0.000      0.000      0.000      1.000      0.000 95714317
     3.000      2.000      1.010     -0.220      0.285      0.304     -1.048     -1.814     -0.500      1.179     -0.725     -1.059      0.231     -0.298     -0.319      1.901      0.524     -1.235      0.759     -0.524      0.000      1.000      0.000      0.000      0.000      0.500      0.000      0.000      0.000      0.000      0.000 95714934
     3.000      1.000     -0.089      0.108     -1.314     -0.944      0.564     -1.481      0.500     -1.124     -2.725     -0.050      0.061     -0.741     -0.533     -0.835      0.282     -0.634     -1.537      0.282      0.000      1.000      0.000      0.000      0.000      0.500      0.000      1.000      0.000      0.000      0.000 95715229
     3.000      0.000      0.550     -0.897     -0.623      1.336      0.807     -1.397     -0.500      0.055      0.275      0.444     -0.724     -0.503      1.078     -1.127     -0.403      0.044      0.222      0.403      0.000      1.000      0.000      0.000      0.000      0.500      1.000      0.000      0.000      0.000      0.000 95716091
     1.000      1.000     -0.334      0.978      0.316      0.186      1.391     -0.981      0.500      0.380      0.275     -0.465      1.360      0.440      0.258     -1.364      0.695      0.529      0.383     -0.695      0.000      1.000      0.000      0.000      0.000     -0.500      0.000      1.000      0.000      1.000      0.000 95716890
     3.000      2.000      0.186     -0.591     -1.315     -0.203     -0.772     -2.147      0.500      0.581      1.275     -0.144      0.456      1.016      0.157      1.658     -0.386     -0.449     -0.985     -0.386      0.000      1.000      0.000      0.000      0.000      0.500      0.000      0.000      0.000      0.000      0.000 95716891
     3.000      0.000     -0.567      1.983      0.084      0.820      0.094      0.519     -0.500      0.231      0.275     -0.053      0.186      0.008      0.077      0.049     -0.047      0.022      0.026     -0.047      0.000      1.000      0.000      0.000      0.000     -0.500      1.000      0.000      0.000      0.000      0.000 95717164
     3.000      1.000      0.838     -0.591      0.088      0.820     -0.446     -1.564      0.500      0.709      1.275     -0.374      0.264     -0.039     -0.366      0.698     -0.223     -0.316     -0.569      0.223      0.000      1.000      0.000      0.000      0.000     -0.500      0.000      1.000      0.000      0.000      0.000 95717267
     3.000      0.000     -0.476      0.355     -1.786      0.542     -0.194     -1.231     -0.500     -0.806     -1.725      0.092     -0.069      0.347     -0.105      0.239      0.097      0.157      0.335     -0.097      0.000      1.000      0.000      0.000      0.000      0.500      1.000      0.000      0.000      0.000      0.000 95717362
     3.000      0.000      1.010     -0.897      0.295      0.385     -0.260     -1.147     -0.500          *      0.275     -0.262      0.233     -0.076     -0.100      0.298      0.130          *     -0.072     -0.130      0.000      1.000      0.000      0.000      0.000      0.500      1.000      0.000      0.000      0.000      0.000 95717861
     3.000      2.000      0.484     -0.591      1.250      0.193      0.741     -0.897     -0.500      0.231     -0.225      0.359     -0.438      0.926      0.143     -0.665     -0.370      0.171     -0.166     -0.370      0.000      1.000      0.000      0.000      0.000     -0.500      0.000      0.000      0.000      0.000      0.000 95718129
     1.000      0.000     -0.260     -0.897      1.028      0.820      1.472     -1.647     -0.500          *      2.275     -0.383     -1.321      1.513      1.207     -2.426     -0.736          *      3.350      0.736      0.000      1.000      0.000      0.000      0.000      0.500      1.000      0.000      0.000      1.000      0.000 95718207
     3.000      1.000      1.010     -0.897      1.725     -1.362     -0.681     -1.231      0.500     -0.495     -1.725     -0.688      0.611     -1.174      0.927      0.838     -0.340      0.337      1.174     -0.340      0.000      1.000      0.000      0.000      0.000      0.500      0.000      1.000      0.000      0.000      0.000 95718215
     3.000      2.000      0.075     -0.591      0.071      0.623     -0.051     -0.647      0.500     -0.806      0.775     -0.004      0.030     -0.004     -0.032      0.033     -0.026      0.041     -0.040      0.026      0.000      1.000      0.000      0.000      0.000     -0.500      0.000      0.000      0.000      0.000      0.000 95718216
     3.000      2.000     -0.720      0.661     -0.363      0.304     -0.586     -0.981      0.500     -1.124     -1.725      0.422     -0.387      0.213     -0.178      0.574     -0.293      0.658      1.010     -0.293      0.000      1.000      0.000      0.000      0.000      0.500      0.000      0.000      0.000      0.000      0.000 95718267
     3.000      1.000      0.781     -0.231      0.115      0.582      0.462     -1.814      0.500      0.164      1.275      0.361     -0.106      0.053      0.269     -0.837      0.231      0.076      0.589     -0.231      0.000      1.000      0.000      0.000      0.000     -0.500      0.000      1.000      0.000      0.000      0.000 95718284
     3.000      1.000      0.566      0.693      0.544     -0.290      1.663     -1.814     -0.500     -0.159     -0.225      0.942      1.152      0.905     -0.482     -3.017     -0.832     -0.264     -0.373     -0.832      0.000      1.000      0.000      0.000      0.000     -0.500      0.000      1.000      0.000      0.000      0.000 95718360
     3.000      2.000      1.010     -0.897      1.004      0.820      1.326     -1.397      0.500     -0.901      1.275      1.340     -1.190      1.332      1.088     -1.853      0.663     -1.195      1.692      0.663      0.000      1.000      0.000      0.000      0.000      0.500      0.000      0.000      0.000      0.000      0.000 95718387
     3.000      2.000      0.421     -0.312      0.514      1.336     -0.538     -2.564      0.500     -0.719     -0.225     -0.226      0.168     -0.277     -0.719      1.380     -0.269      0.387      0.121      0.269      0.000      1.000      0.000      0.000      0.000     -0.500      0.000      0.000      0.000      0.000      0.000 95718482
     3.000      1.000      0.351     -0.897     -1.057      0.820     -1.861     -1.564      0.500          *     -0.725     -0.654      1.670      1.967     -1.527      2.911     -0.931          *      1.349     -0.931      0.000      1.000      0.000      0.000      0.000      0.500      0.000      1.000      0.000      0.000      0.000 95718900
     3.000      1.000      0.380     -0.312     -1.777      0.304     -0.064     -1.397      0.500      0.129     -0.725     -0.024      0.020      0.114     -0.020      0.090     -0.032     -0.008      0.047     -0.032      0.000      1.000      0.000      0.000      0.000      0.500      0.000      1.000      0.000      0.000      0.000 95718908
     3.000      2.000      1.045     -0.897      1.465      1.336     -1.004     -3.564      0.500      0.822      1.275     -1.049      0.901     -1.471     -1.341      3.578     -0.502     -0.825     -1.281      0.502      1.000      1.000      0.000      0.000      0.000     -0.500      0.000      0.000      0.000      0.000      0.000 95719930
     1.000      2.000      0.132     -0.897      0.777      1.058     -1.573     -1.897     -0.500     -0.313      1.275     -0.208      1.411     -1.222     -1.664      2.984      0.786      0.492     -2.006     -0.786      0.000      1.000      0.000      0.000      0.000      0.500      0.000      0.000      0.000      1.000      0.000 95719931
     1.000      2.000      1.010      0.023      0.501      1.336     -0.188     -0.231     -0.500     -0.370      2.275     -0.190     -0.004     -0.094     -0.251      0.043      0.094      0.070     -0.428     -0.094      0.000      1.000      0.000      0.000      0.000      0.500      0.000      0.000      0.000      1.000      0.000 95719933
     3.000      2.000     -0.234      0.301     -0.368      0.623      0.743     -2.231      0.500     -0.159      1.275     -0.174      0.224     -0.273      0.462     -1.657      0.371     -0.118      0.947      0.371      0.000      1.000      0.000      0.000      0.000      0.500      0.000      0.000      0.000      0.000      0.000 95719939
     3.000      2.000      0.494     -0.897      0.303      0.582     -1.191     -3.147      0.500          *      0.275     -0.589      1.069     -0.361     -0.694      3.749     -0.596          *     -0.328      0.596      0.000      1.000      0.000      0.000      0.000     -0.500      0.000      0.000      0.000      0.000      0.000 96316056
     3.000      0.000      0.933      1.038     -0.364      0.582      2.566      0.769      0.500      0.510      0.275      2.394      2.664     -0.935      1.494      1.975      1.283      1.309      0.707     -1.283      0.000      1.000      0.000      0.000      0.000     -0.500      1.000      0.000      0.000      0.000      0.000 96500081
     1.000      1.000      0.376     -0.252     -0.386      0.304     -0.078     -0.064     -0.500      0.625     -0.725     -0.029      0.020      0.030     -0.024      0.005      0.039     -0.049      0.056     -0.039      0.000      1.000      0.000      0.000      0.000      0.500      0.000      1.000      0.000      1.000      0.000 96500182
     3.000      0.000      0.817     -0.897     -0.622     -0.330     -0.231     -0.731      0.500     -1.594     -0.725     -0.189      0.208      0.144      0.076      0.169     -0.116      0.369      0.168     -0.116      0.000      1.000      0.000      0.000      0.000      0.500      1.000      0.000      0.000      0.000      0.000 96500228
     2.000      0.000      1.010     -0.252      1.943     -0.310     -0.010      1.353     -0.500      0.015      0.275     -0.010      0.003     -0.019      0.003     -0.013      0.005      0.000     -0.003     -0.005      0.000      1.000      0.000      0.000      0.000      0.500      1.000      0.000      0.000      0.000      1.000 96500381
     3.000      2.000      1.010     -0.897      0.535      1.336      1.621     -0.731     -0.500      0.407      1.275      1.638     -1.454      0.867      2.166     -1.184     -0.810      0.660      2.067      0.810      0.000      0.000      0.000      1.000      1.000      0.500      0.000      0.000      0.000      0.000      0.000 96500553
     3.000      2.000      0.276     -0.897      1.004      1.058      0.102      1.186      0.500      1.239      1.275      0.028     -0.091      0.102      0.108      0.121      0.051      0.126      0.130     -0.051      0.000      1.000      0.000      0.000      0.000     -0.500      0.000      0.000      0.000      0.000      0.000 96504300
     3.000      1.000     -0.335     -0.897     -0.166      0.820     -0.885      1.603     -0.500      0.728      1.275      0.296      0.794      0.147     -0.725     -1.418      0.442     -0.644     -1.128     -0.442      0.000      1.000      0.000      0.000      0.000      0.500      0.000      1.000      0.000      0.000      0.000 96504509
     3.000      2.000     -3.289      1.688      1.000     -0.601     -0.487      2.853      0.500      0.055     -1.725      1.601     -0.822     -0.487      0.292     -1.389     -0.243     -0.027      0.840     -0.243      0.000      1.000      0.000      0.000      0.000      0.500      0.000      0.000      0.000      0.000      0.000 96506095
     3.000      1.000      0.795     -0.231     -1.347     -1.652     -1.322      1.269      0.500      1.340      0.275     -1.051      0.305      1.781      2.184     -1.679     -0.661     -1.772     -0.364     -0.661      1.000      1.000      0.000      0.000      0.000      0.500      0.000      1.000      0.000      0.000      0.000 96506354
     3.000      1.000      0.715     -0.005     -0.828      1.336     -0.330      0.603      0.500      1.412     -0.225     -0.236      0.002      0.273     -0.441     -0.199     -0.165     -0.466      0.074      0.165      0.000      1.000      0.000      0.000      0.000     -0.500      0.000      1.000      0.000      0.000      0.000 96506593
     3.000      1.000     -0.172      0.521     -0.153      0.344      0.743      2.269     -0.500      1.191      1.275     -0.128      0.387     -0.113      0.256      1.685     -0.371      0.884      0.947     -0.371      0.000      1.000      0.000      0.000      0.000     -0.500      0.000      1.000      0.000      0.000      0.000 96506895
     3.000      2.000     -0.601     -0.897      0.075      0.820      0.233     -0.147      0.500          *     -0.225     -0.140     -0.209      0.018      0.191     -0.034      0.117          *     -0.052     -0.117      1.000      0.000      0.000      0.000      0.000     -0.500      0.000      0.000      0.000      0.000      0.000 96507150
     3.000      2.000      0.841     -0.897      0.751      1.336      1.536      2.353     -0.500          *     -0.725      1.291     -1.378      1.153      2.052      3.614     -0.768          *     -1.113     -0.768      0.000      1.000      0.000      0.000      0.000     -0.500      0.000      0.000      0.000      0.000      0.000 96508127
     1.000      0.000     -0.318      0.023      0.343      1.098     -1.708      1.603     -0.500          *      0.775      0.544     -0.039     -0.587     -1.876     -2.738      0.854          *     -1.325      0.854      0.000      1.000      0.000      0.000      0.000     -0.500      1.000      0.000      0.000      1.000      0.000 96508385
     3.000      1.000     -2.135     -0.005     -1.583     -1.362     -0.419      3.436     -0.500          *          *      0.894      0.002      0.663      0.571     -1.440      0.209          *          *     -0.209      0.000      1.000      0.000      0.000      0.000      0.500      0.000      1.000      0.000      0.000      0.000 96540250
     3.000      1.000      1.010     -0.897      0.790      1.336     -0.188      0.019     -0.500          *     -0.725     -0.190      0.168     -0.148     -0.251     -0.004      0.094          *      0.136     -0.094      0.000      1.000      0.000      0.000      1.000      0.500      0.000      1.000      0.000      0.000      0.000 96540550
     3.000      2.000      1.045     -0.591      1.241      0.641      0.036     -0.731     -0.500      0.231      0.275      0.038     -0.021      0.045      0.023     -0.026     -0.018      0.008      0.010     -0.018      1.000      0.000      0.000      0.000      1.000     -0.500      0.000      0.000      0.000      0.000      0.000 96540852
     3.000      1.000      0.347     -0.778     -0.630     -1.448     -0.635      2.686     -0.500      1.412      2.275     -0.220      0.494      0.400      0.919     -1.705      0.317     -0.896     -1.445      0.317      0.000      1.000      0.000      0.000      0.000     -0.500      0.000      1.000      0.000      0.000      0.000 96544208
     3.000      2.000     -0.473     -0.591      0.777     -0.934     -0.651      0.019      0.500      1.412      2.275      0.308      0.384     -0.506      0.608     -0.013     -0.325     -0.919     -1.481      0.325      0.000      1.000      0.000      0.000      0.000     -0.500      0.000      0.000      0.000      0.000      0.000 96544308
     3.000      1.000      1.010     -0.897      1.232      1.058      0.751     -0.064     -0.500      0.581      0.275      0.759     -0.674      0.926      0.795     -0.048     -0.376      0.436      0.207      0.376      0.000      1.000      0.000      0.000      0.000      0.500      0.000      1.000      0.000      0.000      0.000 96546990
     1.000      1.000      0.937      0.129      0.759      0.820     -0.276      1.186     -0.500          *     -1.225     -0.259     -0.036     -0.210     -0.226     -0.327      0.138          *      0.338      0.138      0.000      1.000      0.000      0.000      0.000     -0.500      0.000      1.000      0.000      1.000      0.000 96548921
     3.000      1.000     -0.089     -0.897      0.544     -0.585     -0.650      1.436      0.500          *     -1.725      0.058      0.583     -0.354      0.381     -0.934     -0.325          *      1.122     -0.325      0.000      1.000      0.000      0.000      0.000      0.500      0.000      1.000      0.000      0.000      0.000 96548967
     3.000      1.000      0.820     -0.897      0.076      0.153      1.072      1.019      0.500          *      1.775      0.879     -0.962      0.081      0.164      1.092      0.536          *      1.903     -0.536      0.000      1.000      0.000      0.000      0.000     -0.500      0.000      1.000      0.000      0.000      0.000 96570059
     3.000      1.000      0.075     -0.252      1.005     -1.255      1.487      2.353      0.500      0.510      0.275      0.112     -0.375      1.495     -1.867      3.499      0.744      0.759      0.410     -0.744      0.000      1.000      0.000      0.000      0.000     -0.500      0.000      1.000      0.000      0.000      0.000 96570188
     3.000      2.000      0.484      1.413     -0.171      0.860      0.403      3.603     -0.500          *      0.275      0.195      0.570     -0.069      0.347      1.454     -0.202          *      0.111     -0.202      0.000      1.000      0.000      0.000      0.000     -0.500      0.000      0.000      0.000      0.000      0.000 96570285
     3.000      2.000     -0.089     -0.897     -2.496     -2.684      0.926     -0.231      0.500      0.352      1.275     -0.083     -0.831     -2.311     -2.485     -0.214      0.463      0.326      1.181      0.463      0.000      1.000      0.000      0.000      0.000      0.500      0.000      0.000      0.000      0.000      0.000 96570438
     1.000      2.000      0.193     -0.897      0.316      0.193      0.307     -0.231     -0.500          *      2.275      0.059     -0.275      0.097      0.059     -0.071     -0.153          *      0.698     -0.153      0.000      1.000      0.000      0.000      0.000     -0.500      0.000      0.000      0.000      1.000      0.000 96570487
     3.000      1.000      0.707     -0.312     -0.346     -0.846      1.678     -0.147      0.500      1.059      0.275      1.187     -0.524     -0.581     -1.420     -0.247      0.839      1.778      0.462     -0.839      0.000      1.000      0.000      0.000      0.000     -0.500      0.000      1.000      0.000      0.000      0.000 96570488
     3.000      0.000      0.826      0.383     -0.605     -0.568     -1.023      0.269      0.500          *      0.275     -0.845     -0.392      0.619      0.581     -0.276     -0.512          *     -0.282      0.512      0.000      1.000      0.000      0.000      0.000     -0.500      1.000      0.000      0.000      0.000      0.000 96570587
     3.000      1.000     -2.228     -0.897     -1.082     -0.806      1.368      0.519      0.500      0.231      0.275     -3.048     -1.227     -1.480     -1.102      0.710      0.684      0.315      0.377      0.684      0.000      1.000      0.000      0.000      0.000      0.500      0.000      1.000      0.000      0.000      0.000 96570970
     3.000      0.000      0.592      1.811      0.552     -0.450     -0.437      1.019      0.500          *     -0.725     -0.259     -0.791     -0.241      0.196     -0.445     -0.218          *      0.316     -0.218      0.000      1.000      0.000      0.000      0.000      0.500      1.000      0.000      0.000      0.000      0.000 96571379
     3.000      2.000      0.795     -0.591     -0.377      0.623      1.849     -3.064      0.500          *          *      1.469     -1.092     -0.697      1.151     -5.666      0.925          *          *      0.925      0.000      1.000      0.000      0.000      0.000      0.500      0.000      0.000      0.000      0.000      0.000 96571409
     3.000      0.000      0.817     -0.312      0.759      1.058      0.664     -1.564      0.500     -0.901     -0.725      0.542     -0.207      0.504      0.702     -1.038      0.332     -0.598     -0.481      0.332      0.000      1.000      0.000      0.000      0.000      0.500      1.000      0.000      0.000      0.000      0.000 96572287
     1.000      0.000     -0.335     -0.591     -2.948     -2.057     -0.578     -0.064      0.500      1.140      1.275      0.194      0.341      1.704      1.189      0.037     -0.289     -0.659     -0.737     -0.289      0.000      1.000      0.000      0.000      0.000      0.500      1.000      0.000      0.000      1.000      0.000 96572381
     3.000      1.000      0.825     -0.559      1.264      1.336     -1.375     -1.814     -0.500          *     -0.725     -1.134      0.768     -1.737     -1.836      2.493      0.687          *      0.996      0.687      0.000      1.000      0.000      0.000      0.000     -0.500      0.000      1.000      0.000      0.000      0.000 96572384
     3.000      1.000      0.300     -0.897      1.220     -1.927      0.778     -0.731     -0.500          *     -1.725      0.234     -0.698      0.949     -1.500     -0.569     -0.389          *     -1.343      0.389      0.000      1.000      0.000      0.000      0.000      0.500      0.000      1.000      0.000      0.000      0.000 96572387
     3.000      2.000     -1.381     -0.591     -0.387     -0.962     -0.862      1.686      0.500      0.510     -0.725      1.190      0.509      0.334      0.829     -1.454     -0.431     -0.440      0.625      0.431      0.000      1.000      0.000      0.000      0.000     -0.500      0.000      0.000      0.000      0.000      0.000 96572477
     3.000      0.000      1.010      2.118     -3.175      0.304     -1.591     -0.147      0.500          *     -1.725     -1.607     -3.369      5.052     -0.484      0.234     -0.795          *      2.744     -0.795      0.000      1.000      0.000      0.000      0.000      0.500      1.000      0.000      0.000      0.000      0.000 96572976
     3.000      2.000      0.075     -0.559      0.544      0.403      0.510     -2.231     -0.500      0.786      0.275      0.038     -0.285      0.277      0.205     -1.137     -0.255      0.400      0.140     -0.255      0.000      1.000      0.000      0.000      0.000     -0.500      0.000      0.000      0.000      0.000      0.000 96572982
     3.000      1.000      0.811      1.328      1.475      1.336      0.574     -2.564      0.500      0.380     -1.225      0.465      0.762      0.846      0.767     -1.471      0.287      0.218     -0.703     -0.287      0.000      1.000      0.000      0.000      0.000     -0.500      0.000      1.000      0.000      0.000      0.000 96572989
     3.000      2.000      0.155     -0.897     -1.543     -2.251     -0.177      0.936      0.500     -0.259     -0.725     -0.027      0.159      0.273      0.398     -0.166     -0.088      0.046      0.128     -0.088      0.000      1.000      0.000      0.000      0.000      0.500      0.000      0.000      0.000      0.000      0.000 96573108
     3.000      2.000     -0.089      0.753      0.790     -0.806      1.027      0.103      0.500      0.380      0.275     -0.092      0.773      0.811     -0.828      0.105      0.514      0.390      0.283      0.514      0.000      1.000      0.000      0.000      0.000      0.500      0.000      0.000      0.000      0.000      0.000 96573992
     3.000      2.000      0.276     -0.199      0.785     -0.044     -0.591      0.186     -0.500      1.412      1.775     -0.163      0.117     -0.464      0.026     -0.110      0.295     -0.834     -1.049      0.295      0.000      1.000      0.000      0.000      0.000     -0.500      0.000      0.000      0.000      0.000      0.000 96574002
     3.000      1.000      1.045     -0.897      0.768      0.234      0.951     -0.147      0.500      0.055      0.275      0.994     -0.853      0.731      0.222     -0.140      0.476      0.052      0.262     -0.476      0.000      1.000      0.000      0.000      0.000     -0.500      0.000      1.000      0.000      0.000      0.000 96574004
     3.000      1.000      0.601     -0.591     -0.153     -0.806     -0.972     -0.814     -0.500     -0.719     -0.725     -0.585      0.574      0.149      0.784      0.792      0.486      0.699      0.705     -0.486      0.000      1.000      0.000      0.000      0.000      0.500      0.000      1.000      0.000      0.000      0.000 96574113
     3.000      1.000     -0.488     -0.177          *      0.304      0.851      1.353      0.500     -0.495     -1.725     -0.416     -0.151          *      0.259      1.151      0.425     -0.422     -1.467     -0.425      0.000      1.000      1.000      0.000      0.000     -0.500      0.000      1.000      0.000      0.000      0.000 96574138
     3.000      0.000      0.550      0.436     -2.044     -0.052     -0.510      2.103      0.500          *     -0.725     -0.281     -0.222      1.043      0.027     -1.072     -0.255          *      0.370     -0.255      0.000      1.000      0.000      0.000      0.000      0.500      1.000      0.000      0.000      0.000      0.000 96574139
     3.000      2.000      0.326     -0.897      1.483      0.820     -0.134     -1.564      0.500     -1.258     -0.725     -0.044      0.120     -0.199     -0.110      0.210     -0.067      0.168      0.097     -0.067      0.000      1.000      0.000      0.000      0.000      0.500      0.000      0.000      0.000      0.000      0.000 96574303
     3.000      2.000      1.010     -0.537      0.100      1.336     -0.436      0.519     -0.500      0.015      1.275     -0.441      0.234     -0.044     -0.583     -0.227      0.218     -0.007     -0.557     -0.218      0.000      1.000      0.000      0.000      0.000      0.500      0.000      0.000      0.000      0.000      0.000 96574316
     3.000      1.000     -0.088     -0.897     -1.109     -1.022      0.231      2.103      0.500          *     -0.225     -0.020     -0.207     -0.256     -0.236      0.485      0.115          *     -0.052     -0.115      0.000      1.000      0.000      0.000      0.000     -0.500      0.000      1.000      0.000      0.000      0.000 96574319
     3.000      2.000     -1.591      1.811     -0.842      0.145      0.037     -0.897      0.500      0.293      0.275     -0.058      0.067     -0.031      0.005     -0.033      0.018      0.011      0.010      0.018      0.000      1.000      0.000      0.000      0.000      0.500      0.000      0.000      0.000      0.000      0.000 96574327
     3.000      1.000     -1.390      1.359     -0.392     -1.212      0.816      0.353      0.500     -1.412     -0.725     -1.133      1.109     -0.320     -0.988      0.288      0.408     -1.151     -0.591      0.408      0.000      1.000      0.000      0.000      0.000      0.500      0.000      1.000      0.000      0.000      0.000 96574411
     3.000      1.000      1.045     -0.537      0.100      0.702     -2.175      1.436      0.500      1.307      0.775     -2.273      1.168     -0.219     -1.526     -3.123     -1.087     -2.844     -1.687      1.087      0.000      1.000      0.000      0.000      0.000     -0.500      0.000      1.000      0.000      0.000      0.000 96574501
     3.000      2.000     -1.268      2.703      0.750      0.066      0.341      1.769     -0.500      1.412      0.775     -0.433      0.922      0.256      0.023      0.604     -0.171      0.482      0.265     -0.171      0.000      1.000      0.000      0.000      0.000     -0.500      0.000      0.000      0.000      0.000      0.000 96574615
     0.000      0.000     -2.974      0.023     -0.809     -1.457     -0.753      2.686     -0.500     -0.806     -0.725      2.240     -0.017      0.609      1.098     -2.023      0.377      0.607      0.546      0.377      0.000      1.000      0.000      0.000      0.000     -0.500      1.000      0.000      1.000      0.000      0.000 96574616
     3.000      1.000      0.617     -0.897      0.544     -0.044      0.678      1.436      0.500      0.907      1.275      0.419     -0.608      0.369     -0.030      0.974      0.339      0.615      0.865     -0.339      0.000      1.000      0.000      0.000      0.000     -0.500      0.000      1.000      0.000      0.000      0.000 96574800
     3.000      0.000      1.045      0.425      1.943     -0.875      0.159      1.603     -0.500          *      0.275      0.166      0.067      0.308     -0.139      0.254     -0.079          *      0.044     -0.079      0.000      1.000      0.000      0.000      0.000     -0.500      1.000      0.000      0.000      0.000      0.000 96574935
     3.000      2.000     -1.051     -0.284      0.076     -1.370     -0.242     -0.231      0.500     -0.025     -0.725      0.254      0.069     -0.018      0.332      0.056     -0.121      0.006      0.175      0.121      0.000      1.000      0.000      0.000      0.000     -0.500      0.000      0.000      0.000      0.000      0.000 96575182
     0.000      0.000      0.785      2.336      0.572      1.058      0.431     -0.481     -0.500     -3.203      0.275      0.338      1.006      0.246      0.456     -0.207     -0.215     -1.380      0.119      0.215      0.000      1.000      0.000      0.000      0.000      0.500      1.000      0.000      1.000      0.000      0.000 96575327
     3.000      1.000      0.556     -0.897      1.233      0.264      1.116     -0.731      0.500      0.728      0.775      0.621     -1.001      1.376      0.294     -0.815      0.558      0.813      0.866     -0.558      0.000      1.000      0.000      0.000      0.000     -0.500      0.000      1.000      0.000      0.000      0.000 96575389
     1.000      0.000     -0.189      1.081      0.544      0.820      0.426      2.269     -0.500     -3.203      0.775     -0.080      0.460      0.232      0.349      0.966     -0.213     -1.363      0.330     -0.213      0.000      1.000      0.000      0.000      0.000     -0.500      1.000      0.000      0.000      1.000      0.000 96575391
     3.000      1.000     -1.482     -0.591     -0.166      0.125     -0.239     -0.897      0.500      0.728      1.275      0.354      0.141      0.040     -0.030      0.214     -0.119     -0.174     -0.305      0.119      0.000      1.000      0.000      0.000      0.000     -0.500      0.000      1.000      0.000      0.000      0.000 96575424
     1.000      2.000     -0.335     -0.312     -1.772     -1.973     -0.221     -1.397      0.500     -0.639      0.275      0.074      0.069      0.392      0.437      0.309     -0.111      0.141     -0.061     -0.111      0.000      1.000      0.000      0.000      0.000      0.500      0.000      0.000      0.000      1.000      0.000 96575428
     3.000      2.000      1.010      0.076      1.483     -0.450     -0.360      0.936      0.500          *     -0.725     -0.363     -0.027     -0.533      0.162     -0.337     -0.180          *      0.261     -0.180      0.000      1.000      0.000      0.000      0.000      0.500      0.000      0.000      0.000      0.000      0.000 96575820
     3.000      1.000      1.045      0.365      1.943      0.623      1.687     -1.231     -0.500     -0.901     -0.725      1.763      0.615      3.279      1.050     -2.076     -0.843     -1.520     -1.222     -0.843      0.000      1.000      0.000      0.000      0.000     -0.500      0.000      1.000      0.000      0.000      0.000 96575827
     3.000      1.000     -0.089     -0.897      1.461      0.264     -0.355      2.019      0.500     -0.806     -0.725      0.032      0.319     -0.519     -0.094     -0.718     -0.178      0.286      0.257     -0.178      0.000      1.000      0.000      0.000      0.000      0.500      0.000      1.000      0.000      0.000      0.000 96575828
     3.000      1.000     -0.086     -0.897      0.544     -0.679     -1.270     -0.647      0.500      0.728      2.275      0.109      1.140     -0.691      0.862      0.822     -0.635     -0.925     -2.890     -0.635      0.000      1.000      0.000      0.000      0.000      0.500      0.000      1.000      0.000      0.000      0.000 96575949
     3.000      2.000     -0.081     -0.897      1.461      0.169      1.257      1.519      0.500      3.013     -0.725     -0.101     -1.128      1.837      0.212      1.910      0.629      3.789     -0.911     -0.629      0.000      1.000      0.000      0.000      0.000     -0.500      0.000      0.000      0.000      0.000      0.000 96575981
     1.000      0.000     -1.169      1.300          *     -0.092      1.217     -0.397     -0.500      1.087     -0.725     -1.423      1.582          *     -0.112     -0.484     -0.609      1.323     -0.882      0.609      0.000      1.000      0.000      0.000      0.000      0.500      1.000      0.000      0.000      1.000      0.000 96576455
     3.000      1.000      0.469     -0.897      0.078     -1.695     -0.270      1.186      0.500          *      0.275     -0.127      0.243     -0.021      0.458     -0.321     -0.135          *     -0.074      0.135      0.000      1.000      0.000      0.000      0.000     -0.500      0.000      1.000      0.000      0.000      0.000 96576794
     3.000      2.000      1.010     -0.897      0.979      1.336      0.538      0.686     -0.500     -0.313     -0.725      0.543     -0.483      0.526      0.719      0.369     -0.269     -0.168     -0.390      0.269      0.000      1.000      0.000      0.000      0.000      0.500      0.000      0.000      0.000      0.000      0.000 96576796
     3.000      1.000     -0.732     -0.537      1.233      0.291      0.141     -0.314      0.500     -0.431      0.275     -0.103     -0.076      0.174      0.041     -0.044      0.071     -0.061      0.039      0.071      0.000      1.000      0.000      0.000      0.000      0.500      0.000      1.000      0.000      0.000      0.000 96576797
     3.000      2.000      0.134     -0.897      1.005      0.820     -0.346      0.269     -0.500          *      2.275     -0.046      0.311     -0.348     -0.284     -0.093      0.173          *     -0.788     -0.173      0.000      1.000      0.000      0.000      0.000      0.500      0.000      0.000      0.000      0.000      0.000 96577129
     2.000      2.000      0.247     -0.559      0.552     -0.052     -0.153      0.936     -0.500          *     -0.225     -0.038      0.085     -0.084      0.008     -0.143      0.076          *      0.034      0.076      0.000      1.000      0.000      0.000      0.000     -0.500      0.000      0.000      0.000      0.000      1.000 96578080
     3.000      1.000      0.371     -0.312      0.509      1.336      0.144      0.603      0.500          *     -1.725      0.053     -0.045      0.073      0.192      0.087      0.072          *     -0.248      0.072      0.000      1.000      0.000      0.000      0.000      0.500      0.000      1.000      0.000      0.000      0.000 96578081
     3.000      1.000      1.010     -0.897      1.260      1.098     -0.166      0.186      0.500          *     -0.725     -0.167      0.149     -0.209     -0.182     -0.031     -0.083          *      0.120     -0.083      0.000      1.000      0.000      0.000      0.000      0.500      0.000      1.000      0.000      0.000      0.000 96578283
     3.000      1.000      1.045     -0.897      0.070     -0.823      2.192     -0.314      0.500          *     -0.225      2.292     -1.967      0.154     -1.805     -0.688      1.096          *     -0.492     -1.096      0.000      1.000      0.000      0.000      0.000     -0.500      0.000      1.000      0.000      0.000      0.000 96578284
     3.000      1.000      0.703      0.521     -1.324      0.542     -1.523     -0.397      0.500      0.231     -0.725     -1.070     -0.794      2.016     -0.825      0.605     -0.761     -0.351      1.103      0.761      0.000      1.000      0.000      0.000      0.000     -0.500      0.000      1.000      0.000      0.000      0.000 96578431
     3.000      0.000     -1.100     -0.665      1.005     -2.168     -1.015      1.353      0.500      0.625      0.775      1.116      0.674     -1.020      2.200     -1.373     -0.507     -0.634     -0.787      0.507      0.000      1.000      0.000      0.000      0.000     -0.500      1.000      0.000      0.000      0.000      0.000 96578582
     3.000      2.000     -0.805     -0.897     -2.004     -0.450      0.526      0.353      0.500          *     -0.225     -0.424     -0.472     -1.055     -0.237      0.186      0.263          *     -0.118     -0.263      0.000      1.000      0.000      0.000      0.000     -0.500      0.000      0.000      0.000      0.000      0.000 96578617
     3.000      1.000      0.595     -0.284      0.777     -1.084     -0.317      1.186      0.500          *     -0.725     -0.189      0.090     -0.246      0.344     -0.376     -0.158          *      0.230     -0.158      0.000      1.000      0.000      0.000      0.000      0.500      0.000      1.000      0.000      0.000      0.000 96578723
     3.000      1.000      1.010     -0.897      1.247      0.066      1.204      0.353     -0.500     -3.203      1.275      1.217     -1.081      1.502      0.080      0.425     -0.602     -3.859      1.536      0.602      0.000      1.000      0.000      0.000      0.000      0.500      0.000      1.000      0.000      0.000      0.000 96579230
     1.000      2.000      0.126     -0.897      0.088      1.098      0.919     -0.814     -0.500      0.129      1.275      0.116     -0.825      0.081      1.009     -0.748     -0.460      0.118      1.172      0.460      0.000      1.000      0.000      0.000      0.000      0.500      0.000      0.000      0.000      1.000      0.000 96579236
     3.000      1.000     -0.380      0.023      0.517      0.542     -0.377      1.353      0.500      0.728      2.275      0.143     -0.009     -0.195     -0.204     -0.510     -0.189     -0.275     -0.859      0.189      0.000      1.000      0.000      0.000      0.000     -0.500      0.000      1.000      0.000      0.000      0.000 96579238
     3.000      1.000      1.010     -0.231      0.777      1.336     -0.152     -0.397      0.500      0.822      2.275     -0.154      0.035     -0.118     -0.203      0.060     -0.076     -0.125     -0.346     -0.076      0.000      1.000      0.000      0.000      0.000      0.500      0.000      1.000      0.000      0.000      0.000 96579338
     3.000      2.000     -0.196     -0.591      0.979      0.304      0.458      1.269      0.500      0.625      1.275     -0.090     -0.270      0.448      0.139      0.581      0.229      0.286      0.584     -0.229      0.000      1.000      0.000      0.000      0.000     -0.500      0.000      0.000      0.000      0.000      0.000 96606228
     3.000      0.000      1.045     -0.591      0.333     -0.307      0.992     -0.397     -0.500      1.191      1.775      1.036     -0.586      0.331     -0.305     -0.394     -0.496      1.181      1.761     -0.496      0.000      1.000      0.000      0.000      0.000     -0.500      1.000      0.000      0.000      0.000      0.000 96608072
     3.000      2.000      0.513     -0.897      0.303     -2.322     -0.531      0.186      0.500      0.907      1.275     -0.272      0.477     -0.161      1.233     -0.099     -0.266     -0.482     -0.677      0.266      0.000      1.000      0.000      0.000      0.000     -0.500      0.000      0.000      0.000      0.000      0.000 96646027
     3.000      2.000      0.385     -0.897     -1.329     -0.203      0.020      0.936      0.500          *      1.275      0.008     -0.018     -0.027     -0.004      0.019      0.010          *      0.026      0.010      1.000      1.000      0.000      0.000      0.000      0.500      0.000      0.000      0.000      0.000      0.000 96676122
     3.000      0.000      0.595     -0.897      1.497      0.066     -0.514      0.603     -0.500      0.231      1.275     -0.306      0.461     -0.770     -0.034     -0.310      0.257     -0.119     -0.656     -0.257      0.000      1.000      0.000      0.000      0.000      0.500      1.000      0.000      0.000      0.000      0.000 96678471
     3.000      1.000      1.010     -0.559      1.475      0.582      0.825     -0.897      0.500     -0.431     -0.725      0.834     -0.461      1.217      0.481     -0.741      0.413     -0.356     -0.598      0.413      0.000      1.000      0.000      0.000      0.000      0.500      0.000      1.000      0.000      0.000      0.000 96710082
     3.000      0.000      1.045     -0.559      0.052     -1.478     -0.612     -0.314      0.500      0.323     -1.225     -0.639      0.342     -0.032      0.904      0.192     -0.306     -0.198      0.749      0.306      0.000      1.000      0.000      0.000      0.000     -0.500      1.000      0.000      0.000      0.000      0.000 96710187
     3.000      2.000      0.914     -0.897      1.264      1.336     -0.812     -2.147     -0.500      0.907      1.775     -0.743      0.729     -1.027     -1.085      1.745      0.406     -0.737     -1.442      0.406      0.000      1.000      0.000      0.000      0.000     -0.500      0.000      0.000      0.000      0.000      0.000 96710217
     3.000      0.000      1.010     -0.897      1.232     -0.163      0.220     -2.481     -0.500     -0.806     -0.725      0.222     -0.197      0.271     -0.036     -0.546     -0.110     -0.177     -0.159      0.110      0.000      1.000      0.000      0.000      0.000      0.500      1.000      0.000      0.000      0.000      0.000 96710235
     2.000      0.000      1.045     -0.005      1.220     -0.044      1.117      0.936      0.500          *      1.275      1.168     -0.006      1.363     -0.050      1.046      0.559          *      1.425     -0.559      0.000      1.000      0.000      0.000      0.000     -0.500      1.000      0.000      0.000      0.000      1.000 96710287
     3.000      2.000      0.937     -0.897      1.465      1.336      0.606     -2.981      0.500      0.262     -0.725      0.568     -0.543      0.888      0.809     -1.805      0.303      0.159     -0.439     -0.303      0.000      1.000      0.000      0.000      0.000     -0.500      0.000      0.000      0.000      0.000      0.000 96710438
     3.000      1.000     -0.646     -0.897      1.465     -0.172     -0.733     -0.564      0.500      1.307      1.775      0.473      0.658     -1.074      0.126      0.413     -0.366     -0.958     -1.301      0.366      0.000      1.000      0.000      0.000      0.000     -0.500      0.000      1.000      0.000      0.000      0.000 96710480
     3.000      0.000     -4.641      0.355     -1.379      0.304      1.074     -0.147      0.500          *     -0.725     -4.984      0.381     -1.481      0.327     -0.158      0.537          *     -0.778      0.537      0.000      1.000      0.000      0.000      0.000      0.500      1.000      0.000      0.000      0.000      0.000 96710886
     3.000      2.000      0.343      0.108     -1.320      0.304     -1.990     -0.564      0.500      0.380      0.275     -0.683     -0.214      2.627     -0.605      1.122     -0.995     -0.756     -0.548      0.995      0.000      1.000      0.000      0.000      0.000     -0.500      0.000      0.000      0.000      0.000      0.000 96710983
     3.000      1.000      0.058     -0.897      0.303      1.091     -1.463     -3.731      0.500      0.625     -0.725     -0.085      1.313     -0.444     -1.597      5.459     -0.732     -0.915      1.060      0.732      0.000      1.000      0.000      0.000      0.000     -0.500      0.000      1.000      0.000      0.000      0.000 96711075
     1.000      0.000      1.010     -0.897     -0.390      1.336      0.815     -3.481      0.500     -0.112          *      0.824     -0.732     -0.318      1.089     -2.838      0.408     -0.092          *      0.408      0.000      1.000      1.000      0.000      0.000      0.500      1.000      0.000      0.000      1.000      0.000 96711076
     2.000      2.000      0.075      0.946     -0.596      0.820     -0.410     -0.981      0.500     -0.806     -0.725     -0.031     -0.388      0.245     -0.337      0.402     -0.205      0.331      0.297      0.205      0.000      1.000      0.000      0.000      0.000     -0.500      0.000      0.000      0.000      0.000      1.000 96712372
     3.000      1.000      0.528     -0.897     -0.619     -0.188      0.432     -2.731      0.500      0.728     -0.725      0.228     -0.387     -0.267     -0.081     -1.178      0.216      0.314     -0.313     -0.216      0.000      1.000      0.000      0.000      0.000     -0.500      0.000      1.000      0.000      0.000      0.000 96712375
     3.000      2.000      0.817     -0.559     -0.194      0.107      0.687     -2.981      0.500          *      0.275      0.561     -0.384     -0.133      0.073     -2.047      0.343          *      0.189      0.343      0.000      1.000      0.000      0.000      0.000      0.500      0.000      0.000      0.000      0.000      0.000 96712997
     3.000      2.000      0.027     -0.897      0.315     -0.113     -0.143     -2.731     -0.500      1.307      2.275     -0.004      0.128     -0.045      0.016      0.389      0.071     -0.186     -0.324      0.071      0.000      1.000      0.000      0.000      0.000     -0.500      0.000      0.000      0.000      0.000      0.000 96713338
     3.000      2.000      0.284      0.365      0.070      0.464      0.972     -2.481     -0.500     -0.639          *      0.276      0.354      0.068      0.451     -2.410     -0.486     -0.620          *     -0.486      0.000      1.000      0.000      0.000      0.000     -0.500      0.000      0.000      0.000      0.000      0.000 96714015
     2.000      0.000     -0.089      1.106      0.552      1.336      0.191     -1.647      0.500     -0.806     -1.725     -0.017      0.211      0.105      0.255     -0.314      0.095     -0.154     -0.329      0.095      0.000      1.000      0.000      0.000      0.000      0.500      1.000      0.000      0.000      0.000      1.000 96714234
     3.000      0.000      0.161     -0.897      1.943      1.336      0.244     -3.147      0.500      0.055          *      0.039     -0.219      0.474      0.326     -0.767      0.122      0.013          *      0.122      0.000      1.000      0.000      0.000      0.000      0.500      1.000      0.000      0.000      0.000      0.000 96714336
     1.000      2.000     -0.602      0.774      0.111     -0.347      1.061     -0.981      0.500      0.510     -0.225     -0.639      0.822      0.118     -0.369     -1.041      0.531      0.541     -0.238     -0.531      0.000      1.000      0.000      0.000      0.000     -0.500      0.000      0.000      0.000      1.000      0.000 96714339
     1.000      0.000      1.045     -0.897     -1.057     -0.585      0.882     -2.814      0.500      0.293     -0.725      0.922     -0.791     -0.932     -0.516     -2.481      0.441      0.258     -0.639     -0.441      0.000      1.000      0.000      0.000      0.000     -0.500      1.000      0.000      0.000      1.000      0.000 96714937
     3.000      2.000     -0.829     -0.897      0.991      0.702     -0.777     -1.147     -0.500     -1.594          *      0.645      0.697     -0.770     -0.546      0.892      0.389      1.239          *     -0.389      0.000      1.000      0.000      0.000      0.000      0.500      0.000      0.000      0.000      0.000      0.000 96715221
     2.000      0.000     -0.918      0.086     -0.171     -2.057      0.639     -3.314      0.500          *     -1.725     -0.587      0.055     -0.110     -1.315     -2.119      0.320          *     -1.103      0.320      0.000      1.000      0.000      0.000      0.000      0.500      1.000      0.000      0.000      0.000      1.000 96715828
     3.000      2.000      0.303      0.940      0.544     -1.220     -1.374     -2.397      0.500     -1.006     -0.725     -0.416     -1.291     -0.748      1.676      3.294     -0.687      1.383      0.995      0.687      0.000      1.000      0.000      0.000      0.000     -0.500      0.000      0.000      0.000      0.000      0.000 96715927
     3.000      2.000      0.775     -0.220      0.070     -0.962     -1.038     -3.397     -0.500      0.015     -0.725     -0.804      0.229     -0.073      0.998      3.525      0.519     -0.016      0.752      0.519      0.000      1.000      0.000      0.000      0.000     -0.500      0.000      0.000      0.000      0.000      0.000 96715928
     3.000      2.000      0.625     -0.559     -0.144      0.186     -0.030     -2.647      0.500      1.191      0.775     -0.019      0.017      0.004     -0.006      0.081     -0.015     -0.036     -0.024      0.015      0.000      1.000      0.000      0.000      0.000     -0.500      0.000      0.000      0.000      0.000      0.000 96715936
     1.000      0.000      1.045      0.612     -0.415      0.542     -2.237     -0.564     -0.500          *      0.275     -2.338     -1.368      0.929     -1.212      1.262      1.118          *     -0.616      1.118      0.000      1.000      0.000      0.000      0.000     -0.500      1.000      0.000      0.000      1.000      0.000 96715954
     3.000      2.000     -0.089     -0.559      0.544     -0.502      1.102     -2.981     -0.500      0.231     -0.725     -0.098     -0.616      0.600     -0.553     -3.286     -0.551      0.254     -0.799      0.551      0.000      1.000      0.000      0.000      0.000      0.500      0.000      0.000      0.000      0.000      0.000 96715993
     1.000      2.000      1.045     -0.897      0.079      0.234     -1.402     -1.981     -0.500      1.191      0.275     -1.466      1.258     -0.111     -0.328      2.777      0.701     -1.670     -0.386      0.701      0.000      1.000      0.000      0.000      0.000     -0.500      0.000      0.000      0.000      1.000      0.000 96716295
     3.000      2.000     -0.089     -0.284     -1.316     -0.585     -1.218     -1.231     -0.500      0.625     -0.725      0.109      0.346      1.603      0.713      1.499      0.609     -0.761      0.882     -0.609      0.000      1.000      0.000      0.000      0.000      0.500      0.000      0.000      0.000      0.000      0.000 96716296
     3.000      1.000      0.764     -0.897      1.469     -0.858      0.351     -1.647      0.500     -0.806      1.275      0.268     -0.315      0.516     -0.301     -0.578      0.176     -0.283      0.448      0.176      0.000      1.000      0.000      0.000      0.000      0.500      0.000      1.000      0.000      0.000      0.000 96716620
     3.000      1.000      0.081     -0.897      1.473      1.336      0.093     -1.564     -0.500          *          *      0.008     -0.083      0.137      0.124     -0.146     -0.047          *          *     -0.047      0.000      1.000      0.000      0.000      0.000     -0.500      0.000      1.000      0.000      0.000      0.000 96717050
     1.000      2.000      0.155     -0.897      0.088     -1.973     -0.194     -1.481      0.500     -0.901     -0.725     -0.030      0.174     -0.017      0.383      0.287     -0.097      0.175      0.141     -0.097      0.000      1.000      0.000      0.000      0.000      0.500      0.000      0.000      0.000      1.000      0.000 96717068
     3.000      1.000     -0.089     -0.897      0.526     -0.747     -0.179      0.186      0.500     -0.259     -0.725      0.016      0.161     -0.094      0.134     -0.033     -0.090      0.046      0.130     -0.090      0.000      1.000      0.000      0.000      0.000      0.500      0.000      1.000      0.000      0.000      0.000 96717160
     3.000      2.000      1.045     -0.897      1.018      0.860     -0.292     -2.647      0.500      0.907     -0.725     -0.305      0.262     -0.297     -0.251      0.772     -0.146     -0.265      0.211      0.146      0.000      1.000      0.000      0.000      0.000     -0.500      0.000      0.000      0.000      0.000      0.000 96717863
     3.000      0.000      0.766      0.753      0.778      0.623      0.786      0.436      0.500     -0.208          *      0.602      0.592      0.611      0.489      0.343      0.393     -0.163          *      0.393      0.000      1.000      0.000      0.000      0.000      0.500      1.000      0.000      0.000      0.000      0.000 96717869
     3.000      1.000     -0.089     -0.897      0.092     -0.707     -0.882     -2.397      0.500      0.055      0.275      0.079      0.791     -0.081      0.623      2.114     -0.441     -0.048     -0.243     -0.441      0.000      1.000      0.000      0.000      0.000      0.500      0.000      1.000      0.000      0.000      0.000 96717961
     1.000      0.000      1.045     -0.897      1.943      0.385      0.148     -2.814     -0.500          *      1.275      0.154     -0.132      0.287      0.057     -0.415     -0.074          *      0.188     -0.074      0.000      1.000      0.000      0.000      0.000     -0.500      1.000      0.000      0.000      1.000      0.000 96718002
     1.000      0.000      0.376      1.666      0.091      0.582      1.407     -3.064     -0.500          *      0.275      0.530      2.344      0.128      0.819     -4.310     -0.703          *      0.388      0.703      0.000      1.000      0.000      0.000      0.000      0.500      1.000      0.000      0.000      1.000      0.000 96718106
     3.000      2.000      0.068     -0.897     -0.166      0.125     -2.201     -3.147     -0.500      0.510      1.275     -0.149      1.974      0.366     -0.275      6.926      1.100     -1.123     -2.807      1.100      0.000      1.000      0.000      0.000      0.000     -0.500      0.000      0.000      0.000      0.000      0.000 96718108
     3.000      2.000      0.648     -0.897      0.544      1.098     -1.297     -1.814     -0.500      0.822      1.775     -0.841      1.164     -0.706     -1.425      2.353      0.649     -1.066     -2.303      0.649      0.000      1.000      0.000      0.000      0.000     -0.500      0.000      0.000      0.000      0.000      0.000 96718114
     1.000      0.000     -0.067      1.811      0.084      0.820      0.713     -2.064     -0.500      0.293      0.275     -0.048      1.291      0.060      0.584     -1.471     -0.356      0.209      0.196      0.356      0.000      1.000      0.000      0.000      0.000      0.500      1.000      0.000      0.000      1.000      0.000 96718209
     3.000      0.000      0.669     -0.897     -0.180     -0.267     -0.608     -2.731     -0.500          *      0.275     -0.407      0.546      0.109      0.162      1.661      0.304          *     -0.168      0.304      0.000      1.000      0.000      0.000      0.000     -0.500      1.000      0.000      0.000      0.000      0.000 96718223
     3.000      2.000      0.158     -0.005      1.027      0.424      0.817     -2.564      0.500     -1.006     -1.725      0.129     -0.004      0.839      0.346     -2.095      0.409     -0.822     -1.409      0.409      0.000      1.000      0.000      0.000      0.000      0.500      0.000      0.000      0.000      0.000      0.000 96718262
     1.000      2.000      0.284      0.026      0.062      0.464     -0.017     -2.564     -0.500     -0.806     -1.725     -0.005      0.000     -0.001     -0.008      0.043      0.008      0.013      0.029      0.008      0.000      1.000      0.000      0.000      0.000     -0.500      0.000      0.000      0.000      1.000      0.000 96718269
     2.000      1.000      0.363      1.778      1.711      1.058      0.634      1.103     -0.500          *     -0.725      0.230      1.128      1.085      0.671      0.700     -0.317          *     -0.460      0.317      0.000      1.000      0.000      0.000      0.000      0.500      0.000      1.000      0.000      0.000      1.000 96718362
     3.000      1.000      1.010     -0.897      0.772      1.098      1.114     -2.231     -0.500          *     -0.725      1.125     -0.999      0.860      1.223     -2.484     -0.557          *     -0.807      0.557      0.000      1.000      0.000      0.000      0.000      0.500      0.000      1.000      0.000      0.000      0.000 96718385
     1.000      2.000      0.766     -0.778     -0.162     -0.069      0.419     -2.564      0.500          *          *      0.321     -0.326     -0.068     -0.029     -1.075      0.210          *          *      0.210      0.000      1.000      0.000      0.000      0.000      0.500      0.000      0.000      0.000      1.000      0.000 96718480
     3.000      2.000      1.010      0.023      0.303      0.344     -0.111     -2.981      0.500          *     -1.725     -0.113     -0.003     -0.034     -0.038      0.332     -0.056          *      0.192     -0.056      0.000      1.000      0.000      0.000      0.000      0.500      0.000      0.000      0.000      0.000      0.000 96718684
     3.000      1.000      0.766     -0.897     -0.376     -0.461     -0.649     -2.147      0.500          *     -0.725     -0.497      0.582      0.244      0.299      1.394     -0.325          *      0.470     -0.325      0.000      1.000      0.000      0.000      0.000      0.500      0.000      1.000      0.000      0.000      0.000 96718961
     3.000      1.000      0.580     -0.591      0.325      0.472     -0.764     -1.981      0.500     -3.203      0.275     -0.443      0.451     -0.249     -0.361      1.514     -0.382      2.448     -0.211      0.382      0.000      1.000      0.000      0.000      0.000     -0.500      0.000      1.000      0.000      0.000      0.000 96718962
     3.000      1.000      0.310     -0.897      0.785      0.385     -0.755     -3.147     -0.500      0.015     -0.725     -0.234      0.678     -0.593     -0.291      2.377      0.378     -0.012      0.547      0.378      0.000      1.000      0.000      0.000      0.000     -0.500      0.000      1.000      0.000      0.000      0.000 96719935
     3.000      2.000      1.010     -0.897     -2.476     -1.223     -0.547     -2.814     -0.500          *      2.275     -0.553      0.491      1.355      0.669      1.540      0.274          *     -1.245     -0.274      0.000      1.000      0.000      0.000      0.000      0.500      0.000      0.000      0.000      0.000      0.000 96719936
     3.000      0.000      0.730     -0.591      0.097      1.336     -0.191     -2.981     -0.500      0.907      1.775     -0.139      0.113     -0.019     -0.255      0.569      0.095     -0.173     -0.339      0.095      0.000      1.000      0.000      0.000      0.000     -0.500      1.000      0.000      0.000      0.000      0.000 96719938
     3.000      1.000     -1.825     -0.252     -0.144      1.336     -1.626      1.853      0.500      0.015     -2.225      2.968      0.410      0.234     -2.173     -3.013     -0.813     -0.025      3.618      0.813      0.000      1.000      0.000      0.000      1.000     -0.500      0.000      1.000      0.000      0.000      0.000 97500550
     3.000      2.000     -0.305     -0.591      0.763     -2.406     -0.466     -0.147      0.500     -0.159     -0.725      0.142      0.275     -0.356      1.122      0.069     -0.233      0.074      0.338     -0.233      0.000      1.000      0.000      0.000      0.000      0.500      0.000      0.000      0.000      0.000      0.000 97504300
     3.000      2.000      0.566     -0.591      0.307      0.066     -0.007     -0.897      0.500      0.767      0.275     -0.004      0.004     -0.002      0.000      0.006     -0.003     -0.005     -0.002      0.003      0.000      1.000      0.000      0.000      0.000     -0.500      0.000      0.000      0.000      0.000      0.000 97504805
     3.000      1.000     -0.719      0.383      0.566     -2.127      0.507      1.436      0.500      0.407      0.275     -0.365      0.194      0.287     -1.080      0.729      0.254      0.207      0.140     -0.254      0.000      1.000      0.000      0.000      0.000     -0.500      0.000      1.000      0.000      0.000      0.000 97506336
     3.000      0.000     -0.846      1.473      0.540     -0.092      1.342      0.853      0.500      0.748     -0.725     -1.135      1.976      0.724     -0.124      1.144      0.671      1.003     -0.972     -0.671      0.000      1.000      0.000      0.000      0.000     -0.500      1.000      0.000      0.000      0.000      0.000 97506499
     3.000      0.000      0.800      0.076     -0.862      1.098     -0.395      2.103      0.500          *      0.275     -0.316     -0.030      0.341     -0.434     -0.831     -0.198          *     -0.109      0.198      0.000      1.000      0.000      0.000      0.000     -0.500      1.000      0.000      0.000      0.000      0.000 97506598
     1.000      1.000      0.186      0.301      0.311     -0.044      0.249      0.603     -0.500      0.581      0.275      0.046      0.075      0.077     -0.011      0.150     -0.125      0.145      0.069     -0.125      0.000      1.000      0.000      0.000      0.000     -0.500      0.000      1.000      0.000      1.000      0.000 97506699
     3.000      2.000     -0.316      0.743     -0.609     -0.957      0.373      2.019      0.500      0.728      2.275     -0.118      0.277     -0.227     -0.357      0.754      0.187      0.272      0.850      0.187      0.000      1.000      0.000      0.000      0.000      0.500      0.000      0.000      0.000      0.000      0.000 97506901
     3.000      1.000      0.384      0.076      1.461      0.193     -1.261      1.436     -0.500          *      1.775     -0.484     -0.096     -1.842     -0.244     -1.811      0.630          *     -2.239      0.630      0.000      1.000      0.000      0.000      0.000     -0.500      0.000      1.000      0.000      0.000      0.000 97508427
     3.000      2.000      0.503     -0.284     -0.363     -0.347     -2.063      1.936      0.500      0.986      1.775     -1.038      0.586      0.748      0.717     -3.995     -1.032     -2.035     -3.663      1.032      0.000      1.000      0.000      0.000      0.000     -0.500      0.000      0.000      0.000      0.000      0.000 97508723
     3.000      1.000      0.817      0.414     -1.298     -1.617     -0.859      0.353      0.500          *     -0.725     -0.702     -0.356      1.115      1.389     -0.303     -0.430          *      0.622     -0.430      0.000      1.000      0.000      0.000      0.000      0.500      0.000      1.000      0.000      0.000      0.000 97508980
     3.000      0.000     -0.064      2.090     -1.294     -0.666     -0.663     -1.731      0.500          *     -1.725      0.043     -1.386      0.858      0.442      1.148     -0.332          *      1.144     -0.332      0.000      1.000      0.000      0.000      0.000      0.500      1.000      0.000      0.000      0.000      0.000 97570024
     3.000      1.000      1.045     -0.897      0.348      0.125     -1.096      0.353      0.500      0.907      1.275     -1.145      0.983     -0.381     -0.137     -0.386     -0.548     -0.994     -1.398      0.548      0.000      1.000      0.000      0.000      0.000     -0.500      0.000      1.000      0.000      0.000      0.000 97570077
     1.000      1.000      0.110     -0.897      0.760      0.582      0.735     -0.314     -0.500          *     -0.725      0.081     -0.660      0.559      0.428     -0.231     -0.368          *     -0.533      0.368      0.000      1.000      0.000      0.000      0.000      0.500      0.000      1.000      0.000      1.000      0.000 97570088
     1.000      0.000      0.708      0.023      0.098      0.820     -1.281     -0.814     -0.500      0.434      1.275     -0.907     -0.029     -0.126     -1.050      1.043      0.640     -0.556     -1.634      0.640      0.000      1.000      0.000      0.000      0.000     -0.500      1.000      0.000      0.000      1.000      0.000 97570316
     3.000      2.000      1.010     -0.897      0.303      0.264     -1.434     -0.897     -0.500      0.015      0.275     -1.449      1.287     -0.434     -0.378      1.287      0.717     -0.022     -0.395     -0.717      0.000      1.000      0.000      0.000      0.000      0.500      0.000      0.000      0.000      0.000      0.000 97570535
     1.000      2.000      1.010     -0.897     -0.159     -1.890     -0.485      0.519     -0.500     -0.431     -0.725     -0.490      0.435      0.077      0.917     -0.252      0.243      0.209      0.351     -0.243      0.000      1.000      0.000      0.000      0.000      0.500      0.000      0.000      0.000      1.000      0.000 97570739
     1.000      0.000     -0.089      2.118      0.772     -0.863     -0.943      1.603      0.500          *     -1.725      0.084     -1.996     -0.728      0.814     -1.511     -0.471          *      1.626     -0.471      0.000      1.000      0.000      0.000      0.000      0.500      1.000      0.000      0.000      1.000      0.000 97571079
     3.000      2.000      0.773     -0.897      1.943      1.336     -0.209     -2.397     -0.500      1.307      1.275     -0.162      0.187     -0.406     -0.279      0.501      0.104     -0.273     -0.266      0.104      0.000      1.000      0.000      0.000      0.000     -0.500      0.000      0.000      0.000      0.000      0.000 97571100
     1.000      0.000     -0.268      0.806      0.540      0.780      2.668     -0.397      0.500          *     -0.725     -0.715      2.150      1.442      2.080     -1.060      1.334          *     -1.933      1.334      0.000      1.000      1.000      0.000      1.000      0.500      1.000      0.000      0.000      1.000      0.000 97571272
     3.000      2.000      1.045     -0.897      1.702      1.098      0.280     -1.481     -0.500      0.647      0.775      0.293     -0.251      0.477      0.308     -0.415     -0.140      0.181      0.217     -0.140      0.000      1.000      0.000      0.000      0.000     -0.500      0.000      0.000      0.000      0.000      0.000 97572076
     3.000      2.000      0.155     -0.231     -0.400      0.860      0.293     -1.647      0.500      0.625     -0.225      0.045     -0.068     -0.117      0.252     -0.482      0.146      0.183     -0.066     -0.146      0.000      1.000      0.000      0.000      0.000     -0.500      0.000      0.000      0.000      0.000      0.000 97572286
     3.000      2.000      1.010      1.000     -0.163      1.336      0.003     -0.731      0.500          *     -2.725      0.004      0.003     -0.001      0.005     -0.003      0.002          *     -0.009      0.002      0.000      1.000      0.000      0.000      0.000      0.500      0.000      0.000      0.000      0.000      0.000 97572989
     1.000      0.000     -0.463      0.425     -1.066     -0.163     -0.172      2.353      0.500      3.068     -2.725      0.079     -0.073      0.183      0.028     -0.404     -0.086     -0.526      0.467      0.086      0.000      1.000      0.000      0.000      0.000     -0.500      1.000      0.000      0.000      1.000      0.000 97573038
     3.000      1.000      0.817     -0.897     -0.386     -1.195     -0.845     -1.231      0.500      0.510      1.275     -0.690      0.758      0.326      1.009      1.040     -0.422     -0.431     -1.078     -0.422      0.000      1.000      0.000      0.000      0.000      0.500      0.000      1.000      0.000      0.000      0.000 97573333
     3.000      2.000          *     -0.312     -2.229     -2.127      0.760      3.269      0.500          *          *          *     -0.237     -1.695     -1.618      2.486      0.380          *          *     -0.380      0.000      1.000      0.000      0.000      0.000     -0.500      0.000      0.000      0.000      0.000      0.000 97574031
     3.000      2.000     -0.089     -0.897     -0.153      0.186     -0.043      2.603      0.500     -0.564     -1.725      0.004      0.039      0.007     -0.008     -0.113     -0.022      0.024      0.075     -0.022      0.000      1.000      0.000      0.000      0.000      0.500      0.000      0.000      0.000      0.000      0.000 97574196
     1.000      1.000      0.132     -0.897      0.544      1.058      0.710      1.019     -0.500          *     -0.725      0.094     -0.637      0.387      0.751      0.724     -0.355          *     -0.514      0.355      0.000      1.000      0.000      0.000      0.000      0.500      0.000      1.000      0.000      1.000      0.000 97574616
     3.000      0.000     -0.767      1.134      0.070     -0.585      1.062      1.603      0.500          *     -1.225     -0.814      1.204      0.074     -0.621      1.702      0.531          *     -1.300     -0.531      0.000      1.000      0.000      0.000      0.000     -0.500      1.000      0.000      0.000      0.000      0.000 97574631
     3.000      1.000      1.010     -0.897      0.785      0.107     -0.988      0.436      0.500      1.592      2.275     -0.998      0.886     -0.776     -0.105     -0.431     -0.494     -1.573     -2.248     -0.494      0.000      1.000      0.000      0.000      0.000      0.500      0.000      1.000      0.000      0.000      0.000 97574703
     3.000      2.000      0.795     -0.252          *      1.336      0.149      2.353      0.500     -1.412     -2.725      0.118     -0.038          *      0.199      0.351      0.075     -0.210     -0.406      0.075      0.000      1.000      0.000      0.000      0.000      0.500      0.000      0.000      0.000      0.000      0.000 97575020
     1.000      1.000      1.045     -0.897     -2.448      0.107      0.355      1.019     -0.500      1.127      1.275      0.371     -0.319     -0.870      0.038      0.362     -0.178      0.400      0.453     -0.178      0.000      1.000      0.000      0.000      0.000     -0.500      0.000      1.000      0.000      1.000      0.000 97575095
     1.000      2.000      0.625      0.108     -0.845      0.860     -0.647      0.769     -0.500      1.251      0.275     -0.405     -0.070      0.547     -0.557     -0.498      0.324     -0.809     -0.178      0.324      0.000      1.000      0.000      0.000      0.000     -0.500      0.000      0.000      0.000      1.000      0.000 97575153
     3.000      0.000      0.503      0.796     -1.091     -0.450      1.000      1.353      0.500          *     -0.225      0.503      0.796     -1.091     -0.450      1.352      0.500          *     -0.224     -0.500      0.000      1.000      0.000      0.000      0.000     -0.500      1.000      0.000      0.000      0.000      0.000 97575156
     3.000      1.000      0.075     -0.897      0.339      0.582     -0.361      0.103      0.500     -0.159     -0.725     -0.027      0.324     -0.122     -0.210     -0.037     -0.180      0.057      0.261      0.180      0.000      1.000      0.000      0.000      0.000     -0.500      0.000      1.000      0.000      0.000      0.000 97575226
     1.000      0.000     -0.279     -0.312     -0.131      1.098      1.230     -0.647     -0.500      1.633     -0.725     -0.344     -0.384     -0.161      1.351     -0.796     -0.615      2.009     -0.891     -0.615      0.000      1.000      0.000      0.000      0.000     -0.500      1.000      0.000      0.000      1.000      0.000 97575244
     3.000      1.000      1.010     -0.897      1.483      0.641     -1.212     -2.564      0.500          *      0.275     -1.225      1.088     -1.799     -0.777      3.109     -0.606          *     -0.334     -0.606      0.000      1.000      0.000      0.000      0.000      0.500      0.000      1.000      0.000      0.000      0.000 97575245
     3.000      0.000      0.795      0.361      0.541      0.431      1.098      1.519      0.500      0.728      2.275      0.872      0.396      0.594      0.473      1.668      0.549      0.799      2.498      0.549      0.000      1.000      0.000      0.000      0.000      0.500      1.000      0.000      0.000      0.000      0.000 97575351
     3.000      2.000      0.326     -0.897     -0.868     -0.072      0.765      0.186      0.500     -1.124     -1.725      0.249     -0.687     -0.664     -0.055      0.142      0.383     -0.860     -1.320      0.383      0.000      1.000      0.000      0.000      0.000      0.500      0.000      0.000      0.000      0.000      0.000 97575520
     3.000      1.000      0.174     -0.284      0.048     -0.172      0.336     -0.397      0.500      0.055     -0.725      0.058     -0.096      0.016     -0.058     -0.134      0.168      0.018     -0.244     -0.168      0.000      1.000      0.000      0.000      0.000     -0.500      0.000      1.000      0.000      0.000      0.000 97575528
     3.000      1.000     -2.276     -0.897      0.088     -2.168     -0.928      0.436      0.500      0.055     -0.725      2.112      0.833     -0.082      2.012     -0.405     -0.464     -0.051      0.672      0.464      0.000      1.000      0.000      0.000      0.000     -0.500      0.000      1.000      0.000      0.000      0.000 97575820
     3.000      2.000     -0.806     -0.312     -0.386      0.304     -0.121     -0.647      0.500     -0.564      0.275      0.098      0.038      0.047     -0.037      0.079     -0.061      0.069     -0.033     -0.061      0.000      1.000      0.000      0.000      0.000      0.500      0.000      0.000      0.000      0.000      0.000 97575827
     3.000      1.000     -0.486      0.026      1.009      1.098      0.833      0.269     -0.500          *     -1.725     -0.405      0.022      0.841      0.915      0.224     -0.417          *     -1.437      0.417      0.000      1.000      0.000      0.000      0.000      0.500      0.000      1.000      0.000      0.000      0.000 97575923
     3.000      2.000     -0.020      0.023      0.781     -0.044     -0.536      2.186     -0.500      1.412     -1.225      0.011     -0.012     -0.419      0.024     -1.172      0.268     -0.757      0.657      0.268      0.000      1.000      0.000      0.000      0.000     -0.500      0.000      0.000      0.000      0.000      0.000 97575949
     3.000      2.000     -0.089      0.661     -0.382      1.098     -0.830     -0.147      0.500          *      1.275      0.074     -0.549      0.317     -0.911      0.122     -0.415          *     -1.059     -0.415      0.000      1.000      0.000      0.000      0.000      0.500      0.000      0.000      0.000      0.000      0.000 97576190
     3.000      1.000     -1.485      0.108     -0.600     -1.448     -0.133      1.519      0.500      1.307      1.775      0.198     -0.014      0.080      0.193     -0.202     -0.067     -0.174     -0.237      0.067      0.000      1.000      0.000      0.000      0.000     -0.500      0.000      1.000      0.000      0.000      0.000 97576206
     3.000      1.000      0.666     -0.252      0.544     -0.172     -0.608     -0.314      0.500      1.001     -0.225     -0.405      0.153     -0.331      0.104      0.191     -0.304     -0.609      0.137      0.304      0.000      1.000      0.000      0.000      0.000     -0.500      0.000      1.000      0.000      0.000      0.000 97576334
     3.000      2.000      0.536     -0.897      0.092      0.344      0.321      1.436      0.500      1.550      0.775      0.172     -0.288      0.030      0.111      0.461      0.161      0.498      0.249     -0.161      0.000      1.000      0.000      0.000      0.000     -0.500      0.000      0.000      0.000      0.000      0.000 97576391
     3.000      2.000     -1.435      0.507     -1.526      0.542      0.332      0.269      0.500          *     -1.725     -0.476      0.168     -0.506      0.180      0.089      0.166          *     -0.572      0.166      0.000      1.000      0.000      0.000      0.000      0.500      0.000      0.000      0.000      0.000      0.000 97576494
     1.000      2.000     -0.068      0.076     -0.832     -1.771     -0.415     -0.731      0.500      0.510      1.275      0.028     -0.032      0.346      0.736      0.304     -0.208     -0.212     -0.530     -0.208      0.000      1.000      0.000      0.000      0.000      0.500      0.000      0.000      0.000      1.000      0.000 97576575
     3.000      2.000     -0.335     -0.897     -0.163     -1.973     -0.043     -0.147     -0.500     -0.068      1.275      0.015      0.039      0.007      0.086      0.006      0.022      0.003     -0.055     -0.022      0.000      1.000      0.000      0.000      0.000      0.500      0.000      0.000      0.000      0.000      0.000 97576791
     3.000      2.000     -0.388      0.968      0.307      0.186      0.767      0.103      0.500      1.016      1.275     -0.298      0.742      0.235      0.142      0.079      0.383      0.779      0.978     -0.383      0.000      1.000      0.000      0.000      0.000     -0.500      0.000      0.000      0.000      0.000      0.000 97576796
     3.000      1.000     -2.842     -0.537     -0.369     -0.585      1.180     -0.481      0.500          *      0.775     -3.353     -0.634     -0.435     -0.691     -0.567      0.590          *      0.915     -0.590      0.000      1.000      0.000      0.000      0.000     -0.500      0.000      1.000      0.000      0.000      0.000 97576798
     3.000      0.000     -1.211     -0.312      0.818     -0.323     -0.983      1.519     -0.500      0.352      1.275      1.191      0.307     -0.804      0.317     -1.494      0.492     -0.346     -1.254      0.492      0.000      1.000      0.000      0.000      0.000     -0.500      1.000      0.000      0.000      0.000      0.000 97577328
     1.000      2.000      0.933      0.425      0.276      0.226     -0.031      2.353      0.500          *     -1.725     -0.029     -0.013     -0.009     -0.007     -0.074     -0.016          *      0.054      0.016      0.000      1.000      0.000      0.000      0.000     -0.500      0.000      0.000      0.000      1.000      0.000 97577717
     3.000      2.000      0.047      1.398      0.338      1.098      0.859      1.769      0.500      0.231      2.275      0.040      1.200      0.290      0.943      1.519      0.429      0.198      1.954     -0.429      0.000      1.000      1.000      0.000      0.000     -0.500      0.000      0.000      0.000      0.000      0.000 97577961
     3.000      0.000     -0.118     -0.005      0.330      0.304      0.293      1.936     -0.500      0.262          *     -0.035     -0.002      0.097      0.089      0.568     -0.147      0.077          *     -0.147      0.000      1.000      0.000      0.000      0.000     -0.500      1.000      0.000      0.000      0.000      0.000 97577966
     3.000      0.000      0.484      0.383      0.558      0.820      0.804      1.019      0.500      0.231     -0.225      0.389      0.307      0.448      0.659      0.819      0.402      0.185     -0.180     -0.402      0.000      1.000      0.000      0.000      0.000     -0.500      1.000      0.000      0.000      0.000      0.000 97578005
     3.000      1.000     -4.036      0.108     -0.641      0.234     -0.569      3.103     -0.500      0.231     -1.225      2.298     -0.061      0.365     -0.133     -1.767      0.285     -0.131      0.697      0.285      0.000      1.000      0.000      0.000      0.000     -0.500      0.000      1.000      0.000      0.000      0.000 97578103
     3.000      1.000     -2.052     -0.897     -0.380      0.709     -1.546      0.186      0.500      0.625      2.275      3.171      1.387      0.587     -1.097     -0.288     -0.773     -0.966     -3.517     -0.773      0.000      1.000      0.000      0.000      0.000      0.500      0.000      1.000      0.000      0.000      0.000 97578132
     3.000      1.000      0.785     -0.897     -1.337     -0.867     -0.381      0.019      0.500          *      1.275     -0.299      0.342      0.510      0.330     -0.007     -0.190          *     -0.486     -0.190      0.000      1.000      0.000      0.000      0.000      0.500      0.000      1.000      0.000      0.000      0.000 97578222
     3.000      1.000     -0.089      0.414      1.473      0.054      0.641     -1.147      0.500      0.231     -0.725     -0.057      0.266      0.945      0.035     -0.736      0.321      0.148     -0.465      0.321      0.000      1.000      0.000      0.000      0.000      0.500      0.000      1.000      0.000      0.000      0.000 97578317
     3.000      0.000      0.136      1.779      0.303      0.066     -0.984      1.019     -0.500          *     -2.725     -0.133     -1.750     -0.298     -0.065     -1.003      0.492          *      2.680     -0.492      0.000      1.000      0.000      0.000      0.000      0.500      1.000      0.000      0.000      0.000      0.000 97578404
     1.000      1.000     -2.460     -0.897      0.536     -1.142     -1.542      0.686     -0.500          *     -2.725      3.795      1.384     -0.827      1.761     -1.058      0.771          *      4.202      0.771      0.000      1.000      0.000      0.000      0.000     -0.500      0.000      1.000      0.000      1.000      0.000 97578482
     3.000      2.000     -1.235     -0.591      0.083      0.820     -0.228      2.603     -0.500      0.510      0.275      0.281      0.134     -0.019     -0.187     -0.592      0.114     -0.116     -0.063      0.114      0.000      1.000      0.000      0.000      0.000     -0.500      0.000      0.000      0.000      0.000      0.000 97578503
     1.000      2.000     -0.140     -0.005     -1.319      0.820      0.300      2.019     -0.500     -0.068      1.275     -0.042     -0.002     -0.396      0.246      0.607     -0.150     -0.020      0.383      0.150      0.000      1.000      0.000      0.000      0.000      0.500      0.000      0.000      0.000      1.000      0.000 97578561
     3.000      2.000      0.773     -0.897      1.041      1.336     -1.284      1.353      0.500      0.510      1.775     -0.993      1.152     -1.336     -1.715     -1.737     -0.642     -0.655     -2.279      0.642      0.000      1.000      0.000      0.000      0.000     -0.500      0.000      0.000      0.000      0.000      0.000 97578585
     3.000      2.000     -2.065      1.779     -0.404     -1.362      0.874      2.269      0.500     -1.817     -1.725     -1.804      1.555     -0.353     -1.190      1.983      0.437     -1.588     -1.507      0.437      0.000      1.000      0.000      0.000      0.000      0.500      0.000      0.000      0.000      0.000      0.000 97578588
     3.000      2.000     -1.128      0.489      0.772      1.098     -0.659      1.603      0.500          *      1.275      0.744     -0.323     -0.509     -0.724     -1.057     -0.330          *     -0.841      0.330      0.000      1.000      0.000      0.000      0.000     -0.500      0.000      0.000      0.000      0.000      0.000 97578608
     3.000      1.000     -1.652      0.054     -1.543     -0.052      2.312      2.103      0.500     -0.719     -0.725     -3.820      0.126     -3.567     -0.120      4.861      1.156     -1.661     -1.675      1.156      0.000      1.000      0.000      0.000      0.000      0.500      0.000      1.000      0.000      0.000      0.000 97578810
     1.000      0.000     -0.907      1.113      0.083      1.058     -0.458      3.603     -0.500          *     -0.725      0.415     -0.509     -0.038     -0.484     -1.649      0.229          *      0.332      0.229      0.000      1.000      0.000      0.000      0.000     -0.500      1.000      0.000      0.000      1.000      0.000 97578812
     3.000      1.000      1.010     -0.897     -0.145     -2.208     -1.388      0.686      0.500      2.204      1.275     -1.402      1.245      0.201      3.065     -0.952     -0.694     -3.059     -1.770     -0.694      0.000      1.000      0.000      0.000      0.000      0.500      0.000      1.000      0.000      0.000      0.000 97578880
     1.000      0.000     -0.089     -0.177      0.319      0.209      0.281      3.686     -0.500          *     -1.725     -0.025     -0.050      0.090      0.059      1.036     -0.141          *     -0.485      0.141      0.000      1.000      0.000      0.000      0.000      0.500      1.000      0.000      0.000      1.000      0.000 97578907
     3.000      1.000     -0.089     -0.897      0.572      0.582     -0.761      1.853      0.500          *     -0.725      0.068      0.682     -0.435     -0.443     -1.409     -0.380          *      0.551     -0.380      0.000      1.000      0.000      0.000      0.000      0.500      0.000      1.000      0.000      0.000      0.000 97578909
     3.000      0.000      0.541      0.118      1.014      0.860     -1.045      2.686     -0.500          *     -0.725     -0.566     -0.123     -1.060     -0.899     -2.807      0.522          *      0.757     -0.522      0.000      1.000      0.000      0.000      0.000      0.500      1.000      0.000      0.000      0.000      0.000 97578980
     3.000      0.000     -0.304      1.966     -1.080     -0.957      2.561      0.853      0.500     -1.594      2.275     -0.777      5.035     -2.765     -2.450      2.184      1.280     -4.082      5.827      1.280      0.000      1.000      0.000      0.000      0.000      0.500      1.000      0.000      0.000      0.000      0.000 97579336
     1.000      2.000      0.522     -0.537      0.294      0.582      0.274     -0.647     -0.500     -0.068      1.275      0.143     -0.147      0.081      0.160     -0.178     -0.137     -0.019      0.350      0.137      0.000      1.000      0.000      0.000      0.000      0.500      0.000      0.000      0.000      1.000      0.000 97590354
     3.000      1.000     -0.969      1.688     -0.618     -0.568     -0.882      0.769     -0.500          *      0.275      0.855     -1.489      0.545      0.501     -0.679      0.441          *     -0.243      0.441      0.000      1.000      0.000      0.000      0.000     -0.500      0.000      1.000      0.000      0.000      0.000 97608178
     3.000      1.000     -0.442     -0.897     -2.473     -1.235      0.307      2.519     -0.500      1.191      1.275     -0.135     -0.275     -0.759     -0.379      0.773     -0.153      0.365      0.391     -0.153      0.000      1.000      1.000      1.000      0.000     -0.500      0.000      1.000      0.000      0.000      0.000 97646125
     1.000      0.000     -0.476      1.134     -0.393      0.066      0.051      1.769     -0.500      1.191      1.275     -0.024      0.058     -0.020      0.003      0.090     -0.026      0.061      0.065      0.026      0.000      1.000      0.000      0.000      0.000      0.500      1.000      0.000      0.000      1.000      0.000 97676525
     3.000      1.000      1.010     -0.897      1.233      0.582      1.036     -0.981      0.500     -0.431     -0.725      1.047     -0.930      1.278      0.603     -1.016      0.518     -0.446     -0.751      0.518      0.000      1.000      0.000      0.000      0.000      0.500      0.000      1.000      0.000      0.000      0.000 97678274
     2.000      0.000      1.010      0.858     -1.074      0.107      2.132     -1.814     -0.500          *          *      2.154      1.830     -2.290      0.227     -3.867     -1.066          *          *      1.066      0.000      1.000      0.000      0.000      0.000      0.500      1.000      0.000      0.000      0.000      1.000 97710280
     1.000      0.000      0.601      0.140      0.303      0.860     -1.251     -1.897     -0.500     -1.817      0.275     -0.752     -0.175     -0.379     -1.076      2.374      0.626      2.273     -0.345     -0.626      0.000      1.000      0.000      0.000      0.000      0.500      1.000      0.000      0.000      1.000      0.000 97710474
     1.000      0.000      0.222     -0.897      1.005      0.860      2.593     -1.147      0.500      0.822     -0.225      0.577     -2.326      2.606      2.231     -2.975      1.296      2.131     -0.582     -1.296      0.000      1.000      0.000      0.000      0.000     -0.500      1.000      0.000      0.000      1.000      0.000 97710485
     3.000      2.000      1.010     -0.559     -0.588      0.226     -1.211     -2.481     -0.500     -0.806      1.275     -1.223      0.676      0.711     -0.274      3.003      0.605      0.975     -1.544     -0.605      0.000      1.000      0.000      0.000      0.000      0.500      0.000      0.000      0.000      0.000      0.000 97710686
     2.000      0.000     -0.767      1.038     -2.756      1.058      2.015     -1.731      0.500      0.129     -0.725     -1.546      2.091     -5.553      2.132     -3.488      1.008      0.259     -1.460     -1.008      0.000      1.000      0.000      0.000      0.000     -0.500      1.000      0.000      0.000      0.000      1.000 97710984
     1.000      0.000     -0.210      0.743      0.549      0.066      0.455     -2.731      0.500     -1.124          *     -0.096      0.338      0.250      0.030     -1.242      0.227     -0.511          *      0.227      0.000      1.000      0.000      0.000      0.000      0.500      1.000      0.000      0.000      1.000      0.000 97712272
     3.000      2.000     -0.141     -0.312      0.307      0.709     -0.303     -2.064     -0.500     -0.025     -0.725      0.043      0.094     -0.093     -0.215      0.625      0.151      0.008      0.219      0.151      0.000      1.000      0.000      0.000      0.000     -0.500      0.000      0.000      0.000      0.000      0.000 97713039
     3.000      1.000     -0.089     -0.897      0.785      0.709      0.468     -1.481     -0.500     -0.159      0.275     -0.042     -0.420      0.368      0.332     -0.693     -0.234     -0.074      0.129      0.234      0.000      1.000      0.000      0.000      0.000      0.500      0.000      1.000      0.000      0.000      0.000 97713938
     3.000      0.000      0.836     -0.231      0.531     -1.930      0.119     -2.064     -0.500      0.055      0.775      0.100     -0.028      0.063     -0.230     -0.246     -0.060      0.007      0.093     -0.060      0.000      1.000      0.000      0.000      0.000     -0.500      1.000      0.000      0.000      0.000      0.000 97714090
     3.000      0.000      0.640     -0.284     -1.553     -1.220      0.313     -2.064      0.500          *     -1.225      0.200     -0.089     -0.486     -0.382     -0.646      0.156          *     -0.383     -0.156      0.000      1.000      1.000      0.000      0.000     -0.500      1.000      0.000      0.000      0.000      0.000 97714097
     3.000      0.000      1.010     -0.897     -0.828      0.234     -1.377     -1.564      0.500     -0.025     -0.725     -1.391      1.235      1.140     -0.322      2.153     -0.688      0.035      0.998     -0.688      0.000      1.000      0.000      0.000      0.000      0.500      1.000      0.000      0.000      0.000      0.000 97714214
     1.000      2.000      0.579      0.858      1.255      0.820      2.144     -2.314     -0.500      0.092      0.275      1.241      1.840      2.692      1.759     -4.962     -1.072      0.198      0.591      1.072      0.000      1.000      0.000      0.000      0.000      0.500      0.000      0.000      0.000      1.000      0.000 97714234
     2.000      1.000     -1.213      1.525     -0.609      1.336      0.691     -1.981      0.500     -0.370      0.275     -0.838      1.053     -0.421      0.923     -1.368      0.345     -0.256      0.190      0.345      0.000      1.000      0.000      0.000      0.000      0.500      0.000      1.000      0.000      0.000      1.000 97714949
     3.000      1.000      1.010      0.355     -0.154      1.098      0.770     -1.397      0.500     -0.259      1.275      0.778      0.273     -0.118      0.846     -1.076      0.385     -0.199      0.982      0.385      0.000      1.000      0.000      0.000      0.000      0.500      0.000      1.000      0.000      0.000      0.000 97715124
     3.000      0.000     -0.326      1.200     -1.324      1.058     -0.189     -1.564     -0.500          *     -0.725      0.062     -0.227      0.250     -0.200      0.296      0.095          *      0.137     -0.095      0.000      1.000      0.000      0.000      0.000      0.500      1.000      0.000      0.000      0.000      0.000 97715350
     3.000      1.000      0.815     -0.312      0.079      0.860     -1.103     -1.814      0.500      0.728     -0.225     -0.899      0.344     -0.087     -0.949      2.001     -0.552     -0.803      0.248      0.552      0.000      1.000      0.000      0.000      0.000     -0.500      0.000      1.000      0.000      0.000      0.000 97715351
     1.000      1.000     -0.140     -0.312     -0.372      1.336      0.012     -0.647     -0.500          *     -1.725     -0.002     -0.004     -0.004      0.015     -0.008     -0.006          *     -0.020     -0.006      0.000      1.000      0.000      0.000      0.000     -0.500      0.000      1.000      0.000      1.000      0.000 97715923
     2.000      0.000     -0.751     -0.005     -2.701      0.169      0.537     -1.731      0.500      1.274     -0.725     -0.404     -0.003     -1.452      0.091     -0.930      0.269      0.685     -0.389      0.269      0.000      1.000      0.000      0.000      0.000      0.500      1.000      0.000      0.000      0.000      1.000 97716098
     3.000      1.000      0.559     -0.897      1.114     -0.044     -0.663     -3.064     -0.500      1.441     -0.225     -0.371      0.595     -0.739      0.029      2.033      0.332     -0.956      0.149      0.332      0.000      1.000      0.000      0.000      0.000     -0.500      0.000      1.000      0.000      0.000      0.000 97716992
     2.000      1.000      0.795     -0.897      1.461      0.582      1.215     -1.231     -0.500          *      2.275      0.966     -1.091      1.776      0.708     -1.496     -0.608          *      2.766      0.608      0.000      1.000      0.000      0.000      0.000      0.500      0.000      1.000      0.000      0.000      1.000 97717861
     3.000      1.000     -0.314     -0.897      0.074     -0.441      0.596     -2.814      0.500     -0.159          *     -0.187     -0.535      0.044     -0.263     -1.678      0.298     -0.095          *      0.298      0.000      1.000      0.000      0.000      0.000      0.500      0.000      1.000      0.000      0.000      0.000 97717867
     3.000      2.000      1.045     -0.897     -0.852      0.702     -0.792     -2.481      0.500      0.688     -0.725     -0.828      0.711      0.675     -0.556      1.965     -0.396     -0.545      0.574      0.396      0.000      1.000      0.000      0.000      0.000     -0.500      0.000      0.000      0.000      0.000      0.000 97717964
     3.000      2.000     -0.010     -0.897      0.996      1.098      0.447     -3.064      0.500          *     -0.725     -0.004     -0.401      0.446      0.491     -1.370      0.224          *     -0.324     -0.224      0.000      1.000      0.000      0.000      0.000     -0.500      0.000      0.000      0.000      0.000      0.000 97718007
     3.000      1.000     -1.033      1.564     -0.135     -0.450     -0.579     -1.981      0.500      0.558     -0.725      0.599     -0.907      0.078      0.261      1.148     -0.290     -0.323      0.420      0.290      0.000      1.000      0.000      0.000      0.000     -0.500      0.000      1.000      0.000      0.000      0.000 97718023
     3.000      1.000     -0.200      1.113      0.052      0.820     -0.836     -1.731      0.500      0.231     -1.225      0.167     -0.930     -0.043     -0.685      1.446     -0.418     -0.193      1.023      0.418      0.000      1.000      0.000      0.000      0.000     -0.500      0.000      1.000      0.000      0.000      0.000 97718026
     3.000      1.000      0.132     -0.897      1.488     -0.172     -0.577     -0.981      0.500      0.510     -0.725     -0.076      0.517     -0.858      0.099      0.566     -0.288     -0.294      0.418     -0.288      0.000      1.000      0.000      0.000      0.000      0.500      0.000      1.000      0.000      0.000      0.000 97718125
     1.000      2.000     -0.133     -0.897      1.943      0.860      2.590     -1.314      0.500          *      1.275     -0.345     -2.324      5.034      2.229     -3.404      1.295          *      3.304      1.295      0.000      1.000      0.000      0.000      0.000      0.500      0.000      0.000      0.000      1.000      0.000 97718185
     3.000      1.000      0.310     -0.897      0.785      1.336      0.372     -3.064      0.500     -0.370     -0.725      0.115     -0.333      0.292      0.496     -1.139      0.186     -0.138     -0.269     -0.186      0.000      1.000      0.000      0.000      0.000     -0.500      0.000      1.000      0.000      0.000      0.000 97718214
     3.000      0.000      1.010     -0.897      0.070     -0.528      0.994     -2.147      0.500          *      1.275      1.004     -0.892      0.069     -0.524     -2.134      0.497          *      1.268      0.497      0.000      1.000      0.000      0.000      0.000      0.500      1.000      0.000      0.000      0.000      0.000 97718289
     3.000      2.000     -0.364     -0.312      1.943      0.820      1.045     -1.814      0.500      0.055     -0.225     -0.380     -0.326      2.032      0.857     -1.896      0.523      0.057     -0.235     -0.523      0.000      1.000      1.000      0.000      0.000     -0.500      0.000      0.000      0.000      0.000      0.000 97718314
     3.000      2.000      1.045     -0.897      0.999      0.472     -0.454     -2.397     -0.500          *      1.275     -0.475      0.408     -0.454     -0.214      1.089      0.227          *     -0.580      0.227      0.000      1.000      0.000      0.000      0.000     -0.500      0.000      0.000      0.000      0.000      0.000 97718687
     3.000      1.000     -0.089     -0.897      0.075      0.304      1.394     -2.397      0.500     -3.203     -1.725     -0.125     -1.251      0.105      0.424     -3.343      0.697     -4.467     -2.404      0.697      0.000      1.000      0.000      0.000      0.000      0.500      0.000      1.000      0.000      0.000      0.000 97718689
     3.000      1.000      1.010     -0.559      0.557     -0.699     -0.053     -1.647      0.500     -1.124     -0.725     -0.053      0.030     -0.029      0.037      0.087     -0.026      0.059      0.038     -0.026      0.000      1.000      0.000      0.000      0.000      0.500      0.000      1.000      0.000      0.000      0.000 97718886
     3.000      1.000      0.224      0.054      0.561      1.336      1.379     -0.564      0.500          *     -0.725      0.308      0.075      0.774      1.842     -0.777      0.689          *     -0.999     -0.689      0.000      1.000      0.000      0.000      0.000     -0.500      0.000      1.000      0.000      0.000      0.000 97718910
     1.000      0.000     -0.024      0.183      0.290      0.702      0.271     -3.064     -0.500      0.015      2.275     -0.006      0.050      0.079      0.190     -0.831     -0.136      0.004      0.617      0.136      0.000      1.000      0.000      0.000      0.000      0.500      1.000      0.000      0.000      1.000      0.000 97719931
     3.000      1.000     -0.397     -0.897     -0.390      0.193     -0.814     -3.481      0.500     -0.431     -0.725      0.323      0.731      0.318     -0.158      2.834     -0.407      0.351      0.590      0.407      0.000      1.000      0.000      0.000      0.000     -0.500      0.000      1.000      0.000      0.000      0.000 97719932
     3.000      1.000      1.045     -0.897      0.790      0.820      1.967     -2.147      0.500          *      0.775      2.056     -1.765      1.553      1.613     -4.224      0.984          *      1.526     -0.984      0.000      1.000      0.000      0.000      0.000     -0.500      0.000      1.000      0.000      0.000      0.000 97723901
     1.000      2.000     -0.031     -0.897     -0.838     -0.323     -1.390      1.103      0.500          *     -0.725      0.043      1.247      1.165      0.448     -1.533     -0.695          *      1.007     -0.695      0.000      1.000      0.000      0.000      0.000      0.500      0.000      0.000      0.000      1.000      0.000 98500510
     3.000      1.000     -1.100          *      0.785          *     -1.004      1.603      0.500          *          *      1.104          *     -0.788          *     -1.609     -0.502          *          *     -0.502      0.000      1.000      0.000      0.000      0.000      0.500      0.000      1.000      0.000      0.000      0.000 98500711
     3.000      0.000      0.353     -0.897      1.245     -0.823     -0.248     -0.814      0.500     -0.208     -1.725     -0.088      0.223     -0.309      0.204      0.202     -0.124      0.052      0.428      0.124      0.000      0.000      0.000      1.000      1.000     -0.500      1.000      0.000      0.000      0.000      0.000 98500954
     3.000      0.000     -0.507     -0.897     -0.394     -0.203     -0.176     -1.647      0.500      0.231      0.275      0.089      0.158      0.069      0.036      0.289     -0.088     -0.040     -0.048     -0.088      0.000      1.000      0.000      0.000      0.000      0.500      1.000      0.000      0.000      0.000      0.000 98500979
     3.000      2.000     -0.091     -0.897     -0.364     -0.212     -0.764      0.769      0.500     -1.124      0.275      0.070      0.685      0.278      0.162     -0.588     -0.382      0.859     -0.210     -0.382      0.000      1.000      0.000      0.000      0.000      0.500      0.000      0.000      0.000      0.000      0.000 98500988
     3.000      1.000     -0.883     -0.897     -1.066     -0.290      0.158      1.186     -0.500          *     -0.725     -0.139     -0.142     -0.168     -0.046      0.187     -0.079          *     -0.114     -0.079      0.000      1.000      0.000      0.000      0.000     -0.500      0.000      1.000      0.000      0.000      0.000 98503002
     3.000      2.000      1.045     -0.897      1.220     -0.223     -0.006     -2.481      0.500          *      1.775     -0.006      0.006     -0.007      0.001      0.015     -0.003          *     -0.011      0.003      0.000      1.000      0.000      0.000      0.000     -0.500      0.000      0.000      0.000      0.000      0.000 98504002
     3.000      0.000      0.795     -0.897     -0.171     -2.362     -1.314      0.686     -0.500      0.510      2.275     -1.044      1.179      0.225      3.105     -0.902      0.657     -0.671     -2.991     -0.657      0.000      1.000      0.000      0.000      0.000      0.500      1.000      0.000      0.000      0.000      0.000 98504304
     3.000      1.000      1.045     -0.897     -0.630     -3.573      0.948      0.519      0.500     -0.159      0.775      0.991     -0.850     -0.598     -3.387      0.492      0.474     -0.151      0.735     -0.474      0.000      1.000      0.000      0.000      0.000     -0.500      0.000      1.000      0.000      0.000      0.000 98504402
     3.000      2.000     -1.651     -0.897      0.553     -2.878      0.506      2.103      0.500     -1.594      0.275     -0.835     -0.454      0.280     -1.455      1.063      0.253     -0.806      0.139      0.253      0.000      1.000      0.000      0.000      0.000      0.500      0.000      0.000      0.000      0.000      0.000 98504405
     1.000      0.000     -0.627      0.108      0.553      0.304      0.572      0.436     -0.500      1.307      0.275     -0.359      0.062      0.317      0.174      0.250     -0.286      0.748      0.158     -0.286      0.000      1.000      0.000      0.000      0.000     -0.500      1.000      0.000      0.000      1.000      0.000 98504406
     3.000      2.000      0.151     -0.312      0.764     -0.441     -3.132     -2.647      0.500      1.251      2.275     -0.474      0.977     -2.393      1.380      8.290     -1.566     -3.917     -7.126      1.566      0.000      1.000      0.000      0.000      0.000     -0.500      0.000      0.000      0.000      0.000      0.000 98504806
     3.000      2.000     -2.463     -0.897      0.058      0.709     -2.579     -0.231      0.500          *      1.275      6.354      2.314     -0.150     -1.830      0.595     -1.290          *     -3.290      1.290      0.000      1.000      0.000      0.000      0.000     -0.500      0.000      0.000      0.000      0.000      0.000 98504904
     3.000      0.000     -0.906      1.074     -1.548     -0.823     -0.538      2.019      0.500          *      1.275      0.487     -0.578      0.832      0.442     -1.086     -0.269          *     -0.686      0.269      0.000      1.000      0.000      0.000      0.000     -0.500      1.000      0.000      0.000      0.000      0.000 98506096
     3.000      1.000      1.010     -0.220      0.751     -0.679     -0.736      1.436      0.500      0.510      1.275     -0.743      0.162     -0.552      0.499     -1.056     -0.368     -0.375     -0.938     -0.368      0.000      1.000      0.000      0.000      0.000      0.500      0.000      1.000      0.000      0.000      0.000 98506097
     3.000      0.000     -0.089     -0.897      0.544     -0.172     -0.395      0.269     -0.500          *      1.275      0.035      0.355     -0.215      0.068     -0.106      0.198          *     -0.504     -0.198      0.000      1.000      0.000      0.000      0.000      0.500      1.000      0.000      0.000      0.000      0.000 98506099
     3.000      1.000      0.075     -0.897     -1.079     -0.330     -0.490      0.769     -0.500     -0.370      0.275     -0.037      0.440      0.529      0.162     -0.377      0.245      0.182     -0.135      0.245      0.000      1.000      0.000      0.000      0.000     -0.500      0.000      1.000      0.000      0.000      0.000 98506298
     0.000      0.000      1.010      0.968      0.759      0.820     -0.605      2.103     -0.500      0.728      1.275     -0.611     -0.585     -0.459     -0.496     -1.272      0.302     -0.441     -0.772     -0.302      0.000      1.000      0.000      0.000      0.000      0.500      1.000      0.000      1.000      0.000      0.000 98506390
     3.000      2.000     -0.089     -0.897     -0.163      0.026      0.865      1.269     -0.500     -0.564      0.275     -0.077     -0.776     -0.141      0.022      1.098     -0.433     -0.488      0.238      0.433      0.000      1.000      0.000      0.000      0.000      0.500      0.000      0.000      0.000      0.000      0.000 98506391
     2.000      1.000     -0.324     -0.897     -0.166      0.860      1.947      1.353     -0.500     -0.259      2.275     -0.630     -1.747     -0.323      1.676      2.634     -0.974     -0.504      4.431      0.974      0.000      1.000      0.000      0.000      0.000      0.500      0.000      1.000      0.000      0.000      1.000 98506393
     3.000      1.000      1.045     -0.897      0.544      0.623     -1.721      0.103      0.500          *     -0.225     -1.799      1.544     -0.936     -1.071     -0.177     -0.860          *      0.386      0.860      0.000      1.000      0.000      0.000      0.000     -0.500      0.000      1.000      0.000      0.000      0.000 98506394
     1.000      0.000     -1.016      1.359     -1.781     -0.370     -0.185      2.353     -0.500      1.251      0.275      0.188     -0.251      0.329      0.068     -0.435      0.092     -0.231     -0.051      0.092      0.000      1.000      0.000      0.000      0.000     -0.500      1.000      0.000      0.000      1.000      0.000 98506395
     3.000      2.000     -3.388      0.355     -1.047     -0.798      1.649      0.686     -0.500          *     -0.725     -5.586      0.584     -1.726     -1.316      1.131     -0.824          *     -1.194      0.824      0.000      1.000      0.000      0.000      0.000      0.500      0.000      0.000      0.000      0.000      0.000 98506993
     1.000      0.000      0.756      2.116     -0.141     -0.110     -0.543      1.019     -0.500      1.114      1.775     -0.410     -1.149      0.076      0.060     -0.553      0.271     -0.605     -0.964      0.271      0.000      1.000      0.000      0.000      0.000     -0.500      1.000      0.000      0.000      1.000      0.000 98506995
     3.000      2.000      0.075     -0.284     -0.850     -0.520      1.160     -1.481      0.500      0.986      1.275      0.087     -0.329     -0.986     -0.603     -1.717      0.580      1.144      1.479     -0.580      0.000      1.000      0.000      0.000      0.000     -0.500      0.000      0.000      0.000      0.000      0.000 98508932
     0.000      2.000     -1.625     -0.591     -0.161     -2.600     -0.427     -0.064     -0.500      0.164      0.275      0.694      0.252      0.069      1.110      0.027      0.213     -0.070     -0.118     -0.213      0.000      1.000      0.000      0.000      0.000      0.500      0.000      0.000      1.000      0.000      0.000 98544207
     3.000      2.000     -0.917      1.359      1.474      0.860     -0.212      1.686     -0.500      0.986      2.275      0.195     -0.289     -0.313     -0.183     -0.358      0.106     -0.209     -0.483      0.106      0.000      1.000      1.000      0.000      0.000     -0.500      0.000      0.000      0.000      0.000      0.000 98570081
     3.000      2.000     -2.092     -0.231     -0.163     -1.374      0.528      2.436      0.500      1.251      1.275     -1.104     -0.122     -0.086     -0.725      1.285      0.264      0.660      0.673      0.264      0.000      1.000      0.000      0.000      0.000      0.500      0.000      0.000      0.000      0.000      0.000 98570285
     1.000      2.000      0.933     -0.537     -0.390      1.058      0.198      0.019     -0.500      0.625      1.275      0.185     -0.107     -0.077      0.210      0.004     -0.099      0.124      0.253     -0.099      0.000      1.000      0.000      0.000      0.000     -0.500      0.000      0.000      0.000      1.000      0.000 98570287
     2.000      0.000     -0.918      0.774     -0.597     -0.679      0.175      0.186     -0.500          *          *     -0.161      0.136     -0.105     -0.119      0.033     -0.088          *          *      0.088      0.000      1.000      0.000      0.000      0.000      0.500      1.000      0.000      0.000      0.000      1.000 98570386
     3.000      0.000     -0.089      1.021      0.303      0.820     -0.164      2.019     -0.500          *      0.275      0.015     -0.168     -0.050     -0.135     -0.332      0.082          *     -0.045     -0.082      0.000      1.000      0.000      0.000      0.000      0.500      1.000      0.000      0.000      0.000      0.000 98570474
     3.000      0.000     -3.459      1.053     -1.342     -0.744      0.585      2.686      0.500          *     -1.725     -2.023      0.616     -0.785     -0.435      1.571      0.292          *     -1.009      0.292      0.000      1.000      0.000      0.000      0.000      0.500      1.000      0.000      0.000      0.000      0.000 98571174
     3.000      1.000      0.240      1.338      0.115     -2.251      0.495      1.103      0.500     -0.068      0.275      0.119      0.662      0.057     -1.113      0.545      0.247     -0.034      0.136      0.247      0.000      1.000      0.000      0.000      0.000      0.500      0.000      1.000      0.000      0.000      0.000 98571272
     3.000      0.000     -0.297          *      0.084      0.542      2.046      2.186     -0.500     -0.431     -0.725     -0.607          *      0.172      1.109      4.474     -1.023     -0.882     -1.483     -1.023      0.000      1.000      0.000      0.000      0.000     -0.500      1.000      0.000      0.000      0.000      0.000 98572283
     3.000      1.000     -0.174     -0.897     -0.825      0.304      0.500     -1.064      0.500      0.625     -0.225     -0.087     -0.449     -0.413      0.152     -0.532      0.250      0.313     -0.112     -0.250      0.000      1.000      0.000      0.000      0.000     -0.500      0.000      1.000      0.000      0.000      0.000 98572286
     3.000      0.000      0.075      0.661      0.539      1.098      0.382      1.353     -0.500          *      0.275      0.029      0.252      0.206      0.419      0.516     -0.191          *      0.105     -0.191      0.000      1.000      0.000      0.000      0.000     -0.500      1.000      0.000      0.000      0.000      0.000 98572375
     3.000      2.000     -0.279     -0.897      0.544      0.623     -0.352      2.436     -0.500          *      1.775      0.098      0.316     -0.192     -0.219     -0.858      0.176          *     -0.625      0.176      0.000      1.000      0.000      0.000      0.000     -0.500      0.000      0.000      0.000      0.000      0.000 98572382
     2.000      2.000     -2.039      1.616      0.527     -0.113     -0.730      0.103     -0.500      0.822     -0.225      1.489     -1.181     -0.385      0.082     -0.075      0.365     -0.600      0.164      0.365      0.000      1.000      0.000      0.000      0.000     -0.500      0.000      0.000      0.000      0.000      1.000 98572876
     3.000      2.000      0.484     -0.897      1.255     -2.600     -1.009      0.519     -0.500      0.380     -0.225     -0.489      0.905     -1.267      2.623     -0.524      0.504     -0.383      0.227      0.504      0.000      1.000      0.000      0.000      0.000     -0.500      0.000      0.000      0.000      0.000      0.000 98574009
     3.000      2.000      1.010      0.414     -2.065     -2.322      0.123      2.519      0.500      0.055      1.275      0.124      0.051     -0.254     -0.285      0.310      0.061      0.007      0.157      0.061      0.000      1.000      0.000      0.000      0.000      0.500      0.000      0.000      0.000      0.000      0.000 98574034
     1.000      0.000     -0.998     -0.312     -0.846      0.820      0.731      1.853     -0.500      0.055     -0.225     -0.729     -0.228     -0.618      0.599      1.354     -0.366      0.040     -0.164     -0.366      0.000      1.000      0.000      0.000      0.000     -0.500      1.000      0.000      0.000      1.000      0.000 98574230
     3.000      2.000     -1.357      0.383     -0.399     -0.907      0.514      0.519      0.500     -0.159     -1.225     -0.698      0.197     -0.205     -0.467      0.267      0.257     -0.082     -0.630     -0.257      0.000      1.000      0.000      0.000      0.000     -0.500      0.000      0.000      0.000      0.000      0.000 98574296
     2.000      2.000      0.795      1.698     -0.158     -1.220      1.192      2.936      0.500     -0.313     -1.725      0.947      2.024     -0.188     -1.454      3.500      0.596     -0.373     -2.056      0.596      0.000      1.000      0.000      0.000      0.000      0.500      0.000      0.000      0.000      0.000      1.000 98574315
     3.000      0.000     -1.679     -0.897     -1.346     -0.608      1.584      2.769     -0.500          *      0.275     -2.660     -1.421     -2.132     -0.964      4.387     -0.792          *      0.436      0.792      0.000      1.000      0.000      0.000      0.000      0.500      1.000      0.000      0.000      0.000      0.000 98574337
     2.000      0.000     -1.324      2.890     -0.859     -0.323      0.950      0.686     -0.500      0.907     -0.225     -1.257      2.745     -0.816     -0.306      0.652     -0.475      0.862     -0.213     -0.475      0.000      1.000      0.000      0.000      0.000     -0.500      1.000      0.000      0.000      0.000      1.000 98574595
     2.000      2.000      0.327      2.118      0.773      1.336      0.399      0.436     -0.500      0.129     -0.725      0.131      0.846      0.309      0.534      0.174     -0.200      0.051     -0.289      0.200      0.000      1.000      0.000      0.000      0.000      0.500      0.000      0.000      0.000      0.000      1.000 98574636
     3.000      1.000     -2.021     -0.897      0.058      0.193     -1.007      2.186      0.500     -0.431      0.775      2.035      0.904     -0.058     -0.195     -2.202     -0.504      0.434     -0.781      0.504      0.000      1.000      0.000      0.000      0.000     -0.500      0.000      1.000      0.000      0.000      0.000 98574707
     3.000      2.000     -0.066     -0.897     -0.163     -1.076      0.073     -0.064      0.500      1.166      2.275     -0.005     -0.066     -0.012     -0.079     -0.005      0.037      0.086      0.167     -0.037      0.000      1.000      0.000      0.000      1.000     -0.500      0.000      0.000      0.000      0.000      0.000 98574905
     3.000      2.000     -2.571     -0.897     -1.794     -3.057     -0.362     -1.481      0.500      0.510      1.275      0.930      0.324      0.649      1.105      0.535     -0.181     -0.184     -0.461      0.181      0.000      1.000      0.000      0.000      0.000     -0.500      0.000      0.000      0.000      0.000      0.000 98574906
     3.000      2.000      1.045     -0.252      0.558      0.403     -0.950     -0.231     -0.500      0.129     -1.225     -0.993      0.240     -0.530     -0.383      0.219      0.475     -0.122      1.164      0.475      0.000      1.000      0.000      0.000      0.000     -0.500      0.000      0.000      0.000      0.000      0.000 98575022
     3.000      2.000     -2.152      0.108      0.092     -1.414     -0.853      1.686      0.500      0.129     -0.725      1.835     -0.092     -0.079      1.206     -1.438     -0.426     -0.110      0.618      0.426      1.000      0.000      0.000      0.000      0.000     -0.500      0.000      0.000      0.000      0.000      0.000 98575025
     2.000      1.000      1.010     -0.897      1.461     -1.061     -0.260      1.353      0.500          *     -1.725     -0.263      0.234     -0.380      0.276     -0.352     -0.130          *      0.449     -0.130      0.000      1.000      0.000      0.000      0.000      0.500      0.000      1.000      0.000      0.000      1.000 98575029
     2.000      2.000      0.059      0.129      0.317      0.582      0.332      1.269     -0.500      0.510      0.775      0.020      0.043      0.105      0.194      0.422     -0.166      0.170      0.258     -0.166      0.000      1.000      0.000      0.000      0.000     -0.500      0.000      0.000      0.000      0.000      1.000 98575036
     3.000      2.000      0.949      0.054      0.785      0.145      0.298      1.019     -0.500      1.307      0.775      0.283      0.016      0.234      0.043      0.304     -0.149      0.390      0.231     -0.149      0.000      1.000      0.000      0.000      0.000     -0.500      0.000      0.000      0.000      0.000      0.000 98575120
     1.000      2.000      0.075     -0.591      1.943      1.336      0.995      0.936     -0.500      0.164      0.275      0.075     -0.588      1.935      1.330      0.932     -0.498      0.163      0.274     -0.498      0.000      1.000      0.000      0.000      0.000     -0.500      0.000      0.000      0.000      1.000      0.000 98575220
     3.000      0.000     -0.521      0.446     -0.367      0.304     -0.874      1.519     -0.500      1.127      2.275      0.455     -0.390      0.320     -0.266     -1.328      0.437     -0.985     -1.989     -0.437      0.000      1.000      0.000      0.000      0.000      0.500      1.000      0.000      0.000      0.000      0.000 98575355
     3.000      2.000      0.827      0.023      0.772     -0.307     -0.849     -0.897      0.500          *     -0.725     -0.702     -0.019     -0.655      0.261      0.762     -0.424          *      0.615      0.424      0.000      1.000      0.000      0.000      0.000     -0.500      0.000      0.000      0.000      0.000      0.000 98575386
     3.000      2.000      0.299     -0.252      1.246      0.860      0.440     -0.064     -0.500          *     -0.725      0.131     -0.111      0.548      0.379     -0.028     -0.220          *     -0.319     -0.220      0.000      1.000      0.000      0.000      0.000     -0.500      0.000      0.000      0.000      0.000      0.000 98575924
     3.000      2.000      1.010      0.608      0.353      0.304     -0.777      1.853     -0.500      0.767      1.275     -0.785     -0.472     -0.274     -0.236     -1.440      0.388     -0.596     -0.991     -0.388      0.000      1.000      0.000      0.000      0.000      0.500      0.000      0.000      0.000      0.000      0.000 98575948
     1.000      0.000     -0.476      2.118     -2.043     -2.322     -0.426      1.853     -0.500          *      0.275      0.203     -0.902      0.870      0.989     -0.789      0.213          *     -0.117     -0.213      0.000      1.000      0.000      0.000      0.000      0.500      1.000      0.000      0.000      1.000      0.000 98576092
     3.000      1.000      0.240     -0.897      0.078      0.075     -0.687     -0.147     -0.500     -0.806      1.275     -0.165      0.616     -0.054     -0.052      0.101      0.343      0.553     -0.876     -0.343      0.000      1.000      0.000      0.000      0.000      0.500      0.000      1.000      0.000      0.000      0.000 98576193
     3.000      1.000     -0.525     -0.897      0.106     -0.568      0.981      0.353     -0.500          *     -0.225     -0.515     -0.880      0.104     -0.557      0.346     -0.491          *     -0.220     -0.491      0.000      1.000      0.000      0.000      0.000     -0.500      0.000      1.000      0.000      0.000      0.000 98576296
     1.000      0.000     -0.750      0.129     -0.136     -0.092      0.063      1.936     -0.500     -0.370     -0.725     -0.047      0.008     -0.009     -0.006      0.122     -0.031     -0.023     -0.046      0.031      0.000      1.000      0.000      0.000      0.000      0.500      1.000      0.000      0.000      1.000      0.000 98576693
     1.000      2.000      1.010     -0.199      1.461      0.385      1.329      1.603     -0.500     -0.025      1.275      1.343     -0.264      1.942      0.512      2.130     -0.665     -0.034      1.695      0.665      0.000      1.000      0.000      0.000      0.000      0.500      0.000      0.000      0.000      1.000      0.000 98576697
     3.000      1.000     -2.970      0.383     -0.381      0.165      0.143      1.269      0.500      0.728     -0.725     -0.424      0.055     -0.054      0.024      0.181      0.071      0.104     -0.103      0.071      0.000      1.000      0.000      0.000      0.000      0.500      0.000      1.000      0.000      0.000      0.000 98576699
     1.000      0.000     -0.089      2.118      0.316     -1.095      0.805      1.936      0.500     -0.159      1.275     -0.072      1.704      0.254     -0.882      1.558      0.402     -0.128      1.026      0.402      0.000      1.000      0.000      0.000      0.000      0.500      1.000      0.000      0.000      1.000      0.000 98576754
     3.000      2.000      1.010     -0.591      0.307     -1.374     -0.259     -0.231      0.500      0.231      0.275     -0.262      0.153     -0.080      0.356      0.060     -0.129     -0.060     -0.071     -0.129      0.000      1.000      0.000      0.000      0.000      0.500      0.000      0.000      0.000      0.000      0.000 98576795
     2.000      2.000      1.010      0.129      0.785      0.623     -0.630      0.353     -0.500      0.015     -0.725     -0.636     -0.081     -0.495     -0.392     -0.222      0.315     -0.010      0.456     -0.315      0.000      1.000      0.000      0.000      0.000      0.500      0.000      0.000      0.000      0.000      1.000 98576897
     2.000      2.000     -2.313     -0.312     -0.386     -1.176     -0.208      1.103     -0.500      0.986      0.275      0.482      0.065      0.080      0.245     -0.230      0.104     -0.206     -0.057      0.104      0.000      1.000      0.000      0.000      0.000     -0.500      0.000      0.000      0.000      0.000      1.000 98576952
     3.000      1.000     -0.373     -0.220     -0.382     -0.400     -0.071      1.853      0.500     -1.412     -0.225      0.026      0.016      0.027      0.028     -0.131     -0.035      0.100      0.016      0.035      0.000      1.000      0.000      0.000      0.000     -0.500      0.000      1.000      0.000      0.000      0.000 98577163
     3.000      1.000      1.010          *      1.220      1.336      1.487      1.519      0.500     -0.639     -0.725      1.502          *      1.813      1.986      2.259      0.743     -0.949     -1.077      0.743      0.000      1.000      0.000      0.000      0.000      0.500      0.000      1.000      0.000      0.000      0.000 98577310
     3.000      2.000     -0.734      0.054     -0.810     -0.044      0.586      1.853      0.500          *      1.275     -0.430      0.032     -0.475     -0.026      1.086      0.293          *      0.748     -0.293      0.000      1.000      0.000      0.000      0.000     -0.500      0.000      0.000      0.000      0.000      0.000 98577321
     3.000      1.000     -1.202      0.054     -1.529     -2.251     -0.774      1.936      0.500          *     -0.725      0.931     -0.042      1.183      1.742     -1.498     -0.387          *      0.561     -0.387      0.000      1.000      0.000      0.000      0.000      0.500      0.000      1.000      0.000      0.000      0.000 98577360
     3.000      2.000      0.517     -0.897      0.785      1.336     -0.471     -0.481     -0.500      1.087     -1.225     -0.243      0.422     -0.370     -0.629      0.226      0.235     -0.512      0.576      0.235      0.000      1.000      0.000      0.000      0.000     -0.500      0.000      0.000      0.000      0.000      0.000 98577922
     3.000      2.000      0.181     -0.897     -0.156     -1.235      0.535     -1.397      0.500     -0.025      0.275      0.097     -0.480     -0.084     -0.660     -0.747      0.267     -0.014      0.147      0.267      0.000      1.000      0.000      0.000      0.000      0.500      0.000      0.000      0.000      0.000      0.000 98577924
     3.000      0.000     -0.279     -0.559     -0.846     -1.095     -1.197      0.436      0.500      0.092     -0.725      0.334      0.669      1.012      1.311     -0.522     -0.598     -0.111      0.867     -0.598      0.000      1.000      0.000      0.000      0.000      0.500      1.000      0.000      0.000      0.000      0.000 98578086
     3.000      1.000      0.785     -0.897     -0.382     -0.666     -0.812      1.603     -0.500          *      0.275     -0.638      0.729      0.310      0.541     -1.302      0.406          *     -0.224     -0.406      0.000      1.000      0.000      0.000      0.000      0.500      0.000      1.000      0.000      0.000      0.000 98578087
     3.000      2.000      0.158      0.054      0.307      0.820     -1.252      4.186     -0.500          *      0.275     -0.197     -0.068     -0.384     -1.027     -5.241      0.626          *     -0.345      0.626      0.000      1.000      0.000      0.000      0.000     -0.500      0.000      0.000      0.000      0.000      0.000 98578101
     3.000      2.000     -0.750     -0.231     -0.832     -1.220      0.157      0.769      0.500      2.100     -0.725     -0.118     -0.036     -0.130     -0.191      0.121      0.078      0.329     -0.114     -0.078      0.000      1.000      0.000      0.000      0.000     -0.500      0.000      0.000      0.000      0.000      0.000 98578208
     3.000      1.000     -1.022      0.055     -0.145     -1.095      0.787      0.853      0.500     -0.159          *     -0.804      0.044     -0.114     -0.862      0.671      0.394     -0.125          *      0.394      0.000      1.000      0.000      0.000      0.000      0.500      0.000      1.000      0.000      0.000      0.000 98578308
     3.000      1.000     -0.512     -0.591     -1.087     -0.568      2.314      2.103     -0.500          *      1.275     -1.185     -1.367     -2.516     -1.315      4.867     -1.157          *      2.952     -1.157      0.000      1.000      0.000      0.000      0.000     -0.500      0.000      1.000      0.000      0.000      0.000 98578316
     3.000      0.000      0.923      2.118      0.760      0.582      0.736     -0.897      0.500          *      2.275      0.679      1.558      0.559      0.428     -0.660      0.368          *      1.675     -0.368      0.000      1.000      0.000      0.000      0.000     -0.500      1.000      0.000      0.000      0.000      0.000 98578386
     1.000      0.000     -0.119      0.023     -1.086      0.264      0.409      2.103      0.500      0.407     -1.725     -0.049      0.009     -0.444      0.108      0.859      0.204      0.167     -0.705      0.204      0.000      1.000      0.000      0.000      0.000      0.500      1.000      0.000      0.000      1.000      0.000 98578415
     3.000      0.000     -0.109      0.382      1.461      1.058      0.207      0.353      0.500     -1.006      0.275     -0.022      0.079      0.302      0.218      0.073      0.103     -0.208      0.057      0.103      0.000      1.000      0.000      0.000      0.000      0.500      1.000      0.000      0.000      0.000      0.000 98578502
     3.000      1.000      0.243     -0.591     -0.582     -1.915      0.319      0.436      0.500      0.804      1.275      0.078     -0.189     -0.186     -0.612      0.139      0.160      0.257      0.407     -0.160      0.000      1.000      0.000      0.000      0.000     -0.500      0.000      1.000      0.000      0.000      0.000 98578529
     3.000      1.000      0.542     -0.897      0.312     -0.044      0.949      1.353     -0.500          *      0.775      0.515     -0.852      0.296     -0.042      1.284     -0.475          *      0.736     -0.475      0.000      1.000      0.000      0.000      0.000     -0.500      0.000      1.000      0.000      0.000      0.000 98578582
     3.000      1.000      0.573     -0.231      1.233     -2.668     -0.720      2.436      0.500      0.055     -0.725     -0.413      0.166     -0.888      1.922     -1.755     -0.360     -0.039      0.522     -0.360      0.000      1.000      0.000      0.000      0.000      0.500      0.000      1.000      0.000      0.000      0.000 98578609
     3.000      1.000      0.897     -0.897      0.531      0.403      0.833     -0.981      0.500          *          *      0.747     -0.747      0.442      0.336     -0.817      0.416          *          *     -0.416      0.000      1.000      0.000      0.000      0.000     -0.500      0.000      1.000      0.000      0.000      0.000 98578614
     3.000      2.000     -0.089     -0.897     -0.368      0.582      0.847      1.269      0.500          *     -0.725     -0.076     -0.760     -0.312      0.493      1.075      0.424          *     -0.614      0.424      0.000      1.000      0.000      0.000      0.000      0.500      0.000      0.000      0.000      0.000      0.000 98578616
     3.000      1.000      0.270     -0.284     -1.091     -1.571     -0.005     -0.314      0.500      0.728      1.275     -0.001      0.001      0.005      0.007      0.001     -0.002     -0.003     -0.006      0.002      0.000      1.000      0.000      0.000      0.000     -0.500      0.000      1.000      0.000      0.000      0.000 98578689
     3.000      2.000     -1.647     -0.284     -0.860     -0.052     -0.937     -0.397      0.500          *      1.775      1.544      0.266      0.806      0.049      0.372     -0.469          *     -1.664      0.469      0.000      1.000      0.000      0.000      0.000     -0.500      0.000      0.000      0.000      0.000      0.000 98578782
     3.000      1.000      0.785      0.054      0.785      0.542      0.742      0.769     -0.500      0.460      2.275      0.583      0.040      0.583      0.402      0.571     -0.371      0.342      1.689      0.371      0.000      1.000      0.000      0.000      0.000      0.500      0.000      1.000      0.000      0.000      0.000 98579232
     3.000      0.000      0.789     -0.537     -0.776      0.186     -0.776      2.186     -0.500          *     -0.225     -0.612      0.417      0.602     -0.144     -1.697      0.388          *      0.174      0.388      0.000      1.000      0.000      0.000      0.000     -0.500      1.000      0.000      0.000      0.000      0.000 98579930
     3.000      1.000      1.010      1.863      1.487      1.336      0.333     -0.147      0.500      0.015      2.275      0.337      0.621      0.495      0.445     -0.049      0.167      0.005      0.758      0.167      0.000      1.000      0.000      0.000      0.000      0.500      0.000      1.000      0.000      0.000      0.000 98579931
     3.000      1.000     -1.834     -0.591     -1.100     -1.448      0.483      0.603      0.500          *     -0.725     -0.886     -0.285     -0.532     -0.699      0.291      0.242          *     -0.350      0.242      0.000      1.000      0.000      0.000      0.000      0.500      0.000      1.000      0.000      0.000      0.000 98579934
     3.000      2.000     -1.139      0.023      1.264      1.098      1.239      0.019      0.500          *      2.275     -1.412      0.028      1.566      1.361      0.024      0.620          *      2.820     -0.620      0.000      1.000      0.000      0.000      0.000     -0.500      0.000      0.000      0.000      0.000      0.000 98579937
     3.000      0.000      1.010     -0.897      0.071      1.336     -0.020     -3.064     -0.500     -0.639      1.275     -0.020      0.018     -0.001     -0.027      0.061      0.010      0.013     -0.026     -0.010      0.000      1.000      0.000      0.000      0.000      0.500      1.000      0.000      0.000      0.000      0.000 98619368
     1.000      1.000     -1.908      0.468     -1.088      0.820      0.333      0.936      0.500      0.231      2.275     -0.635      0.156     -0.362      0.273      0.311      0.166      0.077      0.757      0.166      0.000      1.000      0.000      0.000      0.000      0.500      0.000      1.000      0.000      1.000      0.000 98636350
     3.000      2.000      0.937     -0.861      0.062     -0.747     -2.311     -0.814     -0.500      1.059          *     -2.166      1.991     -0.143      1.726      1.881      1.155     -2.448          *      1.155      0.000      1.000      0.000      0.000      0.000     -0.500      0.000      0.000      0.000      0.000      0.000 98646329
     3.000      2.000     -0.987     -0.897      0.277     -2.686     -1.550      1.186      0.500     -0.159      0.275      1.529      1.390     -0.429      4.163     -1.838     -0.775      0.246     -0.427     -0.775      0.000      1.000      0.000      0.000      0.000      0.500      0.000      0.000      0.000      0.000      0.000 98676124
     3.000      0.000      0.570      1.091     -1.092     -0.941     -0.601     -2.564     -0.500     -0.112     -0.725     -0.342     -0.656      0.656      0.566      1.540      0.300      0.068      0.435     -0.300      0.000      1.000      0.000      0.000      0.000      0.500      1.000      0.000      0.000      0.000      0.000 98710112
     3.000      1.000      0.933     -0.897     -0.153     -2.322      0.056     -2.814     -0.500      0.688      1.275      0.052     -0.050     -0.009     -0.129     -0.157     -0.028      0.038      0.071     -0.028      0.000      1.000      0.000      0.000      0.000     -0.500      0.000      1.000      0.000      0.000      0.000 98710131
     3.000      1.000      0.380     -0.897      1.943      0.447     -0.678     -2.481      0.500     -0.564     -0.725     -0.258      0.609     -1.319     -0.303      1.683     -0.339      0.383      0.492     -0.339      0.000      1.000      0.000      0.000      0.000      0.500      0.000      1.000      0.000      0.000      0.000 98710156
     1.000      2.000     -0.821     -0.897      1.022      0.860     -1.992     -0.981     -0.500     -0.068      2.275      1.636      1.787     -2.037     -1.714      1.954      0.996      0.135     -4.533      0.996      0.000      1.000      0.000      0.000      0.000     -0.500      0.000      0.000      0.000      1.000      0.000 98710185
     3.000      2.000      0.766     -0.897      0.306      1.098      0.554     -3.064      0.500     -1.006     -0.725      0.424     -0.497      0.169      0.608     -1.697      0.277     -0.557     -0.401      0.277      0.000      1.000      0.000      0.000      0.000      0.500      0.000      0.000      0.000      0.000      0.000 98710282
     3.000      2.000      0.677     -0.897      0.763     -0.212      0.390     -1.314     -0.500          *     -1.225      0.264     -0.350      0.298     -0.083     -0.512     -0.195          *     -0.477     -0.195      0.000      1.000      0.000      0.000      0.000     -0.500      0.000      0.000      0.000      0.000      0.000 98710285
     1.000      0.000      1.010     -0.897      1.233      1.058      0.527     -3.147     -0.500     -1.594      0.275      0.533     -0.473      0.650      0.558     -1.659     -0.264     -0.840      0.145      0.264      0.000      1.000      0.000      0.000      0.000      0.500      1.000      0.000      0.000      1.000      0.000 98710286
     3.000      2.000      1.010     -0.897      0.089      1.336      0.397     -1.481      0.500     -1.124     -2.725      0.401     -0.357      0.035      0.531     -0.588      0.199     -0.447     -1.083      0.199      0.000      1.000      0.000      0.000      0.000      0.500      0.000      0.000      0.000      0.000      0.000 98710913
     3.000      2.000      0.172      1.166      0.303      0.223     -0.085      0.019     -0.500      0.380     -0.725     -0.015     -0.100     -0.026     -0.019     -0.002      0.043     -0.032      0.062      0.043      0.000      1.000      0.000      0.000      0.000     -0.500      0.000      0.000      0.000      0.000      0.000 98713204
     1.000      2.000      0.933     -0.312      1.943      1.336     -0.701     -0.731     -0.500      0.625     -0.725     -0.654      0.219     -1.363     -0.937      0.513      0.351     -0.439      0.508      0.351      0.000      1.000      0.000      0.000      0.000     -0.500      0.000      0.000      0.000      1.000      0.000 98714238
     3.000      0.000      0.827     -0.897      0.339      0.304     -2.393     -1.731      0.500          *     -0.725     -1.978      2.147     -0.810     -0.728      4.142     -1.197          *      1.734      1.197      0.000      1.000      0.000      0.000      0.000     -0.500      1.000      0.000      0.000      0.000      0.000 98715125
     3.000      0.000     -1.421     -0.559     -0.838      0.447      0.320     -0.647      0.500      0.625     -0.725     -0.454     -0.179     -0.268      0.143     -0.207      0.160      0.200     -0.232     -0.160      0.000      1.000      0.000      0.000      0.000     -0.500      1.000      0.000      0.000      0.000      0.000 98715258
     3.000      2.000          *      0.054     -0.373      0.623     -1.847     -0.897      0.500     -0.719          *          *     -0.100      0.689     -1.150      1.657     -0.923      1.327          *      0.923      0.000      1.000      0.000      0.000      0.000     -0.500      0.000      0.000      0.000      0.000      0.000 98715329
     3.000      2.000      0.075      0.076     -1.109      0.582     -0.052     -2.064      0.500      1.392     -0.725     -0.004     -0.004      0.058     -0.030      0.108     -0.026     -0.073      0.038      0.026      0.000      1.000      0.000      0.000      0.000     -0.500      0.000      0.000      0.000      0.000      0.000 98716095
     0.000      0.000      0.841      2.273     -0.869      0.582      0.247     -0.731     -0.500      1.506     -0.725      0.208      0.562     -0.215      0.144     -0.181     -0.124      0.372     -0.179     -0.124      0.000      1.000      0.000      0.000      0.000     -0.500      1.000      0.000      1.000      0.000      0.000 98716096
     3.000      2.000     -1.154     -0.897      0.795      0.582     -0.633     -1.481     -0.500      1.251      0.775      0.730      0.568     -0.503     -0.368      0.937      0.316     -0.792     -0.491      0.316      0.000      1.000      0.000      0.000      0.000     -0.500      0.000      0.000      0.000      0.000      0.000 98716390
     3.000      2.000      0.088     -0.897      0.074     -0.012      0.303     -3.397      0.500      0.510      0.275      0.027     -0.272      0.022     -0.004     -1.028      0.151      0.154      0.083     -0.151      0.000      1.000      0.000      0.000      0.000     -0.500      0.000      0.000      0.000      0.000      0.000 98716975
     3.000      0.000      1.010     -0.897     -0.587     -0.052      1.307     -2.064     -0.500      0.625      0.275      1.321     -1.173     -0.767     -0.068     -2.699     -0.654      0.817      0.360      0.654      0.000      1.000      0.000      0.000      0.000      0.500      1.000      0.000      0.000      0.000      0.000 98717263
     1.000      2.000      0.075      0.714      1.475      1.336     -1.369     -0.314     -0.500          *     -0.725     -0.103     -0.978     -2.018     -1.829      0.430      0.684          *      0.992      0.684      0.000      1.000      1.000      0.000      0.000     -0.500      0.000      0.000      0.000      1.000      0.000 98717367
     1.000      1.000          *      1.441      1.943      0.165     -0.610      1.603     -0.500     -1.258          *          *     -0.880     -1.186     -0.101     -0.978      0.305      0.768          *      0.305      0.000      1.000      0.000      0.000      0.000     -0.500      0.000      1.000      0.000      1.000      0.000 98717960
     3.000      1.000     -0.776     -0.897      0.093      0.304      0.452     -1.481     -0.500     -0.259     -0.725     -0.351     -0.406      0.042      0.138     -0.670     -0.226     -0.117     -0.328      0.226      0.000      1.000      0.000      0.000      0.000      0.500      0.000      1.000      0.000      0.000      0.000 98718012
     3.000      1.000     -0.305     -0.897     -0.850     -1.846      0.537     -2.731      0.500          *      1.275     -0.164     -0.482     -0.457     -0.992     -1.467      0.269          *      0.685      0.269      0.000      1.000      0.000      0.000      0.000      0.500      0.000      1.000      0.000      0.000      0.000 98718089
     3.000      2.000      0.570     -0.312      0.785      0.582     -1.085     -2.981     -0.500     -0.564      0.275     -0.618      0.338     -0.852     -0.631      3.233      0.542      0.612     -0.299     -0.542      0.000      1.000      0.000      0.000      0.000      0.500      0.000      0.000      0.000      0.000      0.000 98718104
     3.000      1.000      0.802     -0.897      0.983      0.641     -0.915     -2.731     -0.500      0.668      0.275     -0.734      0.821     -0.899     -0.586      2.498      0.457     -0.611     -0.252      0.457      0.000      1.000      0.000      0.000      0.000     -0.500      0.000      1.000      0.000      0.000      0.000 98718108
     3.000      1.000     -0.314     -0.897     -0.836     -0.509     -1.022     -0.564     -0.500          *     -0.725      0.321      0.917      0.855      0.520      0.576      0.511          *      0.740     -0.511      0.000      1.000      0.000      0.000      0.000      0.500      0.000      1.000      0.000      0.000      0.000 98718261
     3.000      2.000     -3.109      0.500     -2.706      1.098      1.365     -2.231      0.500          *     -1.725     -4.242      0.682     -3.693      1.499     -3.044      0.682          *     -2.353      0.682      0.000      1.000      0.000      0.000      0.000      0.500      0.000      0.000      0.000      0.000      0.000 98718324
     3.000      2.000      0.351     -0.312     -0.601      0.820     -1.468     -3.481     -0.500      0.055      1.275     -0.516      0.458      0.882     -1.204      5.109      0.734     -0.080     -1.872     -0.734      0.000      1.000      0.000      0.000      0.000      0.500      0.000      0.000      0.000      0.000      0.000 98718881
     3.000      2.000      0.897     -0.559      0.772      0.860      0.384     -2.731      0.500     -0.112          *      0.344     -0.215      0.297      0.330     -1.048      0.192     -0.043          *     -0.192      0.000      1.000      0.000      0.000      0.000     -0.500      0.000      0.000      0.000      0.000      0.000 98718912
     3.000      2.000      1.010     -0.591      0.553     -0.172     -1.975      1.019     -0.500     -1.124     -0.725     -1.996      1.167     -1.093      0.339     -2.014      0.988      2.220      1.431     -0.988      0.000      1.000      0.000      0.000      0.000      0.500      0.000      0.000      0.000      0.000      0.000 98718967
     3.000      1.000      0.119     -0.231      1.469      1.336     -0.824     -1.647      0.500          *     -0.725     -0.098      0.190     -1.211     -1.101      1.358     -0.412          *      0.597     -0.412      0.000      1.000      0.000      0.000      0.000      0.500      0.000      1.000      0.000      0.000      0.000 98718989
     1.000      2.000      1.010     -0.559     -2.239      0.582     -0.008     -1.981     -0.500     -0.806      1.275     -0.008      0.005      0.018     -0.005      0.016      0.004      0.007     -0.010     -0.004      0.000      1.000      0.000      0.000      0.000      0.500      0.000      0.000      0.000      1.000      0.000 98719936
     3.000      1.000      0.795     -0.897      1.018     -0.044      0.409     -2.897     -0.500          *      1.275      0.325     -0.367      0.416     -0.018     -1.184     -0.204          *      0.521      0.204      0.000      1.000      0.000      0.000      0.000      0.500      0.000      1.000      0.000      0.000      0.000 98719937
     3.000      1.000     -0.089     -0.897      1.027     -0.014      1.358     -1.897     -0.500          *     -0.725     -0.121     -1.218      1.394     -0.020     -2.576     -0.679          *     -0.984      0.679      0.000      1.000      0.000      0.000      0.000      0.500      0.000      1.000      0.000      0.000      0.000 99316950
     1.000      1.000      0.785     -0.111      0.075     -0.188     -0.442      1.936     -0.500      0.485      1.275     -0.347      0.049     -0.033      0.083     -0.856      0.221     -0.215     -0.564     -0.221      0.000      1.000      0.000      0.000      0.000      0.500      0.000      1.000      0.000      1.000      0.000 99500010
     3.000      2.000      0.763     -0.559      0.325      1.336      2.507     -0.231      0.500      0.907      0.775      1.914     -1.401      0.815      3.350     -0.578      1.254      2.275      1.944     -1.254      0.000      1.000      0.000      0.000      0.000     -0.500      0.000      0.000      0.000      0.000      0.000 99500086
     3.000      1.000     -0.332     -0.897      0.240     -1.018      0.629      1.936      0.500     -0.159      0.275     -0.209     -0.564      0.151     -0.640      1.218      0.314     -0.100      0.173      0.314      0.000      1.000      0.000      0.000      0.000      0.500      0.000      1.000      0.000      0.000      0.000 99500087
     3.000      2.000      0.595      0.749     -1.043      0.344     -0.262      2.436     -0.500          *     -0.725     -0.156     -0.196      0.273     -0.090     -0.638      0.131          *      0.190     -0.131      0.000      1.000      0.000      0.000      0.000      0.500      0.000      0.000      0.000      0.000      0.000 99500139
     3.000      1.000      0.560      0.796      1.009      0.582     -0.925     -0.064     -0.500     -1.817     -0.725     -0.518     -0.736     -0.934     -0.539      0.059      0.463      1.681      0.670      0.463      0.000      1.000      0.000      0.000      0.000     -0.500      0.000      1.000      0.000      0.000      0.000 99500238
     3.000      2.000          *     -0.897      1.242     -0.739      0.056      2.436      0.500          *          *          *     -0.050      0.069     -0.041      0.136      0.028          *          *     -0.028      0.000      1.000      0.000      0.000      0.000     -0.500      0.000      0.000      0.000      0.000      0.000 99500382
     3.000      1.000      1.010     -0.591     -0.171      0.066      0.720      2.436      0.500     -0.313      0.275      0.728     -0.426     -0.123      0.048      1.755      0.360     -0.226      0.198      0.360      0.000      1.000      0.000      0.000      0.000      0.500      0.000      1.000      0.000      0.000      0.000 99500417
     3.000      2.000      0.905     -0.897      0.078     -2.025      0.249      2.436     -0.500      0.055          *      0.225     -0.223      0.019     -0.504      0.607     -0.125      0.014          *     -0.125      0.000      1.000      0.000      0.000      0.000     -0.500      0.000      0.000      0.000      0.000      0.000 99500815
     1.000      0.000      1.010      0.301      1.483      0.860     -0.525      0.769     -0.500      0.534      1.275     -0.531     -0.158     -0.779     -0.452     -0.404      0.263     -0.281     -0.670     -0.263      0.000      1.000      0.000      0.000      0.000      0.500      1.000      0.000      0.000      1.000      0.000 99500872
     3.000      2.000     -0.346     -0.537      0.311     -1.493     -0.333      0.769     -0.500      0.907      0.775      0.115      0.179     -0.104      0.497     -0.256      0.166     -0.302     -0.258      0.166      0.000      1.000      0.000      0.000      0.000     -0.500      0.000      0.000      0.000      0.000      0.000 99504701
     1.000      0.000     -1.707      2.273      0.070     -0.560      0.881      2.436     -0.500          *      0.275     -1.504      2.003      0.062     -0.494      2.146     -0.441          *      0.243      0.441      0.000      1.000      0.000      0.000      0.000      0.500      1.000      0.000      0.000      1.000      0.000 99506078
     3.000      2.000     -0.335      0.383     -0.614      0.193      0.255      1.686      0.500     -3.203      0.275     -0.085      0.098     -0.157      0.049      0.430      0.128     -0.817      0.070      0.128      0.000      1.000      0.000      0.000      0.000      0.500      0.000      0.000      0.000      0.000      0.000 99506398
     1.000      0.000     -1.381      1.441     -0.601     -2.127      0.627      0.519      0.500     -1.124      0.275     -0.865      0.903     -0.376     -1.333      0.325      0.313     -0.704      0.173      0.313      0.000      1.000      0.000      0.000      0.000      0.500      1.000      0.000      0.000      1.000      0.000 99506496
     1.000      0.000     -0.910      1.688     -2.008          *     -0.446      2.103      0.500      0.804      0.775      0.406     -0.753      0.896          *     -0.938     -0.223     -0.359     -0.346      0.223      0.000      1.000      0.000      0.000      0.000     -0.500      1.000      0.000      0.000      1.000      0.000 99506591
     1.000      0.000      0.034     -0.591      1.241      1.336      0.092     -1.397     -0.500          *     -1.725      0.003     -0.054      0.114      0.122     -0.128     -0.046          *     -0.158      0.046      0.000      1.000      0.000      0.000      0.000      0.500      1.000      0.000      0.000      1.000      0.000 99508125
     3.000      0.000     -0.089      1.285     -0.617      0.145      0.426      0.186      0.500          *     -0.725     -0.038      0.547     -0.263      0.062      0.079      0.213          *     -0.309      0.213      0.000      1.000      0.000      0.000      0.000      0.500      1.000      0.000      0.000      0.000      0.000 99508525
     3.000      2.000     -1.671      1.359     -1.064     -0.728     -0.816      2.103      0.500      0.198     -0.725      1.364     -1.109      0.868      0.594     -1.716     -0.408     -0.161      0.591     -0.408      0.000      1.000      0.000      0.000      0.000      0.500      0.000      0.000      0.000      0.000      0.000 99508721
     1.000      2.000     -1.964      1.505          *     -0.666      0.355      2.103      0.500     -1.006     -0.725     -0.697      0.534          *     -0.236      0.746      0.178     -0.357     -0.257      0.178      0.000      1.000      0.000      0.000      0.000      0.500      0.000      0.000      0.000      1.000      0.000 99508764
     3.000      2.000     -1.966      0.129     -1.333     -1.692      0.048      0.936      0.500     -0.159     -1.225     -0.095      0.006     -0.065     -0.082      0.045      0.024     -0.008     -0.059     -0.024      1.000      0.000      0.000      0.000      1.000     -0.500      0.000      0.000      0.000      0.000      0.000 99540554
     3.000      2.000      0.351     -0.897      0.544      0.702      1.681     -0.647      0.500      0.231      1.275      0.591     -1.509      0.915      1.180     -1.088      0.841      0.388      2.145      0.841      0.000      1.000      0.000      0.000      0.000      0.500      0.000      0.000      0.000      0.000      0.000 99544202
     3.000      2.000     -0.775     -0.312     -0.596      1.058      0.871      0.519     -0.500      0.231          *     -0.675     -0.272     -0.519      0.921      0.452     -0.435      0.201          *     -0.435      0.000      1.000      0.000      0.000      0.000     -0.500      0.000      0.000      0.000      0.000      0.000 99546993
     3.000      2.000      1.080     -0.897     -1.087     -0.092     -0.958      1.103     -0.500      0.510     -0.725     -1.035      0.860      1.042      0.088     -1.057      0.479     -0.489      0.694     -0.479      0.000      1.000      0.000      0.000      0.000      0.500      0.000      0.000      0.000      0.000      0.000 99546996
     2.000      0.000     -2.229      3.153      0.070      0.304      0.944      0.353     -0.500     -0.068     -2.725     -2.104      2.976      0.066      0.287      0.333     -0.472     -0.064     -2.572      0.472      0.000      1.000      0.000      0.000      0.000      0.500      1.000      0.000      0.000      0.000      1.000 99570170
     3.000      2.000     -0.653     -0.284      0.785     -2.779     -0.602      2.353      0.500      0.092      0.275      0.393      0.171     -0.473      1.672     -1.416     -0.301     -0.056     -0.166      0.301      0.000      1.000      0.000      0.000      0.000     -0.500      0.000      0.000      0.000      0.000      0.000 99570182
     3.000      0.000     -0.581      0.753     -0.399     -0.846      0.365      0.686     -0.500     -0.806      1.275     -0.212      0.275     -0.146     -0.309      0.251     -0.183     -0.294      0.466      0.183      0.000      1.000      0.000      0.000      0.000      0.500      1.000      0.000      0.000      0.000      0.000 99570485
     1.000      2.000     -1.288     -0.312      0.553      1.336     -1.751      0.186     -0.500      1.307      1.775      2.255      0.546     -0.969     -2.340     -0.326      0.876     -2.289     -3.109      0.876      0.000      1.000      0.000      0.000      0.000     -0.500      0.000      0.000      0.000      1.000      0.000 99570487
     1.000      0.000     -0.415     -0.537      0.514      0.344     -1.769     -1.814     -0.500      0.231     -0.225      0.734      0.950     -0.909     -0.609      3.209      0.884     -0.408      0.397      0.884      0.000      1.000      0.000      0.000      0.000     -0.500      1.000      0.000      0.000      1.000      0.000 99570726
     2.000      0.000      1.010     -0.897     -2.009      0.542     -0.083      0.103     -0.500     -0.806     -0.725     -0.084      0.075      0.167     -0.045     -0.009      0.042      0.067      0.060     -0.042      0.000      1.000      0.000      0.000      0.000      0.500      1.000      0.000      0.000      0.000      1.000 99571702
     3.000      1.000     -0.089     -0.897      0.062     -0.012     -0.733      1.186     -0.500     -0.564     -0.725      0.065      0.658     -0.045      0.009     -0.869      0.366      0.414      0.531     -0.366      0.000      1.000      0.000      0.000      0.000      0.500      0.000      1.000      0.000      0.000      0.000 99572272
     3.000      1.000     -0.056          *     -0.613      0.304     -0.448      2.103     -0.500          *      1.275      0.025          *      0.275     -0.136     -0.942      0.224          *     -0.572      0.224      0.000      1.000      0.000      0.000      0.000     -0.500      0.000      1.000      0.000      0.000      0.000 99572983
     3.000      1.000      1.045     -0.897      0.777      0.403     -1.264      0.186      0.500     -0.159     -0.725     -1.321      1.134     -0.982     -0.510     -0.235     -0.632      0.201      0.916      0.632      0.000      1.000      0.000      0.000      0.000     -0.500      0.000      1.000      0.000      0.000      0.000 99572984
     3.000      1.000     -0.337     -0.897     -0.135     -1.018      0.669      0.686      0.500      0.857      0.775     -0.226     -0.600     -0.090     -0.681      0.459      0.334      0.573      0.519     -0.334      0.000      1.000      0.000      0.000      0.000     -0.500      0.000      1.000      0.000      0.000      0.000 99573433
     3.000      2.000     -2.766      0.743      0.286     -0.806     -0.201      2.019      0.500          *      0.275      0.555     -0.149     -0.057      0.162     -0.405     -0.100          *     -0.055     -0.100      0.000      1.000      0.000      0.000      0.000      0.500      0.000      0.000      0.000      0.000      0.000 99573637
     3.000      2.000      0.408     -0.591      0.308     -1.255      0.219     -0.231      0.500          *      1.275      0.089     -0.129      0.067     -0.275     -0.050      0.109          *      0.279      0.109      0.000      1.000      0.000      0.000      0.000      0.500      0.000      0.000      0.000      0.000      0.000 99574012
     3.000      1.000      0.817      0.743      0.777      0.820     -0.276     -1.231      0.500     -1.412     -1.725     -0.226     -0.205     -0.215     -0.227      0.340     -0.138      0.390      0.476     -0.138      0.000      1.000      0.000      0.000      0.000      0.500      0.000      1.000      0.000      0.000      0.000 99574018
     3.000      1.000      0.486     -0.897      0.544     -0.957      0.688      0.019     -0.500      0.380      0.275      0.335     -0.618      0.375     -0.659      0.013     -0.344      0.262      0.190     -0.344      0.000      1.000      0.000      0.000      0.000     -0.500      0.000      1.000      0.000      0.000      0.000 99574038
     3.000      0.000     -0.066     -0.897     -0.167      0.066     -0.852      0.353     -0.500     -0.431     -0.725      0.056      0.764      0.142     -0.056     -0.300      0.426      0.367      0.617      0.426      0.000      1.000      0.000      0.000      0.000     -0.500      1.000      0.000      0.000      0.000      0.000 99574097
     3.000      2.000     -0.478     -0.284      0.312      0.820     -0.582      1.186     -0.500      0.262      0.275      0.278      0.165     -0.182     -0.477     -0.690      0.291     -0.153     -0.160     -0.291      0.000      1.000      0.000      0.000      0.000      0.500      0.000      0.000      0.000      0.000      0.000 99574118
     1.000      0.000     -2.046      2.950     -1.513     -1.457     -0.356      0.603      0.500     -1.817     -0.725      0.728     -1.050      0.538      0.519     -0.215     -0.178      0.647      0.258     -0.178      0.000      1.000      0.000      0.000      0.000      0.500      1.000      0.000      0.000      1.000      0.000 99574137
     0.000      2.000      0.785     -0.537     -1.790     -2.779      0.423      1.519     -0.500     -0.431     -0.725      0.332     -0.227     -0.757     -1.175      0.642     -0.211     -0.182     -0.306      0.211      0.000      1.000      0.000      0.000      0.000      0.500      0.000      0.000      1.000      0.000      0.000 99574211
     3.000      1.000      1.010     -0.231      0.320      0.623     -1.815      1.353      0.500     -0.370          *     -1.834      0.419     -0.582     -1.130     -2.456     -0.908      0.672          *     -0.908      0.000      1.000      0.000      0.000      0.000      0.500      0.000      1.000      0.000      0.000      0.000 99574213
     3.000      0.000      0.126      1.328      0.294      0.582      1.352     -1.147      0.500      0.231     -0.725      0.171      1.795      0.397      0.787     -1.551      0.676      0.312     -0.979      0.676      0.000      1.000      0.000      0.000      0.000      0.500      1.000      0.000      0.000      0.000      0.000 99574233
     3.000      2.000      0.785      1.102      0.759      0.344      1.568     -0.231      0.500     -0.208      0.275      1.231      1.729      1.191      0.540     -0.362      0.784     -0.326      0.432      0.784      0.000      1.000      0.000      0.000      0.000      0.500      0.000      0.000      0.000      0.000      0.000 99574296
     3.000      2.000      0.384      0.414      0.755     -1.172      0.979     -0.064     -0.500          *      0.775      0.376      0.406      0.739     -1.147     -0.063     -0.490          *      0.759     -0.490      0.000      1.000      0.000      0.000      0.000     -0.500      0.000      0.000      0.000      0.000      0.000 99574308
     3.000      1.000     -3.029      0.054     -0.834     -1.457      0.036      1.519     -0.500      0.460     -0.725     -0.110      0.002     -0.030     -0.053      0.055     -0.018      0.017     -0.026      0.018      0.000      1.000      0.000      0.000      0.000      0.500      0.000      1.000      0.000      0.000      0.000 99574310
     3.000      1.000      0.766     -0.897      0.084     -0.858     -1.993      1.019      0.500     -1.412     -0.725     -1.527      1.788     -0.168      1.709     -2.032     -0.997      2.814      1.444     -0.997      0.000      1.000      1.000      0.000      0.000      0.500      0.000      1.000      0.000      0.000      0.000 99574417
     2.000      2.000     -1.384      1.413     -2.236     -0.323      0.458      1.603     -0.500      1.592      0.275     -0.634      0.648     -1.025     -0.148      0.735     -0.229      0.730      0.126      0.229      0.000      1.000      0.000      0.000      0.000      0.500      0.000      0.000      0.000      0.000      1.000 99574437
     3.000      0.000          *     -0.766          *      0.860     -0.529      2.686      0.500          *          *          *      0.405          *     -0.455     -1.422     -0.265          *          *      0.265      0.000      1.000      0.000      0.000      0.000     -0.500      1.000      0.000      0.000      0.000      0.000 99574611
     3.000      2.000      0.305     -0.897      0.544      1.336     -0.073     -2.897      0.500      0.907      1.775     -0.022      0.066     -0.040     -0.098      0.212     -0.037     -0.066     -0.130      0.037      0.000      1.000      0.000      0.000      0.000     -0.500      0.000      0.000      0.000      0.000      0.000 99574804
     3.000      2.000     -0.089     -0.591      0.325     -0.620      0.725      2.519      0.500      0.231      0.275     -0.065     -0.428      0.236     -0.449      1.827      0.363      0.167      0.200      0.363      0.000      1.000      0.000      0.000      0.000      0.500      0.000      0.000      0.000      0.000      0.000 99574834
     1.000      0.000     -0.021     -0.897      1.474     -0.052     -1.414     -0.564     -0.500      0.874      1.275      0.030      1.268     -2.084      0.073      0.797      0.707     -1.236     -1.803      0.707      0.000      1.000      0.000      0.000      0.000     -0.500      1.000      0.000      0.000      1.000      0.000 99574994
     3.000      0.000     -0.078          *      0.303     -0.450     -1.466     -0.231     -0.500          *          *      0.114          *     -0.444      0.659      0.338      0.733          *          *      0.733      0.000      1.000      0.000      0.000      0.000     -0.500      1.000      0.000      0.000      0.000      0.000 99574996
     3.000      2.000     -1.465     -0.284     -0.394      1.058     -0.305      1.353      0.500     -0.431     -1.225      0.447      0.087      0.120     -0.323     -0.413     -0.153      0.132      0.374      0.153      0.000      1.000      0.000      0.000      0.000     -0.500      0.000      0.000      0.000      0.000      0.000 99575024
     3.000      1.000      1.045     -0.897      1.461     -0.867      0.395     -1.647      0.500     -0.806          *      0.413     -0.355      0.578     -0.343     -0.651      0.198     -0.318          *     -0.198      0.000      0.000      0.000      1.000      0.000     -0.500      0.000      1.000      0.000      0.000      0.000 99575026
     1.000      2.000     -0.774      0.436     -0.412     -0.172      0.233      2.436      0.500          *     -0.725     -0.180      0.101     -0.096     -0.040      0.567      0.116          *     -0.169      0.116      0.000      1.000      0.000      0.000      0.000      0.500      0.000      0.000      0.000      1.000      0.000 99575127
     2.000      2.000      0.669     -0.252     -0.618      0.472     -0.898     -1.564     -0.500      0.907      1.775     -0.600      0.226      0.555     -0.423      1.404      0.449     -0.814     -1.594      0.449      0.000      1.000      0.000      0.000      0.000     -0.500      0.000      0.000      0.000      0.000      1.000 99575240
     0.000      0.000     -3.574     -0.231      1.702      0.582     -0.919      1.353      0.500          *      0.275      3.284      0.212     -1.564     -0.535     -1.243     -0.459          *     -0.253     -0.459      0.000      1.000      0.000      0.000      0.000      0.500      1.000      0.000      1.000      0.000      0.000 99575242
     3.000      2.000     -0.089     -0.591      0.106      1.336      0.692      0.186      0.500     -2.510     -1.725     -0.062     -0.408      0.073      0.924      0.129      0.346     -1.736     -1.193      0.346      0.000      1.000      0.000      0.000      0.000      0.500      0.000      0.000      0.000      0.000      0.000 99575327
     3.000      1.000     -1.536     -0.591     -0.126     -1.582      0.333      3.853      0.500      0.055          *     -0.512     -0.197     -0.042     -0.527      1.285      0.167      0.018          *     -0.167      0.000      1.000      0.000      0.000      0.000     -0.500      0.000      1.000      0.000      0.000      0.000 99575329
     3.000      1.000     -3.367      1.059     -0.863     -0.728     -0.167      1.769      0.500      0.380      0.275      0.562     -0.177      0.144      0.122     -0.295     -0.083     -0.063     -0.046     -0.083      0.000      1.000      0.000      0.000      0.000      0.500      0.000      1.000      0.000      0.000      0.000 99575381
     3.000      2.000     -0.283      2.004      0.522     -2.251     -0.229      0.603      0.500     -0.431     -1.725      0.065     -0.459     -0.120      0.516     -0.138     -0.115      0.099      0.395     -0.115      0.000      1.000      0.000      0.000      0.000      0.500      0.000      0.000      0.000      0.000      0.000 99575420
     3.000      0.000      0.239     -0.559      0.544      0.820     -0.469      1.519     -0.500      0.728     -0.225     -0.112      0.262     -0.255     -0.385     -0.712      0.234     -0.342      0.105      0.234      0.000      1.000      0.000      0.000      0.000     -0.500      1.000      0.000      0.000      0.000      0.000 99575430
     3.000      1.000     -0.340          *     -0.632      0.304      1.288     -0.231      0.500     -0.431     -0.725     -0.437          *     -0.814      0.392     -0.297      0.644     -0.555     -0.933     -0.644      0.000      1.000      0.000      0.000      0.000     -0.500      0.000      1.000      0.000      0.000      0.000 99575529
     3.000      1.000      0.155     -0.284      0.781     -1.652     -0.034     -0.231      0.500      0.293     -0.725     -0.005      0.010     -0.027      0.057      0.008     -0.017     -0.010      0.025     -0.017      0.000      1.000      0.000      0.000      0.000      0.500      0.000      1.000      0.000      0.000      0.000 99575626
     3.000      2.000     -0.366      0.361     -1.795     -0.391     -0.453     -0.397      0.500      0.380      0.275      0.166     -0.163      0.813      0.177      0.180     -0.226     -0.172     -0.125      0.226      0.000      1.000      0.000      0.000      0.000     -0.500      0.000      0.000      0.000      0.000      0.000 99575722
     3.000      1.000     -0.859      0.425     -0.118      0.385      2.301      1.936     -0.500     -0.495     -0.725     -1.976      0.977     -0.273      0.885      4.455     -1.151     -1.140     -1.667     -1.151      0.000      1.000      0.000      0.000      0.000     -0.500      0.000      1.000      0.000      0.000      0.000 99575924
     1.000      0.000      0.817      0.414     -0.621     -0.264     -0.068      1.936      0.500      0.055      1.275     -0.055     -0.028      0.042      0.018     -0.131     -0.034     -0.004     -0.086     -0.034      0.000      1.000      1.000      0.000      0.000      0.500      1.000      0.000      0.000      1.000      0.000 99575947
     3.000      2.000     -0.066     -0.897     -0.144     -0.739     -1.265     -3.314      0.500      0.986      0.275      0.083      1.135      0.182      0.935      4.191     -0.632     -1.247     -0.348      0.632      0.000      1.000      0.000      0.000      0.000     -0.500      0.000      0.000      0.000      0.000      0.000 99575948
     3.000      2.000      0.633      2.703     -1.539      0.385     -0.445      1.519      0.500      0.728      1.275     -0.282     -1.203      0.685     -0.171     -0.676     -0.223     -0.324     -0.568      0.223      0.000      1.000      0.000      0.000      0.000     -0.500      0.000      0.000      0.000      0.000      0.000 99576490
     1.000      2.000      1.045     -0.897     -0.878      1.336      1.561     -0.314     -0.500      0.558     -0.225      1.632     -1.401     -1.371      2.086     -0.490     -0.781      0.871     -0.351     -0.781      0.000      1.000      0.000      0.000      0.000     -0.500      0.000      0.000      0.000      1.000      0.000 99576491
     2.000      2.000      0.949      1.021     -0.847     -0.069      1.596      1.103     -0.500          *     -0.725      1.514      1.630     -1.352     -0.111      1.760     -0.798          *     -1.157     -0.798      0.000      1.000      0.000      0.000      0.000     -0.500      0.000      0.000      0.000      0.000      1.000 99576895
     3.000      2.000      0.933      0.108      0.517     -0.113      0.745      1.019      0.500      0.625     -2.725      0.695      0.080      0.385     -0.084      0.760      0.373      0.466     -2.030     -0.373      0.000      1.000      0.000      0.000      0.000     -0.500      0.000      0.000      0.000      0.000      0.000 99577167
     1.000      0.000      0.570      3.288      0.510     -0.052      0.067      0.353     -0.500     -0.806     -0.725      0.038      0.220      0.034     -0.003      0.024     -0.033     -0.054     -0.048      0.033      0.000      1.000      0.000      0.000      0.000      0.500      1.000      0.000      0.000      1.000      0.000 99577265
     3.000      2.000     -1.182     -0.897      0.075      0.702      0.104     -0.481      0.500      0.092      1.275     -0.123     -0.093      0.008      0.073     -0.050      0.052      0.010      0.133      0.052      0.000      1.000      0.000      0.000      0.000      0.500      0.000      0.000      0.000      0.000      0.000 99578023
     3.000      2.000      0.032      0.365      0.057      1.058     -0.866     -1.314      0.500      1.059     -0.725     -0.027     -0.316     -0.049     -0.916      1.138     -0.433     -0.918      0.628      0.433      0.000      1.000      0.000      0.000      0.000     -0.500      0.000      0.000      0.000      0.000      0.000 99578109
     3.000      0.000      1.045     -0.591      1.017      0.542      0.939      0.686     -0.500      0.625     -0.225      0.981     -0.554      0.955      0.509      0.644     -0.469      0.587     -0.211     -0.469      0.000      1.000      0.000      0.000      0.000     -0.500      1.000      0.000      0.000      0.000      0.000 99578111
     3.000      1.000     -0.089     -0.252     -0.635     -0.110     -0.019      2.603      0.500     -0.901      0.275      0.002      0.005      0.012      0.002     -0.050     -0.010      0.017     -0.005     -0.010      0.000      1.000      0.000      0.000      0.000      0.500      0.000      1.000      0.000      0.000      0.000 99578161
     3.000      1.000          *          *     -0.351          *     -0.473      2.103      0.500          *     -0.725          *          *      0.166          *     -0.995     -0.237          *      0.343      0.237      0.000      1.000      0.000      0.000      0.000     -0.500      0.000      1.000      0.000      0.000      0.000 99578188
     3.000      2.000     -0.827     -0.591      0.106     -2.044     -0.745      2.353      0.500     -0.806          *      0.616      0.440     -0.079      1.522     -1.752     -0.372      0.600          *     -0.372      0.000      1.000      0.000      0.000      0.000      0.500      0.000      0.000      0.000      0.000      0.000 99578200
     3.000      1.000      0.075     -0.897      0.558      1.336     -0.560      2.519      0.500          *     -0.725     -0.042      0.503     -0.312     -0.749     -1.412     -0.280          *      0.406      0.280      0.000      1.000      0.000      0.000      0.000     -0.500      0.000      1.000      0.000      0.000      0.000 99578289
     0.000      0.000     -0.557     -0.312      0.325     -0.323      1.745      1.186     -0.500      0.767      2.275     -0.972     -0.545      0.568     -0.563      2.070     -0.873      1.338      3.971      0.873      0.000      1.000      0.000      0.000      0.000      0.500      1.000      0.000      1.000      0.000      0.000 99578319
     3.000      2.000          *     -0.252     -0.838     -0.656     -0.926      2.103      0.500          *          *          *      0.234      0.776      0.607     -1.947     -0.463          *          *      0.463      0.000      1.000      0.000      0.000      0.000     -0.500      0.000      0.000      0.000      0.000      0.000 99578365
     3.000      0.000      0.625     -0.897      0.742     -0.223     -0.760      1.519      0.500      1.016     -0.725     -0.475      0.682     -0.563      0.170     -1.154     -0.380     -0.772      0.550      0.380      0.000      1.000      0.000      0.000      0.000     -0.500      1.000      0.000      0.000      0.000      0.000 99578424
     3.000      1.000          *      0.693      1.716      0.860      0.763      1.269      0.500          *          *          *      0.529      1.310      0.657      0.969      0.382          *          *     -0.382      0.000      1.000      0.000      0.000      0.000     -0.500      0.000      1.000      0.000      0.000      0.000 99578488
     3.000      2.000      0.541      1.811      0.052      0.860     -1.330      0.853      0.500     -2.105     -0.725     -0.720     -2.408     -0.069     -1.144     -1.134     -0.665      2.799      0.963     -0.665      0.000      1.000      0.000      0.000      0.000      0.500      0.000      0.000      0.000      0.000      0.000 99578512
     3.000      0.000      1.010      2.230     -0.376     -0.450      2.440      0.436      0.500     -0.431      0.275      2.465      5.441     -0.918     -1.097      1.064      1.220     -1.051      0.672      1.220      0.000      1.000      0.000      0.000      0.000      0.500      1.000      0.000      0.000      0.000      0.000 99578560
     3.000      0.000     -0.497      0.129     -0.828      0.264      2.126     -1.064      0.500      0.510      1.275     -1.056      0.275     -1.761      0.561     -2.262      1.063      1.085      2.712     -1.063      0.000      1.000      0.000      0.000      0.000     -0.500      1.000      0.000      0.000      0.000      0.000 99578729
     2.000      2.000      1.010     -0.897      0.522      1.058      0.359      0.269     -0.500          *      2.275      0.363     -0.322      0.188      0.380      0.097     -0.180          *      0.818      0.180      0.000      1.000      0.000      0.000      0.000      0.500      0.000      0.000      0.000      0.000      1.000 99578806
     3.000      2.000      0.405     -0.284      0.544      0.820     -0.713     -1.397     -0.500      1.127      1.275     -0.289      0.203     -0.388     -0.585      0.997      0.357     -0.804     -0.910      0.357      0.000      1.000      0.000      0.000      0.000     -0.500      0.000      0.000      0.000      0.000      0.000 99579230
     3.000      0.000      1.010      1.645      0.755      1.336      1.105      1.686     -0.500     -2.105      0.275      1.116      1.817      0.834      1.476      1.863     -0.552     -2.325      0.304      0.552      0.000      1.000      0.000      0.000      0.000      0.500      1.000      0.000      0.000      0.000      0.000 99579931
     3.000      2.000     -0.706      0.023     -1.310     -0.290      0.595      0.936      0.500      0.231      0.275     -0.420      0.013     -0.780     -0.173      0.557      0.298      0.137      0.164      0.298      0.000      1.000      0.000      0.000      0.000      0.500      0.000      0.000      0.000      0.000      0.000 99579932
     3.000      1.000     -0.514     -0.591      0.773      0.363      0.558      1.103      0.500          *      0.775     -0.287     -0.329      0.431      0.202      0.615      0.279          *      0.432     -0.279      0.000      1.000      0.000      0.000      0.000     -0.500      0.000      1.000      0.000      0.000      0.000 99579939
     3.000      1.000      1.045     -0.897      1.702      0.472      0.591     -0.231     -0.500      0.129     -1.725      0.618     -0.530      1.006      0.279     -0.136     -0.295      0.076     -1.019     -0.295      1.000      0.000      0.000      0.000      1.000     -0.500      0.000      1.000      0.000      0.000      0.000 99590257
     3.000      2.000     -1.954      0.026      1.242      0.623      0.922      0.853      0.500          *     -1.725     -1.800      0.024      1.145      0.574      0.786      0.461          *     -1.589      0.461      0.000      1.000      0.000      0.000      0.000      0.500      0.000      0.000      0.000      0.000      0.000 99606323
     3.000      0.000     -0.358      0.693     -0.144      0.820     -0.286      1.269      0.500      0.092      1.275      0.103     -0.198      0.041     -0.235     -0.364     -0.143     -0.026     -0.365      0.143      0.000      1.000      0.000      0.000      0.000     -0.500      1.000      0.000      0.000      0.000      0.000 99606925
     2.000      2.000          *      1.085      0.576      1.098     -1.564      1.353     -0.500          *          *          *     -1.697     -0.901     -1.718     -2.116      0.782          *          *      0.782      0.000      1.000      0.000      0.000      0.000     -0.500      0.000      0.000      0.000      0.000      1.000 99619363
     3.000      2.000     -0.145      0.023     -0.832     -2.878     -0.230     -1.897      0.500      0.407          *      0.033     -0.005      0.191      0.661      0.436     -0.115     -0.094          *     -0.115      0.000      1.000      0.000      0.000      0.000      0.500      0.000      0.000      0.000      0.000      0.000 99710084
     3.000      2.000      0.789     -0.897      0.084      0.403      0.799     -2.231      0.500     -0.313     -0.725      0.630     -0.717      0.067      0.322     -1.782      0.400     -0.250     -0.579      0.400      0.000      1.000      0.000      0.000      0.000      0.500      0.000      0.000      0.000      0.000      0.000 99710211
     3.000      2.000      0.923     -0.897      0.795     -2.600     -0.883     -0.481      0.500          *      2.275     -0.816      0.793     -0.702      2.297      0.425     -0.442          *     -2.010      0.442      0.000      1.000      0.000      0.000      0.000     -0.500      0.000      0.000      0.000      0.000      0.000 99710381
     3.000      0.000     -1.219      0.436     -0.123     -2.600     -0.674      0.019      0.500          *          *      0.822     -0.294      0.083      1.752     -0.013     -0.337          *          *     -0.337      0.000      1.000      0.000      0.000      0.000      0.500      1.000      0.000      0.000      0.000      0.000 99710384
     1.000      0.000      1.010     -0.897     -2.697     -1.300     -1.234     -2.397     -0.500     -1.412      0.275     -1.246      1.107      3.327      1.604      2.957      0.617      1.741     -0.340     -0.617      0.000      1.000      0.000      0.000      0.000      0.500      1.000      0.000      0.000      1.000      0.000 99710582
     3.000      0.000     -0.569     -0.897      0.544     -0.450     -0.880     -2.731     -0.500      0.231     -0.725      0.500      0.789     -0.479      0.396      2.402      0.440     -0.203      0.637      0.440      0.000      1.000      0.000      0.000      0.000     -0.500      1.000      0.000      0.000      0.000      0.000 99711176
     2.000      2.000     -0.822     -0.897      0.791     -0.977      0.657     -2.314     -0.500          *      1.775     -0.540     -0.589      0.519     -0.642     -1.520     -0.328          *      1.166     -0.328      0.000      1.000      0.000      0.000      0.000     -0.500      0.000      0.000      0.000      0.000      1.000 99711374
     3.000      1.000      0.934     -0.897      1.943     -0.707      0.355     -2.814      0.500          *     -1.225      0.332     -0.318      0.690     -0.251     -0.999      0.177          *     -0.435     -0.177      0.000      1.000      0.000      0.000      0.000     -0.500      0.000      1.000      0.000      0.000      0.000 99712371
     3.000      2.000      1.045      0.108      0.763      0.344     -0.500     -1.231      0.500     -0.208     -0.725     -0.523     -0.054     -0.382     -0.172      0.616     -0.250      0.104      0.363      0.250      0.000      1.000      0.000      0.000      0.000     -0.500      0.000      0.000      0.000      0.000      0.000 99713000
     3.000      1.000      1.010     -0.897      1.711      1.336      0.013     -2.897      0.500          *     -0.725      0.013     -0.012      0.022      0.017     -0.038      0.007          *     -0.009      0.007      0.000      1.000      0.000      0.000      0.000      0.500      0.000      1.000      0.000      0.000      0.000 99713400
     2.000      0.000     -0.776      0.858     -0.619     -0.744     -1.554     -1.397     -0.500          *      0.275      1.207     -1.334      0.962      1.156      2.172      0.777          *     -0.428      0.777      0.000      1.000      0.000      0.000      0.000     -0.500      1.000      0.000      0.000      0.000      1.000 99714995
     3.000      1.000     -0.335     -0.453      1.232      0.860      0.910     -2.064      0.500      0.055     -2.725     -0.305     -0.412      1.122      0.783     -1.879      0.455      0.050     -2.480      0.455      0.000      1.000      0.000      0.000      0.000      0.500      0.000      1.000      0.000      0.000      0.000 99715029
     1.000      2.000      1.010     -0.559      0.084     -0.985      0.226     -1.147      0.500     -0.259      1.275      0.228     -0.126      0.019     -0.222     -0.259      0.113     -0.058      0.288      0.113      0.000      1.000      0.000      0.000      0.000      0.500      0.000      0.000      0.000      1.000      0.000 99716156
     3.000      2.000      0.484     -0.897      1.014      0.234     -0.042     -2.397      0.500          *     -0.725     -0.020      0.037     -0.042     -0.010      0.100     -0.021          *      0.030      0.021      0.000      1.000      0.000      0.000      0.000     -0.500      0.000      0.000      0.000      0.000      0.000 99716252
     1.000      0.000     -0.089      1.381     -0.823     -0.267      0.007     -1.897      0.500          *     -0.725     -0.001      0.010     -0.006     -0.002     -0.014      0.004          *     -0.005      0.004      0.000      1.000      0.000      0.000      0.000      0.500      1.000      0.000      0.000      1.000      0.000 99716299
     3.000      1.000      0.633     -0.897     -0.320      1.058      1.339     -1.397      0.500      0.581     -0.725      0.847     -1.201     -0.429      1.416     -1.871      0.669      0.778     -0.970     -0.669      0.000      1.000      0.000      0.000      0.000     -0.500      0.000      1.000      0.000      0.000      0.000 99717362
     3.000      1.000      0.817     -0.897      0.785      1.336     -0.794     -1.064     -0.500     -0.370     -0.725     -0.648      0.712     -0.623     -1.060      0.844      0.397      0.294      0.575     -0.397      0.000      1.000      0.000      0.000      0.000      0.500      0.000      1.000      0.000      0.000      0.000 99718015
     1.000      2.000      1.010      0.333      1.224      0.860     -0.785     -2.147      0.500     -0.639     -0.725     -0.793     -0.261     -0.961     -0.675      1.685     -0.392      0.501      0.569     -0.392      0.000      1.000      0.000      0.000      0.000      0.500      0.000      0.000      0.000      1.000      0.000 99718088
     2.000      2.000     -0.089      0.993      0.084      0.860      1.922     -0.981     -0.500          *      0.275     -0.172      1.909      0.161      1.654     -1.885     -0.961          *      0.530      0.961      0.000      1.000      0.000      0.000      0.000      0.500      0.000      0.000      0.000      0.000      1.000 99718103
     3.000      0.000      0.703          *      0.311      0.820      0.992     -2.314     -0.500          *      1.275      0.698          *      0.308      0.813     -2.295     -0.496          *      1.265     -0.496      0.000      1.000      0.000      0.000      0.000     -0.500      1.000      0.000      0.000      0.000      0.000 99718104
     3.000      1.000     -0.089     -0.897      0.303     -0.052     -1.332     -2.897     -0.500     -2.105     -0.725      0.119      1.195     -0.403      0.069      3.858      0.666      2.803      0.965     -0.666      0.000      1.000      0.000      0.000      0.000      0.500      0.000      1.000      0.000      0.000      0.000 99718115
     3.000      1.000      0.595     -0.231      0.544      0.623     -0.619     -1.564     -0.500      0.510     -1.225     -0.368      0.143     -0.337     -0.386      0.969      0.310     -0.316      0.758      0.310      0.000      1.000      0.000      0.000      0.000     -0.500      0.000      1.000      0.000      0.000      0.000 99718210
     1.000      2.000      1.045          *     -0.411      1.336     -0.162     -1.314     -0.500      0.510     -0.725     -0.169          *      0.067     -0.217      0.213      0.081     -0.083      0.117      0.081      0.000      1.000      0.000      0.000      0.000     -0.500      0.000      0.000      0.000      1.000      0.000 99718213
     3.000      2.000      0.766      0.714     -0.599      0.582      1.807     -2.481      0.500     -0.639      0.275      1.384      1.291     -1.083      1.052     -4.482      0.903     -1.154      0.498      0.903      0.000      1.000      0.000      0.000      0.000      0.500      0.000      0.000      0.000      0.000      0.000 99718263
     2.000      2.000     -0.033      1.193     -0.185      0.582      0.234     -1.897     -0.500      1.127      1.275     -0.008      0.280     -0.043      0.137     -0.445     -0.117      0.264      0.299     -0.117      0.000      1.000      0.000      0.000      0.000     -0.500      0.000      0.000      0.000      0.000      1.000 99718387
     3.000      0.000     -0.976     -0.897     -0.855     -2.124     -0.802     -1.064     -0.500     -0.901      0.275      0.783      0.720      0.686      1.704      0.853      0.401      0.722     -0.221     -0.401      0.000      1.000      0.000      0.000      0.000      0.500      1.000      0.000      0.000      0.000      0.000 99718909
     3.000      0.000      0.075     -0.897     -1.073      0.860      1.090      0.186      0.500     -1.006     -1.725      0.082     -0.978     -1.170      0.938      0.203      0.545     -1.097     -1.880     -0.545      0.000      1.000      0.000      0.000      0.000     -0.500      1.000      0.000      0.000      0.000      0.000 99718969
     3.000      1.000      1.045     -0.897      1.233      1.336     -1.903     -1.814      0.500     -0.313          *     -1.989      1.708     -2.347     -2.543      3.453     -0.952      0.596          *      0.952      0.000      1.000      0.000      0.000      0.000     -0.500      0.000      1.000      0.000      0.000      0.000 99718980
     3.000      1.000      1.010     -0.591      1.220     -1.652     -1.106     -1.314     -0.500      0.092      1.275     -1.118      0.653     -1.349      1.827      1.454      0.553     -0.102     -1.411     -0.553      0.000      1.000      0.000      0.000      0.000      0.500      0.000      1.000      0.000      0.000      0.000 99719932
     3.000      2.000      0.085     -0.897      0.544      1.098     -0.708     -2.147     -0.500      0.907      1.275     -0.060      0.635     -0.385     -0.778      1.520      0.354     -0.643     -0.903      0.354      0.000      1.000      0.000      0.000      0.000     -0.500      0.000      0.000      0.000      0.000      0.000 99719939
