     3.000      2.000     -1.146     -0.746     -1.977     -2.556      0.149      0.647     -0.500          *      0.976     -0.171     -0.111     -0.295     -0.381      0.096     -0.075          *      0.145     -0.075      0.000     -0.500      0.000      0.000      0.000      0.000      0.000 94574408
     3.000      2.000     -0.021     -0.453      0.106      0.031      1.010     -1.687     -0.500      0.218     -0.524     -0.021     -0.457      0.107      0.031     -1.703     -0.505      0.220     -0.529     -0.505      0.000     -0.500      0.000      0.000      0.000      0.000      0.000 98576945
     3.000      2.000     -1.491          *     -2.257     -0.563     -0.924      0.397     -0.500          *     -0.024      1.379          *      2.087      0.521     -0.367      0.462          *      0.023     -0.462      0.000      0.500      0.000      0.000      0.000      0.000      0.000 95576093
     3.000      1.000      1.191     -0.129     -1.924     -1.006     -0.501      1.980      0.500     -0.535     -0.024     -0.597      0.065      0.964      0.504     -0.992     -0.250      0.268      0.012      0.250      0.000     -0.500      0.000      1.000      0.000      0.000      0.000 91506190
     3.000      1.000     -1.210     -0.746     -0.954      0.334     -2.344     -0.353      0.500          *     -0.024      2.836      1.748      2.237     -0.784      0.828     -1.172          *      0.057      1.172      1.000     -0.500      0.000      1.000      0.000      0.000      0.000 97572223
     3.000      2.000      0.964     -0.746      0.874     -0.811     -1.971      0.980      0.500      0.048     -2.024     -1.901      1.470     -1.722      1.598     -1.931     -0.985     -0.094      3.990     -0.985      0.000      0.500      0.000      0.000      0.000      0.000      0.000 99506994
     3.000      2.000      0.815     -0.746      0.116      0.118      0.159     -0.770     -0.500      0.397          *      0.130     -0.119      0.018      0.019     -0.123     -0.080      0.063          *     -0.080      0.000     -0.500      0.000      0.000      0.000      0.000      0.000 98506144
     3.000      1.000      0.559      0.185      0.383      0.334      0.347      0.147     -0.500     -0.669     -0.024      0.194      0.064      0.133      0.116      0.051     -0.173     -0.232     -0.008     -0.173      0.000     -0.500      0.000      1.000      0.000      0.000      0.000 93506991
     3.000      2.000      0.221      0.164     -0.686      0.396     -0.972      0.813     -0.500     -0.495      0.976     -0.215     -0.159      0.667     -0.385     -0.790      0.486      0.481     -0.948      0.486      0.000     -0.500      0.000      0.000      0.000      0.000      0.000 98506499
     3.000      2.000      0.920     -0.746     -1.985      0.865     -1.203     -2.437     -0.500      0.617      1.976     -1.106      0.897      2.388     -1.041      2.932      0.602     -0.743     -2.377      0.602      0.000     -0.500      0.000      0.000      0.000      0.000      0.000 99715098
     3.000      0.000      0.370      1.489     -1.208     -0.451      0.032      0.397      0.500          *     -0.024      0.012      0.048     -0.039     -0.014      0.013      0.016          *     -0.001     -0.016      0.000     -0.500      1.000      0.000      0.000      0.000      0.000 90576494
     2.000      0.000     -1.225     -0.746      1.146      0.750      1.899     -3.437     -0.500          *     -0.024     -2.325     -1.416      2.177      1.423     -6.526     -0.949          *     -0.046     -0.949      0.000     -0.500      1.000      0.000      0.000      0.000      1.000 95714896
     3.000      2.000      0.941     -0.746     -0.955     -1.355      0.651     -3.103      0.500     -0.941          *      0.612     -0.485     -0.621     -0.882     -2.020      0.325     -0.612          *      0.325      0.000      0.500      0.000      0.000      0.000      0.000      0.000 91710319
     3.000      2.000      0.648     -0.746      0.646      1.218     -0.643     -3.353      0.500     -0.622     -0.024     -0.416      0.479     -0.415     -0.783      2.155     -0.321      0.400      0.016     -0.321      1.000      0.500      0.000      0.000      0.000      0.000      0.000 99716232
     3.000      0.000      0.060      0.164      0.342     -0.033     -0.844     -0.353     -0.500      0.430     -0.024     -0.051     -0.138     -0.289      0.028      0.298      0.422     -0.363      0.021      0.422      0.000     -0.500      1.000      0.000      0.000      0.000      0.000 95576094
     3.000      1.000     -0.571     -0.746     -0.940     -0.387      1.261      1.897      0.500      0.521      1.476     -0.721     -0.941     -1.185     -0.488      2.392      0.631      0.657      1.861     -0.631      0.000     -0.500      0.000      1.000      0.000      0.000      0.000 90506792
     3.000      2.000     -0.299      0.215      0.102     -0.072      1.045     -0.770     -0.500      0.000     -1.524     -0.312      0.225      0.106     -0.075     -0.804     -0.522      0.000     -1.592     -0.522      0.000     -0.500      0.000      0.000      0.000      0.000      0.000 93576615
     3.000      1.000      0.987     -0.746      1.169      0.612     -0.294      1.230     -0.500     -0.495      1.976     -0.291      0.220     -0.344     -0.180     -0.362      0.147      0.146     -0.582      0.147      0.000     -0.500      0.000      1.000      0.000      0.000      0.000 98576992
     3.000      2.000      1.069      1.421      0.636      0.750      1.618      1.730     -0.500          *     -1.524      1.730      2.299      1.029      1.212      2.798     -0.809          *     -2.466     -0.809      0.000     -0.500      0.000      0.000      0.000      0.000      0.000 92506293
     1.000      2.000     -0.369     -0.453     -0.408      0.865      0.259     -0.520     -0.500      0.797     -0.024     -0.095     -0.117     -0.106      0.224     -0.135     -0.129      0.206     -0.006     -0.129      0.000     -0.500      0.000      0.000      0.000      1.000      0.000 97576669
     1.000      0.000      0.361      1.125      1.429      1.002     -0.913     -0.437      0.500      0.093      1.976     -0.329     -1.027     -1.305     -0.915      0.399     -0.456     -0.085     -1.804     -0.456      0.000      0.500      1.000      0.000      0.000      1.000      0.000 91756358
     2.000      2.000     -0.675     -0.746      1.687      0.966      1.927     -3.603     -0.500      0.741      1.976     -1.301     -1.437      3.250      1.861     -6.944     -0.964      1.428      3.807     -0.964      0.000     -0.500      0.000      0.000      0.000      0.000      1.000 96714087
     3.000      1.000      0.057      1.663      0.651     -1.532      2.850      1.647      0.500          *      0.976      0.161      4.741      1.856     -4.367      4.693      1.425          *      2.781      1.425      0.000      0.500      0.000      1.000      0.000      0.000      0.000 93576943
     3.000      0.000     -0.666      0.430     -1.475     -0.887      0.407     -0.687     -0.500      0.048     -0.024     -0.271      0.175     -0.601     -0.361     -0.280     -0.204      0.019     -0.010     -0.204      0.000     -0.500      1.000      0.000      0.000      0.000      0.000 90576145
     1.000      2.000      0.051     -0.422     -0.939     -0.811      0.029     -1.187     -0.500      0.218      0.476      0.002     -0.012     -0.028     -0.024     -0.035     -0.015      0.006      0.014     -0.015      0.000     -0.500      0.000      0.000      0.000      1.000      0.000 92575112
     3.000      2.000      0.421     -0.746      0.106      0.234      1.841     -0.437     -0.500     -1.516     -2.524      0.775     -1.373      0.195      0.430     -0.804     -0.920     -2.791     -4.647     -0.920      0.000     -0.500      0.000      0.000      0.000      0.000      0.000 95576837
     1.000      0.000      0.489     -0.402     -1.983     -0.667     -1.432     -1.187     -0.500      0.218     -0.024     -0.700      0.575      2.840      0.955      1.699      0.716     -0.313      0.035      0.716      0.000     -0.500      1.000      0.000      0.000      1.000      0.000 96575990
     3.000      1.000      0.660      0.225      0.110      1.434      0.181      0.897      0.500      0.476      0.976      0.120      0.041      0.020      0.260      0.163      0.091      0.086      0.177     -0.091      0.000     -0.500      0.000      1.000      0.000      0.000      0.000 95506296
     3.000      0.000     -0.748     -0.402      0.349      0.174     -1.788      0.897     -0.500          *      0.976      1.337      0.718     -0.623     -0.310     -1.603      0.894          *     -1.744      0.894      0.000     -0.500      1.000      0.000      0.000      0.000      0.000 98506796
     3.000      2.000     -2.048     -0.453     -0.182     -0.072      0.438     -1.603      0.500          *          *     -0.897     -0.198     -0.080     -0.032     -0.702      0.219          *          *     -0.219      0.000     -0.500      0.000      0.000      0.000      0.000      0.000 96540916
     3.000      2.000      1.191     -0.746      1.959      0.786      0.693      0.230     -0.500          *          *      0.826     -0.517      1.358      0.545      0.159     -0.347          *          *     -0.347      0.000     -0.500      0.000      0.000      0.000      0.000      0.000 91576497
     1.000      1.000      0.083     -0.746     -0.166      0.118     -0.233      0.647      0.500          *     -1.024     -0.019      0.174      0.039     -0.028     -0.150     -0.116          *      0.238      0.116      0.000     -0.500      0.000      1.000      0.000      1.000      0.000 96576298
     3.000      2.000     -1.118     -0.453      0.626      0.713     -0.545      1.730      0.500      0.752     -1.024      0.609      0.247     -0.341     -0.388     -0.942     -0.272     -0.410      0.558      0.272      0.000     -0.500      0.000      0.000      0.000      0.000      0.000 91586945
     2.000      0.000      0.221      1.663      1.414     -0.527     -0.969      0.813     -0.500          *      1.476     -0.214     -1.613     -1.371      0.511     -0.788      0.485          *     -1.431      0.485      0.000     -0.500      1.000      0.000      0.000      0.000      1.000 96576294
     3.000      1.000      0.779     -0.129     -1.979     -1.279      0.793      2.063      0.500     -0.495      1.476      0.617     -0.102     -1.569     -1.015      1.636      0.396     -0.392      1.170     -0.396      0.000     -0.500      0.000      1.000      0.000      0.000      0.000 92576297
     3.000      1.000      1.191     -0.746      0.135      0.018     -0.496     -0.437     -0.500     -0.050     -0.524     -0.591      0.370     -0.067     -0.009      0.217      0.248      0.025      0.260      0.248      0.000     -0.500      0.000      1.000      0.000      0.000      0.000 95576691
     3.000      2.000     -0.850      0.164      0.918      0.180      0.872     -0.187     -0.500      0.000      0.976     -0.741      0.143      0.801      0.157     -0.163     -0.436      0.000      0.851     -0.436      0.000     -0.500      0.000      0.000      0.000      0.000      0.000 90576398
     2.000      2.000     -0.474     -0.746     -1.203     -0.595     -0.297     -0.853      0.500      0.549      1.476      0.141      0.221      0.357      0.176      0.253     -0.148     -0.163     -0.438      0.148      0.000     -0.500      0.000      0.000      0.000      0.000      1.000 94576199
     2.000      1.000     -0.621     -0.453     -0.152      1.434     -0.025     -0.270      0.500          *      0.976      0.016      0.011      0.004     -0.036      0.007     -0.013          *     -0.025     -0.013      0.000      0.500      0.000      1.000      0.000      0.000      1.000 96575295
     3.000      2.000      0.982     -0.160      1.712     -0.180     -0.326      4.313     -0.500     -1.005      0.476     -0.320      0.052     -0.558      0.059     -1.406      0.163      0.328     -0.155      0.163      0.000     -0.500      0.000      0.000      0.000      0.000      0.000 91580985
     3.000      2.000     -1.695      1.813     -3.847     -0.743      1.230      1.980      0.500      0.549          *     -2.085      2.230     -4.733     -0.914      2.436      0.615      0.676          *     -0.615      0.000     -0.500      0.000      0.000      0.000      0.000      0.000 91506295
     3.000      1.000      0.716     -0.746      0.408      0.750     -1.061      1.313     -0.500     -1.229     -0.024     -0.759      0.791     -0.433     -0.795     -1.393      0.530      1.303      0.026     -0.530      0.000      0.500      0.000      1.000      0.000      0.000      0.000 91543309
     3.000      2.000      0.823     -0.453     -0.142      0.966      1.185      0.230      0.500      0.397      1.476      0.975     -0.536     -0.168      1.144      0.272      0.592      0.471      1.748     -0.592      0.000     -0.500      0.000      0.000      0.000      0.000      0.000 97508736
     3.000      1.000      0.104     -0.746     -2.252     -1.203      1.017      0.480     -0.500     -2.104          *      0.106     -0.759     -2.292     -1.224      0.488     -0.509     -2.141          *      0.509      0.000      0.500      0.000      1.000      0.000      0.000      0.000 99576692
     3.000      2.000      1.191      1.067     -1.228      0.865      0.313     -0.603     -0.500          *          *      0.373      0.334     -0.384      0.271     -0.189     -0.156          *          *     -0.156      0.000     -0.500      0.000      0.000      0.000      0.000      0.000 97506591
     0.000      2.000      0.957      2.285      0.379     -2.203      0.943     -1.103     -0.500     -0.346     -2.024      0.902      2.155      0.357     -2.077     -1.041     -0.472     -0.326     -1.909     -0.472      0.000     -0.500      0.000      0.000      1.000      0.000      0.000 94540213
     3.000      2.000     -0.304     -0.746     -0.162     -0.180      1.388     -0.687     -0.500          *     -3.024     -0.421     -1.035     -0.224     -0.249     -0.953     -0.694          *     -4.197     -0.694      0.000     -0.500      0.000      0.000      0.000      0.000      0.000 95574234
     1.000      0.000      0.057      1.227     -0.935      0.865     -0.718     -1.770      0.500          *          *     -0.041     -0.881      0.671     -0.621      1.271     -0.359          *          *     -0.359      0.000      0.500      1.000      0.000      0.000      1.000      0.000 92676951
     3.000      0.000      1.191     -0.453      1.157      1.218      0.788     -1.020      0.500          *     -1.024      0.939     -0.357      0.911      0.960     -0.804      0.394          *     -0.807     -0.394      0.000     -0.500      1.000      0.000      0.000      0.000      0.000 94579941
     3.000      1.000      0.275     -0.746      0.359      0.018     -0.682     -1.520      0.500      0.115     -0.024     -0.188      0.509     -0.245     -0.012      1.037     -0.341     -0.079      0.017      0.341      0.000     -0.500      0.000      1.000      0.000      0.000      0.000 97604509
     3.000      2.000      1.156     -0.746      0.651      0.966     -1.866      0.147     -0.500     -0.130     -1.024     -2.158      1.392     -1.215     -1.802     -0.274      0.933      0.243      1.912     -0.933      0.000      0.500      0.000      0.000      0.000      0.000      0.000 98506195
     3.000      0.000      0.551      2.166     -0.147     -0.079     -0.768     -1.687     -0.500          *      0.976     -0.423     -1.663      0.113      0.061      1.295      0.384          *     -0.749      0.384      0.000     -0.500      1.000      0.000      0.000      0.000      0.000 91575604
     3.000      1.000     -0.672      1.735      0.101      0.534      0.040     -0.770      0.500          *     -1.024     -0.027      0.069      0.004      0.021     -0.031      0.020          *     -0.041     -0.020      0.000     -0.500      0.000      1.000      0.000      0.000      0.000 92506298
     3.000      2.000      0.416      0.580      1.181      0.750      0.027      0.230     -0.500      0.218     -0.024      0.011      0.016      0.032      0.020      0.006     -0.014      0.006     -0.001     -0.014      0.000     -0.500      0.000      0.000      0.000      0.000      0.000 98506091
     3.000      2.000          *     -0.746     -0.949     -1.456      0.476     -2.937     -0.500     -0.312          *          *     -0.355     -0.451     -0.693     -1.397     -0.238     -0.149          *     -0.238      0.000     -0.500      0.000      0.000      0.000      0.000      0.000 96716091
     3.000      0.000     -0.903     -0.746      0.919     -0.180      0.998     -0.020     -0.500          *          *     -0.901     -0.744      0.916     -0.179     -0.020     -0.499          *          *     -0.499      0.000     -0.500      1.000      0.000      0.000      0.000      0.000 98646127
     3.000      0.000     -0.173     -0.129      0.904      1.218      1.741      1.063     -0.500     -0.050     -0.024     -0.300     -0.225      1.573      2.121      1.851     -0.870     -0.087     -0.042     -0.870      0.000     -0.500      1.000      0.000      0.000      0.000      0.000 91506949
     3.000      1.000      0.221     -0.746     -0.166     -1.908     -2.023      0.397     -0.500      0.000      0.976     -0.448      1.509      0.337      3.860     -0.802      1.012      0.000     -1.974      1.012      0.000     -0.500      0.000      1.000      0.000      0.000      0.000 97504003
     3.000      1.000      0.532     -0.746      0.115     -3.024      1.134     -0.437      0.500     -0.103      0.976      0.603     -0.846      0.131     -3.429     -0.495      0.567     -0.116      1.106     -0.567      0.000     -0.500      0.000      1.000      0.000      0.000      0.000 96506697
     3.000      2.000      1.156     -0.746      1.151     -1.511      1.601     -0.603      0.500     -0.495     -1.024      1.852     -1.194      1.843     -2.420     -0.966      0.801     -0.792     -1.640      0.801      1.000      0.500      0.000      0.000      0.000      0.000      0.000 99506791
     3.000      2.000      1.079     -0.746      0.106     -0.235     -0.297      0.397      0.500      0.681      1.476     -0.320      0.221     -0.032      0.070     -0.118     -0.148     -0.202     -0.438      0.148      0.000     -0.500      0.000      0.000      0.000      0.000      0.000 96576848
     3.000      1.000     -1.152     -0.129      0.651      0.587     -1.457     -0.020     -0.500      0.549      0.476      1.679      0.188     -0.949     -0.855      0.029      0.729     -0.800     -0.693      0.729      0.000     -0.500      0.000      1.000      0.000      0.000      0.000 97506594
     3.000      1.000     -0.432     -0.746      0.379     -2.087      0.579      1.563      0.500     -0.103      0.476     -0.251     -0.432      0.219     -1.209      0.906      0.290     -0.059      0.276     -0.290      0.000     -0.500      0.000      1.000      0.000      0.000      0.000 97506194
     3.000      1.000      0.956     -0.746      1.959      0.396      1.698     -3.270      0.500          *     -3.024      1.623     -1.266      3.326      0.673     -5.553      0.849          *     -5.135     -0.849      0.000     -0.500      0.000      1.000      0.000      0.000      0.000 95714023
     3.000      2.000     -2.451     -0.746      0.646      0.011     -0.032      1.147      0.500     -1.634      1.976      0.080      0.024     -0.021      0.000     -0.037     -0.016      0.053     -0.064      0.016      0.000     -0.500      0.000      0.000      0.000      0.000      0.000 91576299
     3.000      2.000      0.066      1.792     -0.136      0.966      0.219      0.813     -0.500     -0.050     -1.024      0.015      0.392     -0.030      0.211      0.178     -0.109     -0.011     -0.224     -0.109      0.000     -0.500      0.000      0.000      0.000      0.000      0.000 95506348
     3.000      2.000      0.708     -0.712      0.131      1.002      1.125     -1.687     -0.500     -0.669     -0.524      0.796     -0.801      0.148      1.128     -1.898     -0.563     -0.753     -0.590     -0.563      0.000     -0.500      0.000      0.000      0.000      0.000      0.000 96544304
     3.000      1.000      0.482     -0.746      0.883     -0.143     -0.806     -1.270      0.500          *      0.976     -0.388      0.601     -0.712      0.115      1.023     -0.403          *     -0.786     -0.403      0.000      0.500      0.000      1.000      0.000      0.000      0.000 99886999
     3.000      2.000      0.221     -0.746      0.349     -0.414     -1.513     -0.770     -0.500      0.397      0.476     -0.335      1.129     -0.528      0.627      1.165      0.757     -0.601     -0.720      0.757      0.000     -0.500      0.000      0.000      0.000      0.000      0.000 91886947
     3.000      1.000      0.358      0.287      1.444      0.036      1.164      0.063     -0.500     -0.187      1.476      0.417      0.333      1.680      0.042      0.074     -0.582     -0.218      1.717     -0.582      0.000     -0.500      0.000      1.000      0.000      0.000      0.000 91676658
     3.000      2.000     -2.353     -0.746      0.666     -1.987     -0.049      0.397      0.500     -0.025     -0.524      0.116      0.037     -0.033      0.098     -0.019     -0.025      0.001      0.026      0.025      0.000     -0.500      0.000      0.000      0.000      0.000      0.000 99576991
     3.000      2.000      0.551      0.194      1.959      1.434      0.719      1.730     -0.500     -0.669     -0.024      0.396      0.140      1.409      1.032      1.244     -0.360     -0.481     -0.018     -0.360      0.000     -0.500      0.000      0.000      0.000      0.000      0.000 98575403
     3.000      1.000      1.069      0.487      1.419     -0.198      0.331      0.147      0.500          *     -1.524      0.354      0.162      0.470     -0.066      0.049      0.166          *     -0.505     -0.166      0.000     -0.500      0.000      1.000      0.000      0.000      0.000 91886948
     3.000      1.000     -0.639      0.137     -0.439     -0.072     -0.413      0.730      0.500     -0.578     -1.024      0.264     -0.057      0.181      0.030     -0.302     -0.207      0.239      0.423     -0.207      0.000      0.500      0.000      1.000      0.000      0.000      0.000 94506896
     3.000      2.000      0.938      0.559      1.157      1.218     -1.063     -0.770      0.500      0.115     -1.024     -0.997     -0.594     -1.230     -1.295      0.819     -0.532     -0.122      1.089      0.532      0.000     -0.500      0.000      0.000      0.000      0.000      0.000 57256199
     1.000      0.000     -3.619     -0.453     -2.782     -0.926      0.300      2.063     -0.500      1.304      1.976     -1.084     -0.136     -0.833     -0.277      0.618     -0.150      0.391      0.592     -0.150      0.000     -0.500      1.000      0.000      0.000      1.000      0.000 99575330
     3.000      2.000     -2.025      0.781          *      1.434      2.104      1.313      0.500      0.604     -0.524     -4.262      1.642          *      3.018      2.763      1.052      1.271     -1.103     -1.052      1.000     -0.500      0.000      0.000      0.000      0.000      0.000 95576348
     3.000      1.000      0.429     -0.746      1.141     -0.558     -1.837      0.897      0.500      0.902      1.476     -0.787      1.370     -2.097      1.025     -1.647     -0.919     -1.656     -2.711      0.919      0.000     -0.500      0.000      1.000      0.000      0.000      0.000 99676753
     3.000      0.000     -0.731     -0.078          *     -0.811      0.190      1.647      0.500     -0.622      0.976     -0.139     -0.015          *     -0.154      0.314      0.095     -0.119      0.186     -0.095      0.000     -0.500      1.000      0.000      0.000      0.000      0.000 93506498
     3.000      0.000      0.482      0.862     -2.752      1.002     -0.597      0.813     -0.500          *     -0.524     -0.288     -0.515      1.644     -0.598     -0.486      0.299          *      0.313      0.299      1.000     -0.500      1.000      0.000      0.000      0.000      0.000 96506897
     3.000      2.000      0.569      0.164      0.115      0.750      0.183     -0.770     -0.500          *          *      0.104      0.030      0.021      0.137     -0.141     -0.092          *          *     -0.092      0.000     -0.500      0.000      0.000      0.000      0.000      0.000 91574110
     3.000      0.000     -0.395      0.852     -0.162      1.434      1.872     -0.020     -0.500      0.093     -1.024     -0.738      1.595     -0.303      2.684     -0.038     -0.936      0.174     -1.917     -0.936      0.000     -0.500      1.000      0.000      0.000      0.000      0.000 93576345
     3.000      1.000     -0.531      0.215          *      0.460      0.928      1.730     -0.500      0.218     -1.024     -0.493      0.199          *      0.427      1.606     -0.464      0.203     -0.951     -0.464      0.000     -0.500      0.000      1.000      0.000      0.000      0.000 92506794
     3.000      2.000      0.667     -0.746     -0.380      0.374     -1.113      0.730     -0.500     -0.455      1.976     -0.743      0.830      0.423     -0.416     -0.812      0.556      0.507     -2.199     -0.556      0.000      0.500      0.000      0.000      0.000      0.000      0.000 91576394
     3.000      1.000      0.849     -0.746      0.878     -0.811     -0.341     -2.437      0.500     -1.922     -1.024     -0.289      0.254     -0.299      0.276      0.830     -0.170      0.655      0.349      0.170      0.000     -0.500      0.000      1.000      0.000      0.000      0.000 94719279
     3.000      2.000     -0.632     -0.186      0.120     -1.518     -0.409     -0.020     -0.500          *     -0.524      0.258      0.076     -0.049      0.621      0.008      0.204          *      0.214      0.204      0.000     -0.500      0.000      0.000      0.000      0.000      0.000 98576397
     3.000      2.000      0.343     -0.099          *      1.182     -0.278      1.813     -0.500      0.643     -1.024     -0.096      0.027          *     -0.329     -0.505      0.139     -0.179      0.285      0.139      0.000     -0.500      0.000      0.000      0.000      0.000      0.000 96506993
     3.000      2.000     -0.272     -0.746     -0.913     -2.340     -2.053      1.063      0.500          *     -0.524      0.558      1.531      1.875      4.803     -2.183     -1.026          *      1.077      1.026      0.000     -0.500      0.000      0.000      0.000      0.000      0.000 98506697
     3.000      2.000      0.856     -0.746      0.883      0.587     -0.888     -1.353     -0.500      0.902      0.976     -0.760      0.662     -0.785     -0.521      1.202      0.444     -0.801     -0.867      0.444      0.000     -0.500      0.000      0.000      0.000      0.000      0.000 96576645
     3.000      0.000     -0.191     -0.099      0.630      0.966      0.414      0.230     -0.500     -0.130     -0.024     -0.079     -0.041      0.261      0.399      0.095     -0.207     -0.054     -0.010     -0.207      0.000     -0.500      1.000      0.000      0.000      0.000      0.000 97576493
     3.000      0.000      0.712      3.147     -0.698      0.966      3.687      1.230     -0.500      0.218      0.476      2.626     11.602     -2.573      3.560      4.535     -1.843      0.805      1.754     -1.843      0.000     -0.500      1.000      0.000      0.000      0.000      0.000 93506995
     3.000      0.000      0.392     -0.746     -0.116      1.218     -0.557     -0.520     -0.500      0.617      0.476     -0.218      0.415      0.065     -0.678      0.289      0.278     -0.344     -0.265      0.278      0.000     -0.500      1.000      0.000      0.000      0.000      0.000 91575296
     3.000      0.000     -0.119      2.403      0.388      1.182      0.101      1.813     -0.500          *     -1.024     -0.012      0.243      0.039      0.119      0.183     -0.051          *     -0.104     -0.051      0.000     -0.500      1.000      0.000      0.000      0.000      0.000 91546992
     3.000      0.000     -0.677      1.128      0.096      1.218      1.854      1.647     -0.500          *      0.976     -1.255      2.091      0.177      2.258      3.052     -0.927          *      1.809     -0.927      0.000     -0.500      1.000      0.000      0.000      0.000      0.000 94506399
     3.000      1.000      1.191     -0.746      0.888      1.218     -0.403     -2.937      0.500     -0.669     -2.024     -0.480      0.300     -0.358     -0.491      1.183     -0.201      0.269      0.815      0.201      0.000     -0.500      0.000      1.000      0.000      0.000      0.000 57127241
     3.000      0.000      0.666      1.145      0.626      0.497     -0.093     -1.520      0.500     -0.418     -0.024     -0.062     -0.106     -0.058     -0.046      0.141     -0.046      0.039      0.002      0.046      0.000     -0.500      1.000      0.000      0.000      0.000      0.000 57136630
     3.000      0.000      0.941      1.104      1.157      0.073     -1.394     -0.187      0.500     -0.622     -2.024     -1.311     -1.539     -1.612     -0.102      0.260     -0.697      0.868      2.822     -0.697      0.000      0.500      1.000      0.000      0.000      0.000      0.000 57145070
     3.000      2.000      0.343     -0.746      0.919      0.073      0.023     -1.687      0.500      0.549      0.976      0.008     -0.017      0.021      0.002     -0.039      0.011      0.013      0.022     -0.011      0.000     -0.500      0.000      0.000      0.000      0.000      0.000 57145151
     1.000      0.000      0.104     -0.109      0.116      0.750      0.446     -3.687     -0.500      0.257     -0.024      0.047     -0.048      0.052      0.334     -1.644     -0.223      0.114     -0.011     -0.223      0.000     -0.500      1.000      0.000      0.000      1.000      0.000 57145647
     3.000      1.000      1.191     -0.186     -1.716      0.371     -0.889     -3.270     -0.500     -0.103          *     -1.059      0.166      1.526     -0.330      2.907      0.444      0.091          *      0.444      0.000     -0.500      0.000      1.000      0.000      0.000      0.000 57159779
     2.000      0.000     -1.023      1.334     -0.408      1.218      0.434     -2.270      0.500      0.681     -2.024     -0.443      0.578     -0.177      0.528     -0.984      0.217      0.295     -0.878     -0.217      0.000     -0.500      1.000      0.000      0.000      0.000      1.000 57213512
     3.000      0.000      1.226     -0.453      0.883      1.182     -0.827     -0.603     -0.500          *     -1.024     -1.014      0.374     -0.731     -0.977      0.499      0.414          *      0.847     -0.414      0.000      0.500      1.000      0.000      0.000      0.000      0.000 90503035
     3.000      2.000      0.752      0.400      0.646     -0.058     -0.428     -0.770     -0.500     -1.768      1.976     -0.322     -0.171     -0.276      0.025      0.329      0.214      0.756     -0.845      0.214      0.000     -0.500      0.000      0.000      0.000      0.000      0.000 90503807
     3.000      2.000      1.191     -0.746      0.646      0.649     -0.584      1.480     -0.500          *      0.476     -0.696      0.435     -0.377     -0.379     -0.864      0.292          *     -0.278      0.292      0.000     -0.500      0.000      0.000      0.000      0.000      0.000 90504202
     1.000      2.000      0.976      0.215      1.696     -0.630     -0.191     -1.020     -0.500      1.162      0.476     -0.186     -0.041     -0.324      0.120      0.195      0.095     -0.222     -0.091      0.095      0.000     -0.500      0.000      0.000      0.000      1.000      0.000 90506041
     3.000      2.000     -2.670     -0.129      0.106     -0.926     -0.205      1.730     -0.500          *     -1.024      0.546      0.026     -0.022      0.189     -0.354      0.102          *      0.210      0.102      0.000     -0.500      0.000      0.000      0.000      0.000      0.000 90506048
     3.000      2.000     -1.642     -0.129     -1.410      1.434      0.425      0.563      0.500     -1.149     -0.024     -0.697     -0.055     -0.599      0.609      0.239      0.212     -0.488     -0.010      0.212      0.000      0.500      0.000      0.000      0.000      0.000      0.000 90506248
     3.000      2.000     -0.828     -0.422     -0.404     -1.619     -0.022      1.897     -0.500      0.218     -1.024      0.018      0.009      0.009      0.035     -0.041      0.011     -0.005      0.022     -0.011      0.000      0.500      0.000      0.000      0.000      0.000      0.000 90506295
     3.000      1.000     -0.215     -0.746      0.111     -1.279      0.381      0.980      0.500     -0.103     -1.024     -0.082     -0.284      0.042     -0.487      0.373      0.190     -0.039     -0.390      0.190      0.000      0.500      0.000      1.000      0.000      0.000      0.000 90506492
     3.000      0.000      1.069      1.020     -0.178     -0.235      1.945     -0.687     -0.500     -0.076          *      2.079      1.984     -0.345     -0.457     -1.336     -0.972     -0.148          *     -0.972      0.000     -0.500      1.000      0.000      0.000      0.000      0.000 90506690
     3.000      2.000     -0.191     -0.746     -0.151      1.218     -0.259      0.397     -0.500          *     -0.024      0.050      0.193      0.039     -0.316     -0.103      0.130          *      0.006      0.130      0.000     -0.500      0.000      0.000      0.000      0.000      0.000 90506693
     3.000      1.000      0.725     -0.746     -0.672     -1.709      0.104      2.063     -0.500          *      0.976      0.076     -0.078     -0.070     -0.178      0.215     -0.052          *      0.102      0.052      0.000      0.500      0.000      1.000      0.000      0.000      0.000 90506694
     3.000      0.000      0.597      0.774      1.429      0.118      1.337     -3.103      0.500     -0.418     -0.024      0.798      1.035      1.911      0.158     -4.149      0.668     -0.558     -0.033     -0.668      0.000     -0.500      1.000      0.000      0.000      0.000      0.000 90506849
     3.000      0.000     -0.635      1.196     -0.420     -0.667     -1.016     -0.270      0.500     -0.455      1.976      0.645     -1.216      0.427      0.678      0.274     -0.508      0.463     -2.007      0.508      0.000     -0.500      1.000      0.000      0.000      0.000      0.000 90506895
     3.000      2.000     -1.599     -0.746     -0.166     -0.072     -0.716     -1.687      0.500      0.294     -2.024      1.145      0.534      0.119      0.052      1.207     -0.358     -0.210      1.449      0.358      0.000     -0.500      0.000      0.000      0.000      0.000      0.000 90506969
     3.000      0.000      0.536      1.469      0.388      0.750      1.205      1.480     -0.500          *      0.976      0.645      1.769      0.467      0.903      1.783     -0.602          *      1.175     -0.602      0.000     -0.500      1.000      0.000      0.000      0.000      0.000 90546994
     3.000      1.000     -0.203     -0.746      0.145     -2.127     -0.463      2.147      0.500          *      1.976      0.094      0.345     -0.067      0.985     -0.994     -0.232          *     -0.915     -0.232      0.000      0.500      0.000      1.000      0.000      0.000      0.000 90546996
     3.000      1.000     -1.780     -0.746     -0.182      1.434      0.900     -1.770     -0.500     -0.248     -1.524     -1.602     -0.671     -0.164      1.291     -1.593     -0.450     -0.223     -1.372     -0.450      0.000     -0.500      0.000      1.000      0.000      0.000      0.000 90548964
     3.000      1.000     -0.148     -0.453      0.106     -0.134      1.040     -2.020      0.500      0.000     -0.524     -0.154     -0.471      0.110     -0.140     -2.102      0.520      0.000     -0.546     -0.520      0.000     -0.500      0.000      1.000      0.000      0.000      0.000 90575996
     3.000      1.000      0.961      0.070      0.892      1.218      0.960      0.647     -0.500          *     -1.024      0.923      0.067      0.856      1.169      0.621     -0.480          *     -0.983     -0.480      1.000     -0.500      0.000      1.000      0.000      0.000      0.000 90576097
     3.000      2.000     -0.021     -0.129     -0.923     -1.027     -0.432      0.980      0.500      0.476     -0.524      0.009      0.056      0.399      0.444     -0.424     -0.216     -0.206      0.227      0.216      0.000     -0.500      0.000      0.000      0.000      0.000      0.000 90576245
     3.000      0.000      0.489     -0.453     -0.449      0.426     -1.072      0.147      0.500          *     -0.024     -0.525      0.485      0.481     -0.457     -0.157     -0.536          *      0.026      0.536      0.000     -0.500      1.000      0.000      0.000      0.000      0.000 90576290
     3.000      2.000     -0.063     -0.746     -0.414     -1.027     -0.671     -0.603      0.500     -0.248      0.476      0.043      0.501      0.278      0.689      0.405     -0.336      0.166     -0.319      0.336      0.000     -0.500      0.000      0.000      0.000      0.000      0.000 90576294
     1.000      0.000      0.112      3.470     -0.405      0.713      0.018     -0.603     -0.500      0.178      0.976      0.002      0.062     -0.007      0.013     -0.011     -0.009      0.003      0.017     -0.009      0.000     -0.500      1.000      0.000      0.000      1.000      0.000 90576390
     3.000      1.000      0.191     -0.746      1.142     -1.548      0.888      0.313      0.500     -0.669      0.476      0.170     -0.662      1.014     -1.374      0.278      0.444     -0.594      0.422     -0.444      0.000     -0.500      0.000      1.000      0.000      0.000      0.000 90576394
     3.000      2.000     -0.004     -0.746     -0.152     -0.414      0.850     -0.103      0.500          *      0.976     -0.003     -0.634     -0.130     -0.352     -0.088      0.425          *      0.829     -0.425      0.000     -0.500      0.000      0.000      0.000      0.000      0.000 90576423
     3.000      2.000      0.447     -0.422     -0.182      1.218     -0.442      0.480     -0.500          *     -2.024     -0.197      0.186      0.080     -0.538     -0.212      0.221          *      0.894      0.221      0.000     -0.500      0.000      0.000      0.000      0.000      0.000 90576490
     3.000      1.000      0.398      0.457      0.889      0.865     -1.362      0.730     -0.500     -1.516     -0.024     -0.542     -0.622     -1.210     -1.178     -0.994      0.681      2.064      0.033      0.681      0.000     -0.500      0.000      1.000      0.000      0.000      0.000 90576493
     3.000      2.000      0.653     -0.453      0.379      1.434     -0.714     -1.687     -0.500      0.397      0.976     -0.466      0.323     -0.270     -1.024      1.204      0.357     -0.284     -0.697      0.357      0.000     -0.500      0.000      0.000      0.000      0.000      0.000 90576844
     2.000      0.000     -2.828      2.696     -1.988     -0.819      0.940     -0.937      0.500     -0.578     -1.024     -2.657      2.533     -1.868     -0.769     -0.880      0.470     -0.543     -0.963      0.470      0.000      0.500      1.000      0.000      0.000      0.000      1.000 90576948
     2.000      0.000     -0.132      3.814     -0.657      0.713     -0.161      1.230     -0.500      0.902      0.976      0.021     -0.615      0.106     -0.115     -0.198      0.081     -0.145     -0.157      0.081      0.000     -0.500      1.000      0.000      0.000      0.000      1.000 90576990
     0.000      0.000     -0.624      2.567     -1.222      1.182     -0.522      1.313     -0.500      0.549     -0.024      0.326     -1.340      0.638     -0.617     -0.686      0.261     -0.287      0.013      0.261      0.000     -0.500      1.000      0.000      1.000      0.000      0.000 90576995
     3.000      0.000      0.482     -0.746     -0.157     -0.180     -0.125     -0.270     -0.500      0.000      0.476     -0.060      0.093      0.020      0.022      0.034      0.062      0.000     -0.059      0.062      0.000     -0.500      1.000      0.000      0.000      0.000      0.000 90576996
     2.000      2.000      0.846     -0.746      1.414      0.649     -0.172     -3.603     -0.500      1.590      1.976     -0.146      0.129     -0.244     -0.112      0.621      0.086     -0.274     -0.340      0.086      0.000     -0.500      0.000      0.000      0.000      0.000      1.000 90577220
     3.000      1.000     -0.393     -0.186     -0.409      0.217     -1.129     -1.687      0.500     -1.516          *      0.444      0.210      0.462     -0.245      1.904     -0.564      1.712          *     -0.564      0.000      0.500      0.000      1.000      0.000      0.000      0.000 90712146
     3.000      0.000     -0.714     -0.746      0.106      1.182      0.036     -3.103      0.500     -0.158      1.976     -0.025     -0.027      0.004      0.042     -0.110      0.018     -0.006      0.070     -0.018      0.000     -0.500      1.000      0.000      0.000      0.000      0.000 90713390
     3.000      0.000     -0.228     -0.160      0.379      1.182      0.108     -2.603      0.500     -0.158      1.976     -0.024     -0.017      0.041      0.127     -0.280      0.054     -0.017      0.213     -0.054      0.000     -0.500      1.000      0.000      0.000      0.000      0.000 90713391
     3.000      1.000      0.080     -0.746      0.379      0.334     -0.386     -1.520     -0.500          *     -1.024     -0.031      0.288     -0.146     -0.129      0.587      0.193          *      0.396      0.193      0.000     -0.500      0.000      1.000      0.000      0.000      0.000 90715993
     3.000      1.000     -0.304     -0.129     -0.697      0.966     -0.842     -2.437      0.500      0.000     -0.024      0.256      0.109      0.587     -0.813      2.053     -0.421      0.000      0.021      0.421      0.000     -0.500      0.000      1.000      0.000      0.000      0.000 90718282
     3.000      2.000      0.071     -0.746      0.379      1.434      0.850     -2.770     -0.500      0.476     -0.024      0.061     -0.634      0.322      1.219     -2.355     -0.425      0.405     -0.021     -0.425      0.000     -0.500      0.000      0.000      0.000      0.000      0.000 91500925
     3.000      1.000      1.191     -0.746      1.959      1.218     -1.232      1.563     -0.500          *     -0.524     -1.468      0.919     -2.414     -1.501     -1.926      0.616          *      0.646      0.616      0.000     -0.500      0.000      1.000      0.000      0.000      0.000 91504305
     3.000      1.000     -0.180     -0.746      0.338     -0.519      0.169     -3.353     -0.500          *          *     -0.030     -0.126      0.057     -0.088     -0.567     -0.085          *          *     -0.085      0.000     -0.500      0.000      1.000      0.000      0.000      0.000 91504904
     3.000      2.000     -3.423     -0.129      0.121     -0.532     -0.045      1.563     -0.500          *     -1.024      0.154      0.006     -0.005      0.024     -0.070      0.022          *      0.046     -0.022      0.000      0.500      0.000      0.000      0.000      0.000      0.000 91506179
     3.000      0.000      0.221      0.508     -0.398      1.218      1.005     -0.770     -0.500     -0.130     -0.524      0.222      0.511     -0.401      1.225     -0.774     -0.503     -0.131     -0.527     -0.503      0.000     -0.500      1.000      0.000      0.000      0.000      0.000 91506242
     3.000      0.000     -1.164     -0.746     -1.455     -1.511      0.640      2.230     -0.500          *      0.976     -0.745     -0.477     -0.931     -0.967      1.427     -0.320          *      0.624      0.320      0.000      0.500      1.000      0.000      0.000      0.000      0.000 91506693
     3.000      2.000     -0.484     -0.746      1.414     -0.295     -1.733      1.063     -0.500          *     -1.024      0.838      1.292     -2.450      0.511     -1.842      0.866          *      1.775      0.866      0.000     -0.500      0.000      0.000      0.000      0.000      0.000 91506794
     3.000      2.000      0.533     -0.160      0.898      1.434     -0.279     -1.853     -0.500      0.115     -0.524     -0.149      0.044     -0.250     -0.400      0.517      0.139     -0.032      0.146      0.139      0.000     -0.500      0.000      0.000      0.000      0.000      0.000 91571560
     2.000      2.000      0.087     -0.746     -0.409     -0.180     -1.979     -1.770      0.500          *      1.976     -0.172      1.476      0.809      0.355      3.504     -0.990          *     -3.911      0.990      0.000     -0.500      0.000      0.000      0.000      0.000      1.000 91574104
     3.000      0.000      0.648     -0.186      0.106      0.390      1.950     -3.187     -0.500      0.549      1.976      1.264     -0.364      0.207      0.760     -6.215     -0.975      1.071      3.853     -0.975      0.000     -0.500      1.000      0.000      0.000      0.000      0.000 91575102
     0.000      0.000     -0.007      0.529     -0.141     -0.634      1.995      0.730     -0.500     -0.455          *     -0.015      1.055     -0.282     -1.265      1.456     -0.998     -0.908          *     -0.998      0.000     -0.500      1.000      0.000      1.000      0.000      0.000 91575291
     3.000      0.000     -0.512      0.801      0.616     -1.279     -1.242      1.897      0.500      0.549     -0.524      0.636     -0.995     -0.766      1.590     -2.356     -0.621     -0.682      0.652      0.621      0.000     -0.500      1.000      0.000      0.000      0.000      0.000 91575292
     3.000      2.000      0.604      0.508     -0.132      0.390     -1.095      1.813      0.500      0.218      0.976     -0.662     -0.556      0.144     -0.426     -1.985     -0.547     -0.239     -1.068      0.547      0.000     -0.500      0.000      0.000      0.000      0.000      0.000 91575297
     2.000      0.000      0.607      1.657     -0.929      1.002      0.386     -1.853     -0.500      0.000     -1.024      0.234      0.639     -0.359      0.387     -0.715     -0.193      0.000     -0.395     -0.193      0.000     -0.500      1.000      0.000      0.000      0.000      1.000 91576046
     3.000      1.000     -0.062     -0.746     -0.900     -2.772     -1.774      1.897      0.500     -0.381      1.476      0.110      1.323      1.597      4.916     -3.364     -0.887      0.676     -2.617      0.887      0.000     -0.500      0.000      1.000      0.000      0.000      0.000 91576092
     3.000      2.000      0.145      1.125      0.349      0.180     -0.396      0.313     -0.500      0.902     -1.024     -0.057     -0.445     -0.138     -0.071     -0.124      0.198     -0.357      0.405      0.198      0.000     -0.500      0.000      0.000      0.000      0.000      0.000 91576138
     2.000      2.000      0.794      1.442     -0.146     -0.235      0.616     -0.437     -0.500     -0.622     -0.524      0.489      0.889     -0.090     -0.145     -0.269     -0.308     -0.384     -0.323     -0.308      0.000     -0.500      0.000      0.000      0.000      0.000      1.000 91576243
     3.000      0.000      0.103      2.696      1.217      1.218     -0.759      1.647     -0.500          *     -4.024     -0.078     -2.046     -0.924     -0.924     -1.250      0.379          *      3.054      0.379      0.000     -0.500      1.000      0.000      0.000      0.000      0.000 91576361
     3.000      2.000      0.510     -0.746     -0.176     -0.325      2.008      1.063      0.500          *     -1.024      1.025     -1.498     -0.354     -0.652      2.135      1.004          *     -2.057     -1.004      0.000     -0.500      0.000      0.000      0.000      0.000      0.000 91576390
     3.000      2.000      0.831     -0.099      0.141      0.786     -0.974      1.313      0.500      0.397      0.976     -0.810      0.096     -0.137     -0.766     -1.280     -0.487     -0.387     -0.951      0.487      0.000     -0.500      0.000      0.000      0.000      0.000      0.000 91576494
     3.000      0.000      0.787      0.883      1.959      0.234     -1.879      0.063      0.500      0.158      0.976     -1.478     -1.658     -3.680     -0.439     -0.119     -0.939     -0.296     -1.833      0.939      0.000     -0.500      1.000      0.000      0.000      0.000      0.000 91576499
     2.000      0.000     -0.039      3.177     -1.988     -1.456     -1.170     -0.270     -0.500          *      0.976      0.046     -3.718      2.326      1.704      0.316      0.585          *     -1.142      0.585      0.000     -0.500      1.000      0.000      0.000      0.000      1.000 91576579
     3.000      2.000      1.191     -0.099      0.379      0.174      0.383      1.980     -0.500      0.312     -0.024      0.456     -0.038      0.145      0.066      0.758     -0.191      0.119     -0.009     -0.191      0.000     -0.500      0.000      0.000      0.000      0.000      0.000 91576699
     3.000      0.000      0.085      1.391     -0.965     -1.072      1.346      0.397     -0.500     -1.229     -1.024      0.114      1.872     -1.299     -1.442      0.534     -0.673     -1.653     -1.378      0.673      1.000      0.500      1.000      0.000      0.000      0.000      0.000 91576744
     3.000      0.000     -0.043      0.828     -0.398      0.858     -0.286     -0.437      0.500          *      1.476      0.012     -0.237      0.114     -0.246      0.125     -0.143          *     -0.423      0.143      0.000     -0.500      1.000      0.000      0.000      0.000      0.000 91576831
     3.000      1.000      0.125     -0.746     -0.414     -0.864      0.161      1.397      0.500     -0.669      1.976      0.020     -0.120     -0.067     -0.139      0.225      0.081     -0.108      0.319     -0.081      0.000     -0.500      0.000      1.000      0.000      0.000      0.000 91576895
     3.000      0.000      0.912      0.502      0.651     -1.635     -0.031      0.230     -0.500          *      0.976     -0.028     -0.016     -0.020      0.051     -0.007      0.016          *     -0.030     -0.016      0.000      0.500      1.000      0.000      0.000      0.000      0.000 91576896
     1.000      0.000     -0.779     -0.422     -0.697     -1.279     -0.771     -3.187     -0.500      0.681      1.976      0.601      0.326      0.538      0.987      2.458      0.386     -0.525     -1.524     -0.386      0.000      0.500      1.000      0.000      0.000      1.000      0.000 91715090
     2.000      2.000      0.525     -0.186      0.883      0.073     -0.826     -2.603     -0.500      0.549      0.976     -0.434      0.154     -0.730     -0.060      2.151      0.413     -0.454     -0.806      0.413      0.000     -0.500      0.000      0.000      0.000      0.000      1.000 91716136
     1.000      2.000     -1.268      2.028      1.429      0.180      0.168      0.063     -0.500      0.000     -2.024     -0.213      0.340      0.240      0.030      0.011     -0.084      0.000     -0.340     -0.084      0.000     -0.500      0.000      0.000      0.000      1.000      0.000 92501356
     3.000      0.000     -0.261      0.194     -1.217      0.750      1.070      0.730      0.500          *      0.476     -0.279      0.208     -1.302      0.802      0.781      0.535          *      0.509     -0.535      0.000     -0.500      1.000      0.000      0.000      0.000      0.000 92506090
     1.000      0.000      0.329     -0.746      0.914     -0.171     -0.415      0.313     -0.500          *          *     -0.137      0.310     -0.380      0.071     -0.130      0.208          *          *      0.208      0.000     -0.500      1.000      0.000      0.000      1.000      0.000 92506297
     3.000      2.000      0.567      0.784     -1.470     -1.532     -0.425      1.397     -0.500          *      0.976     -0.241     -0.333      0.624      0.651     -0.593      0.212          *     -0.414      0.212      0.000     -0.500      0.000      0.000      0.000      0.000      0.000 92506690
     3.000      1.000     -1.349     -0.422     -0.682     -1.139     -1.590      1.063     -0.500     -0.622     -1.524      2.145      0.671      1.085      1.811     -1.690      0.795      0.990      2.423      0.795      0.000     -0.500      0.000      1.000      0.000      0.000      0.000 92506694
     3.000      2.000      0.929     -0.746     -0.147     -0.072     -0.034      1.897      0.500          *      0.976     -0.032      0.025      0.005      0.002     -0.064     -0.017          *     -0.033     -0.017      0.000      0.500      0.000      0.000      0.000      0.000      0.000 92506796
     3.000      2.000     -0.304     -0.746     -0.662     -1.279      0.411      0.730     -0.500     -0.050     -1.024     -0.125     -0.306     -0.272     -0.525      0.300     -0.205     -0.020     -0.421     -0.205      0.000     -0.500      0.000      0.000      0.000      0.000      0.000 92506897
     3.000      1.000      0.070     -0.453      0.106      0.036     -1.596      1.313      0.500      0.218     -0.024     -0.111      0.723     -0.169     -0.058     -2.096     -0.798     -0.349      0.039      0.798      0.000     -0.500      0.000      1.000      0.000      0.000      0.000 92506942
     3.000      1.000      0.231     -0.746      0.081      1.002     -1.564      2.063     -0.500          *     -2.024     -0.361      1.166     -0.127     -1.567     -3.227      0.782          *      3.166      0.782      0.000     -0.500      0.000      1.000      0.000      0.000      0.000 92506992
     3.000      0.000      0.265      0.430          *      0.018     -0.800      1.313      0.500          *     -1.024     -0.212     -0.344          *     -0.014     -1.051     -0.400          *      0.820      0.400      0.000     -0.500      1.000      0.000      0.000      0.000      0.000 92506997
     3.000      0.000      0.332     -0.746      0.102      1.434     -1.136     -1.187     -0.500     -0.880     -2.024     -0.377      0.847     -0.116     -1.629      1.348      0.568      1.000      2.299      0.568      0.000     -0.500      1.000      0.000      0.000      0.000      0.000 92508565
     3.000      0.000      0.250     -0.186      1.696      0.649     -0.531      1.397     -0.500     -0.279     -2.524     -0.133      0.099     -0.901     -0.345     -0.742      0.266      0.148      1.341      0.266      0.000     -0.500      1.000      0.000      0.000      0.000      0.000 92540251
     3.000      2.000     -1.194     -0.746     -1.424      0.750      1.195     -0.353     -0.500      0.115     -1.524     -1.427     -0.891     -1.702      0.896     -0.422     -0.598      0.138     -1.822     -0.598      0.000     -0.500      0.000      0.000      0.000      0.000      0.000 92544908
     3.000      0.000      0.262     -0.746      0.642      0.713      1.779     -3.020      0.500      0.397     -1.024      0.466     -1.327      1.142      1.269     -5.374      0.890      0.707     -1.823     -0.890      0.000     -0.500      1.000      0.000      0.000      0.000      0.000 92573518
     3.000      2.000      1.191     -0.746      0.636      0.396     -0.822     -1.270      0.500      0.000     -0.524     -0.979      0.613     -0.523     -0.326      1.044     -0.411      0.000      0.431      0.411      0.000     -0.500      0.000      0.000      0.000      0.000      0.000 92575392
     3.000      2.000          *     -0.746          *     -0.228      0.611      0.980     -0.500          *          *          *     -0.456          *     -0.140      0.599     -0.306          *          *     -0.306      0.000     -0.500      0.000      0.000      0.000      0.000      0.000 92576099
     3.000      2.000     -1.230     -0.453      0.353     -1.456      0.276     -0.520     -0.500      0.178      0.976     -0.340     -0.125      0.098     -0.402     -0.144     -0.138      0.049      0.269     -0.138      0.000     -0.500      0.000      0.000      0.000      0.000      0.000 92576139
     3.000      2.000     -0.742     -0.160      0.115     -0.451     -0.542      0.313      0.500     -0.718      0.976      0.403      0.087     -0.063      0.244     -0.170     -0.271      0.389     -0.529      0.271      0.000     -0.500      0.000      0.000      0.000      0.000      0.000 92576195
     3.000      2.000      1.226      1.088      0.353      0.642     -0.422      1.480     -0.500      0.797     -1.024     -0.518     -0.460     -0.149     -0.271     -0.625      0.211     -0.337      0.433     -0.211      0.000      0.500      0.000      0.000      0.000      0.000      0.000 92576291
     1.000      1.000      0.075     -0.186     -1.212      0.966      0.593     -1.603     -0.500      1.994      0.976      0.044     -0.111     -0.719      0.573     -0.952     -0.297      1.183      0.579     -0.297      0.000     -0.500      0.000      1.000      0.000      1.000      0.000 92576443
     2.000      2.000      0.184      1.950      0.378      0.137     -1.258      1.897     -0.500      0.617      0.976     -0.231     -2.453     -0.476     -0.172     -2.385      0.629     -0.776     -1.227      0.629      0.000     -0.500      0.000      0.000      0.000      0.000      1.000 92576490
     1.000      2.000      0.562      1.489      0.379     -0.180      1.039      0.647     -0.500          *     -1.024      0.584      1.548      0.393     -0.187      0.672     -0.520          *     -1.065     -0.520      0.000     -0.500      0.000      0.000      0.000      1.000      0.000 92576780
     0.000      0.000      0.831      2.669     -3.050      1.182      1.166     -0.853     -0.500      0.617      0.976      0.968      3.111     -3.555      1.377     -0.995     -0.583      0.720      1.137     -0.583      0.000     -0.500      1.000      0.000      1.000      0.000      0.000 92576792
     3.000      0.000     -1.254     -0.453     -0.390      0.750      1.133     -0.187     -0.500      0.476      1.976     -1.421     -0.513     -0.442      0.849     -0.212     -0.567      0.540      2.239     -0.567      0.000     -0.500      1.000      0.000      0.000      0.000      0.000 92576798
     3.000      1.000     -0.052     -0.746     -0.398     -1.027      0.723     -0.020     -0.500      0.397      0.976     -0.038     -0.539     -0.288     -0.743     -0.015     -0.362      0.287      0.706     -0.362      0.000     -0.500      0.000      1.000      0.000      0.000      0.000 92576893
     3.000      1.000     -0.062     -0.129     -0.439      0.649     -3.183      1.313      0.500      0.397      0.976      0.196      0.411      1.396     -2.066     -4.180     -1.592     -1.265     -3.105      1.592      0.000     -0.500      0.000      1.000      0.000      0.000      0.000 92576937
     1.000      0.000      0.185     -0.453     -0.656     -0.919     -0.079      0.647     -0.500          *     -2.024     -0.015      0.036      0.052      0.072     -0.051      0.039          *      0.160      0.039      0.000     -0.500      1.000      0.000      0.000      1.000      0.000 92608972
     3.000      1.000      0.987     -0.746     -1.989      0.052     -1.180      1.063      0.500     -0.279     -0.524     -1.164      0.880      2.347     -0.061     -1.254     -0.590      0.330      0.619      0.590      0.000     -0.500      0.000      1.000      0.000      0.000      0.000 92608976
     3.000      0.000      0.971      1.166     -2.246     -0.396      0.929      2.230      0.500      0.681     -0.024      0.902      1.084     -2.088     -0.368      2.073      0.465      0.633     -0.023     -0.465      0.000     -0.500      1.000      0.000      0.000      0.000      0.000 92624971
     1.000      0.000     -1.019     -0.402     -0.142      0.713     -1.104     -0.520      0.500      0.604      0.976      1.125      0.443      0.157     -0.787      0.574     -0.552     -0.667     -1.077     -0.552      0.000      0.500      1.000      0.000      0.000      1.000      0.000 92676151
     3.000      1.000      0.221     -0.746      0.651      0.396     -1.255      0.397     -0.500          *     -3.024     -0.278      0.936     -0.817     -0.497     -0.498      0.627          *      3.795      0.627      0.000     -0.500      0.000      1.000      0.000      0.000      0.000 93500217
     3.000      2.000      1.226     -0.746      1.959      0.018     -1.439      0.980      0.500     -1.149     -3.024     -1.764      1.073     -2.818     -0.026     -1.410     -0.719      1.652      4.351     -0.719      1.000      0.500      0.000      0.000      0.000      0.000      0.000 93500450
     3.000      2.000      0.221     -0.746      0.379      0.396     -1.127      0.313     -0.500          *     -1.524     -0.249      0.840     -0.427     -0.447     -0.353      0.564          *      1.718      0.564      0.000     -0.500      0.000      0.000      0.000      0.000      0.000 93504200
     3.000      2.000      0.343     -0.422      1.171      1.218      0.050     -0.103      0.500          *     -1.024      0.017     -0.021      0.059      0.061     -0.005      0.025          *     -0.051     -0.025      0.000     -0.500      0.000      0.000      0.000      0.000      0.000 93504204
     3.000      2.000      1.069     -0.422      1.444      0.642     -0.880     -3.770      0.500      0.000     -0.524     -0.941      0.372     -1.271     -0.565      3.318     -0.440      0.000      0.461      0.440      0.000     -0.500      0.000      0.000      0.000      0.000      0.000 93506044
     3.000      0.000      1.083     -0.453      1.696      0.750      0.811      0.397     -0.500      0.000     -1.024      0.878     -0.367      1.375      0.608      0.322     -0.405      0.000     -0.831     -0.405      0.000     -0.500      1.000      0.000      0.000      0.000      0.000 93506090
     3.000      1.000      1.191     -0.746      0.388     -0.072     -0.531      1.897      0.500          *      1.976     -0.632      0.396     -0.206      0.038     -1.007     -0.265          *     -1.048      0.265      0.000     -0.500      0.000      1.000      0.000      0.000      0.000 93506091
     3.000      2.000      0.301     -0.422     -1.446     -2.340     -0.591      1.063     -0.500      0.461      0.976     -0.178      0.250      0.855      1.383     -0.629      0.296     -0.273     -0.577     -0.296      0.000      0.500      0.000      0.000      0.000      0.000      0.000 93506095
     3.000      1.000      1.191     -0.746     -3.091     -1.690     -0.281      2.230     -0.500      0.071      1.476     -0.335      0.210      0.870      0.476     -0.628      0.141     -0.020     -0.415      0.141      0.000     -0.500      0.000      1.000      0.000      0.000      0.000 93506195
     3.000      2.000      0.963      0.215      1.171      0.587      0.882      1.397      0.500      0.312     -0.024      0.850      0.190      1.034      0.518      1.232      0.441      0.275     -0.022      0.441      0.000      0.500      0.000      0.000      0.000      0.000      0.000 93506340
     3.000      1.000      0.738     -0.746      0.651     -1.258      0.306      2.063      0.500      0.535     -0.024      0.226     -0.228      0.199     -0.385      0.631      0.153      0.164     -0.007     -0.153      0.000     -0.500      0.000      1.000      0.000      0.000      0.000 93506490
     3.000      1.000     -2.169     -0.453     -1.228     -2.303     -1.185      2.480      0.500          *     -1.024      2.571      0.537      1.455      2.730     -2.939     -0.593          *      1.214      0.593      0.000     -0.500      0.000      1.000      0.000      0.000      0.000 93506593
     3.000      1.000     -0.440     -0.099     -0.157     -0.648     -0.843      0.230      0.500     -0.130      1.976      0.371      0.083      0.132      0.546     -0.194     -0.421      0.110     -1.665     -0.421      0.000      0.500      0.000      1.000      0.000      0.000      0.000 93506594
     3.000      2.000      1.191     -0.746      0.101      0.073      1.613     -0.353     -0.500     -0.158     -1.024      1.921     -1.203      0.163      0.118     -0.570     -0.806     -0.255     -1.652     -0.806      0.000     -0.500      0.000      0.000      0.000      0.000      0.000 93506597
     3.000      0.000     -1.133      2.911     -0.142      0.360      1.294     -0.103      0.500          *      0.976     -1.466      3.766     -0.184      0.466     -0.134      0.647          *      1.262     -0.647      0.000     -0.500      1.000      0.000      0.000      0.000      0.000 93506791
     3.000      2.000      0.401     -0.453     -1.198     -1.348     -0.707      1.647      0.500     -1.516     -2.024     -0.284      0.320      0.847      0.954     -1.165     -0.354      1.072      1.432     -0.354      0.000      0.500      0.000      0.000      0.000      0.000      0.000 93570455
     3.000      1.000     -1.364     -0.746     -0.651      0.570     -0.525      0.813      0.500      0.312     -0.024      0.715      0.391      0.342     -0.299     -0.427     -0.262     -0.164      0.013      0.262      0.000     -0.500      0.000      1.000      0.000      0.000      0.000 93570885
     3.000      1.000      1.156     -0.746      0.379     -0.180      0.043      2.397      0.500          *     -3.024      0.049     -0.032      0.016     -0.008      0.102      0.021          *     -0.129      0.021      0.000      0.500      0.000      1.000      0.000      0.000      0.000 93572842
     3.000      2.000     -3.705     -0.186     -0.722     -0.926      0.192     -3.103      0.500          *     -1.024     -0.711     -0.036     -0.139     -0.178     -0.596      0.096          *     -0.197      0.096      0.000      0.500      0.000      0.000      0.000      0.000      0.000 93575009
     3.000      2.000      0.919      1.469      0.400     -2.203      0.247      1.147      0.500     -0.535     -0.024      0.227      0.363      0.099     -0.545      0.284      0.124     -0.132     -0.006     -0.124      0.000     -0.500      0.000      0.000      0.000      0.000      0.000 93575393
     2.000      2.000      0.807     -0.253      1.712     -0.451     -1.231     -1.020     -0.500      0.218      0.476     -0.994      0.311     -2.107      0.555      1.256      0.615     -0.269     -0.585      0.615      0.000     -0.500      0.000      0.000      0.000      0.000      1.000 93575395
     3.000      2.000     -0.872          *     -2.506     -1.456      0.896      0.230     -0.500          *      1.976     -0.782          *     -2.245     -1.305      0.206     -0.448          *      1.771     -0.448      0.000     -0.500      0.000      0.000      0.000      0.000      0.000 93576091
     3.000      0.000      0.728     -0.453     -0.142      0.750      0.260     -0.270      0.500      0.178      1.476      0.189     -0.118     -0.037      0.195     -0.070      0.130      0.046      0.384     -0.130      0.000     -0.500      1.000      0.000      0.000      0.000      0.000 93576092
     0.000      2.000      0.062     -0.186      0.687      1.218     -0.142     -3.353     -0.500     -1.149     -2.024     -0.009      0.026     -0.097     -0.173      0.476      0.071      0.163      0.287     -0.071      1.000      0.500      0.000      0.000      1.000      0.000      0.000 93576544
     3.000      1.000     -0.621     -0.746      0.106      1.218      1.042      1.230      0.500          *     -0.024     -0.647     -0.777      0.111      1.269      1.281      0.521          *     -0.025      0.521      0.000      0.500      0.000      1.000      0.000      0.000      0.000 93576846
     1.000      0.000      0.301      1.792     -0.162      0.396      1.590      1.397     -0.500     -0.158      0.976      0.478      2.850     -0.257      0.630      2.221     -0.795     -0.251      1.551      0.795      0.000      0.500      1.000      0.000      0.000      1.000      0.000 93576893
     3.000      1.000      0.789     -0.746      0.615      0.750     -0.639      0.730     -0.500     -0.130     -0.524     -0.505      0.477     -0.393     -0.479     -0.467      0.320      0.083      0.335      0.320      0.000     -0.500      0.000      1.000      0.000      0.000      0.000 93576896
     3.000      1.000      0.658     -0.746     -0.672      1.218     -0.983      1.813     -0.500          *     -1.024     -0.647      0.733      0.661     -1.198     -1.783      0.492          *      1.007      0.492      0.000     -0.500      0.000      1.000      0.000      0.000      0.000 93576897
     3.000      0.000     -2.644      1.843     -0.646      0.750     -2.164      0.813      0.500          *     -1.024      5.723     -3.989      1.399     -1.622     -1.760     -1.082          *      2.217      1.082      0.000     -0.500      1.000      0.000      0.000      0.000      0.000 93576898
     2.000      0.000      0.057      2.028     -1.237      0.649      0.834     -0.187     -0.500          *      0.976      0.047      1.691     -1.032      0.541     -0.156     -0.417          *      0.814      0.417      0.000      0.500      1.000      0.000      0.000      0.000      1.000 93576899
     3.000      2.000      1.191     -0.746      1.959     -0.710      0.386     -3.187      0.500      0.617     -0.024      0.460     -0.288      0.757     -0.275     -1.232      0.193      0.239     -0.009     -0.193      0.000     -0.500      0.000      0.000      0.000      0.000      0.000 93576942
     3.000      2.000      0.228     -0.746     -0.157     -1.279      1.491      3.147     -0.500     -2.615      0.976      0.340     -1.112     -0.234     -1.907      4.691     -0.745     -3.898      1.454     -0.745      0.000     -0.500      0.000      0.000      0.000      0.000      0.000 93606028
     3.000      0.000      0.931     -0.746      0.125      1.218      0.980     -1.187     -0.500      0.312     -3.024      0.913     -0.731      0.122      1.194     -1.163     -0.490      0.306     -2.965      0.490      0.000      0.500      1.000      0.000      0.000      0.000      0.000 93710587
     3.000      0.000      0.987     -0.746      0.106      0.234      0.362     -3.437     -0.500      0.115      0.476      0.357     -0.270      0.038      0.085     -1.244     -0.181      0.042      0.172     -0.181      0.000     -0.500      1.000      0.000      0.000      0.000      0.000 93711876
     2.000      2.000     -1.883      1.663     -0.408      0.966     -0.461     -1.520      0.500     -0.217     -3.024      0.868     -0.766      0.188     -0.445      0.700     -0.230      0.100      1.393      0.230      0.000     -0.500      0.000      0.000      0.000      0.000      1.000 94506049
     3.000      2.000     -4.324      0.754     -2.010     -1.924     -0.188      0.730     -0.500          *     -1.024      0.812     -0.141      0.377      0.361     -0.137      0.094          *      0.192     -0.094      0.000      0.500      0.000      0.000      0.000      0.000      0.000 94506091
     3.000      0.000      1.191     -0.746      0.378      0.966      0.331      0.980     -0.500          *      0.976      0.394     -0.247      0.125      0.319      0.324     -0.165          *      0.323     -0.165      0.000     -0.500      1.000      0.000      0.000      0.000      0.000 94506097
     3.000      2.000      0.674     -0.746      0.656     -0.019      0.134      0.230      0.500      0.549     -1.524      0.091     -0.100      0.088     -0.003      0.031      0.067      0.074     -0.205     -0.067      0.000     -0.500      0.000      0.000      0.000      0.000      0.000 94506192
     3.000      2.000     -0.307      0.723     -0.181      0.587     -0.023     -2.687      0.500     -0.050     -0.024      0.007     -0.017      0.004     -0.013      0.062     -0.011      0.001      0.001      0.011      0.000     -0.500      0.000      0.000      0.000      0.000      0.000 94506241
     3.000      0.000          *     -0.078     -0.425     -0.180      1.027      1.730      0.500     -1.005          *          *     -0.080     -0.436     -0.184      1.776      0.513     -1.032          *     -0.513      0.000     -0.500      1.000      0.000      0.000      0.000      0.000 94506245
     3.000      1.000     -0.440     -0.453     -0.934     -2.087     -0.200      1.730      0.500          *      1.976      0.088      0.091      0.187      0.418     -0.346     -0.100          *     -0.396     -0.100      0.000      0.500      0.000      1.000      0.000      0.000      0.000 94506397
     3.000      2.000     -0.374     -0.453     -0.096     -0.451      0.130      1.313     -0.500      0.902      0.976     -0.049     -0.059     -0.013     -0.059      0.171     -0.065      0.118      0.127     -0.065      0.000     -0.500      0.000      0.000      0.000      0.000      0.000 94506493
     3.000      2.000     -0.237     -0.746      0.373      0.118     -0.623      0.813      0.500     -0.130      0.976      0.148      0.465     -0.233     -0.074     -0.507     -0.312      0.081     -0.608      0.312      0.000     -0.500      0.000      0.000      0.000      0.000      0.000 94506691
     3.000      0.000      0.585      0.723     -0.672      0.210     -0.986      1.563     -0.500      0.115      1.476     -0.577     -0.713      0.663     -0.207     -1.541      0.493     -0.114     -1.455      0.493      0.000     -0.500      1.000      0.000      0.000      0.000      0.000 94506793
     3.000      1.000      1.226     -0.746      0.874     -1.243     -0.334      1.230      0.500      0.535      0.976     -0.410      0.249     -0.292      0.415     -0.411     -0.167     -0.179     -0.326     -0.167      0.000      0.500      0.000      1.000      0.000      0.000      0.000 94506893
     3.000      2.000     -0.028     -0.746      0.379      0.750      0.736      1.897      0.500          *     -2.024     -0.020     -0.549      0.279      0.551      1.395      0.368          *     -1.489     -0.368      0.000     -0.500      0.000      0.000      0.000      0.000      0.000 94506899
     1.000      2.000      0.941      2.136      0.363      0.865     -0.669     -2.270      0.500     -0.669     -1.024     -0.630     -1.430     -0.243     -0.579      1.520     -0.335      0.448      0.686     -0.335      1.000      0.500      0.000      0.000      0.000      1.000      0.000 94506941
     3.000      2.000      0.057     -0.160      0.353      1.434     -0.423      0.563      0.500          *      0.976     -0.024      0.067     -0.149     -0.606     -0.238     -0.211          *     -0.412     -0.211      1.000      0.500      0.000      0.000      0.000      0.000      0.000 94546993
     1.000      2.000      0.562      1.411      0.389      0.118      0.052      1.397     -0.500     -0.495      0.476      0.029      0.073      0.020      0.006      0.073     -0.026     -0.026      0.025     -0.026      0.000     -0.500      0.000      0.000      0.000      1.000      0.000 94574414
     3.000      2.000     -0.530     -0.746     -0.686     -0.847      0.807     -0.520      0.500      0.218      1.476     -0.427     -0.602     -0.554     -0.684     -0.420      0.404      0.176      1.191     -0.404      0.000     -0.500      0.000      0.000      0.000      0.000      0.000 94574901
     3.000      1.000      0.315     -0.746     -0.162     -1.027     -0.251      0.313     -0.500          *     -1.024     -0.079      0.187      0.041      0.258     -0.079      0.126          *      0.257      0.126      0.000     -0.500      0.000      1.000      0.000      0.000      0.000 94574904
     3.000      2.000     -0.043     -0.746     -0.175      0.390     -0.771     -1.853     -0.500      0.218      0.976      0.033      0.575      0.135     -0.300      1.429      0.385     -0.168     -0.752      0.385      0.000     -0.500      0.000      0.000      0.000      0.000      0.000 94575913
     3.000      1.000      0.736     -0.746      0.388     -0.288     -0.105      2.147     -0.500          *     -0.024     -0.077      0.078     -0.041      0.030     -0.225      0.052          *      0.003      0.052      0.000     -0.500      0.000      1.000      0.000      0.000      0.000 94576092
     1.000      2.000      0.104     -0.422     -0.409     -1.279      0.183      1.480     -0.500          *     -0.024      0.019     -0.077     -0.075     -0.234      0.271     -0.091          *     -0.004      0.091      0.000      0.500      0.000      0.000      0.000      1.000      0.000 94576093
     3.000      1.000      0.047     -0.746      1.414     -1.871     -1.407      3.147      0.500          *     -0.524     -0.066      1.049     -1.989      2.633     -4.427     -0.703          *      0.738      0.703      0.000     -0.500      0.000      1.000      0.000      0.000      0.000 94576095
     3.000      2.000     -0.788     -0.746      0.631      0.234     -0.375      0.647     -0.500      0.681      1.476      0.295      0.279     -0.236     -0.088     -0.242      0.187     -0.255     -0.553      0.187      0.000     -0.500      0.000      0.000      0.000      0.000      0.000 94576096
     3.000      1.000      0.558     -0.746      0.883     -0.198     -1.507      0.313     -0.500          *     -0.524     -0.842      1.124     -1.332      0.299     -0.472      0.754          *      0.791      0.754      0.000     -0.500      0.000      1.000      0.000      0.000      0.000 94576097
     3.000      1.000      0.597     -0.746      1.959      0.234      0.142      0.147      0.500      0.577      0.976      0.085     -0.106      0.278      0.033      0.021      0.071      0.082      0.139     -0.071      0.000     -0.500      0.000      1.000      0.000      0.000      0.000 94576193
     3.000      2.000     -0.027     -0.186      0.646     -0.432     -0.131      1.563     -0.500          *      0.476      0.004      0.024     -0.085      0.057     -0.205      0.066          *     -0.062      0.066      0.000     -0.500      0.000      0.000      0.000      0.000      0.000 94576298
     1.000      1.000     -1.779     -0.746      0.374      0.865      1.467      1.980      0.500     -0.622     -0.524     -2.610     -1.094      0.549      1.269      2.904      0.733     -0.913     -0.769     -0.733      0.000     -0.500      0.000      1.000      0.000      1.000      0.000 94576349
     1.000      0.000     -2.007     -0.746     -1.999     -1.279      1.609      2.147     -0.500      0.397     -0.024     -3.229     -1.200     -3.216     -2.058      3.453     -0.804      0.639     -0.039     -0.804      0.000     -0.500      1.000      0.000      0.000      1.000      0.000 94576392
     3.000      2.000     -0.590      0.784     -0.666     -2.772      2.147      1.730      0.500          *     -0.524     -1.266      1.683     -1.430     -5.950      3.714      1.073          *     -1.126     -1.073      0.000     -0.500      0.000      0.000      0.000      0.000      0.000 94576397
     1.000      0.000     -0.586     -0.746     -0.434     -0.451      0.153      0.480     -0.500          *      0.976     -0.090     -0.114     -0.066     -0.069      0.073     -0.077          *      0.149      0.077      0.000      0.500      1.000      0.000      0.000      1.000      0.000 94576496
     1.000      2.000      0.935          *      0.651      1.434      1.486     -3.770     -0.500      0.312     -1.024      1.389          *      0.967      2.131     -5.601     -0.743      0.463     -1.522     -0.743      1.000     -0.500      0.000      0.000      0.000      1.000      0.000 94576644
     3.000      2.000     -0.816      0.801      0.923      1.218     -0.748      0.147      0.500          *      0.976      0.610     -0.599     -0.690     -0.911     -0.110     -0.374          *     -0.729      0.374      0.000     -0.500      0.000      0.000      0.000      0.000      0.000 94576661
     3.000      2.000      1.079      2.285     -0.379      0.318      1.121      0.397     -0.500      0.397      0.976      1.210      2.561     -0.425      0.356      0.445     -0.561      0.446      1.094     -0.561      0.000     -0.500      0.000      0.000      0.000      0.000      0.000 94576799
     3.000      2.000     -0.416     -0.186      0.392     -1.063     -0.487      0.813      0.500     -0.669     -0.024      0.202      0.091     -0.191      0.517     -0.396     -0.243      0.326      0.012      0.243      0.000     -0.500      0.000      0.000      0.000      0.000      0.000 94576899
     2.000      2.000      0.623      0.781      0.378      1.182     -0.720     -0.103     -0.500     -0.279     -0.024     -0.448     -0.562     -0.272     -0.850      0.074      0.360      0.201      0.018      0.360      0.000     -0.500      0.000      0.000      0.000      0.000      1.000 94576943
     3.000      1.000      0.086     -0.746      0.383     -0.487     -0.731      1.897      0.500          *      0.976     -0.063      0.545     -0.280      0.356     -1.386     -0.365          *     -0.713     -0.365      0.000      0.500      0.000      1.000      0.000      0.000      0.000 94576997
     3.000      1.000      0.398     -0.746      0.121     -0.042     -0.092      0.980     -0.500          *     -2.024     -0.037      0.069     -0.011      0.004     -0.090      0.046          *      0.186      0.046      0.000     -0.500      0.000      1.000      0.000      0.000      0.000 94577280
     3.000      2.000     -3.068     -0.746     -0.136     -0.396     -0.079     -1.353      0.500      0.397     -0.024      0.244      0.059      0.011      0.031      0.107     -0.040     -0.032      0.002     -0.040      0.000      0.500      0.000      0.000      0.000      0.000      0.000 94636354
     3.000      2.000      1.191     -0.746      1.438      0.966      1.150     -2.353     -0.500      0.115     -1.024      1.370     -0.858      1.654      1.110     -2.706     -0.575      0.132     -1.178     -0.575      0.000     -0.500      0.000      0.000      0.000      0.000      0.000 94711070
     3.000      1.000     -2.030     -0.746     -1.999     -1.564      0.748     -0.187     -0.500          *          *     -1.517     -0.557     -1.494     -1.169     -0.140     -0.374          *          *     -0.374      0.000     -0.500      0.000      1.000      0.000      0.000      0.000 95504208
     3.000      1.000      0.963     -0.746      0.651     -1.888     -1.982      1.397      0.500          *     -1.024     -1.909      1.478     -1.290      3.742     -2.768     -0.991          *      2.031     -0.991      0.000      0.500      0.000      1.000      0.000      0.000      0.000 95504808
     3.000      2.000      0.716     -0.746     -0.428      0.281     -0.727     -2.270     -0.500     -0.103     -1.024     -0.521      0.543      0.311     -0.204      1.651      0.364      0.075      0.745     -0.364      0.000      0.500      0.000      0.000      0.000      0.000      0.000 95504902
     3.000      1.000      1.156     -0.129     -0.400     -1.871     -0.896      1.313      0.500     -0.495     -0.024     -1.036      0.116      0.358      1.677     -1.177     -0.448      0.443      0.022     -0.448      0.000      0.500      0.000      1.000      0.000      0.000      0.000 95506091
     3.000      0.000     -1.164     -0.746      0.126     -1.027      2.117      0.147     -0.500      0.048     -1.024     -2.465     -1.579      0.267     -2.174      0.310     -1.059      0.101     -2.169      1.059      0.000      0.500      1.000      0.000      0.000      0.000      0.000 95506294
     3.000      0.000      0.057      2.109      0.369      0.018      1.185      0.147     -0.500      0.115     -0.024      0.067      2.499      0.437      0.021      0.174     -0.592      0.136     -0.029      0.592      0.000      0.500      1.000      0.000      0.000      0.000      0.000 95506345
     3.000      2.000     -0.043     -0.129      0.380     -1.027     -0.304      1.397     -0.500      0.397     -0.024      0.013      0.039     -0.115      0.312     -0.424      0.152     -0.121      0.007      0.152      0.000     -0.500      0.000      0.000      0.000      0.000      0.000 95506442
     3.000      1.000      0.920     -0.453     -0.964      1.434     -1.028      0.147      0.500      0.000     -1.024     -0.945      0.465      0.991     -1.474     -0.151     -0.514      0.000      1.053      0.514      0.000     -0.500      0.000      1.000      0.000      0.000      0.000 95506792
     1.000      2.000     -1.230     -0.746     -1.196     -1.493     -1.150      0.147     -0.500          *     -2.524      1.414      0.857      1.375      1.716     -0.169      0.575          *      2.902      0.575      0.000     -0.500      0.000      0.000      0.000      1.000      0.000 95544306
     3.000      2.000     -0.600     -0.078      0.919     -2.772      0.146      1.730     -0.500          *      0.476     -0.088     -0.011      0.134     -0.406      0.253     -0.073          *      0.070     -0.073      0.000     -0.500      0.000      0.000      0.000      0.000      0.000 95570686
     3.000      2.000      0.779     -0.746      0.363     -1.027     -0.922     -0.937     -0.500          *      1.976     -0.718      0.688     -0.335      0.947      0.864      0.461          *     -1.822      0.461      0.000     -0.500      0.000      0.000      0.000      0.000      0.000 95573337
     3.000      2.000     -0.285     -0.746      0.111     -0.703     -1.308     -0.603      0.500          *     -1.024      0.373      0.976     -0.145      0.920      0.789     -0.654          *      1.340      0.654      0.000     -0.500      0.000      0.000      0.000      0.000      0.000 95574109
     3.000      1.000      0.415     -0.632      1.151     -0.995      0.533     -0.520      0.500     -3.713          *      0.221     -0.337      0.613     -0.530     -0.277      0.266     -1.979          *     -0.266      0.000     -0.500      0.000      1.000      0.000      0.000      0.000 95576095
     3.000      1.000     -1.265     -0.712     -0.636      0.750     -0.065      1.563      0.500          *     -0.024      0.082      0.046      0.041     -0.049     -0.102     -0.033          *      0.002     -0.033      0.000      0.500      0.000      1.000      0.000      0.000      0.000 95576193
     3.000      1.000      0.659     -0.453     -0.400      0.750     -0.530     -0.353     -0.500     -0.279      0.976     -0.349      0.240      0.212     -0.397      0.187      0.265      0.148     -0.517      0.265      0.000     -0.500      0.000      1.000      0.000      0.000      0.000 95576393
     3.000      2.000      0.070     -0.746      0.379      1.218      1.046     -2.270      0.500          *     -1.024      0.073     -0.780      0.396      1.274     -2.374      0.523          *     -1.071     -0.523      0.000     -0.500      0.000      0.000      0.000      0.000      0.000 95576449
     1.000      2.000     -0.029     -0.186      1.166     -0.288     -1.282      0.647      0.500      0.218      0.976      0.037      0.239     -1.494      0.369     -0.829     -0.641     -0.280     -1.250      0.641      0.000     -0.500      0.000      0.000      0.000      1.000      0.000 95576798
     0.000      0.000     -0.344      1.813      0.106     -0.072      0.795     -0.020     -0.500          *          *     -0.273      1.441      0.084     -0.057     -0.016     -0.397          *          *     -0.397      0.000     -0.500      1.000      0.000      1.000      0.000      0.000 95576799
     3.000      1.000      1.191     -0.746      0.130     -0.396      1.106      1.897      0.500          *     -0.024      1.317     -0.825      0.144     -0.437      2.097      0.553          *     -0.027     -0.553      0.000     -0.500      0.000      1.000      0.000      0.000      0.000 95576894
     3.000      2.000      1.060     -0.746      1.423      1.218      0.248     -2.187     -0.500      0.797      1.976      0.263     -0.185      0.353      0.302     -0.542     -0.124      0.198      0.490     -0.124      0.000     -0.500      0.000      0.000      0.000      0.000      0.000 95576948
     3.000      0.000      0.860     -0.746      1.182      0.018     -1.473     -0.187     -0.500          *      1.976     -1.267      1.099     -1.741     -0.026      0.275      0.737          *     -2.911      0.737      0.000     -0.500      1.000      0.000      0.000      0.000      0.000 95576993
     3.000      1.000      1.226     -0.746      1.161      1.434     -0.242     -1.603     -0.500      0.347      0.976     -0.297      0.180     -0.281     -0.347      0.388      0.121     -0.084     -0.236     -0.121      0.000      0.500      0.000      1.000      0.000      0.000      0.000 95716908
     3.000      2.000     -0.001      0.137      0.353      0.001      0.457      0.230     -0.500     -1.516          *      0.000      0.063      0.161      0.001      0.105     -0.228     -0.693          *     -0.228      1.000     -0.500      0.000      0.000      0.000      0.000      0.000 96500855
     3.000      2.000     -0.945     -0.746      0.379     -0.079      2.034      3.147     -0.500          *      0.976     -1.923     -1.517      0.770     -0.161      6.401     -1.017          *      1.985     -1.017      0.000     -0.500      0.000      0.000      0.000      0.000      0.000 96506191
     3.000      2.000      1.079     -0.746     -0.681      0.289     -1.043     -2.353     -0.500     -0.669     -1.024     -1.125      0.778      0.710     -0.301      2.454      0.521      0.697      1.068      0.521      0.000     -0.500      0.000      0.000      0.000      0.000      0.000 96506449
     3.000      1.000      0.743     -0.746     -0.142     -0.180      1.236      1.897     -0.500          *     -1.024      0.919     -0.921     -0.175     -0.222      2.343     -0.618          *     -1.266     -0.618      0.000     -0.500      0.000      1.000      0.000      0.000      0.000 96506592
     3.000      0.000     -0.571      1.684      1.444      0.750      1.219      1.647     -0.500     -0.187     -0.024     -0.697      2.053      1.761      0.914      2.008     -0.610     -0.228     -0.030     -0.610      0.000     -0.500      1.000      0.000      0.000      0.000      0.000 96506698
     3.000      0.000     -0.945      2.581     -2.242      0.966      0.440     -0.353      0.500          *     -1.024     -0.416      1.136     -0.987      0.425     -0.156      0.220          *     -0.451     -0.220      0.000     -0.500      1.000      0.000      0.000      0.000      0.000 96506790
     3.000      2.000     -0.873     -0.746      0.115     -0.648     -0.786      1.730     -0.500          *     -0.524      0.686      0.586     -0.091      0.509     -1.360      0.393          *      0.412      0.393      0.000     -0.500      0.000      0.000      0.000      0.000      0.000 96506890
     3.000      0.000      0.807     -0.746      1.182      0.649     -0.775      0.313      0.500          *      0.976     -0.626      0.578     -0.917     -0.503     -0.243     -0.388          *     -0.757      0.388      0.000     -0.500      1.000      0.000      0.000      0.000      0.000 96506942
     3.000      2.000      0.874     -0.746      0.106      0.966      1.105     -1.770      0.500          *     -0.024      0.966     -0.824      0.117      1.067     -1.956      0.552          *     -0.027     -0.552      0.000     -0.500      0.000      0.000      0.000      0.000      0.000 96506943
     3.000      2.000     -2.628     -0.453     -0.929     -0.703      0.204      1.230     -0.500      1.082      1.476     -0.535     -0.092     -0.189     -0.143      0.251     -0.102      0.220      0.301     -0.102      0.000     -0.500      0.000      0.000      0.000      0.000      0.000 96508432
     3.000      1.000     -0.037     -0.746      0.363     -1.295      0.553      1.563     -0.500     -0.669     -1.024     -0.020     -0.412      0.201     -0.716      0.864     -0.276     -0.370     -0.566     -0.276      0.000     -0.500      0.000      1.000      0.000      0.000      0.000 96544309
     3.000      0.000     -0.538     -0.453     -0.663     -0.880     -1.060     -0.603     -0.500          *     -2.024      0.570      0.480      0.703      0.933      0.640      0.530          *      2.147      0.530      0.000     -0.500      1.000      0.000      0.000      0.000      0.000 96574104
     3.000      1.000      0.743     -0.746      0.121      0.713     -0.654     -0.187     -0.500      0.902     -0.024     -0.486      0.488     -0.079     -0.466      0.122      0.327     -0.590      0.016      0.327      0.000     -0.500      0.000      1.000      0.000      0.000      0.000 96574108
     3.000      0.000     -0.996     -0.129      1.166     -0.235     -0.699      1.147      0.500      0.549      0.976      0.696      0.090     -0.815      0.164     -0.802     -0.350     -0.384     -0.682      0.350      0.000     -0.500      1.000      0.000      0.000      0.000      0.000 96575098
     3.000      1.000     -1.174     -0.746      0.656     -0.648     -0.584      0.563     -0.500          *      0.976      0.686      0.436     -0.384      0.379     -0.329      0.292          *     -0.570      0.292      0.000     -0.500      0.000      1.000      0.000      0.000      0.000 96575270
     3.000      1.000     -2.307     -0.746      0.651     -0.487     -0.540      0.230      0.500      0.115          *      1.247      0.403     -0.352      0.263     -0.124     -0.270     -0.062          *      0.270      0.000     -0.500      0.000      1.000      0.000      0.000      0.000 96575297
     1.000      0.000      1.191      2.551     -2.233     -0.510      0.589     -0.187     -0.500          *     -1.024      0.702      1.503     -1.316     -0.301     -0.110     -0.295          *     -0.604     -0.295      0.000     -0.500      1.000      0.000      0.000      1.000      0.000 96576227
     3.000      1.000      0.912     -0.746      0.899      1.002     -1.452      0.730      0.500          *      1.976     -1.324      1.083     -1.305     -1.455     -1.060     -0.726          *     -2.869      0.726      0.000     -0.500      0.000      1.000      0.000      0.000      0.000 96576397
     3.000      1.000      0.449     -0.746      0.641     -0.703      0.930      1.230      0.500      0.430      0.476      0.418     -0.694      0.596     -0.654      1.144      0.465      0.400      0.443     -0.465      0.000     -0.500      0.000      1.000      0.000      0.000      0.000 96576494
     3.000      2.000     -3.091      1.448     -3.848     -1.648      2.117     -1.020      0.500     -0.050      0.976     -6.543      3.065     -8.145     -3.488     -2.159      1.058     -0.106      2.065     -1.058      0.000     -0.500      0.000      0.000      0.000      0.000      0.000 96576844
     3.000      0.000      0.771      0.559     -0.136      1.218      0.317      0.063      0.500      0.681      1.976      0.244      0.177     -0.043      0.386      0.020      0.158      0.216      0.626     -0.158      0.000     -0.500      1.000      0.000      0.000      0.000      0.000 96576894
     3.000      0.000     -1.830      2.028      0.344      1.002     -0.951      0.230     -0.500      0.808     -0.024      1.741     -1.929     -0.327     -0.953     -0.219      0.476     -0.769      0.023      0.476      0.000     -0.500      1.000      0.000      0.000      0.000      0.000 96576943
     3.000      1.000      1.191      0.400      0.651      0.396     -1.976      2.063     -0.500          *     -1.024     -2.355     -0.790     -1.287     -0.784     -4.078      0.988          *      2.025      0.988      0.000     -0.500      0.000      1.000      0.000      0.000      0.000 96676456
     3.000      0.000      1.083     -0.453      0.883      0.966      1.704     -2.020     -0.500      0.445     -0.024      1.846     -0.771      1.505      1.645     -3.442     -0.852      0.759     -0.042     -0.852      0.000     -0.500      1.000      0.000      0.000      0.000      0.000 96710181
     1.000      2.000     -0.718     -0.186     -0.131     -0.036      0.004     -2.687      0.500      0.276      1.476     -0.003     -0.001     -0.001      0.000     -0.011      0.002      0.001      0.006     -0.002      0.000     -0.500      0.000      0.000      0.000      1.000      0.000 96713202
     3.000      1.000     -1.846     -0.746     -0.434     -0.487      0.996     -3.020      0.500     -0.217     -3.024     -1.838     -0.743     -0.432     -0.485     -3.008      0.498     -0.216     -3.012      0.498      0.000      0.500      0.000      1.000      0.000      0.000      0.000 96716128
     3.000      1.000      0.966     -0.099     -1.172      0.750      0.351     -2.020      0.500          *      0.476      0.339     -0.035     -0.412      0.263     -0.710      0.176          *      0.167     -0.176      0.000     -0.500      0.000      1.000      0.000      0.000      0.000 96716191
     3.000      1.000     -0.596     -0.746      0.121     -0.180     -0.370     -0.687      0.500          *     -1.024      0.221      0.276     -0.045      0.067      0.254     -0.185          *      0.379      0.185      0.000     -0.500      0.000      1.000      0.000      0.000      0.000 97504001
     3.000      1.000     -2.118     -0.746      0.904      0.155     -1.470     -1.770      0.500      0.476     -0.024      3.113      1.096     -1.328     -0.228      2.602     -0.735     -0.700      0.036      0.735      0.000     -0.500      0.000      1.000      0.000      0.000      0.000 97504708
     3.000      2.000     -2.675     -0.746     -0.141      0.036      0.988      1.647      0.500     -0.718      1.976     -2.642     -0.737     -0.139      0.036      1.626      0.494     -0.709      1.951     -0.494      0.000     -0.500      0.000      0.000      0.000      0.000      0.000 97506093
     1.000      0.000      0.228      3.491     -1.183      1.182      0.566      0.647     -0.500          *     -0.524      0.129      1.976     -0.669      0.669      0.366     -0.283          *     -0.297     -0.283      0.000     -0.500      1.000      0.000      0.000      1.000      0.000 97506293
     1.000      0.000      0.146      2.136          *      0.534      1.243      0.397     -0.500          *      0.976      0.182      2.655          *      0.663      0.493     -0.621          *      1.212     -0.621      0.000     -0.500      1.000      0.000      0.000      1.000      0.000 97506296
     3.000      1.000      1.191     -0.746     -0.151      0.550      0.353      1.563     -0.500     -0.312     -1.524      0.420     -0.263     -0.053      0.194      0.552     -0.176     -0.110     -0.538     -0.176      0.000     -0.500      0.000      1.000      0.000      0.000      0.000 97506299
     3.000      2.000     -0.028     -0.746     -1.474     -0.072     -0.238      0.980     -0.500      0.000      0.976      0.007      0.178      0.351      0.017     -0.234      0.119      0.000     -0.233      0.119      0.000     -0.500      0.000      0.000      0.000      0.000      0.000 97506391
     3.000      1.000     -1.090     -0.453     -0.696     -0.432      1.218      1.063     -0.500          *      1.476     -1.327     -0.551     -0.848     -0.526      1.295     -0.609          *      1.797     -0.609      0.000     -0.500      0.000      1.000      0.000      0.000      0.000 97506895
     3.000      2.000      0.219      0.487     -2.782     -0.774      0.614      1.730     -0.500          *     -4.024      0.134      0.300     -1.710     -0.476      1.063     -0.307          *     -2.473     -0.307      0.000     -0.500      0.000      0.000      0.000      0.000      0.000 97506994
     3.000      0.000     -0.159      2.136     -0.935     -0.072     -0.149      1.980     -0.500      0.902     -1.024      0.024     -0.318      0.139      0.011     -0.294      0.074     -0.134      0.152     -0.074      0.000      0.500      1.000      0.000      0.000      0.000      0.000 97506999
     3.000      2.000      0.874     -0.746     -0.152     -2.087     -1.636      0.147     -0.500          *     -1.524     -1.431      1.220      0.249      3.416     -0.240      0.818          *      2.495      0.818      0.000     -0.500      0.000      0.000      0.000      0.000      0.000 97575800
     1.000      0.000     -0.340      2.352     -0.924      0.713     -0.658     -1.687     -0.500          *     -1.024      0.224     -1.547      0.608     -0.469      1.110      0.329          *      0.674     -0.329      0.000      0.500      1.000      0.000      0.000      1.000      0.000 97576040
     3.000      2.000     -0.829     -0.746     -1.202     -0.919      0.707     -0.937      0.500     -0.495      0.976     -0.586     -0.527     -0.849     -0.650     -0.662      0.353     -0.350      0.690      0.353      0.000      0.500      0.000      0.000      0.000      0.000      0.000 97576094
     3.000      2.000      0.416     -0.129      0.631     -0.811     -0.077      1.647      0.500          *      0.476     -0.032      0.010     -0.048      0.062     -0.127     -0.038          *     -0.037      0.038      0.000     -0.500      0.000      0.000      0.000      0.000      0.000 97576291
     2.000      0.000      0.080      1.442      0.119      0.966      1.395     -0.437     -0.500          *      0.476      0.112      2.011      0.166      1.347     -0.609     -0.697          *      0.663     -0.697      0.000     -0.500      1.000      0.000      0.000      0.000      1.000 97576899
     3.000      2.000     -0.115     -0.746      0.642      0.353     -0.748     -1.187     -0.500     -0.495     -1.024      0.086      0.558     -0.480     -0.264      0.887      0.374      0.370      0.766     -0.374      0.000      0.500      0.000      0.000      0.000      0.000      0.000 97576943
     3.000      2.000     -1.849     -0.453      0.642     -0.774      0.837      0.897     -0.500      1.485      1.976     -1.548     -0.379      0.537     -0.648      0.751     -0.419      1.244      1.654     -0.419      0.000     -0.500      0.000      0.000      0.000      0.000      0.000 97577226
     3.000      2.000      0.221      0.137      0.651      0.433     -0.844     -3.103      0.500     -0.130      0.976     -0.187     -0.116     -0.549     -0.365      2.619     -0.422      0.110     -0.823      0.422      0.000     -0.500      0.000      0.000      0.000      0.000      0.000 97716338
     3.000      0.000      0.649      0.932      1.438      0.371      1.430     -3.437     -0.500          *     -1.024      0.928      1.333      2.057      0.530     -4.914     -0.715          *     -1.465     -0.715      0.000     -0.500      1.000      0.000      0.000      0.000      0.000 97716932
     3.000      2.000      0.001     -0.186     -0.408      0.396      0.798     -1.937     -0.500      0.430      0.476      0.001     -0.149     -0.326      0.316     -1.546     -0.399      0.343      0.380     -0.399      0.000     -0.500      0.000      0.000      0.000      0.000      0.000 98504005
     1.000      0.000      0.124     -0.746     -0.171     -1.456      0.324     -1.603     -0.500          *     -1.024      0.040     -0.242     -0.055     -0.472     -0.520     -0.162          *     -0.332     -0.162      0.000     -0.500      1.000      0.000      0.000      1.000      0.000 98504206
     3.000      1.000      0.874     -0.746     -0.026          *     -1.133      1.813      0.500          *     -4.024     -0.990      0.845      0.029          *     -2.054     -0.566          *      4.559      0.566      0.000     -0.500      0.000      1.000      0.000      0.000      0.000 98504524
     3.000      1.000      0.759     -0.746      0.646      0.289      0.845      1.563     -0.500      0.397      1.476      0.641     -0.630      0.545      0.244      1.321     -0.423      0.336      1.247     -0.423      0.000     -0.500      0.000      1.000      0.000      0.000      0.000 98506043
     3.000      2.000      1.083     -0.746      0.115     -0.774      0.565      2.313     -0.500          *      0.976      0.612     -0.422      0.065     -0.438      1.308     -0.283          *      0.551     -0.283      0.000     -0.500      0.000      0.000      0.000      0.000      0.000 98506192
     3.000      2.000     -0.184      0.518      0.378      0.497      0.891      1.647      0.500      1.123      1.976     -0.164      0.462      0.337      0.443      1.468      0.446      1.001      1.761     -0.446      0.000     -0.500      0.000      0.000      0.000      0.000      0.000 98506194
     1.000      0.000      0.332      0.478      0.632      0.587     -0.896      1.313     -0.500      1.485      1.976     -0.298     -0.428     -0.566     -0.526     -1.177      0.448     -1.331     -1.771      0.448      0.000     -0.500      1.000      0.000      0.000      1.000      0.000 98506230
     3.000      2.000     -0.534      2.028     -1.157      0.929      0.347     -0.603      0.500          *     -0.024     -0.185      0.704     -0.402      0.322     -0.209      0.174          *     -0.008     -0.174      0.000     -0.500      0.000      0.000      0.000      0.000      0.000 98506295
     3.000      2.000     -0.486     -0.746      0.389      1.434     -1.953     -0.687      0.500          *      1.476      0.949      1.457     -0.760     -2.801      1.341     -0.977          *     -2.882      0.977      0.000     -0.500      0.000      0.000      0.000      0.000      0.000 98506335
     3.000      2.000     -0.435     -0.099     -0.934     -0.901      0.842      0.897      0.500      0.137     -1.024     -0.366     -0.083     -0.786     -0.758      0.754      0.421      0.115     -0.862      0.421      0.000      0.500      0.000      0.000      0.000      0.000      0.000 98506597
     3.000      1.000      0.250     -0.746      0.379     -1.027     -0.663      1.230      0.500      0.158     -1.024     -0.166      0.494     -0.251      0.681     -0.815     -0.331     -0.105      0.679      0.331      0.000     -0.500      0.000      1.000      0.000      0.000      0.000 98506696
     3.000      1.000     -1.923      0.215     -0.385     -2.340      0.320      1.397     -0.500     -1.768      0.976     -0.614      0.069     -0.123     -0.748      0.446     -0.160     -0.565      0.312      0.160      0.000      0.500      0.000      1.000      0.000      0.000      0.000 98506793
     3.000      1.000     -2.387     -0.746     -0.411      0.865      0.492      1.147     -0.500     -0.880     -1.024     -1.174     -0.367     -0.202      0.426      0.564     -0.246     -0.433     -0.504      0.246      0.000      0.500      0.000      1.000      0.000      0.000      0.000 98506794
     3.000      1.000      0.930     -0.746     -0.363     -0.703      0.034      1.980      0.500          *     -0.024      0.031     -0.025     -0.012     -0.024      0.066      0.017          *     -0.001     -0.017      0.000     -0.500      0.000      1.000      0.000      0.000      0.000 98506893
     3.000      1.000      0.056     -0.746      0.652      0.649      0.181      0.980      0.500      0.741      1.976      0.010     -0.135      0.118      0.118      0.178      0.091      0.134      0.358     -0.091      0.000     -0.500      0.000      1.000      0.000      0.000      0.000 98506896
     3.000      0.000      0.941      0.481      1.176      1.218      0.549     -2.520     -0.500     -1.005      0.976      0.517      0.264      0.646      0.669     -1.384     -0.275     -0.552      0.536      0.275      0.000      0.500      1.000      0.000      0.000      0.000      0.000 98506941
     1.000      2.000      1.060     -0.746      0.369      1.218      0.698     -1.270      0.500      0.941      1.976      0.740     -0.520      0.257      0.850     -0.886      0.349      0.656      1.378     -0.349      0.000     -0.500      0.000      0.000      0.000      1.000      0.000 98575179
     3.000      2.000      0.960     -0.129      0.115     -1.042      0.163      2.313     -0.500          *     -0.024      0.157     -0.021      0.019     -0.170      0.378     -0.082          *     -0.004     -0.082      0.000     -0.500      0.000      0.000      0.000      0.000      0.000 98576074
     3.000      0.000     -0.303      1.843     -0.662      0.713      0.637      1.480      0.500          *     -0.024     -0.193      1.174     -0.421      0.454      0.943      0.319          *     -0.016     -0.319      0.000     -0.500      1.000      0.000      0.000      0.000      0.000 98576099
     3.000      2.000      0.604     -0.746      0.106     -0.864     -1.343      0.063     -0.500      0.549     -0.024     -0.811      1.001     -0.142      1.160     -0.085      0.671     -0.737      0.033      0.671      0.000     -0.500      0.000      0.000      0.000      0.000      0.000 98576347
     3.000      2.000     -0.512     -0.746     -1.722     -1.511     -1.734     -0.437      0.500      0.681      0.976      0.887      1.293      2.986      2.620      0.757     -0.867     -1.181     -1.692      0.867      0.000     -0.500      0.000      0.000      0.000      0.000      0.000 98576394
     3.000      2.000     -0.717     -0.160      0.632      0.534      0.869     -1.853      0.500     -0.130     -0.024     -0.623     -0.139      0.549      0.464     -1.611      0.435     -0.113     -0.021     -0.435      0.000     -0.500      0.000      0.000      0.000      0.000      0.000 98576642
     1.000      2.000     -0.491      1.792      0.106     -0.703      0.052      0.313      0.500          *     -1.024     -0.025      0.092      0.005     -0.036      0.016      0.026          *     -0.053     -0.026      0.000     -0.500      0.000      0.000      0.000      1.000      0.000 98576894
     3.000      2.000      0.057     -0.746     -0.429      0.966     -0.593      0.980     -0.500          *          *     -0.034      0.442      0.254     -0.572     -0.581      0.296          *          *     -0.296      1.000      0.500      0.000      0.000      0.000      0.000      0.000 98606129
     3.000      0.000      0.818     -0.746      0.096      0.865      0.346     -2.770     -0.500     -0.187      0.976      0.283     -0.258      0.033      0.299     -0.959     -0.173     -0.065      0.338     -0.173      0.000     -0.500      1.000      0.000      0.000      0.000      0.000 98710677
     3.000      1.000      0.954     -0.186      0.379      1.002      1.272     -3.520     -0.500     -0.130     -1.024      1.213     -0.237      0.482      1.275     -4.477     -0.636     -0.165     -1.303     -0.636      0.000     -0.500      0.000      1.000      0.000      0.000      0.000 98714325
     3.000      1.000      0.743     -0.746     -0.666     -0.887     -0.408     -3.687     -0.500          *      1.476     -0.303      0.304      0.272      0.362      1.504      0.204          *     -0.602      0.204      0.000     -0.500      0.000      1.000      0.000      0.000      0.000 98715097
     3.000      2.000     -2.053     -0.746      0.131      1.182      0.681     -2.853      0.500      3.068      1.476     -1.398     -0.508      0.089      0.804     -1.942      0.340      2.088      1.004     -0.340      0.000     -0.500      0.000      0.000      0.000      0.000      0.000 98715390
     3.000      2.000      0.719      0.215     -0.157      0.396     -0.082     -2.937     -0.500      0.397      0.976     -0.059     -0.018      0.013     -0.033      0.242      0.041     -0.033     -0.080     -0.041      0.000      0.500      0.000      0.000      0.000      0.000      0.000 98715399
     1.000      0.000      0.032      0.559     -0.167     -2.519      0.397     -0.020     -0.500          *     -2.524      0.013      0.222     -0.066     -0.999     -0.008     -0.198          *     -1.001     -0.198      0.000     -0.500      1.000      0.000      0.000      1.000      0.000 98717868
     3.000      1.000     -0.578      0.430     -0.708     -0.072     -1.244      1.480      0.500          *          *      0.718     -0.535      0.881      0.090     -1.841     -0.622          *          *      0.622      0.000     -0.500      0.000      1.000      0.000      0.000      0.000 99506091
     3.000      1.000      0.301     -0.746      0.134     -1.511      0.840      0.730      0.500          *      1.976      0.253     -0.627      0.113     -1.270      0.613      0.420          *      1.660     -0.420      0.000     -0.500      0.000      1.000      0.000      0.000      0.000 99506095
     3.000      1.000      1.079     -0.746      1.146     -1.672      0.546     -1.187      0.500      0.000     -1.024      0.589     -0.407      0.626     -0.913     -0.648      0.273      0.000     -0.559     -0.273      0.000     -0.500      0.000      1.000      0.000      0.000      0.000 99506144
     3.000      0.000     -1.096     -0.160     -0.621      0.750      0.928      0.230      0.500          *     -0.024     -1.017     -0.148     -0.576      0.695      0.213      0.464          *     -0.023     -0.464      0.000     -0.500      1.000      0.000      0.000      0.000      0.000 99506191
     0.000      0.000      0.471      2.049     -1.995      1.434      1.015      1.647     -0.500          *     -1.024      0.479      2.080     -2.025      1.456      1.672     -0.508          *     -1.040      0.508      0.000      0.500      1.000      0.000      1.000      0.000      0.000 99506299
     3.000      1.000      0.109     -0.160      0.379      1.434      0.095     -3.103      0.500     -0.279     -0.024      0.010     -0.015      0.036      0.136     -0.295      0.047     -0.027     -0.002     -0.047      0.000     -0.500      0.000      1.000      0.000      0.000      0.000 99506442
     3.000      0.000      0.178      2.696      0.115      0.433     -0.943      2.147      0.500          *      0.976     -0.167     -2.541     -0.109     -0.408     -2.024     -0.471          *     -0.920      0.471      0.000     -0.500      1.000      0.000      0.000      0.000      0.000 99506790
     1.000      2.000      0.630      1.067     -1.450     -0.095     -0.817      0.730     -0.500      0.476      0.476     -0.515     -0.873      1.185      0.077     -0.597      0.409     -0.389     -0.389      0.409      0.000     -0.500      0.000      0.000      0.000      1.000      0.000 99506897
     1.000      0.000     -1.472      1.176     -0.925     -0.703     -0.583     -0.937     -0.500     -2.615          *      0.858     -0.686      0.539      0.410      0.546      0.292      1.525          *      0.292      0.000     -0.500      1.000      0.000      0.000      1.000      0.000 99507057
     3.000      2.000      0.080     -0.129     -0.410      0.497      0.551     -1.770      0.500     -0.455     -1.524      0.044     -0.071     -0.226      0.274     -0.976      0.276     -0.251     -0.840     -0.276      0.000     -0.500      0.000      0.000      0.000      0.000      0.000 99508260
     0.000      0.000      0.971     -0.402      0.379      0.180      1.321     -1.687     -0.500      0.218      0.476      1.282     -0.530      0.500      0.238     -2.228     -0.660      0.288      0.628     -0.660      0.000     -0.500      1.000      0.000      1.000      0.000      0.000 99544305
     3.000      1.000     -0.038      0.164     -1.469      0.750     -0.195      0.813      0.500      0.797      0.476      0.007     -0.032      0.287     -0.146     -0.159     -0.098     -0.156     -0.093      0.098      0.000     -0.500      0.000      1.000      0.000      0.000      0.000 99546678
     3.000      2.000     -0.650     -0.746     -0.171      0.226      1.620      0.647     -0.500          *     -3.024     -1.053     -1.208     -0.277      0.366      1.047     -0.810          *     -4.899     -0.810      0.000     -0.500      0.000      0.000      0.000      0.000      0.000 99574507
     3.000      2.000      0.395     -0.453      0.424     -0.251      0.959      0.480     -0.500          *      0.976      0.379     -0.434      0.407     -0.241      0.460     -0.479          *      0.935     -0.479      0.000     -0.500      0.000      0.000      0.000      0.000      0.000 99574508
     3.000      1.000      0.329      0.215      0.651      0.334     -1.259     -0.687     -0.500     -0.130     -1.524     -0.414     -0.271     -0.820     -0.421      0.865      0.630      0.164      1.919      0.630      0.000     -0.500      0.000      1.000      0.000      0.000      0.000 99574598
     3.000      1.000     -1.896      0.134      1.696     -1.243     -0.115      1.480     -0.500      0.218     -0.024      0.217     -0.015     -0.194      0.142     -0.170      0.057     -0.025      0.003      0.057      0.000     -0.500      0.000      1.000      0.000      0.000      0.000 99574748
     3.000      1.000          *     -0.129     -1.212      0.371      0.023      1.647      0.500          *          *          *     -0.003     -0.028      0.009      0.038      0.012          *          *     -0.012      0.000     -0.500      0.000      1.000      0.000      0.000      0.000 99576099
     3.000      0.000     -1.962      1.792     -1.440      1.002      0.190      1.897      0.500          *      0.976     -0.373      0.341     -0.274      0.191      0.361      0.095          *      0.186      0.095      0.000      0.500      1.000      0.000      0.000      0.000      0.000 99576192
     3.000      2.000      0.386     -0.129      0.379     -0.272     -0.338      0.063     -0.500      0.312     -0.024     -0.131      0.044     -0.128      0.092     -0.021      0.169     -0.106      0.008     -0.169      0.000      0.500      0.000      0.000      0.000      0.000      0.000 99576288
     1.000      0.000      0.104      2.136      1.429      1.434     -0.122     -0.020     -0.500          *      0.476     -0.013     -0.262     -0.175     -0.176      0.002      0.061          *     -0.058      0.061      0.000     -0.500      1.000      0.000      0.000      1.000      0.000 99576297
     3.000      2.000      0.700      0.478      1.182      1.218      0.249      1.063      0.500      0.681      1.976      0.174      0.119      0.294      0.303      0.265      0.125      0.170      0.492     -0.125      0.000     -0.500      0.000      0.000      0.000      0.000      0.000 99576330
     3.000      2.000      0.931     -0.746     -0.121      1.218     -0.118     -3.603      0.500     -0.076     -1.024     -0.109      0.088      0.014     -0.143      0.423     -0.059      0.009      0.120     -0.059      0.000      0.500      0.000      0.000      0.000      0.000      0.000 99576346
     3.000      2.000      0.729     -0.746      0.130      1.434     -0.736     -0.187      0.500          *      0.476     -0.537      0.549     -0.096     -1.056      0.137     -0.368          *     -0.350      0.368      0.000     -0.500      0.000      0.000      0.000      0.000      0.000 99576437
     3.000      2.000      1.043     -0.746      0.646      1.218     -0.500     -1.437     -0.500          *     -0.524     -0.521      0.373     -0.323     -0.609      0.718      0.250          *      0.262      0.250      0.000     -0.500      0.000      0.000      0.000      0.000      0.000 99576463
     3.000      0.000      0.526      1.155      0.919     -0.396      0.014      0.147      0.500     -0.130     -0.024      0.008      0.017      0.013     -0.006      0.002      0.007     -0.002      0.000      0.007      1.000      0.500      1.000      0.000      0.000      0.000      0.000 99576541
     3.000      2.000      1.069     -0.746      1.419      0.966     -1.290     -2.603     -0.500      0.115     -0.524     -1.379      0.962     -1.830     -1.246      3.359      0.645     -0.149      0.677      0.645      0.000     -0.500      0.000      0.000      0.000      0.000      0.000 99576944
     3.000      1.000      0.449     -0.453      1.429      0.174     -1.859      1.397      0.500      0.115     -1.524     -0.835      0.842     -2.657     -0.323     -2.596     -0.930     -0.214      2.834      0.930      0.000     -0.500      0.000      1.000      0.000      0.000      0.000 99576947
     3.000      2.000     -0.514      0.487     -0.172     -0.396     -0.653      0.980      0.500     -1.316     -1.024      0.336     -0.318      0.112      0.258     -0.640     -0.327      0.859      0.669      0.327      0.000     -0.500      0.000      0.000      0.000      0.000      0.000 99576990
     3.000      2.000      1.079     -0.746      0.894      0.865      0.071     -3.520      0.500          *      1.976      0.076     -0.053      0.063      0.061     -0.248      0.035          *      0.139     -0.035      0.000     -0.500      0.000      0.000      0.000      0.000      0.000 99713331
     3.000      1.000     -0.638     -0.746      0.384     -0.235     -0.412     -2.437      0.500      0.681          *      0.263      0.307     -0.158      0.097      1.004     -0.206     -0.281          *      0.206      0.000     -0.500      0.000      1.000      0.000      0.000      0.000 99718915
