     1.112     -1.019      1.587     -0.964     -0.715     -2.517      0.500     -0.757      1.258      0.500 96717912
     0.870      0.271      0.863      0.267      0.116     -0.934      0.500     -0.334      0.258     -0.500 91588998
     0.000      1.555     -1.662     -1.251      2.698      0.983      0.500     -0.205      0.258     -0.500 91588942
     0.207     -1.019     -2.559      0.939      0.094      1.733      0.500      0.409     -1.742      0.500 99578369
     1.112      0.556     -1.612     -0.023     -0.733      0.650      0.500     -0.994      1.258      0.500 93504422
     1.030     -1.019      0.902      0.939     -1.222     -1.184     -0.500      0.324      0.258     -0.500 91571911
    -0.315      0.282     -1.645     -1.897      0.187      0.816      0.500      0.127     -0.742      0.500 98578449
     1.112     -1.019      1.358      0.048      0.209     -1.434      0.500     -0.091     -0.742      0.500 94575866
     0.245      0.980      0.227      0.653     -0.686      1.650      0.500      0.425      0.258     -0.500 95575369
     0.862     -1.019      0.435      1.185      0.843      1.900     -0.500      0.913      0.258     -0.500 94574838
    -0.299     -1.019     -0.268      1.185      1.739     -0.267      0.500     -0.444     -0.242      0.500 96710288
     0.123     -0.717     -0.025      1.185     -0.635     -0.350      0.500      0.012     -1.242     -0.500 96575067
     1.149      0.906     -0.268     -1.574     -0.308     -0.684     -0.500     -0.268     -0.742     -0.500 92675989
     0.123     -1.019     -0.011      0.407     -1.691      0.233      0.500      0.127      1.258     -0.500 99572268
     0.751     -1.019      0.431      0.898     -2.103     -0.684     -0.500      0.127     -0.742     -0.500 92574887
    -3.717      0.324     -2.153     -1.425      0.865      0.483      0.500      0.036      1.258     -0.500 92546995
    -0.467      0.240      1.110     -0.205      0.236     -1.350     -0.500     -0.929     -1.742     -0.500 96719374
     0.150      0.250     -0.713      0.252     -0.351     -0.434     -0.500     -0.118      0.258     -0.500 98500032
     0.815     -1.019     -0.033      0.162     -1.120     -1.684     -0.500      0.561      1.258     -0.500 10506342
    -0.081     -1.019     -1.167      1.185     -0.595     -1.767      0.500     -0.038      0.258     -0.500 96712049
    -0.051      0.885     -0.734      1.185      0.119      0.983      0.500     -1.137     -0.742      0.500 93575383
     1.112     -0.443      1.582      0.939      0.219     -1.850     -0.500     -1.756      0.258      0.500 91882902
    -0.255     -1.019     -0.271     -0.648     -0.428     -0.767     -0.500      0.409      1.258      0.500 95576414
     1.149     -0.083     -0.232     -1.180      0.141      2.983     -0.500      0.561     -0.742     -0.500 99570894
     0.204     -0.443     -0.033     -0.281      0.056     -0.100      0.500     -0.146     -0.742     -0.500 99573256
    -1.358      1.947     -1.212     -1.180     -0.245      1.983     -0.500     -0.118     -0.742     -0.500 91581965
     0.279     -0.114     -3.477     -0.306      0.883      1.650     -0.500     -0.118     -0.742     -0.500 93572314
    -2.307     -0.030     -2.343     -0.167     -0.750      1.983      0.500      1.602     -0.242     -0.500 91885960
     0.363     -0.443      0.431     -0.484     -1.116      0.233     -0.500     -0.118     -0.742     -0.500 99573257
     1.149     -1.019      1.587      1.185     -0.257     -0.267      0.500      0.913      0.258     -0.500 91578544
    -1.286      1.593     -1.203     -0.064     -0.579      1.483      0.500      0.269      0.758     -0.500 94578646
     1.112      2.744      0.409      1.185      0.452      0.316     -0.500     -1.063     -0.742      0.500 91584923
     0.663     -1.019      1.574      0.223     -2.718     -0.517      0.500      0.230      2.258     -0.500 90579987
     0.933     -0.717     -0.025      0.006     -1.209      0.566     -0.500      0.457      0.758     -0.500 99573836
     0.575     -1.019      1.101      0.939     -0.350      0.400      0.500     -0.566      0.258     -0.500 90579296
    -0.156     -0.686      0.192      0.898      0.915      0.900     -0.500     -0.268     -0.742     -0.500 96572669
     0.343     -0.686     -1.862     -1.087     -1.215      0.816     -0.500     -0.038      0.258     -0.500 99576513
    -0.473     -1.019      0.192      0.006      0.385      0.400     -0.500     -0.406      0.258     -0.500 98676153
     0.123     -1.019      1.123     -0.247      1.261     -0.684     -0.500     -0.146      1.758     -0.500 95579989
    -0.389      0.219     -0.271     -1.942      0.044      1.483      0.500     -0.146     -0.742     -0.500 90572804
    -0.950      1.482     -0.947     -1.180      0.645     -0.517     -0.500     -0.370     -0.742      0.500 91588967
     0.130     -1.019      0.686      0.366     -1.574     -0.600      0.500      0.012      0.758     -0.500 92575331
    -0.305     -0.443      0.205     -0.083     -1.615     -0.684      0.500     -0.236     -0.742     -0.500 91578240
    -0.252     -0.384     -2.325     -0.289     -0.487      0.483      0.500      0.616     -0.742     -0.500 96579941
    -0.890     -0.020     -0.717      0.407      0.056      2.733     -0.500     -0.611     -0.742      0.500 91508948
    -5.027      0.465     -1.195     -0.813     -0.393     -1.267     -0.500      0.753      2.258      0.500 91577321
     0.220     -0.051      0.214      0.366      0.581     -2.267     -0.500     -0.757     -0.742     -0.500 91583915
     0.657      2.523          *     -0.239     -0.286      1.566     -0.500     -0.268     -0.742     -0.500 91578340
     0.554     -1.019     -0.479     -1.461      0.286     -1.517      0.500      0.561     -0.242     -0.500 91582938
    -0.286      0.604     -0.964      0.939     -0.108      2.483      0.500     -0.524     -0.742     -0.500 95575153
    -0.047     -1.019     -0.272      0.653      0.033      0.316     -0.500      0.913     -1.242     -0.500 96570090
    -1.645      0.250     -0.262     -0.935     -1.253     -0.767     -0.500      0.012      1.258      0.500 92504528
    -0.571     -1.019      0.192      0.244     -0.193     -1.600      0.500     -1.063     -1.742      0.500 94570229
    -0.619      2.190     -2.579     -0.167     -0.906      1.483     -0.500      0.693     -0.742      0.500 96573417
     1.112     -0.020      0.197     -0.648     -0.419      1.400      0.500      0.012      2.258      0.500 95570185
     1.149     -1.019      1.340      0.694     -0.488     -3.100      0.500     -0.444     -0.242     -0.500 96573213
    -3.495      2.523     -0.452      0.898      1.944     -1.767      0.500     -0.268     -0.242     -0.500 97571318
     0.323     -0.083      1.110      0.653      1.271     -0.600      0.500      0.230     -0.742     -0.500 96614176
     0.700     -1.019      0.178      1.185      0.666     -2.684      0.500      0.012     -0.242     -0.500 92570025
     1.112      0.826          *     -2.229     -0.426      0.066     -0.500     -0.566     -1.742      0.500 91571703
     0.367     -0.717     -0.710     -0.125      0.693     -1.184      0.500     -0.869     -0.742     -0.500 98504581
     0.472     -0.717      0.430      0.293     -0.089      0.400     -0.500      0.169     -0.742     -0.500 95504188
    -0.797      0.878      0.859      0.366      0.512     -1.767      0.500      0.127     -0.742      0.500 91684977
    -0.275      0.878     -0.712     -0.125      0.653      3.066     -0.500      0.409      0.258     -0.500 96573013
    -0.688      2.523     -0.241     -1.180      0.561      2.566     -0.500      0.561     -0.242     -0.500 97608172
     0.453     -0.384      0.187     -1.180      1.358      0.983      0.500     -0.118      0.258     -0.500 93570983
     0.062     -1.019     -0.686      0.006      1.088      3.233     -0.500      0.269      0.258     -0.500 92572298
     0.480     -1.019      0.425      1.185      1.464     -1.267      0.500      0.409      0.758     -0.500 91886904
    -0.110     -0.717     -0.020     -1.610     -0.627      1.816     -0.500      0.376     -0.242     -0.500 92578643
    -1.596      1.222     -0.942      0.120      0.715      1.150     -0.500      0.561      0.758     -0.500 92578936
     1.112     -1.019      1.336     -3.060      0.604     -0.267      0.500     -0.268     -0.742      0.500 95575944
    -0.093     -0.416     -0.240     -0.239      1.047      1.816     -0.500     -0.013      0.258     -0.500 99508538
     0.476     -1.019      1.349      1.185      0.849     -0.934      0.500      0.306      0.258     -0.500 96578241
    -0.129      2.221          *      0.040     -0.723      0.483     -0.500      0.012     -1.742     -0.500 95574297
     0.110     -0.686      0.425      0.244      1.228      0.316     -0.500      0.230     -0.242     -0.500 98578649
     0.366     -1.019      1.133      0.653     -0.426      1.233      0.500      0.127      1.258     -0.500 98572983
     0.595      0.937     -1.158      0.366      0.979     -1.184      0.500     -0.370     -0.742      0.500 57135078
     0.583      1.947      0.002      0.939      1.241      1.066      0.500      0.269      1.258     -0.500 95571068
     0.130      0.219      0.443      0.162     -0.820      0.233      0.500      0.693      0.758     -0.500 96578813
    -1.802     -0.353          *     -1.598      0.997      0.233     -0.500     -0.268      0.758     -0.500 91786918
    -0.782      0.271     -0.483      0.449     -1.345     -0.184      0.500      0.230      0.258     -0.500 96508943
     0.244     -0.717     -0.019      0.653     -1.078     -1.267     -0.500      0.324      1.258     -0.500 91572277
     0.123     -0.384     -0.280      0.407     -0.744      1.900     -0.500      0.341      1.258     -0.500 95572879
    -1.553     -1.019     -0.488      0.939     -1.527      2.816      0.500     -1.505     -2.242     -0.500 95572076
     1.010     -1.019      0.196      0.006     -0.972     -1.100     -0.500      0.561      0.758     -0.500 99548073
     1.186      0.271      1.336      0.898      1.067     -1.600      0.500     -0.268     -0.742      0.500 97718948
     0.705     -1.019      1.587      0.223     -3.534      2.483      0.500      0.230     -0.242     -0.500 93572105
     0.249     -1.019      1.133      0.407     -0.577     -0.600     -0.500     -0.811     -1.242     -0.500 91715934
     0.017     -0.416      0.205      0.293     -0.072      2.483      0.500      0.488      0.258     -0.500 90508979
     0.774      0.462      0.206      1.185     -1.558     -2.100      0.500     -0.334     -0.742     -0.500 91712908
    -0.305      0.636     -1.199     -0.760      0.852     -0.850      0.500     -0.268     -0.742     -0.500 99578541
    -0.373      0.604     -0.489      0.366     -0.583     -0.850      0.500     -0.205      0.258     -0.500 95572862
     1.112     -0.416      0.902      0.653      0.201      0.900      0.500     -0.869     -0.742      0.500 97572112
     0.559     -1.019      0.192     -0.247      1.335     -1.100      0.500      0.693      0.758     -0.500 97578642
    -2.841      0.657     -2.568     -0.526      1.306      0.400      0.500     -1.399      0.258      0.500 90579175
    -0.241     -0.363     -0.939     -2.875      0.219     -1.267      0.500      0.913      0.258     -0.500 94716262
    -1.093      0.250      0.686      0.939      0.479      2.733      0.500     -0.268     -1.242     -0.500 95578941
    -1.052      1.947     -0.968      0.939     -1.004      0.233     -0.500      0.642      0.758     -0.500 91575067
    -1.273      0.948      0.430      1.185      0.504      0.400     -0.500     -0.091     -1.242     -0.500 94504182
    -0.421     -0.443      0.664      0.244     -1.712     -0.184      0.500      0.741     -0.242     -0.500 93579971
     0.432      1.260     -2.072     -2.245      0.364      0.316      0.500     -0.118     -0.742     -0.500 97578343
     0.445     -1.019     -1.393     -2.097     -1.201     -1.017      0.500     -1.505      0.258      0.500 91886952
    -0.289     -0.051      0.222      0.366     -0.591      0.816      0.500     -1.756     -0.742      0.500 90575250
    -0.200     -0.363      0.430      0.252     -1.573     -0.684      0.500      0.629      0.258     -0.500 98578142
     0.491      0.767     -1.376     -1.671     -0.120     -0.267     -0.500      0.642     -0.242     -0.500 91578842
     0.802     -0.717      0.646      1.185     -2.345      0.400      0.500     -0.205      1.258     -0.500 94572667
     0.222     -1.019     -0.492      0.694     -1.599      0.483      0.500      0.324      1.258     -0.500 95570379
     1.035     -1.019      0.903      0.407      0.077     -0.184      0.500     -0.657     -0.742     -0.500 90578399
    -0.401     -1.019      0.192      0.244     -0.251     -2.184     -0.500      0.105     -0.742     -0.500 99712295
    -0.028     -1.019      0.192     -1.443      2.112      0.066      0.500     -1.137      0.258      0.500 92572562
     0.516     -0.984     -0.510      0.939      0.571     -2.517      0.500      0.012     -0.242     -0.500 94718998
    -0.088     -1.019     -2.542     -1.712     -1.005     -2.684      0.500     -0.566     -1.242     -0.500 91570326
    -0.530      1.947     -0.511      1.185      0.591      1.650     -0.500      0.561     -0.742     -0.500 91585965
     1.149      0.927      0.661      0.223      1.351     -0.267      0.500      1.380      0.758     -0.500 91885978
     0.528     -1.019     -0.496      0.223     -1.153     -0.017      0.500      0.488      0.258     -0.500 90506933
     0.705     -0.353     -2.342     -0.964     -1.300      0.983     -0.500      1.315      1.258     -0.500 99578911
     0.161     -0.416      0.642      0.653     -1.174      1.816      0.500     -0.811     -0.742      0.500 97573943
    -0.273     -0.717      0.660     -0.125     -0.694      2.150     -0.500      0.230     -0.242     -0.500 90506480
     0.173      0.160     -1.623      0.898      2.012     -0.850      0.500      0.012     -0.242     -0.500 95576361
    -1.987     -0.083     -1.159     -0.281     -2.468      2.150      0.500      0.409      0.258     -0.500 93574889
     1.149      0.219      1.344      1.185     -0.571      2.150      0.500      0.809      0.758     -0.500 99573937
     0.209     -0.353      0.430      0.468     -0.889      0.566      0.500     -0.370     -0.742      0.500 97572141
     0.096      0.927      0.192      0.898     -1.756     -0.017     -0.500      0.082     -0.742     -0.500 91880992
     0.527     -1.019      0.228     -1.292      0.774     -1.017     -0.500      0.629      1.258     -0.500 91881955
     0.268     -0.089      0.881     -1.180      0.572     -1.017      0.500      0.324      1.258     -0.500 98578545
     0.853     -0.686      0.408      0.694      2.160      0.066      0.500     -0.334     -0.742     -0.500 91589975
    -1.692      1.947     -1.870     -1.610     -0.121      0.816      0.500      0.629      1.258     -0.500 99576019
     0.777          *     -0.258     -0.187     -0.019     -1.600     -0.500     -0.118      0.258     -0.500 95716218
    -2.058      2.523     -1.160      0.120      1.073      0.066      0.500     -0.444     -0.242     -0.500 94570623
    -1.021     -0.020          *      0.366      0.665     -0.600     -0.500     -0.929      1.258      0.500 92572048
     0.241     -1.019      0.668     -0.956     -0.240      1.316     -0.500      0.561      1.258     -0.500 95570570
     0.297      0.546     -0.258      0.898      0.670     -0.517      0.500     -1.910     -1.742      0.500 91578644
    -0.512      0.636      0.425     -1.066      0.010      1.316     -0.500      0.629      0.258     -0.500 92508721
     1.030     -1.019     -0.284     -0.265     -0.347     -1.434     -0.500      0.457      1.258     -0.500 96712909
     0.432      1.697     -1.859     -0.492      1.606     -1.934     -0.500      0.324      0.258     -0.500 91572380
    -0.445     -1.019     -2.374     -1.243     -1.168      0.316     -0.500      0.230      2.258     -0.500 98578725
     0.397      1.042      0.881      1.185      1.434      0.483     -0.500     -1.063     -1.742      0.500 95579276
    -4.052     -1.019          *     -0.002     -0.192     -2.434     -0.500     -1.137      1.258     -0.500 91786915
     0.547      0.937     -0.723     -0.526     -1.466      1.233     -0.500      0.764     -1.242     -0.500 90578741
    -1.317     -0.717     -0.969      0.653     -0.018     -2.934      0.500      0.913      1.258     -0.500 19606425
     0.340      1.614      0.192      0.898     -1.071      0.316      0.500      0.753      0.758     -0.500 94504188
    -0.146     -1.019     -0.213     -1.048      0.892     -0.434      0.500     -0.268      1.258     -0.500 94575247
     0.814     -0.384      1.357     -0.677      1.279      3.400      0.500      1.315      0.258     -0.500 95578444
     1.047      0.573     -0.515     -0.197     -1.537      0.566     -0.500      0.230     -0.742     -0.500 96572200
     1.112     -1.019      0.218      0.162      0.024     -2.017      0.500     -0.444      0.258      0.500 90572268
    -0.144      0.552     -1.418      1.185      1.260      0.233     -0.500      0.693     -0.242     -0.500 98571917
     0.587     -1.019     -1.195     -0.944      0.746     -2.017     -0.500      0.012      1.258     -0.500 13578829
    -1.028      0.594     -0.041     -0.310     -1.496     -0.684     -0.500     -1.304     -0.742      0.500 91578049
    -0.311     -0.384     -1.177     -2.142     -0.348     -1.100      0.500     -1.063     -0.742      0.500 96506286
    -0.148     -0.443      0.170      0.939      1.722     -0.350     -0.500      0.324     -0.742     -0.500 95578747
    -0.258     -1.019     -0.974      0.898     -0.309     -0.267      0.500     -0.611      0.258     -0.500 94571013
    -2.354     -0.114     -0.267      0.939      0.161     -0.850      0.500     -0.524     -0.742      0.500 94573418
    -0.402     -1.019      1.349      0.653     -0.519      1.233     -0.500     -1.910     -1.742     -0.500 93577959
    -0.716     -0.717     -0.263      0.939      1.465     -0.184     -0.500      0.913      1.758     -0.500 91540110
     0.333     -0.051      1.110      0.285      0.320     -2.767      0.500      0.127      0.758     -0.500 91884922
    -0.884      0.219     -0.016      0.939     -0.584      1.400     -0.500     -0.483      0.758     -0.500 94570920
    -0.270      1.042     -0.240     -1.783      2.440     -0.600     -0.500      0.012      0.258     -0.500 92578147
    -0.776     -1.019      0.186      0.181     -1.646      0.316      0.500      0.693     -0.242     -0.500 95576166
    -0.051     -0.686     -2.783     -0.186      1.185     -1.267      0.500     -2.315     -1.742      0.500 94710183
     0.513     -1.019      1.119      0.223      1.736      0.400      0.500     -0.118      1.258     -0.500 98572995
    -0.314     -1.019     -1.393     -2.245     -0.989     -0.850     -0.500     -0.444     -0.742      0.500 93572005
     0.425      0.826      0.656     -0.526     -0.888     -0.517     -0.500      0.668     -1.242     -0.500 96506084
     0.675     -0.686      0.218     -0.935     -1.620     -0.517     -0.500     -0.268     -0.242     -0.500 93500927
    -0.968     -1.019      0.633     -1.652     -1.541     -2.434      0.500     -1.137      0.258      0.500 99717912
     1.030      0.303      1.119      0.939      1.079     -0.017      0.500      0.693     -0.742     -0.500 91576778
     0.781     -1.019          *      0.653     -0.467      2.066      0.500      0.409      1.258     -0.500 90573955
     0.496     -0.051     -1.865     -0.289     -1.340     -0.350     -0.500     -0.657     -0.742     -0.500 94575159
    -0.521      1.344     -0.506     -1.607      0.667      0.900     -0.500     -1.399      1.258     -0.500 99504649
    -0.372     -0.717     -0.272      0.531      0.916     -0.184     -0.500      0.589      0.258     -0.500 98578242
     0.657     -0.443     -0.466     -0.826     -2.159     -1.267     -0.500      0.753      2.258     -0.500 98571019
     0.789      0.583      1.574      1.185     -0.041      0.483      0.500      0.324     -0.242     -0.500 90572192
     0.696     -1.019      0.646      0.898     -1.656     -0.017     -0.500      0.012     -0.742     -0.500 93579992
    -1.377     -0.686     -0.957     -1.897     -1.135      1.233     -0.500     -0.091     -0.742     -0.500 96506285
     0.884      1.947      0.638      0.407     -0.136      1.483     -0.500     -0.657     -0.742      0.500 96578548
    -0.712      0.906     -0.479     -0.083      1.746      1.150      0.500      0.913      1.258     -0.500 91506238
    -0.700      0.594      0.668      1.185      0.153      0.233      0.500      0.409     -1.242     -0.500 92570295
     0.854      0.604     -0.204      0.694      1.144      1.400      0.500     -0.566      0.258      0.500 22712340
    -0.156     -0.443      0.430      0.181     -0.026     -1.100      0.500      1.741     -0.742     -0.500 96579989
     0.356      1.947     -1.635     -1.897      0.651      2.566     -0.500     -0.146     -1.742      0.500 90578640
    -0.310     -0.686      1.812     -0.178      0.782      2.483      0.500      0.269     -0.742     -0.500 97570290
     0.908     -0.686      1.582      0.538     -1.147      2.066     -0.500     -0.929      1.258      0.500 97572861
     0.209     -1.019      0.665      0.898      0.170     -3.267      0.500      0.059     -2.242     -0.500 96710298
    -0.423     -0.686      0.430      1.185     -1.398      1.983      0.500     -0.334     -1.242     -0.500 93500074
    -0.421      0.132     -0.046      0.040     -0.199     -2.350     -0.500     -0.811     -0.742     -0.500 92579945
    -0.285      0.303     -1.172     -1.005      0.132      1.150      0.500      1.754     -0.742     -0.500 90573949
     0.053      0.573     -0.042     -1.058     -0.780     -1.100      0.500      1.247      1.758     -0.500 91576661
     0.555      0.293      0.656      0.653     -1.723      0.066      0.500      0.629      0.758     -0.500 94544288
     0.139     -0.384      0.206      0.939      0.540     -0.684      0.500      0.012     -0.242     -0.500 91573612
    -0.257      0.160     -0.024     -0.998     -0.506     -1.434      0.500     -1.622     -1.742      0.500 99715982
    -0.530     -0.384      1.133     -3.060      0.089      1.483      0.500      0.230     -1.742      0.500 98504824
     0.789     -0.384     -0.493     -0.893     -0.094     -0.850     -0.500      0.561      0.258     -0.500 93578534
     0.123     -1.019      1.340      0.694     -1.789     -2.517     -0.500      0.693      1.258     -0.500 57233419
    -1.031      0.271     -1.380     -0.597     -0.721      0.566      0.500     -1.756     -0.742     -0.500 91578540
    -0.188     -1.019      0.431      0.939     -0.020     -0.350     -0.500      0.913      1.258     -0.500 90578343
     1.149     -1.019      1.106      1.185      0.189     -2.184     -0.500      0.913      1.258     -0.500 96710630
     0.123      1.815      0.192      0.898      0.619      1.066     -0.500      0.561      0.258     -0.500 95578543
    -0.270      2.523     -1.384     -1.066      1.316     -1.517     -0.500      0.012     -0.742     -0.500 99718243
     0.713     -1.019      0.638      1.185     -0.379     -0.517      0.500      0.012      1.258     -0.500 91572990
    -0.409      0.604      0.205      0.694     -0.140      1.650      0.500     -0.444     -1.742     -0.500 99500227
     0.373     -0.083      0.642      0.653     -0.582      1.733      0.500      0.324     -0.242     -0.500 95577363
     0.802      0.927      0.638      0.531     -0.559      1.983     -0.500      0.409     -0.742     -0.500 92575011
     0.418     -0.686     -0.249     -1.288      0.428     -2.434     -0.500     -0.205      1.258      0.500 17608972
     1.149     -0.020     -0.728     -1.451      0.505     -2.767     -0.500     -1.399     -1.242     -0.500 98710296
     1.000     -1.019      1.336      0.538      0.180     -3.184      0.500      0.269      1.258     -0.500 92711265
    -0.797      0.240      0.214      0.653      0.540      1.816     -0.500      0.561      1.758     -0.500 95578417
     1.020     -1.019      1.574      0.939     -1.303      2.900     -0.500     -0.566      0.758     -0.500 91572944
    -1.743      0.303      1.366      1.185     -0.857      2.066      0.500      1.008      1.258     -0.500 91575191
     0.371     -0.717      0.170      1.185     -0.599     -3.517     -0.500      0.341     -0.242     -0.500 91588991
     0.072          *     -0.948     -1.164     -0.482     -0.350     -0.500     -1.622      0.258      0.500 98570429
    -1.504      2.079      1.812      0.694      0.552      1.566     -0.500      0.913     -0.242     -0.500 93570295
    -0.289      0.552      0.205     -0.239     -0.520      2.650     -0.500      0.190      1.258      0.500 94578343
     0.555     -0.030      0.695     -0.492      0.045     -0.017      0.500     -0.236     -1.242     -0.500 95710295
    -0.001     -1.019      0.668      1.185     -0.768     -0.434      0.500      0.561     -0.742      0.500 90714489
     0.123     -0.443     -0.025      1.185      0.956      0.316     -0.500      0.082     -0.742     -0.500 91504925
     0.918     -1.019      0.638      0.939     -1.938      0.816      0.500      0.488      2.258     -0.500 96572998
     0.650     -1.019     -0.046      0.898     -0.865     -1.017      0.500      1.211      1.758     -0.500 91689965
    -0.357     -1.019      1.163     -1.496     -0.941     -1.100     -0.500     -0.268      0.258     -0.500 93579985
     1.149     -1.019     -0.038      1.185     -0.815     -2.100      0.500      0.230      1.258     -0.500 94316653
    -0.462     -0.142     -0.735      0.653      1.785     -1.767      0.500      0.324      0.758     -0.500 92715090
    -0.107      0.191     -0.481      0.939      1.223     -2.767     -0.500     -0.444      0.258      0.500 92712946
     0.445     -1.019      0.430     -4.128      0.393     -0.934     -0.500     -0.994      0.258      0.500 94710194
     0.713      0.282     -1.623      0.407      0.158     -1.100     -0.500     -3.702      0.258     -0.500 99572465
     0.297     -0.009      0.655     -0.002     -1.642      2.316     -0.500      0.753      2.258      0.500 92573437
    -2.421      0.657     -0.258     -1.897     -0.642      0.983     -0.500     -0.268     -0.742      0.500 94578140
     0.713      1.180     -0.021      0.407      1.456     -0.434      0.500      0.561      0.258     -0.500 91578843
    -0.329      0.573     -0.024      1.185     -0.722     -0.434      0.500     -0.268     -0.742     -0.500 99578540
    -0.372     -0.686     -0.709     -2.282     -1.066      0.566     -0.500      0.230      0.258     -0.500 98576282
    -0.871     -0.083      0.894      0.694     -1.149     -0.934      0.500      0.457      2.258     -0.500 99503939
     0.574     -0.717      0.201     -1.180      2.004      2.066     -0.500      0.012      0.258      0.500 96504187
    -1.403     -0.030     -1.852     -0.289     -0.170     -0.517      0.500      0.561     -0.742     -0.500 94719970
     0.114     -0.443      0.629     -0.797      0.065     -2.517      0.500      0.012     -0.742     -0.500 90570029
     1.030     -1.019      1.812     -0.893     -0.512      1.483     -0.500     -0.118      0.758     -0.500 91573958
     1.035     -1.019      0.664     -0.484     -0.488     -1.684     -0.500     -0.444      1.258     -0.500 99573250
     0.123     -0.717      0.430      1.185     -0.430     -2.267      0.500      0.127      1.258     -0.500 91571812
    -0.396     -0.030     -0.273      1.185      0.651     -1.017      0.500      0.287     -0.242     -0.500 94506577
    -0.462      0.303      0.893      1.185      0.384     -0.517      0.500      0.561      1.258     -0.500 93578648
     0.093      1.614     -0.686     -1.855     -0.405     -0.934      0.500      2.005      2.258     -0.500 95577224
    -3.869      0.885          *      0.162     -1.351      2.816      0.500     -0.524     -0.742      0.500 90579940
     0.567     -1.019      0.898     -0.387     -0.420     -1.850      0.500     -0.268      0.258     -0.500 91712918
    -1.055     -1.019     -0.515     -0.779      1.007     -2.850     -0.500     -0.757     -0.742     -0.500 93712210
     0.567          *     -1.857      0.939     -0.079     -1.850     -0.500     -1.304     -2.242     -0.500 91712914
     0.241     -1.019      0.659     -0.125      1.404      0.983      0.500     -1.304     -0.742      0.500 57215910
     0.874     -1.019     -0.037     -0.116      0.184      0.650     -0.500     -0.524      1.258      0.500 91573316
     1.149     -0.020      1.812      1.185     -0.076     -1.184     -0.500     -0.444     -0.742     -0.500 91579998
    -0.288     -1.019      0.430      0.407     -2.446      2.233     -0.500      0.409      0.758     -0.500 92570238
     0.123     -0.717      0.214      1.185     -0.250      0.566      0.500     -0.118     -0.742     -0.500 95573611
     0.329      0.160      0.188      0.939      0.545     -1.434     -0.500      1.008      0.258     -0.500 91886908
     0.611      0.271     -0.700      0.694     -1.196      2.150     -0.500      0.693      0.258      0.500 94576384
    -0.129     -0.686     -0.038     -1.251      0.189     -2.184     -0.500      0.249      0.258     -0.500 91884927
    -0.017      1.461     -0.687      1.185     -1.629     -0.100     -0.500     -0.064     -0.742     -0.500 91506686
     0.713      0.795     -0.024      0.079      0.029     -0.267      0.500      0.012     -0.242     -0.500 99578948
     0.517     -0.114      1.574      0.653      1.685      2.566     -0.500     -0.268     -0.742     -0.500 91573944
    -0.270      0.847      0.205      0.653     -0.960     -0.767      0.500     -0.118     -0.742     -0.500 97572003
     0.884     -0.416      0.660      0.006      0.842     -0.850     -0.500      1.315      0.258      0.500 99577322
    -0.016      0.636     -1.151      0.162      1.067     -0.267      0.500     -0.268     -1.742     -0.500 97570278
     0.567     -0.384      1.357      0.468     -0.266      1.150      0.500     -0.483      0.258     -0.500 95571819
    -0.732     -0.443     -0.726      0.162      0.529      1.733     -0.500      0.753      1.758     -0.500 99619460
     0.809     -1.019     -0.244      1.185     -1.359     -3.267     -0.500      0.012     -0.242     -0.500 97579985
    -0.156     -1.019      0.430      0.898     -1.027      0.233      0.500      0.913      0.758     -0.500 98578842
    -0.289      1.142      0.237     -1.129     -0.065     -1.850     -0.500     -0.929     -1.742     -0.500 95716388
    -0.981      1.291      0.876     -0.361      0.614     -0.350      0.500     -0.929     -1.742      0.500 95578346
    -0.988      0.937     -0.493      0.407      0.903     -0.517     -0.500     -1.304     -0.742      0.500 93504988
    -0.435     -0.051      0.638     -0.023     -0.344      1.400      0.500      0.230     -0.742     -0.500 98579997
    -0.196     -0.717     -0.271     -0.239     -0.003     -1.767      0.500      0.589     -0.742     -0.500 95716384
     0.751     -1.019      1.335      0.898     -0.337     -1.600      0.500      0.962      1.758     -0.500 90716822
    -0.202      1.311     -0.460     -0.893     -0.336     -1.600     -0.500     -0.205      0.258      0.500 91586980
     0.292      1.947      0.197      0.939     -1.510      0.066     -0.500      0.012      0.758     -0.500 91576736
    -0.103      1.260     -0.034      0.653     -1.305     -0.517     -0.500      0.376      0.258     -0.500 96570625
    -0.311      3.674     -1.610      0.120      0.545      1.233     -0.500     -0.370     -1.742      0.500 96578743
     1.030     -0.384      0.210     -1.323      0.244      2.150      0.500      0.306     -0.742     -0.500 91578343
    -1.227     -1.019      0.422     -0.534     -1.227     -1.267      0.500     -0.236     -0.742      0.500 97571509
     1.020      0.250          *     -0.239      1.651      2.816      0.500     -0.064      0.258     -0.500 91573334
     1.149     -0.384      1.574      1.185      0.651     -0.517      0.500     -0.406      0.758     -0.500 91579297
     1.030     -0.665      1.812      0.449      0.132     -0.600     -0.500      0.230      1.258     -0.500 92575864
    -0.471     -0.717      0.659      1.185      0.470      1.150     -0.500      0.341      0.258     -0.500 96570212
    -0.453      0.948     -0.263      0.898     -0.378      0.316      0.500     -0.268     -1.742      0.500 91578040
    -0.155     -1.019     -0.727      1.185     -1.001     -1.934      0.500      0.629      0.758     -0.500 96315589
    -0.539     -0.114      0.184     -1.652      0.989      0.233     -0.500      0.532     -0.742     -0.500 96578047
     0.873      2.221     -0.713      1.185      0.066     -0.767     -0.500     -0.268     -0.242     -0.500 94574412
     1.010     -0.416     -1.451      0.898      0.010      0.733     -0.500      0.629     -0.242     -0.500 93506262
     0.595     -0.384      0.902      0.694     -0.137     -1.017      0.500      1.008      0.258     -0.500 99548876
    -0.464      0.240      0.206      0.252     -0.259      2.150     -0.500      0.105      0.258     -0.500 98573214
     0.794      0.132      1.111      1.185     -0.181      0.066     -0.500      1.008      1.258     -0.500 91572900
    -0.390     -0.051     -0.011      1.185     -1.217      1.900      0.500      1.315      1.758     -0.500 98578144
     0.024     -0.030      1.110      0.898     -0.584      0.733     -0.500      0.230      1.258     -0.500 93578845
     1.050          *     -1.632     -1.827     -1.804     -0.017     -0.500     -0.929      1.258      0.500 90576934
     0.629      0.493     -0.258      0.407      2.052      0.733     -0.500     -0.175     -0.742     -0.500 96500874
     0.123     -1.019      1.344      0.267     -1.081     -2.767      0.500      0.488      1.258     -0.500 92718390
    -0.175      0.636      0.660      0.898      1.673      2.566      0.500     -0.038     -0.742     -0.500 93578043
     0.009     -1.019      0.192     -1.365     -0.600     -3.267     -0.500      1.602      1.258     -0.500 99577120
    -0.051     -0.443     -0.038     -0.451     -0.272     -2.600     -0.500     -0.566      0.258      0.500 91710571
     0.123     -1.019      0.214     -0.779      1.137      0.566     -0.500     -0.483      0.258     -0.500 95506926
    -0.209     -0.353     -0.514     -0.648      0.645     -1.517      0.500     -0.757     -1.742     -0.500 99719976
    -0.243     -1.019     -0.704      0.407     -0.406      1.483      0.500      0.913     -0.242     -0.500 97506086
     1.112     -0.384      0.876     -1.467     -1.565     -0.267      0.500     -1.137     -0.742      0.500 96574483
     1.112      0.250      0.664      0.694      0.043     -2.267     -0.500      0.269     -0.742      0.500 96579295
     1.149      1.840      1.574      0.048      0.978     -1.934     -0.500      0.127     -0.742     -0.500 91586982
    -0.592      1.461     -2.095      0.120      0.037     -1.517     -0.500      0.629      0.258     -0.500 99572383
     0.908      1.344      0.453      0.939     -0.821      0.733      0.500      0.190      1.258      0.500 90578243
     0.441     -0.717     -2.090     -0.935      0.826      1.400     -0.500     -0.994      0.258      0.500 91578423
    -0.044      1.260     -0.046     -1.897     -1.024      1.650      0.500      0.341     -0.242     -0.500 99574320
     0.673     -0.020      1.358      0.939      2.186     -2.267     -0.500      0.409      0.258     -0.500 93718112
     0.004     -1.019      0.183     -2.184      0.075     -2.267      0.500     -0.118     -1.242     -0.500 91588978
     0.566      0.219      0.466      0.040      2.575      2.066      0.500      0.230     -0.242     -0.500 99572993
     0.870     -1.019      1.340      1.185     -0.319     -2.934      0.500      0.230      1.258     -0.500 94710572
     0.123     -1.019      0.863      0.407      0.303      1.316     -0.500     -3.702     -0.242     -0.500 93572365
     0.249     -0.311      0.660     -0.178      1.144      0.316      0.500      0.913      1.758     -0.500 95577321
    -0.270     -1.019     -0.025      0.653     -1.034     -2.684     -0.500      0.324     -0.742     -0.500 95716086
     0.530      0.556      0.646      1.185     -0.530     -2.350      0.500      0.287     -0.242     -0.500 91780998
     0.677     -0.114      0.430      0.223      1.338      1.983     -0.500      0.230      0.258     -0.500 97572298
    -0.091      0.885     -0.271     -0.534     -1.426      0.900      0.500      0.561      0.758     -0.500 95578176
     0.123     -0.443      0.668      0.072     -0.453     -3.850     -0.500     -0.268      1.258     -0.500 91386958
     1.149      1.593      0.902      1.185     -0.109      2.900      0.500     -1.304     -1.242     -0.500 96579996
     0.908     -0.717     -0.063      0.040      0.132     -0.767      0.500     -0.205     -1.742      0.500 91686958
     0.526     -1.019      1.812      0.898     -1.615     -1.684      0.500      0.287      1.758     -0.500 95715937
     1.149     -1.019      1.132     -0.116      0.065     -0.184      0.500      0.753      0.258     -0.500 93578441
     0.399     -1.019      0.439      0.939     -0.678      0.483      0.500      0.693      2.258     -0.500 91544987
    -1.486      0.678          *     -0.289      2.333      2.066     -0.500      0.127     -0.742     -0.500 96576795
     0.911     -0.416      1.119      1.185     -0.530     -2.600     -0.500     -0.268     -1.242     -0.500 93572667
     0.884          *      0.886      0.252     -0.065     -3.517      0.500     -2.092     -0.742      0.500 96884995
     1.112     -1.019      1.812      0.939     -1.148     -1.767     -0.500     -0.205      1.258      0.500 95316351
    -0.602      0.577     -0.708     -0.167      1.055      0.566     -0.500     -0.929     -0.242     -0.500 96579374
     0.448      0.462      0.899      1.185     -0.160     -1.350     -0.500      0.629      0.258     -0.500 96714980
     1.149      1.815      1.336     -0.310      0.368      0.983     -0.500     -0.524     -0.242     -0.500 95570970
     1.030     -1.019     -0.931     -1.852     -1.841      2.816      0.500      0.409      1.758     -0.500 94576157
    -0.156     -1.019      0.885      0.468     -0.427     -2.517      0.500     -0.334      1.758     -0.500 90573954
     0.315     -0.686      1.587      0.939     -0.601      2.983     -0.500     -0.205      1.258     -0.500 99508946
    -2.268      0.583     -0.690     -1.017      1.137     -1.600     -0.500      0.693      1.258     -0.500 98575942
     1.149     -0.384      1.812      0.939     -2.286      1.566     -0.500      0.012     -0.242     -0.500 99579298
    -0.282      1.593     -0.271     -0.247     -0.335     -0.184      0.500     -0.268     -0.742     -0.500 99578341
     0.705     -1.019      1.357     -0.432      1.213     -0.017      0.500      0.409     -0.742     -0.500 95575161
    -3.520     -0.030     -0.002      0.653      0.475      1.983     -0.500     -0.444      2.258      0.500 92571657
     0.656     -0.009     -2.315      0.040      1.270     -0.767     -0.500      0.913      0.758     -0.500 97576735
     1.112      1.618     -0.466      0.898      0.136     -1.934     -0.500      0.753     -0.742      0.500 91886910
     0.633     -1.019      1.812      1.185     -0.975     -1.434     -0.500      0.324      0.258     -0.500 97575866
    -1.035      1.888     -1.398      0.449      0.540      1.316      0.500     -0.706     -2.742      0.500 91570559
     0.123      0.948     -0.268     -0.510     -1.244      1.150      0.500     -1.505     -2.742     -0.500 95578296
     1.112      0.573     -0.288     -0.779      0.322     -3.684     -0.500      0.488     -0.742      0.500 91554328
    -0.493      0.552     -0.033      0.939      0.423     -0.184     -0.500      0.629      1.258      0.500 98575863
     0.242     -1.019      0.430      0.407     -0.170     -2.267      0.500     -0.038     -1.242     -0.500 99718845
    -1.301     -0.363     -0.271      0.252      0.668      1.400     -0.500      0.324     -0.742     -0.500 95576562
    -0.792     -0.686     -0.951      1.185      0.592      2.816      0.500      0.409     -0.742     -0.500 97614777
     1.149     -1.019      0.871     -0.492      0.008     -1.684      0.500      0.376     -0.742     -0.500 97712040
     0.430     -1.019      0.417      0.407      0.190     -3.600     -0.500      0.409     -1.742     -0.500 91781968
     0.692     -1.019     -2.086     -0.674     -0.028     -3.600     -0.500      0.753     -0.242     -0.500 91884955
     0.388      0.885     -0.250      0.939      0.503      1.566      0.500     -0.757      1.258      0.500 95578044
     0.016      1.608     -2.073      1.185      0.314     -0.850     -0.500     -0.091      1.258      0.500 91886912
    -0.973      0.906     -0.731     -0.265     -0.344     -1.350      0.500      0.012     -1.742     -0.500 94719270
    -2.135     -0.717     -1.173     -1.326     -0.552     -1.267      0.500      0.059      1.258     -0.500 93578144
     1.112     -0.686     -0.271     -0.998      0.305     -2.850      0.500     -0.657      0.258      0.500 99714097
     0.292     -0.686      1.574     -1.024     -1.873     -1.850      0.500      0.127      0.258     -0.500 91881938
     0.028     -0.384     -0.488      1.185     -0.622     -0.517     -0.500      0.012     -1.742     -0.500 96579944
     0.627     -0.083      1.101      0.939     -0.714      1.650     -0.500      0.127     -0.742     -0.500 99579948
     0.884      0.795     -0.011      0.898     -0.822      0.066      0.500     -0.483      0.258      0.500 94576560
     0.114     -0.416      0.205     -1.243     -1.562     -0.017      0.500      0.249      1.258     -0.500 98575135
    -0.392      0.959      0.422      0.653     -0.543      0.316      0.500      0.488     -0.242     -0.500 94572292
     0.705     -0.332     -0.030     -0.403      1.639     -0.267      0.500      0.230     -0.742     -0.500 97714389
     1.149      0.191     -0.280     -2.343     -0.080     -0.934     -0.500      0.127      0.258     -0.500 96884937
    -1.638     -1.019     -0.276     -0.064     -0.148     -0.934     -0.500      1.233      1.758     -0.500 94500450
    -0.848     -1.019     -0.258     -0.935     -0.465      0.150     -0.500      0.012     -0.742     -0.500 94571807
    -2.216     -0.051      0.668      0.468      1.232     -3.434      0.500      0.409      1.258     -0.500 91581915
     0.649      0.708     -0.735      0.244      0.601     -3.267     -0.500     -0.146      1.258      0.500 97573017
    -0.435     -0.416     -0.271     -1.406     -1.346     -0.100      0.500      0.561      0.258     -0.500 91584982
     0.034     -0.110     -0.033      0.181     -0.481     -3.184      0.500     -0.118     -0.742     -0.500 91886903
     0.843     -0.416      0.200      0.653     -1.250     -0.684      0.500      0.012     -0.742     -0.500 91579240
    -0.863      2.523     -1.160      0.244      0.020     -2.517     -0.500     -0.268     -0.742     -0.500 93716250
     0.806     -1.019     -2.105      0.079      0.640      1.566     -0.500      0.561     -0.742     -0.500 93506276
    -0.297     -1.019      0.430     -0.760     -0.573     -1.934      0.500     -0.483      0.258     -0.500 98571310
     0.916     -1.019      0.218      0.939      0.253     -1.517      0.500      0.629      1.758     -0.500 98713036
     1.149     -1.019      0.668      0.468     -1.845     -2.017     -0.500      0.863      1.258     -0.500 97579989
    -1.269      0.271      0.876     -0.484     -1.101      0.233      0.500      1.824      1.758     -0.500 99577920
    -0.054     -1.019      0.660      0.006     -0.466     -2.017     -0.500      0.230     -0.242     -0.500 91716812
     0.453     -0.114      0.444      0.653     -2.575     -1.017     -0.500     -0.444     -1.242     -0.500 99579992
     0.287     -0.717     -2.074     -0.113     -0.197      0.233     -0.500      0.230      1.758     -0.500 95577926
     0.558      1.041     -1.411     -2.961     -0.367      0.066     -0.500      0.012      0.258      0.500 99578746
    -0.783      0.826     -0.513     -1.610      2.157     -1.434     -0.500     -0.757      2.258      0.500 98573958
    -0.629     -1.019     -0.284     -1.342     -0.916      0.900     -0.500      0.809      0.758     -0.500 95576580
     0.555     -1.019      1.812     -0.730     -0.496      1.400     -0.500      0.082      0.758     -0.500 94579988
     0.371     -1.019      1.812      1.185     -1.353     -3.017      0.500      0.012     -0.742     -0.500 91712213
    -0.577      2.523     -0.249      0.898      0.072     -2.017      0.500      0.441     -0.742     -0.500 95714324
     0.724     -0.717      1.115      0.162     -0.585     -2.017      0.500      0.059     -0.242     -0.500 98710831
    -1.621      2.766     -0.510      0.120     -0.780      1.150     -0.500      0.629     -0.742     -0.500 98578347
    -0.471     -0.717     -0.258      0.449     -1.299     -0.017      0.500      0.324      1.258      0.500 95508935
     1.149     -0.717      1.574      0.040     -0.527      1.066      0.500     -0.268      0.258     -0.500 99504351
    -0.270     -0.030     -1.640     -1.365      2.032     -2.184      0.500     -0.444      0.258     -0.500 91780937
    -0.751      0.001      0.898     -0.510      0.093      2.566     -0.500      0.190     -1.242     -0.500 94575181
     0.123     -1.019      0.430     -0.711     -1.169     -2.934      0.500      0.488     -0.742     -0.500 97718990
    -1.815     -1.019     -1.627     -2.388     -0.305     -2.767      0.500      0.913      2.258     -0.500 91788918
    -1.199      0.546      0.174      0.449     -0.458     -0.767     -0.500     -0.038      0.258     -0.500 90572070
    -3.205      0.303      0.205      0.898      0.086     -0.934      0.500      0.127      0.258     -0.500 96544984
     0.853     -0.030      0.430      1.185     -0.236      0.066     -0.500     -0.146     -1.242     -0.500 98578128
     1.149     -1.019      0.889      1.185     -0.449      0.983     -0.500      0.012      2.258     -0.500 98573169
    -0.722     -1.019     -0.479     -0.247      0.080     -0.184      0.500      0.127     -0.742     -0.500 96578543
     0.992     -1.019      1.335      1.185     -0.134      0.150     -0.500      1.094      2.258     -0.500 98578849
     0.815     -0.443      1.119     -0.289      0.521      0.816     -0.500      0.693      0.758     -0.500 97579976
     0.789      1.593     -1.611      0.939      1.317      0.400      0.500      0.324      0.258     -0.500 57139316
     0.472     -0.686     -0.505     -1.365     -0.185     -0.850     -0.500      0.127     -0.742     -0.500 96573952
    -1.345      1.281     -0.506     -0.492      0.286     -0.267      0.500      0.629      0.258     -0.500 98604348
     0.110     -1.019      0.664     -0.484      0.403     -0.017     -0.500      0.503      1.258     -0.500 98572075
     0.425      0.493     -0.059      1.185     -2.306     -1.600      0.500     -0.811     -1.742     -0.500 99713999
    -0.938      0.552     -0.687      0.653      0.616     -1.350      0.500     -0.091     -0.742     -0.500 96884910
     0.911     -1.019      0.449      0.694     -2.187     -1.684     -0.500     -0.268      1.758     -0.500 96573957
    -1.164      1.735     -2.571      0.449      0.951      1.233      0.500      0.190     -1.742     -0.500 99572970
    -0.038     -1.019      1.344     -0.023     -0.434      3.400     -0.500      0.589      0.258     -0.500 97574827
    -0.137     -1.019      0.430      0.898     -0.802      2.066      0.500      0.409     -0.242     -0.500 91584988
    -0.310      0.937     -0.721      0.449     -0.298     -0.850      0.500      0.210     -0.242     -0.500 94578840
    -0.660     -0.717     -0.046     -1.897     -0.946      1.816      0.500      0.169      1.758     -0.500 92508934
     0.406     -0.353      0.430      1.185     -0.875     -1.767      0.500      0.913      0.258     -0.500 93315394
     1.112     -0.686      1.578     -0.268     -0.716     -1.100     -0.500     -0.334     -1.742      0.500 91718395
     0.112      0.885     -1.654      1.185      0.726     -0.850      0.500     -1.622     -2.742     -0.500 98578334
    -1.250     -0.083     -0.249     -1.017      0.498      2.816      0.500     -0.444     -0.742     -0.500 91882905
    -0.259     -0.696     -0.731     -1.530      0.050     -0.767      0.500      0.409      1.258     -0.500 97606526
    -1.273     -1.019     -0.730      0.252      2.003     -2.934      0.500     -0.757      0.258      0.500 91886960
    -0.480     -0.665     -0.966      0.939     -0.781      0.233     -0.500      1.094      1.758     -0.500 91576509
     0.767     -0.686      0.871      1.185      3.189     -2.017      0.500      0.287     -0.742     -0.500 96718841
     0.140      0.795      0.430     -0.116     -0.906     -1.100     -0.500      0.059     -0.742     -0.500 99713293
    -0.297      0.132          *     -1.780      1.585     -0.517      0.500      0.409     -0.742     -0.500 99605080
    -0.599     -0.384     -0.731     -0.403      0.604     -1.767      0.500     -0.444      0.258     -0.500 91886918
    -3.059     -0.142     -1.622      0.120      1.887     -0.684      0.500     -1.137     -1.742      0.500 90573618
     1.186     -0.416      0.908      0.653     -1.260     -0.184     -0.500      0.230      0.258      0.500 95578147
     0.874     -1.019      0.430      1.185      2.150     -2.517      0.500     -3.702     -0.742      0.500 91715984
    -0.294      0.244      0.192      0.653      1.545      0.316      0.500      0.306      1.258     -0.500 91886965
    -0.621      1.488     -1.132     -1.353     -0.002     -1.517     -0.500      0.409      1.258     -0.500 90619268
     0.445      0.303      0.430     -0.187     -0.998      1.566     -0.500     -0.657     -0.742      0.500 92678378
     1.149          *      0.188      0.252     -1.000     -0.767      0.500      0.561      0.258     -0.500 97506177
    -3.208     -0.416     -0.956     -2.097     -0.382     -0.267      0.500      0.306      0.258      0.500 94576505
     0.331     -0.902      0.439      0.939     -0.088     -2.767     -0.500      0.012      0.258     -0.500 95712218
    -0.176      1.593          *     -1.897      1.947      2.566      0.500      0.457      0.758     -0.500 99570032
     0.759      0.906      0.646     -0.310      0.812     -0.017     -0.500      0.409      1.258     -0.500 97500530
    -1.716      3.674     -2.298      1.185      0.463     -0.434     -0.500     -0.483     -1.742     -0.500 91884932
    -1.062      1.239      1.349     -1.652      0.437     -0.017      0.500      0.913      0.258     -0.500 92576452
     0.555     -1.019      0.668      0.898      0.971     -1.434      0.500      1.094      1.258     -0.500 91315194
    -0.001      0.927      0.647     -0.002     -0.502      1.900     -0.500     -0.268     -0.742      0.500 99573946
    -1.407     -0.051          *     -1.251      0.518     -0.350      0.500     -0.483      1.258      0.500 99574699
    -1.964      0.959     -1.638     -0.310     -0.332      0.066      0.500      0.409      0.258     -0.500 98573016
     0.188     -1.019      0.170      1.185      1.032     -0.100     -0.500     -1.399     -0.742     -0.500 91579243
     0.408     -1.019     -0.030     -2.875     -0.644     -1.934      0.500     -0.370      2.258      0.500 94710310
    -0.673     -0.083     -3.485     -1.323      0.863      2.150     -0.500      0.488     -0.242     -0.500 93578644
     0.624     -1.019      1.336      0.006     -1.296     -2.434     -0.500      0.753      0.758     -0.500 94718046
    -0.051      0.293     -1.635     -0.534      0.460      0.066      0.500      0.488     -0.742      0.500 91586968
    -0.698      1.646     -0.704     -1.406      1.520      0.400      0.500     -0.869     -1.742      0.500 90571567
     0.088      0.001     -1.396     -1.610      0.675      1.066      0.500      0.230      1.258     -0.500 94577922
     0.544     -1.019      1.101      0.939     -0.322     -2.267     -0.500      1.315      1.258     -0.500 97572166
     0.123     -0.717      0.196      0.006     -0.236     -0.934     -0.500      0.324      1.258     -0.500 95570074
    -0.726     -0.353     -0.505     -0.116      0.362      1.150     -0.500      0.809      0.258     -0.500 97575212
     1.149     -1.019      1.574     -0.424     -0.685      2.483      0.500      0.602      0.258     -0.500 92572900
     1.035     -0.686      1.106      0.694      0.580     -0.600      0.500      0.693     -0.242     -0.500 98578046
    -1.452      0.636     -1.133      0.898      0.064      0.900      0.500      0.409     -0.742      0.500 95578943
    -4.052     -0.020     -0.456     -1.066      1.262      1.900     -0.500      0.324     -0.742     -0.500 92578140
     0.111      0.573     -0.522     -1.897     -0.251     -1.767      0.500     -1.622     -2.742     -0.500 19614572
     0.916     -0.114      0.664      0.939      1.007     -0.934     -0.500     -0.205     -0.242     -0.500 95572465
    -2.710     -0.142     -2.347      1.185      1.710     -2.600     -0.500     -0.757     -0.742     -0.500 91718260
     0.595      1.947     -0.246     -0.606      0.766      0.900     -0.500     -1.505      1.258      0.500 91583938
    -0.341      0.213     -0.926     -1.942      1.310     -1.767     -0.500     -0.524     -1.242     -0.500 99715026
     0.723     -1.019      0.434      1.185      0.205      2.150      0.500     -0.811      1.258     -0.500 91579249
    -0.609     -1.019     -0.934     -0.125     -0.938     -0.767      0.500     -1.137     -2.242     -0.500 91578142
     0.280      1.947      0.192     -1.897      0.142      1.566     -0.500      0.893      2.258     -0.500 90508172
     0.705     -0.443      0.889     -0.351      0.858     -0.517      0.500      0.893      0.258     -0.500 97575469
     1.010     -1.019      1.344      1.185      0.721     -1.350     -0.500      0.409      0.258     -0.500 97711963
    -0.032      0.191      0.902      0.898      1.606     -0.934      0.500      0.409      0.258     -0.500 93614277
     0.797      0.937      0.444     -0.893      0.092     -0.850      0.500      0.488     -0.242     -0.500 97578545
     1.149      1.260      0.678      0.939     -0.131      2.483      0.500      0.809      1.758     -0.500 99606222
     1.030      1.461          *     -0.310     -1.583      1.900     -0.500      0.693     -0.242     -0.500 91575838
     1.149     -0.717      1.357          *      1.027     -1.184      0.500     -0.444      0.758     -0.500 96575247
     1.149     -1.019      1.574      0.694      0.487      1.316      0.500     -0.038     -0.242     -0.500 99579985
    -0.474     -0.030     -0.930     -0.648     -0.131      0.316      0.500      3.206      2.258     -0.500 93577322
    -0.025     -0.443      0.871      0.653     -0.331     -0.184      0.500      0.629      1.258     -0.500 90508073
    -1.331      1.836     -0.042      1.185     -0.642     -0.767      0.500      0.809      1.758     -0.500 98578170
    -0.270      1.703     -0.011      0.653      0.699      1.483     -0.500     -0.268     -0.742     -0.500 94572169
    -0.630      2.036     -0.717      0.653      0.739      2.566     -0.500     -0.268     -1.742     -0.500 91578746
     0.441     -1.019     -0.011      0.653     -1.054      2.316      0.500      0.341     -0.242     -0.500 95571103
    -1.074      1.614     -1.657     -0.239      1.268     -0.850      0.500      0.561      0.758     -0.500 95710174
    -1.215      1.281     -0.033     -0.289      0.179     -0.767     -0.500     -0.657      0.258     -0.500 92578297
     1.149      1.313     -0.258     -1.240     -0.730     -0.934      0.500     -1.756     -0.742     -0.500 91508943
    -1.196     -0.717     -0.493     -0.064      0.248     -1.517     -0.500      0.287      1.258     -0.500 94715259
     1.000      0.250      1.344     -0.703     -0.917      0.983     -0.500      1.602      0.758     -0.500 91676522
     1.149      0.462      0.886      0.653     -0.627     -0.350     -0.500      0.249      1.758     -0.500 99578727
     0.228      1.614      0.192      0.898      0.410      1.900     -0.500      0.409      1.258     -0.500 97571966
     0.695     -0.686          *      0.407      1.480     -2.350      0.500      0.809      1.758     -0.500 92710334
    -1.894      2.100     -0.271      0.366      1.999      0.233      0.500     -1.910     -0.742      0.500 95573981
     1.035     -1.019      0.430      0.898     -0.543     -2.850      0.500      0.012      1.258     -0.500 96572066
     0.548     -0.114      0.881     -2.020     -0.055     -0.017     -0.500     -0.038     -0.742     -0.500 95572912
     0.797     -0.717     -0.493     -0.956      2.185      2.816      0.500     -0.444     -0.242     -0.500 92578047
     0.125     -0.030     -0.730     -0.239      0.486      2.483      0.500      0.190     -1.742     -0.500 99544285
     0.339     -1.019     -0.475      0.653      1.038     -2.767      0.500     -0.146      0.758     -0.500 95714128
     0.128     -1.019     -0.267      0.162     -0.886     -0.017      0.500     -0.370     -0.742      0.500 93578446
     0.547     -1.019      1.349      0.449     -1.237     -3.100      0.500      0.753      1.258     -0.500 91571317
     0.481      0.191      0.651      0.244      0.269     -2.767     -0.500     -1.622     -0.742     -0.500 97718391
     0.252     -0.416      0.881     -0.002     -0.353     -0.684      0.500      0.629      1.758     -0.500 97575267
     1.186      1.313      1.106      0.939      1.616     -0.517     -0.500      0.012      1.258      0.500 57269938
     0.327     -0.051     -1.177     -0.526     -0.241      0.650      0.500      0.269      0.258     -0.500 92540916
    -0.575     -1.019     -0.501      0.120     -0.601     -2.184      0.500     -0.118     -0.742     -0.500 92719979
     0.872     -0.114      0.426     -2.142      1.240      0.400     -0.500      0.230      2.258      0.500 94570433
    -0.062     -1.019      0.444     -0.956      0.077     -2.767     -0.500      1.295      0.258      0.500 91581952
    -0.309      0.826     -0.019      0.939      1.327      0.150     -0.500      0.036     -0.742     -0.500 99579942
     0.510     -0.717      0.902     -0.197     -0.794     -1.850      0.500      0.629     -1.742     -0.500 93710778
    -0.001     -0.686     -0.497     -2.142      0.218      1.233     -0.500      0.230      2.258      0.500 91570687
     0.564     -1.019     -0.236     -1.017     -0.695     -2.350      0.500      0.012     -0.742     -0.500 93716254
     0.283     -0.686      0.426      0.449     -0.440     -1.600      0.500     -0.483     -0.242     -0.500 91587962
     1.030     -1.019      0.669      1.185      1.244     -0.267     -0.500     -0.334     -1.242     -0.500 98570922
    -0.176      0.878      0.439      0.006     -0.914      0.150     -0.500      0.082      0.758     -0.500 99573955
    -2.140     -0.717     -0.254     -2.142      0.525      1.900      0.500      0.488      1.758     -0.500 90575328
     1.149     -0.416      0.655      1.185     -0.434     -0.767      0.500      0.230     -0.742     -0.500 91782977
     0.060     -0.051     -1.649      0.653     -0.038     -1.100      0.500     -0.444     -1.242     -0.500 97572915
     0.916     -1.019     -0.033      0.653     -1.719      1.233     -0.500      0.693      0.258     -0.500 92508835
     0.445     -0.984     -0.488     -2.814      2.484     -2.934      0.500     -1.505     -0.742      0.500 95710111
     0.291     -1.019     -0.258      0.079     -1.215     -0.184     -0.500      0.324     -0.742     -0.500 99572399
    -0.054     -0.114     -0.718     -0.247     -0.004      1.733     -0.500     -0.483      0.258      0.500 98573193
     0.453     -0.142      0.452     -2.241      0.865      1.150     -0.500      0.127      0.758     -0.500 99508478
     0.908      3.008     -0.691      0.366      0.198     -0.100     -0.500     -0.334      1.258      0.500 94578047
     1.112      0.556      0.241     -2.961      2.925      0.566      0.500     -0.118      0.258      0.500 98575281
    -1.089     -0.061     -0.509      0.407     -0.784      0.233      0.500      0.230     -0.742      0.500 94572214
     0.409      0.906      0.880      1.185     -0.491      2.400     -0.500      0.409     -0.242     -0.500 92575313
     1.149     -0.030      0.409      0.694      0.244     -2.517     -0.500      0.324     -0.242     -0.500 91580927
     0.862     -1.019     -0.505      1.185     -0.316     -2.267     -0.500      0.913      1.258     -0.500 91714085
     1.035     -1.019      1.812      0.223      1.158      1.816      0.500      0.913     -0.242     -0.500 97576015
    -0.771      0.906     -0.033      0.653     -0.044      1.900     -0.500     -0.013     -0.242     -0.500 99579291
     1.112      0.583      0.430      1.185     -0.056     -0.100      0.500     -0.994     -0.742      0.500 96573093
     0.204     -0.717      1.119      0.653     -0.249      0.150     -0.500      0.287     -0.242     -0.500 98576807
     0.009      2.744     -0.718     -0.473     -0.646     -2.850      0.500     -0.268     -1.242     -0.500 94572923
     1.030     -0.353      1.101      1.185     -0.425      0.316     -0.500     -0.444     -0.742     -0.500 99579947
     0.086     -1.019     -0.735      0.293     -0.454      1.150     -0.500      0.913      1.758     -0.500 90576832
    -0.289     -0.384      0.872     -0.247     -1.155      0.900      0.500     -0.757      1.258      0.500 91570123
     0.123      0.345     -0.258      0.162      0.395     -0.434     -0.500      0.036      1.258     -0.500 94576989
     0.586     -1.019      0.908      0.223     -1.396     -2.184      0.500      0.127      0.258     -0.500 91880975
    -0.311     -1.019     -0.016     -1.180     -1.528      3.483      0.500     -0.370     -0.742      0.500 94578910
     0.123     -0.083      0.408      0.204     -0.638     -1.100     -0.500     -0.524     -1.242     -0.500 90578548
     0.423     -0.142      1.358     -0.964      0.490     -2.267      0.500      0.913     -0.242     -0.500 91588943
     1.149     -0.416      0.214      0.939     -0.237     -0.017      0.500      0.324      1.758     -0.500 97678972
    -0.313     -0.020      0.444      0.468     -0.818     -0.017      0.500      0.287     -1.742     -0.500 91579245
     0.260     -1.019     -0.033      0.120      0.245     -0.517      0.500      0.230     -0.242     -0.500 91717464
    -0.123     -1.019     -0.271     -2.142      0.181      0.400     -0.500     -0.118      0.258     -0.500 92570820
    -1.448      0.271     -0.734      0.898      0.127      1.150      0.500      0.913      1.258      0.500 91581955
    -0.265     -1.019      1.128      1.185      0.076     -3.517      0.500      0.642     -0.742     -0.500 91888947
    -0.661     -0.416      0.192      1.185     -1.193     -1.184      0.500      2.292      1.758     -0.500 91503434
     1.030     -0.384     -0.285      0.120     -1.843      1.650     -0.500     -0.038     -1.242     -0.500 95571812
    -1.707     -0.114      0.018      0.653     -1.214      0.983      0.500     -0.334      2.258      0.500 98500631
     0.518     -0.089     -0.258      0.653     -1.180     -2.350     -0.500      1.173      0.758     -0.500 95716482
     0.488     -0.020      0.881      0.939     -0.031     -0.267     -0.500      0.409      1.258     -0.500 93619362
     0.916     -0.686     -0.691      0.939     -0.579      0.066     -0.500      0.012      0.758     -0.500 92570675
     1.035     -1.019      0.885      0.653     -0.894     -2.434      0.500     -0.064     -0.742     -0.500 91885932
    -2.074      2.036     -2.116     -2.245     -0.145     -0.684      0.500     -0.657     -0.742     -0.500 91710998
     0.158     -1.019      0.439      0.939      0.493      0.066      0.500     -0.334      0.258      0.500 91576444
    -0.881      3.674     -1.180      0.407     -1.605      1.650     -0.500      0.230     -0.242     -0.500 92578749
    -1.893      1.180     -1.873     -1.897      0.799     -0.267      0.500     -0.146     -0.242     -0.500 91578841
    -0.051     -0.686     -0.262      0.162     -0.443      0.233      0.500      0.409      0.258      0.500 98576871
    -2.761      0.465      0.899      0.694      0.442      1.316      0.500      0.269      0.758     -0.500 95573956
    -0.661     -0.686      1.097      0.181     -0.253     -1.100      0.500      0.190      2.258     -0.500 95573948
     1.035     -1.019      1.357      0.939     -0.969     -3.434     -0.500      0.059     -0.242     -0.500 91719972
    -1.596     -1.019     -0.498     -0.919     -0.433      1.566      0.500     -0.929     -0.742      0.500 91570019
    -0.534     -0.114     -1.856     -1.180     -0.573      2.066     -0.500      0.409      0.758     -0.500 93571761
    -0.977      0.250      0.654     -1.488     -1.528      1.150     -0.500      0.230      1.258     -0.500 97574626
    -1.449     -1.019     -0.249      0.366     -0.767      0.150      0.500     -0.268      0.258      0.500 96578141
    -0.762     -0.717     -0.727     -0.310     -0.252      0.650     -0.500      0.230     -0.742     -0.500 99508920
     0.908      2.744     -0.488     -0.125      0.685      0.816      0.500      0.230     -0.742      0.500 92578349
     0.123     -0.686      1.582      0.538      0.103     -2.684      0.500      0.409      1.258     -0.500 95716054
    -0.449      2.966     -0.947     -3.101      0.178     -2.184     -0.500      0.012     -0.742     -0.500 96712146
    -2.130      0.583     -0.267     -0.842      1.053      1.233     -0.500     -0.524      0.258      0.500 95579994
    -1.822      1.503     -1.441     -1.538     -0.786      0.650      0.500     -0.334     -1.242     -0.500 97574739
     0.797     -1.019     -0.939      0.898      0.120      0.483      0.500      0.324     -0.242     -0.500 98576163
    -0.156      1.149      0.660     -0.239      0.270      1.566     -0.500      0.629      2.258     -0.500 96576212
    -1.216      0.293      0.205      0.407      1.185      1.983      0.500      0.230     -0.742     -0.500 99576312
    -1.487     -0.142     -0.930      0.898     -0.645      1.900     -0.500      0.809      0.258     -0.500 91570631
     0.451      1.291      0.903     -0.083      0.156      2.983      0.500     -1.304     -0.742      0.500 97578749
     0.165     -0.083     -0.050      0.653     -2.422      2.150     -0.500      0.488      1.258     -0.500 98501250
     0.354     -1.019      1.344      1.185     -1.555     -1.684      0.500      0.561      1.258     -0.500 93374978
     0.240     -0.083      1.587      1.185     -0.464      0.483     -0.500     -0.566     -0.742     -0.500 95579990
    -0.515      0.303     -0.038     -1.741      1.964      1.400      0.500     -0.406     -1.742      0.500 57182909
    -0.401      1.313     -0.712     -0.935      1.066      1.483      0.500     -1.137      0.258     -0.500 92504224
    -1.185      0.626     -2.557     -0.821      1.178     -0.184      0.500     -0.929     -1.742      0.500 92715351
     0.279     -1.019      0.646      1.185      0.181     -0.767      0.500      0.324      0.758     -0.500 94574620
    -0.311      1.461     -0.677      0.898     -1.305     -0.434     -0.500     -0.566      1.258      0.500 96712279
     0.913     -0.083      0.408     -1.451      0.351     -1.267      0.500     -0.268     -0.742     -0.500 90712149
    -0.750      1.947          *      0.120      0.466      0.816      0.500     -0.013      0.258      0.500 94575907
    -0.884     -1.019     -0.494     -0.648      0.578      1.400     -0.500     -0.064      1.258     -0.500 94503000
    -2.348      1.593     -0.965      0.407     -0.972      1.733     -0.500     -0.657      0.258      0.500 98504889
    -0.344     -1.019      0.673      0.162     -1.858     -2.767      0.500      0.409     -0.742     -0.500 96718979
    -0.716      1.291     -1.865     -0.310     -0.636      2.316     -0.500      0.230      0.758     -0.500 92578841
    -1.071      1.313      0.206      0.407      0.757      1.233      0.500      0.012     -0.242     -0.500 97574489
     0.646      0.937      0.889      0.898     -1.517      1.816      0.500     -1.137     -1.742      0.500 99579173
    -1.756      0.213     -0.020      0.538     -0.109     -0.600      0.500      0.012      0.258     -0.500 91544389
     0.884      0.927      1.358      0.407      0.482      2.400     -0.500      0.230     -0.742      0.500 90578042
     0.418     -0.030      0.892     -2.324      0.450      0.566     -0.500     -0.869     -0.742     -0.500 98574345
     1.149     -0.717     -0.284      0.181     -0.174      3.316     -0.500      0.589      0.258     -0.500 91570595
    -0.721     -1.019      0.417     -3.592      0.412      2.566      0.500      0.324      1.258      0.500 92578846
     0.272     -1.019      0.431      1.185      0.506     -2.600      0.500     -0.064      0.258     -0.500 92713199
     0.657     -0.665      0.193      0.653      1.224      2.816     -0.500     -0.524      0.258     -0.500 95575255
    -1.866      0.657     -2.776     -3.879      0.378     -0.767      0.500      0.561      0.758     -0.500 99578845
    -0.731     -0.443     -0.254      0.653     -0.791     -1.267     -0.500     -1.137     -1.742      0.500 97573888
     1.030     -1.019      1.335      0.939     -2.610     -0.600     -0.500     -0.657     -0.742     -0.500 95574084
    -1.871      0.948     -1.167     -1.897      0.881      1.483      0.500      0.642      0.258     -0.500 90574584
     1.035     -1.019      0.646     -0.178     -0.906     -0.517     -0.500      0.561      0.758     -0.500 94573897
    -1.801     -0.686     -0.488      0.244     -0.074     -2.600      0.500      0.105     -0.242     -0.500 94710998
    -2.079      0.514     -1.146      0.120     -1.044     -1.517      0.500      0.269      0.258     -0.500 91716484
     0.916     -0.443     -1.424     -0.956      0.882     -2.434      0.500      0.012     -0.242     -0.500 99716320
     1.186     -0.114      0.886      0.939      1.676     -1.267     -0.500     -0.483     -2.742      0.500 92579999
    -0.301      1.593      0.629     -0.779     -0.208     -2.350     -0.500      0.376     -0.242     -0.500 96316552
    -0.848      0.271     -0.740     -0.465     -0.020     -0.434      0.500      0.809      0.258     -0.500 90571064
    -0.558     -1.019      0.188     -1.610     -0.349      0.983     -0.500     -0.268     -0.242     -0.500 99546073
     0.786     -0.051      0.885     -1.454     -0.842      2.983     -0.500     -1.137     -0.242     -0.500 99574337
     0.713     -1.019      0.412      0.939     -1.937     -0.934     -0.500      0.409      1.258     -0.500 91576242
    -1.247     -0.384     -0.271     -1.251     -0.178      0.316      0.500      0.488     -0.742     -0.500 90574829
     0.095      1.867     -0.258      0.898     -1.227     -0.934      0.500      0.409      0.758     -0.500 92578949
     0.098     -1.019     -0.041     -1.733     -0.463     -1.600     -0.500      0.341     -0.742     -0.500 90716384
     0.240     -1.019      0.668      0.285      0.907     -0.434     -0.500      0.753     -0.742     -0.500 96579943
     1.030     -0.686     -1.195     -0.281      0.799     -0.434      0.500      0.809     -0.242     -0.500 94578940
    -0.257     -0.717     -0.011     -0.083      0.353     -2.267     -0.500      0.230      0.758     -0.500 92579995
     0.646     -0.384      0.656      0.407     -0.854      0.233      0.500     -0.811     -0.742      0.500 99570120
    -0.275     -0.020      0.192      0.407     -1.040     -0.934     -0.500      0.230      1.758     -0.500 92578146
    -0.285      0.885     -0.272      1.185      0.107     -0.184     -0.500     -1.063     -0.742      0.500 95579947
     0.303      1.614     -0.461     -0.606     -1.982      2.483     -0.500      0.409      1.258     -0.500 97577122
    -0.156     -0.686     -0.046      0.653     -1.791     -0.100      0.500     -0.657     -0.742     -0.500 92579994
     1.020     -1.019      1.336      0.653     -0.508     -2.184     -0.500      0.230      1.258     -0.500 91550378
     1.112     -0.416     -0.488     -0.492     -0.909     -0.767      0.500     -0.811      0.258      0.500 96504122
     0.558     -1.019     -0.501      0.653      1.282     -0.684     -0.500     -1.137     -0.742     -0.500 95579178
     0.724     -0.686     -0.020     -3.592     -1.467     -2.600      0.500      0.629     -0.742     -0.500 57219674
     0.496     -1.019     -0.263      0.653      0.027      2.150     -0.500      0.561     -0.742     -0.500 91570878
    -0.299     -1.019      0.192     -1.323      1.917      0.400      0.500      0.230     -0.242     -0.500 95678876
    -0.515     -1.019     -0.713     -1.425      0.562      0.983     -0.500     -1.137     -0.742      0.500 57168560
    -0.394     -0.717      0.192      1.185      1.523     -2.434      0.500      0.393     -0.742     -0.500 97712149
     0.734     -0.030     -0.474      0.120     -0.608      3.066     -0.500     -1.304     -2.242     -0.500 93575355
    -0.177     -1.019      0.668      1.185      1.649     -3.267      0.500     -0.811     -0.242     -0.500 98719979
     1.000     -1.019      0.893      0.653     -1.574     -1.100     -0.500      0.629     -0.742     -0.500 91571862
    -1.369      0.219     -0.276      0.366      0.351     -1.850      0.500     -0.929     -0.742     -0.500 91572189
     0.270     -0.717      0.886     -1.048      1.566      0.983      0.500     -0.483     -1.242     -0.500 97577052
    -0.017      0.937      0.426      0.181     -0.540      0.316      0.500     -0.118     -0.742     -0.500 97578448
     0.420      2.036     -0.735     -0.526     -1.233      0.650     -0.500      0.693      1.258      0.500 91578345
     1.035     -1.019     -0.500     -1.783     -1.067      0.566      0.500      0.230      0.758     -0.500 94578347
    -1.966      1.281     -0.244     -1.243      1.986     -0.434      0.500      0.693      2.258     -0.500 94576615
    -0.731      1.947     -1.839     -0.944     -0.448     -1.517     -0.500     -1.910     -1.242     -0.500 94712218
    -0.482      0.906      1.101      0.120     -0.850      2.900     -0.500     -0.611     -0.742     -0.500 98576682
     0.782      1.211      0.425     -1.527      0.202     -0.850      0.500      0.561      1.258     -0.500 97570637
     0.933     -1.019      1.574     -0.403      0.529     -2.100      0.500      0.230      0.758     -0.500 93714388
    -0.034      1.281     -0.713      0.079     -1.221      0.566      0.500     -1.137     -0.742      0.500 91614473
     0.555     -1.050     -0.038      0.898     -2.233     -0.350      0.500     -0.205      0.258     -0.500 91584938
    -0.070      1.482      0.227      0.653      0.345     -3.100     -0.500      0.127      0.258     -0.500 91789972
    -0.386     -0.443     -0.249     -0.239     -0.097     -3.350      0.500     -0.444      1.258     -0.500 93572361
     0.561     -0.051     -0.046      0.006     -0.376      1.066      0.500      0.393      0.258     -0.500 90576332
    -0.507     -1.019      0.201     -0.083      0.337      0.733     -0.500     -0.268      1.258      0.500 98578898
    -1.879      0.906     -2.542     -1.712      0.528      0.983     -0.500     -0.657     -0.742     -0.500 91572043
     0.299     -0.142      1.349     -0.956     -0.613     -0.517     -0.500      0.409      0.258     -0.500 91880900
    -0.270     -0.384      0.664     -0.370     -0.940     -0.350     -0.500     -0.118     -0.742     -0.500 91501961
     0.297      0.324      0.430      0.898      1.666      0.816      0.500      0.409     -0.742      0.500 91570093
     0.872     -1.019      1.340      0.939      1.001     -3.684      0.500      0.127     -0.742      0.500 91785985
    -0.767     -0.142     -0.496      0.366     -0.790     -2.517      0.500      0.012     -0.742      0.500 18614276
    -0.835     -0.686      0.893      0.939      0.655      0.983      0.500     -0.175     -0.742     -0.500 97578049
     0.123     -1.019      0.430     -0.492     -1.165     -0.100      0.500      0.359     -0.742     -0.500 98574785
    -1.734      1.724     -0.271     -0.964      0.375      2.566     -0.500      0.012      0.258     -0.500 98575983
     1.149     -1.019      1.128      1.185      0.440     -2.017     -0.500     -0.657     -0.742     -0.500 92712241
    -0.311      1.646      0.183      0.538      0.445      1.566      0.500     -0.611     -1.742      0.500 90579177
     0.252     -0.030     -0.042      0.285     -0.816      1.816      0.500      0.230      0.258     -0.500 98614775
    -0.400      1.149      0.872     -0.473      1.525      2.816     -0.500      0.753     -0.742     -0.500 91508940
    -0.323     -0.384     -0.033     -0.956      0.978      0.483     -0.500      0.913      1.258     -0.500 99614474
    -0.601      1.593      0.430      0.898      0.993      1.400      0.500      1.824      0.758     -0.500 99575933
     1.030     -1.019     -0.046      1.185     -0.115     -2.100     -0.500     -0.268     -0.742     -0.500 91719279
    -0.259     -0.030     -0.735      0.120      0.049     -0.100      0.500      0.409      1.258      0.500 93578942
    -1.454     -0.061     -0.933     -2.471      0.270     -0.267      0.500      0.324      1.258     -0.500 94578446
     0.023      0.303      0.859     -1.024     -0.894      0.733     -0.500     -0.657      2.258      0.500 96508947
    -3.340     -0.030      0.863      0.653      0.269      0.650      0.500     -0.994     -1.742      0.500 90544906
    -1.087     -1.019      1.349      0.653     -0.900      0.733      0.500      0.409      0.258     -0.500 95575249
     0.908      0.657      1.124      0.293      0.151      1.733     -0.500      0.230      1.258      0.500 91882938
     0.297      0.636          *     -0.510      0.839      2.066     -0.500     -0.118     -0.742      0.500 91558318
    -1.696      1.011     -1.861     -0.555     -0.511      2.983      0.500      0.127      0.258     -0.500 91886988
     0.888     -0.311     -0.948     -1.671     -0.804     -0.100     -0.500     -0.268      0.258      0.500 98576084
     0.646      1.042      0.885      0.120     -0.737     -0.684     -0.500     -1.137     -0.742      0.500 98718942
     0.906     -0.665     -2.776      0.293     -0.360      0.150     -0.500      0.629     -0.242     -0.500 99574509
    -0.325     -0.384     -0.241      0.407     -0.644      2.400     -0.500      0.589      1.258     -0.500 99575281
     0.744      1.152     -0.475      0.939      0.655      1.066     -0.500     -0.994     -1.742     -0.500 90578540
     1.112     -0.384      1.349     -1.078      0.256      2.233      0.500      0.148      2.258      0.500 95577225
     0.240      1.239     -0.465      0.898     -0.882      2.316     -0.500     -0.205     -0.742     -0.500 99573812
    -0.270      1.646     -0.042     -0.534      1.207      1.483     -0.500      0.561     -0.742     -0.500 98578746
    -1.320     -0.416     -0.717      0.244      0.151     -0.184     -0.500      1.497     -1.242     -0.500 92578040
     0.789      0.198      1.349     -0.424     -0.365      1.233      0.500      0.059      0.258     -0.500 99575082
     1.149      0.816     -0.254     -0.310      1.013      1.983     -0.500     -0.146     -0.742     -0.500 92572984
     0.815     -0.114     -0.488      1.185     -2.140      1.816     -0.500      1.094      0.758     -0.500 90577169
     0.872      1.149     -1.436     -0.719     -1.489     -1.184     -0.500      0.012     -0.742      0.500 94572311
     0.814     -1.019      1.101      0.252     -1.721     -1.934     -0.500      0.409      0.758     -0.500 93573953
     0.237     -1.019     -0.033      1.185      1.113     -3.100      0.500      0.629     -0.742     -0.500 91886968
     0.601     -1.019     -0.712      0.223     -1.419     -3.017      0.500      0.488      0.258     -0.500 97714329
    -1.682     -1.019     -0.280     -1.610     -0.758     -1.517     -0.500     -0.091      0.258     -0.500 98716882
    -0.081      0.626     -1.878     -0.289      0.853     -1.017     -0.500      0.629      1.258     -0.500 99506937
    -0.391      1.281      0.902      0.898     -1.685     -0.434     -0.500      0.809      1.258     -0.500 97678471
     1.149     -1.019      1.574      1.185     -0.475     -1.600      0.500      0.190      0.258     -0.500 93716263
    -0.315      1.291     -0.920     -0.247     -0.198      1.233     -0.500     -0.406     -0.742      0.500 90570696
     0.568     -0.363     -0.740      0.468      0.522     -1.767      0.500      0.753      1.258     -0.500 57276665
    -0.664     -1.019     -2.095     -0.239     -1.957     -0.350     -0.500      1.094      0.758     -0.500 97506939
     1.112     -0.717      1.574     -1.671     -0.230     -2.100     -0.500     -0.038      0.258      0.500 91888968
     1.035      0.948     -1.211      0.531      1.184      2.400      0.500      0.629     -0.742     -0.500 93578770
     0.409     -0.717      0.422      0.653      0.705      1.066      0.500     -0.268     -0.742     -0.500 99575087
     0.440     -0.717      0.634      0.407      0.249     -0.100     -0.500      0.324      0.258     -0.500 94571117
    -0.741      0.303      0.430      0.898     -0.256      0.733     -0.500     -0.091     -0.242     -0.500 91574297
     0.406      0.219      0.660      1.185     -1.278      0.900      0.500     -0.118     -0.742     -0.500 95572405
     0.260     -0.443      0.430      0.898     -0.299     -3.184     -0.500      0.012      0.258     -0.500 93711968
     0.774     -1.019      1.349     -0.424      0.027     -1.850     -0.500      0.488      1.758     -0.500 95716011
    -0.034     -0.416      1.358     -0.648      0.574      1.900     -0.500      0.693      0.258     -0.500 92578241
     0.815      0.250      0.192     -1.365      1.435      1.066      0.500      1.315      2.258     -0.500 91885930
    -0.120     -1.019      0.642     -1.120      1.470     -2.184      0.500      0.169     -0.242     -0.500 94573956
    -0.156     -1.019      1.340      1.185      0.299      0.650     -0.500     -1.756     -0.742     -0.500 95579291
     1.149     -1.019      0.894      0.223     -0.786     -2.934     -0.500      0.913      0.258     -0.500 93716907
     0.123     -0.353      0.430      0.939      1.385     -2.267     -0.500      0.287     -0.242     -0.500 93714296
    -1.035     -1.019      0.205      0.407      0.944     -1.267     -0.500     -0.038     -0.742      0.500 92718244
    -0.262     -0.051      0.418     -1.443     -0.152     -0.767      0.500     -1.137     -0.742      0.500 99575259
     0.878     -1.019     -0.487     -0.555     -0.298     -1.434      0.500      0.863     -0.742     -0.500 95712994
     0.185      1.836      0.421     -2.097      0.521     -0.934      0.500     -0.334     -0.742      0.500 91583935
     1.112     -1.019      1.587      0.468     -0.024     -0.517      0.500      0.269      1.258      0.500 90573138
     0.160      1.614     -0.510     -1.201      0.589      1.733      0.500      0.012      0.258      0.500 90570810
    -0.257      1.593      0.204      0.898     -0.561      0.816     -0.500     -0.334      2.258      0.500 91689962
    -2.828      0.636     -1.381     -0.797     -0.640      2.733      0.500     -1.304     -0.742      0.500 95575351
    -1.952     -0.443     -1.204     -0.956     -0.154      0.150     -0.500     -0.869     -0.242     -0.500 91584925
    -1.975      1.947     -1.189     -0.186      0.477     -0.267     -0.500     -0.118     -0.742      0.500 93578547
     0.189     -1.019     -2.564     -3.879     -0.388     -1.434     -0.500      0.809      0.758     -0.500 98316655
     0.323      0.573     -0.032      0.653     -0.804     -1.767     -0.500      0.561      1.258     -0.500 96718945
    -0.877     -0.717     -0.046     -0.893      1.709      0.316     -0.500      0.990      1.258     -0.500 95508436
     0.814     -1.019     -0.020      0.653     -0.325     -0.934     -0.500      0.036      0.258     -0.500 90573896
    -0.765     -0.384      0.426     -1.180     -0.234      1.066     -0.500      1.008      1.258     -0.500 91886935
    -0.313      0.626      0.210      0.531     -1.473      2.650      0.500      0.082      0.758     -0.500 98578941
     0.074     -0.717          *     -1.610     -1.235      2.566      0.500      0.561      2.258     -0.500 95577223
     1.047     -0.061      0.430     -0.023      1.521      2.483     -0.500      0.230      1.758     -0.500 99573492
    -0.740      0.626     -0.965     -2.142      0.148      2.316      0.500     -0.091     -0.242     -0.500 90574689
    -0.342     -1.019     -1.861     -0.125      0.482     -1.350     -0.500      0.036     -0.742     -0.500 94712247
    -0.515      0.219      0.192     -2.588      0.109     -1.850      0.500     -0.444     -0.742      0.500 98718174
     1.112      1.291     -1.186     -0.403      1.729     -0.350      0.500     -0.524      0.258      0.500 94500278
     1.010          *      0.629     -0.281     -1.402     -0.184     -0.500      0.809      1.758     -0.500 90678970
    -0.181     -1.019      0.408      1.185     -1.579     -1.600      0.500      0.441     -1.742     -0.500 95719270
     0.421      0.556     -2.060     -1.738     -0.324     -0.850      0.500      0.148      0.258      0.500 97571409
     0.150     -0.051     -1.185      0.162      0.608     -0.850     -0.500     -0.118     -1.742      0.500 91572117
     0.675     -0.717     -0.266     -1.897     -0.536      1.400     -0.500      0.269      0.258     -0.500 96506489
     0.441      0.959      1.574     -0.187     -0.216      0.566     -0.500     -0.444     -0.742      0.500 90576963
    -0.311      0.604     -0.046     -2.675      0.391      0.983      0.500     -0.869     -0.742      0.500 91580928
     0.297      1.947      0.201     -1.897      0.140      1.066     -0.500     -0.118     -0.742      0.500 91577216
    -0.709     -1.019     -0.024      1.185      0.504     -1.600      0.500      0.082     -0.742     -0.500 97712990
     0.206     -1.019      0.409      0.898     -0.906     -2.767     -0.500      0.629      2.258     -0.500 91582902
     0.123     -0.384      0.431      1.185     -0.878      0.650     -0.500     -0.406      0.258     -0.500 94572327
    -0.871     -1.019     -0.493     -0.125     -0.249      1.066      0.500      0.561     -0.742     -0.500 99544187
    -0.355      1.587     -1.415     -0.043      1.019     -0.767     -0.500     -1.622     -0.742     -0.500 92578244
     0.916     -0.717      1.587      0.939     -1.021     -1.684     -0.500      0.230     -0.742     -0.500 91684971
     0.123     -1.019      0.668      1.185      0.493      0.316     -0.500      0.012      0.758     -0.500 94578776
    -0.252     -1.019      0.894     -0.064      1.089      1.233     -0.500      0.306      0.258     -0.500 16714925
     0.906     -0.717     -0.020      0.939      0.696      1.650      0.500     -0.118     -0.742     -0.500 96504329
     0.852      0.219      0.889      0.006      0.617      2.650      0.500      0.012      1.258      0.500 94500230
     0.399     -0.686      1.812      0.653      1.678      2.150      0.500      0.488     -0.742     -0.500 92573944
     1.112      0.271     -0.024     -0.552      1.225      2.566     -0.500     -1.505      1.258      0.500 91580992
     0.123     -1.019      0.192     -1.610      0.014      1.566     -0.500      0.561      1.258     -0.500 94508327
     0.916     -1.019      1.146      0.006      1.040     -2.267     -0.500      0.127      0.758     -0.500 91886955
     0.445      0.885      0.660      0.407     -0.707      2.566     -0.500     -0.146      1.258      0.500 97572215
     0.322     -1.019      0.453      0.939     -1.394      1.316      0.500      0.488      0.258     -0.500 95579294
     0.185     -0.051     -1.411     -0.064      0.940     -0.934      0.500      0.127     -0.742      0.500 92504325
     1.010     -1.019      1.145      1.185     -1.938     -1.267      0.500      0.127      1.758     -0.500 97718242
    -0.659     -1.019     -0.523     -0.403     -1.647      1.483     -0.500      0.230     -0.742     -0.500 96676658
    -0.026      2.523     -2.316     -1.371      1.434     -0.184     -0.500     -1.217     -1.742     -0.500 97614977
     0.619      0.250     -0.756     -0.465      0.617     -1.934      0.500     -0.205      0.258      0.500 92716055
     0.435     -0.717      0.195     -0.484      0.345     -1.434      0.500      0.230      0.258      0.500 95315285
     0.369     -0.686      0.668      0.366     -0.248      2.316     -0.500     -0.757     -2.742     -0.500 92578898
     1.047     -0.416      1.127      0.162      0.291     -0.100     -0.500      0.230     -0.742     -0.500 98578240
     0.566     -1.019      1.587      0.468     -0.810     -1.184     -0.500      0.409      1.258     -0.500 95571156
     1.149     -1.019      1.587      0.939      1.785     -0.434      0.500      0.324     -0.242     -0.500 95579985
     1.030     -0.020      0.422      0.531     -0.388     -1.767      0.500     -0.444     -0.742     -0.500 99714489
    -0.296          *     -0.267      0.449     -0.470     -0.767      0.500     -0.994     -0.742     -0.500 95578321
    -0.521     -0.030      0.197     -1.005     -1.168      2.233     -0.500      0.230     -0.242     -0.500 93571167
    -0.311     -1.019     -0.952     -0.842      0.904      1.066     -0.500      0.012     -0.742      0.500 97576116
     0.617     -1.019     -1.847     -0.964      0.965     -1.017     -0.500     -0.268     -1.242     -0.500 91584927
    -0.802      0.857     -0.939      0.407     -0.326     -0.267     -0.500     -0.994     -1.242     -0.500 91575151
     1.149     -0.717     -0.002      1.185      0.462     -2.267     -0.500     -0.524     -1.242     -0.500 94579993
    -2.187     -1.019      0.205      0.898     -0.352     -2.350      0.500     -0.334     -0.742     -0.500 97712218
    -1.184      0.573     -0.475     -0.771      0.997      2.066     -0.500      1.052      0.258      0.500 97578248
     0.123     -1.019          *      0.468      0.774      3.983     -0.500     -0.406     -1.242     -0.500 94575629
    -0.881     -0.332     -0.284      0.653      0.646     -0.850     -0.500     -0.205      0.258      0.500 99570090
     0.123     -0.686     -0.912     -3.232     -0.611     -0.684      0.500     -0.757     -1.242     -0.500 99573195
     0.743     -0.443      0.422     -0.403     -0.616     -2.267     -0.500      0.230     -0.242     -0.500 95718044
    -2.983     -0.717     -0.960     -1.610      0.785      1.233      0.500     -0.444     -0.742     -0.500 96577263
    -0.282      0.636     -3.490      0.407     -0.551     -0.600      0.500      0.863      1.258     -0.500 98578344
    -0.137     -1.019      0.430      0.898     -0.486      0.650     -0.500      0.127     -0.242     -0.500 93574723
     0.933     -0.142      0.409      0.244     -0.337     -1.184     -0.500      0.629      1.758     -0.500 99718344
     0.797     -0.717      0.430     -0.484      1.581     -1.267     -0.500      0.903      1.258     -0.500 92575911
    -0.185     -1.019      1.132     -0.083      1.203      1.316     -0.500      0.269      0.258     -0.500 90578132
     1.149     -1.019      0.200     -0.247     -0.068     -0.934     -0.500      0.642     -0.242     -0.500 91586985
    -0.007      0.493     -0.268      0.653      1.392      1.816     -0.500      0.324     -2.742     -0.500 95578725
     0.222     -0.686     -0.042      1.185      0.327      0.566      0.500      0.148     -0.742     -0.500 98572943
     1.112      0.885      1.358      0.538     -0.467     -2.434      0.500      0.036      1.258      0.500 96579261
     0.896      0.282     -1.410     -1.897      0.881      1.400      0.500      0.488      0.258     -0.500 93578442
     0.528     -0.030     -0.250     -0.893      0.456     -1.600      0.500      1.824      2.258     -0.500 91716161
     0.178      0.219      0.880     -1.005      1.021      0.316     -0.500      0.306     -0.742     -0.500 92579293
     0.204     -0.332     -0.271     -1.180      0.022      0.983     -0.500      0.809      0.258      0.500 93604003
     0.807      1.313     -1.392      1.185      0.496      2.400     -0.500      0.230     -0.742     -0.500 97576284
    -0.805     -0.030     -0.978     -1.897     -0.964      1.316      0.500      0.324     -0.742      0.500 93578243
    -0.275     -1.019      0.430      0.653      0.546      2.316     -0.500      0.393     -0.742     -0.500 94579999
     1.149     -1.019      1.587      0.407      0.114     -0.434     -0.500     -0.757     -1.742     -0.500 97712179
    -0.311     -1.019     -0.060     -3.347      1.386     -3.684      0.500      0.230     -0.742      0.500 91585948
     0.696     -1.019      0.407      0.407     -0.083      0.233     -0.500     -0.444      0.758     -0.500 94579989
     0.242      1.239     -0.519     -0.064     -0.069      0.650      0.500      2.984      1.258     -0.500 97500332
     1.149      0.223      1.115     -0.453     -0.238     -2.934     -0.500     -0.444     -0.742     -0.500 18572905
     0.241     -0.051     -2.581     -0.842      0.718     -0.184      0.500     -0.334     -0.742      0.500 99578213
     0.809     -0.686      1.110     -1.323     -0.708     -1.017     -0.500      0.913      1.758     -0.500 92576814
    -0.553     -0.384      0.170      0.120     -0.928      0.066     -0.500     -0.524     -0.742     -0.500 94573990
     0.878      1.461     -1.402      0.653     -0.314      1.900      0.500     -0.706      1.258      0.500 91882970
     0.472      1.482      1.118     -0.306      0.556      0.150     -0.500     -0.524     -1.242     -0.500 96504886
    -0.129     -1.019      0.192      0.653      1.633      2.066      0.500     -0.706     -1.742     -0.500 97570179
     0.759     -0.416     -0.972      1.185      0.000      1.316      0.500     -0.811     -0.242     -0.500 91578947
    -0.472      0.293      0.192     -0.555     -0.419     -2.267     -0.500      0.809      2.258      0.500 93718044
     1.149     -0.083      1.812      1.185     -1.394      0.816     -0.500     -0.370     -0.242     -0.500 93579942
    -0.217     -1.019      0.646      0.653     -1.517     -1.600     -0.500     -0.444     -0.242     -0.500 94571018
     0.673     -1.019      0.668      1.185     -0.968     -0.684      0.500      0.127      1.758     -0.500 91570992
    -1.267     -1.019      0.205      0.407     -0.554     -3.600      0.500     -1.399     -0.242     -0.500 91786928
    -1.080      0.636      0.872     -2.388     -0.853      1.066      0.500      0.561     -0.242     -0.500 91578918
    -0.654     -1.019     -2.321      0.162      0.030     -1.850      0.500     -1.622     -0.742     -0.500 91719370
     1.010     -1.019      1.587      0.407     -1.500     -1.434      0.500      0.127      0.258     -0.500 91584922
     0.421     -0.717      0.430      0.252     -0.838      1.066      0.500      0.457      1.258     -0.500 99575949
     0.853     -1.019     -0.033      0.653     -0.398      0.400     -0.500     -0.657     -2.742     -0.500 90575005
     0.673     -1.019      0.431      1.185     -0.692      2.900     -0.500      0.148      0.758     -0.500 96573416
    -0.051     -1.019      0.668      1.185      1.409     -1.517      0.500     -0.706      0.258      0.500 99570026
    -2.690     -1.019     -0.276     -2.516      0.293     -0.184      0.500     -0.444      0.258     -0.500 96500071
     0.359     -0.061     -0.038      0.653      0.349      0.650      0.500      0.913      2.258     -0.500 91753335
     0.233     -1.019     -0.510     -1.365     -1.051     -0.517     -0.500      0.012     -0.742     -0.500 92570992
     0.911     -1.019      0.439      0.407     -0.582      0.900     -0.500     -0.118      1.258     -0.500 93571314
    -0.592      1.587     -1.203      1.185     -0.141     -0.017     -0.500     -0.444     -1.742     -0.500 94574135
     0.583     -0.717      0.205      0.407     -0.744      1.733      0.500      0.190     -0.742     -0.500 95676324
    -0.090      0.493     -0.033     -0.534     -0.048      1.816     -0.500     -1.756     -1.242     -0.500 97579177
     0.628      0.927     -0.041      0.285      1.015      1.066     -0.500      1.094     -0.242     -0.500 92608973
    -0.767     -1.019     -0.055      0.407      1.206      1.900      0.500     -0.118     -1.742      0.500 93504581
    -2.193      0.524     -1.617      0.006      1.436     -1.100     -0.500     -0.994     -0.742      0.500 98714986
    -0.083      0.282      0.961     -0.247     -0.913      2.066      0.500     -1.910     -0.742      0.500 94571367
     0.916     -1.019      0.430      0.898      1.058     -3.600      0.500      0.409      1.258     -0.500 91884952
    -1.045      0.583     -0.249      0.120      0.734      0.733      0.500     -1.304     -0.742     -0.500 97572349
    -0.730      0.219      1.587      0.939      0.959     -0.600      0.500     -0.444     -1.242     -0.500 99572290
     0.217      0.219      0.192      0.653      1.393     -0.100     -0.500      1.173      0.258     -0.500 97572962
    -1.057      1.037     -2.081      0.653      0.279      1.566     -0.500      0.324     -0.242     -0.500 90500031
    -0.753     -1.019      0.876     -1.391      0.770     -1.184      0.500     -0.524      0.258      0.500 97316657
     0.605     -0.416      0.903     -1.391      1.181     -1.350      0.500      0.127     -0.742     -0.500 94579296
     0.458      0.250     -2.100     -0.482      0.234      1.150      0.500     -0.611      0.258      0.500 94576856
    -1.286     -1.019      0.209      0.181      1.520     -0.684      0.500      0.409      0.758     -0.500 91576201
     1.149     -0.353     -0.021     -0.125      0.861      0.733     -0.500      0.324      1.258     -0.500 95508333
    -0.051     -0.332     -0.497      0.407      0.210      0.733     -0.500     -0.268     -0.742      0.500 96574295
     0.417      0.573     -0.033      0.694      0.309      0.733      0.500      2.292      1.758     -0.500 93608971
    -0.313     -0.717      0.188      1.185     -1.367     -2.100     -0.500      0.190      0.758     -0.500 91715280
    -0.555      0.959      0.430      0.162      0.518      1.816     -0.500      0.012     -0.242     -0.500 57101995
     1.035      0.462      1.574     -0.023      0.303     -2.017     -0.500     -0.268      0.258     -0.500 57106951
    -0.493      1.454     -1.410     -1.598      0.091     -1.767     -0.500     -1.622     -2.742      0.500 57109625
    -1.699      0.583     -0.692     -2.229      1.126      0.733      0.500     -0.657      0.258     -0.500 57111498
    -0.279      2.009     -0.474     -2.184      0.610     -0.184     -0.500     -0.483     -0.742      0.500 57117542
     0.640     -1.019     -0.042      0.407      0.275     -3.434      0.500     -0.566      0.258     -0.500 57118381
     1.030     -1.019      0.871      0.293      0.711      0.233      0.500      1.008      1.758     -0.500 57118943
     0.280     -1.019     -0.033      0.653     -0.707     -3.350     -0.500      0.629      1.258     -0.500 57120005
     0.704     -0.416     -0.038      1.185      1.622     -0.100      0.500      0.913      2.258     -0.500 57121404
     0.874     -1.019     -0.030     -0.935     -2.075     -1.017     -0.500     -0.524     -0.742      0.500 57126679
    -0.027     -1.019      1.349     -0.711     -0.479     -0.517     -0.500      1.315      1.258     -0.500 57130165
     0.874     -0.686      0.664      0.407     -0.458     -2.267     -0.500     -1.137     -0.742      0.500 57131909
     0.123     -1.019     -1.645     -0.247     -0.010     -0.767      0.500      0.629      0.758     -0.500 57134457
     0.123      0.573          *      0.040     -0.320      3.066     -0.500      0.409      0.258     -0.500 57134740
    -3.191     -0.384     -0.718      0.939      1.275     -2.267     -0.500      0.230      0.258     -0.500 57138056
    -1.575      1.260     -1.437     -0.116     -0.300     -1.100     -0.500      0.012      0.258     -0.500 57139533
     0.174     -1.019     -1.222     -1.156     -1.219     -0.767     -0.500     -0.118      1.258     -0.500 57141051
    -0.969      1.260      1.146      0.407     -0.497      0.733      0.500      1.315      0.758     -0.500 57141675
    -0.782     -0.384     -0.741      0.006     -0.288      0.483     -0.500      0.230     -0.742      0.500 57144402
    -0.105     -1.019      0.638      1.185     -0.350     -2.850     -0.500     -0.611     -0.742      0.500 57153669
     1.149     -0.416      0.664     -0.714     -1.015      0.733     -0.500      0.306     -0.742     -0.500 57156009
     0.705      0.910     -0.704      0.939      2.082     -1.517     -0.500      0.082     -1.742     -0.500 57157723
    -1.511      1.281     -1.203     -1.243      0.836      0.233      0.500      1.247      1.758     -0.500 57159952
     0.123     -1.019     -0.719     -0.023     -0.202     -1.350     -0.500     -3.702      0.258     -0.500 57160641
    -0.272      1.239      0.205      0.898     -0.930      0.816     -0.500     -0.657     -0.742     -0.500 57160648
     0.078     -0.142     -0.749      1.185     -0.074     -2.100     -0.500      0.693      1.258     -0.500 57161246
     1.149     -1.019      0.642      1.185      1.040     -1.934      0.500      0.809      1.758     -0.500 57163657
     1.186     -0.686      1.812      1.185      0.524     -2.767     -0.500     -0.205     -0.742      0.500 57164822
     0.288      0.271     -0.011      0.366     -2.902      2.650     -0.500     -0.444      0.258     -0.500 57167819
     0.611     -0.686      0.422     -1.120     -0.537     -0.850     -0.500     -1.217      0.258      0.500 57174605
     1.149     -1.019      1.348      1.185     -1.617     -1.100     -0.500      0.488      0.258     -0.500 57177419
     0.133      0.282      0.867      0.293     -0.156      0.566     -0.500      0.059     -2.742     -0.500 57177874
     0.371      0.250      1.101      0.939     -0.810      1.400     -0.500      0.249     -0.742     -0.500 57177942
    -2.311     -0.384     -1.189     -1.652     -0.283     -2.100      0.500     -0.444     -0.742     -0.500 57179591
     0.720     -0.416      0.416      0.653     -0.766      0.316      0.500      0.990      2.258     -0.500 57186150
     0.673     -1.019      0.218      1.185     -0.529     -2.267      0.500     -0.869      0.258     -0.500 57191910
     0.295      0.219     -0.263      0.223      0.653      0.983      0.500      2.515      1.758     -0.500 57192717
     0.366     -1.019      0.876     -0.116     -0.771     -2.517      0.500      0.230      2.258     -0.500 57192818
     0.673      1.593     -1.405     -3.162     -0.505     -0.434      0.500     -0.657      1.258      0.500 57194526
     1.149      1.222      0.205     -0.002     -0.459      2.900     -0.500     -0.757     -1.742     -0.500 57197327
     0.103          *      0.214      1.185      1.126     -2.517      0.500     -0.869     -1.242     -0.500 57202876
    -0.289     -0.353     -0.708      0.162     -0.359     -0.600     -0.500     -0.268      2.258      0.500 57203993
     1.149     -1.019     -0.510     -1.873      0.993     -1.850     -0.500      0.409     -0.742     -0.500 57209452
    -0.049     -0.686     -0.050     -1.696      1.363      0.900      0.500      0.082      1.258      0.500 57210532
     0.179      0.546      0.430     -1.610     -0.462     -2.434      0.500      0.693     -0.242     -0.500 57210727
    -0.445     -0.717      0.412     -0.597     -0.225     -0.350     -0.500      0.230      0.258     -0.500 57212679
     0.815      1.947     -3.005     -1.852     -0.122      0.816      0.500     -0.370     -1.742     -0.500 57214806
     1.112     -0.142     -0.038      0.898     -1.063     -0.850      0.500      0.230     -0.742      0.500 57216449
    -2.276      1.947      0.210      0.407      0.432      2.233     -0.500      0.269      1.258     -0.500 57217290
    -0.642      0.927     -1.203     -2.731      1.204     -2.184     -0.500     -0.118     -1.242     -0.500 57217613
    -0.737     -0.353     -1.857     -1.861     -0.383      0.483     -0.500     -0.566     -1.742      0.500 57220133
    -1.119      0.462     -0.272     -0.711     -1.228      0.900     -0.500      0.668     -0.742     -0.500 57233403
    -0.493      1.534     -0.938      1.185      0.922     -1.100     -0.500      0.693      1.258      0.500 57234141
    -3.270     -0.717      1.574      0.407      0.037     -2.017      0.500     -0.657      1.258      0.500 57239974
    -2.549      1.947     -2.562     -1.712      1.494      1.483     -0.500      0.693      2.258     -0.500 57242466
    -1.739      0.767     -0.726      0.898     -1.180      0.233      0.500      0.359     -0.742     -0.500 57249576
    -0.392      1.260     -0.258     -1.897      0.073      1.316      0.500      0.441     -0.242     -0.500 57253218
    -0.354     -0.353     -0.948      0.407      0.539      1.483      0.500     -0.444     -0.242     -0.500 57254282
     0.123     -1.019     -0.021      0.079      0.742     -0.267     -0.500      0.693     -0.742     -0.500 57256290
     1.149     -1.019      1.123      0.939      1.129      2.400      0.500     -0.118      0.258     -0.500 57257216
    -2.836      0.303     -1.402     -1.942      0.134     -2.100      0.500      0.012     -0.742     -0.500 57262270
    -0.763      1.815      0.171      0.407     -1.316      2.650     -0.500     -0.268     -0.742     -0.500 57268753
    -1.232      0.601     -0.947      0.898      0.206     -1.017     -0.500     -0.524      0.758     -0.500 57271615
    -0.537     -0.686     -0.016      0.939     -1.522      1.400      0.500     -0.566     -0.242     -0.500 57275548
     0.342     -0.061      1.101      1.185      0.308     -0.350     -0.500      0.230      0.258     -0.500 57276015
    -0.929     -1.019      1.349      0.538     -2.148     -0.850      0.500      0.629      2.258      0.500 57277290
     0.685     -1.019      0.881      0.006     -0.599     -0.600     -0.500      0.409     -0.742     -0.500 57277526
    -1.013      0.885     -1.635     -0.002      1.076      1.066     -0.500      0.169      0.758     -0.500 88101797
     0.916     -1.019      1.587      1.185      0.095     -3.017     -0.500      0.753     -0.242     -0.500 88122937
     0.992      0.462      1.574      0.048     -0.161      1.816     -0.500     -0.118     -0.742     -0.500 88183732
    -0.146      3.674     -0.682      0.407     -0.389      2.483     -0.500      0.127     -0.742     -0.500 88191364
    -0.285      1.201      1.574      1.185      0.094      0.816     -0.500     -0.444      0.258      0.500 88251811
    -1.538     -0.665     -0.718     -1.285      0.044     -1.684      0.500      1.094     -0.742     -0.500 90316250
     0.353     -1.019      0.650      0.653     -0.761     -2.600     -0.500      0.324      0.758     -0.500 90316656
    -0.299      1.461     -1.667     -0.239     -1.161      2.316     -0.500     -0.929      1.258      0.500 90500733
     0.177     -1.019      0.646     -1.180      0.321      0.816     -0.500     -0.370      2.258      0.500 90500970
    -1.795     -0.416      0.430     -2.814     -0.890      1.733     -0.500      0.012      1.258     -0.500 90501255
     0.011      0.552      0.205      0.407      0.067      0.566     -0.500      0.409     -0.242     -0.500 90501955
     0.453      0.250     -1.181      0.898      1.187      1.733      0.500     -0.146     -1.242     -0.500 90504142
    -0.893     -1.019      0.205      0.653      0.761      0.066     -0.500     -0.444      1.258     -0.500 90504220
     1.149     -0.416      0.876     -0.432     -1.055      2.233     -0.500      0.306     -0.242     -0.500 90504280
    -0.110      0.708     -0.523     -1.323     -0.172     -0.434     -0.500      0.409     -0.742     -0.500 90506085
    -1.751      1.260     -1.424      0.653     -1.989      0.566     -0.500      1.094      0.258     -0.500 90506086
    -0.073      1.815     -0.017     -2.875      0.034      0.400      0.500     -0.566     -0.742      0.500 90506191
     0.556      0.948     -0.033      0.006      1.392      1.483      0.500      0.488     -0.242     -0.500 90506203
    -0.275      0.594      0.886      0.407     -0.929     -0.267      0.500      0.693      1.258     -0.500 90506236
     0.896     -0.363      1.111     -0.771      1.625      2.816      0.500      1.315      0.258     -0.500 90506323
    -0.046     -0.416          *     -2.675     -1.059      3.483      0.500      0.488      0.258     -0.500 90506372
     1.149      1.593     -1.441     -0.465     -0.338     -0.517      0.500     -0.091     -1.242     -0.500 90506379
    -1.785     -0.416          *      0.939      0.335      0.066      0.500      0.012     -0.242     -0.500 90506725
    -1.304      2.523      0.206      0.407      1.559     -1.017     -0.500      0.629      1.258      0.500 90506884
     1.149     -1.019      0.430     -0.064      0.200     -0.934      0.500      0.693      1.258     -0.500 90506935
    -0.026     -0.717     -0.280     -0.956      0.020      1.816      0.500      0.913      0.758     -0.500 90508033
    -0.688     -0.083      1.110     -1.201      0.031      2.400     -0.500      0.127     -1.742     -0.500 90508123
    -0.480      0.271      0.434      0.653     -0.511     -1.100      0.500     -3.702     -1.242     -0.500 90508268
    -0.592     -1.019      0.439      0.006     -1.505     -0.434      0.500      0.913     -0.742     -0.500 90508272
     0.339     -0.443      0.205      1.185      0.014     -0.517      0.500      0.488     -0.242     -0.500 90508678
    -0.637      0.293      0.192     -0.648     -0.213      1.066     -0.500      0.082     -0.742     -0.500 90508966
    -0.273     -0.686      1.574      0.939      1.201     -0.100      0.500      0.629     -0.242     -0.500 90508969
     1.112     -1.019     -0.038     -1.451      0.366      2.483      0.500     -1.217     -1.742      0.500 90543905
    -1.439      0.240      0.894     -0.893      0.055     -0.350      0.500      0.306      0.758     -0.500 90544989
    -0.940      0.462     -0.258     -0.083     -0.817      2.316     -0.500      0.230     -1.242     -0.500 90570090
    -0.088     -0.332      0.192      0.407     -0.873     -0.517      0.500     -0.869     -1.742      0.500 90570096
     1.186      0.524     -0.021     -0.534      1.003      3.733     -0.500      0.324     -0.742      0.500 90570388
    -0.019      1.724      1.574     -0.606      0.717      2.566     -0.500      0.741      0.258     -0.500 90570391
    -1.404     -0.353     -0.497     -0.534      0.099     -0.517      0.500     -0.706     -0.742      0.500 90570676
    -1.428     -0.384     -2.095      0.898     -0.496      2.316      0.500      0.059      1.258     -0.500 90570725
     1.112     -1.019      1.336     -0.424     -0.023      0.816      0.500     -0.657      0.258      0.500 90570892
     1.010     -1.019      0.205     -0.719      1.179      1.816      0.500      0.863     -0.242     -0.500 90570972
    -1.160      0.191     -0.449     -1.042      0.276      1.400     -0.500     -1.063     -1.742      0.500 90571100
     1.030     -1.019      1.366      1.185     -0.748     -0.934     -0.500     -0.205     -0.742     -0.500 90571103
     1.010     -1.019      1.812     -1.610     -1.128      0.316     -0.500      0.059      0.258     -0.500 90571160
     1.112     -1.019      1.587      0.939     -0.375     -2.100      0.500     -0.657     -0.742      0.500 90571202
    -0.808     -1.019     -0.939     -1.610     -0.958     -2.684     -0.500      0.561      0.258     -0.500 90571210
    -0.787     -0.686      0.188      1.185     -0.388     -0.684      0.500      0.059      1.258     -0.500 90571362
    -1.409     -0.443      0.205      0.898     -0.521      1.150      0.500      0.913      1.258     -0.500 90571418
    -0.435     -0.384     -0.024     -0.526      1.971      2.650     -0.500     -0.146      0.258     -0.500 90571461
    -0.450      2.523     -0.037      0.898     -0.764      1.733     -0.500      0.190     -0.742     -0.500 90571462
     0.815     -1.019      0.880      0.694      1.161     -1.017     -0.500      0.693      1.758     -0.500 90571555
     0.123      0.795     -1.843     -0.690      0.820      1.483     -0.500      0.190     -1.242     -0.500 90571602
     1.149     -0.443     -0.038      0.267      0.865     -2.850      0.500     -0.444     -1.242     -0.500 90571604
     0.093     -0.114      0.412      0.898      0.549     -2.267      0.500      0.230     -0.742     -0.500 90571805
    -0.156      1.121     -1.177      0.162      0.438     -0.850     -0.500      0.693      0.258     -0.500 90571812
     0.461     -0.416      0.408      0.653     -1.258     -0.184     -0.500      0.127      0.758     -0.500 90571813
     1.149     -1.019      1.119      0.694     -1.628     -1.600      0.500      0.561      0.258     -0.500 90571816
     1.149     -1.019      0.430      0.694     -1.464     -1.267     -0.500      0.753      0.758     -0.500 90571912
     0.007      0.604     -2.795      0.538      0.588      2.066      0.500      0.561      0.758     -0.500 90571913
     1.149     -1.019      0.430      0.120     -1.350     -2.184      0.500     -0.091     -0.742     -0.500 90571914
    -1.248     -0.717     -0.466      0.366     -0.319     -0.017     -0.500     -0.370      0.258      0.500 90571916
    -0.101     -0.083     -0.033      1.185     -0.892     -0.017      0.500      0.409      0.258     -0.500 90571919
     1.149     -0.443      1.349      0.162      1.093      2.900      0.500      0.324     -0.242     -0.500 90572048
    -0.314     -1.019     -0.298      0.611     -2.617      0.066     -0.500      1.173     -0.242     -0.500 90572049
    -0.731      1.222      1.114      0.939      1.417      1.316     -0.500     -0.146      0.758     -0.500 90572074
     0.297      0.885      0.192      0.939     -1.158      1.900     -0.500     -0.175     -0.742      0.500 90572105
     0.874     -1.019      0.648      1.185      1.016     -1.434     -0.500     -0.483      0.258      0.500 90572169
    -1.886     -1.019     -0.948     -0.473      0.029      1.066     -0.500     -0.869     -0.742      0.500 90572209
     0.435     -1.019      1.812      1.185      1.316      1.316     -0.500      0.059     -0.742     -0.500 90572210
     0.347     -1.019      0.651      1.185     -2.171     -1.100      0.500      0.693      1.258     -0.500 90572211
    -1.903      1.239      0.655      0.162      0.202      2.066      0.500      0.082      1.258     -0.500 90572228
     0.425     -1.019      0.430      0.898     -0.322     -0.350     -0.500      0.012     -0.742     -0.500 90572241
    -0.007     -1.019     -0.938     -0.064      0.213      0.650      0.500      0.230     -0.742     -0.500 90572265
     0.874     -1.019      0.651      0.694      0.744      1.233     -0.500     -1.622     -0.742      0.500 90572266
     0.628     -0.686      0.885      0.407      2.383     -0.184      0.500      0.488      0.258     -0.500 90572269
    -1.426      1.475     -0.267      1.185      0.350     -1.100      0.500     -1.304     -1.242     -0.500 90572288
     0.992     -1.019      0.651      0.223      0.127     -1.017      0.500     -0.091     -0.742     -0.500 90572308
     0.710     -0.384      0.902     -0.167      1.471      0.900     -0.500     -0.611     -1.242     -0.500 90572384
    -2.517     -1.019      0.899     -3.879      0.539      2.566      0.500      0.169      1.258      0.500 90572397
     0.911     -0.142      0.196      0.939     -0.696     -1.600     -0.500      0.269      0.258     -0.500 90572562
     0.814     -0.443     -0.271     -0.064     -1.752     -2.684      0.500     -0.334     -0.742     -0.500 90572566
    -1.819     -0.686      0.470      0.366     -0.777      1.983     -0.500     -0.406     -0.742      0.500 90572862
    -0.645     -1.019     -2.078     -1.942     -0.872     -1.767     -0.500     -3.702      1.258      0.500 90572864
     0.892     -1.019      0.660      0.653     -0.076     -2.100      0.500     -0.566      0.758     -0.500 90572868
     0.058     -0.717      0.184      1.185     -1.013      0.483      0.500     -0.038     -0.742      0.500 90572900
    -0.026     -1.019      0.646      0.898     -0.636     -0.017     -0.500      0.012     -0.242     -0.500 90572908
     0.747     -0.416      0.633      0.898      0.587      0.233     -0.500      0.561      1.258     -0.500 90572909
     0.297      0.927     -0.232     -1.738      0.478      1.150     -0.500     -1.399     -0.742      0.500 90572940
     0.677      1.593          *     -1.058      1.076      2.900      0.500     -0.064     -2.242     -0.500 90572980
     0.287      0.271      1.097      0.120     -0.616      1.316     -0.500      0.809      0.258     -0.500 90572998
    -0.403      1.815     -1.834      1.185      1.381      2.566      0.500     -0.334     -1.242     -0.500 90573011
    -0.401     -0.353      0.205     -0.370      1.075      2.650      0.500      0.230     -0.742     -0.500 90573117
     0.555     -0.717          *      0.939     -1.243      2.400      0.500      0.324      0.258     -0.500 90573194
    -0.172     -1.019     -3.017     -2.315      0.991     -1.767     -0.500     -0.657     -0.242     -0.500 90573212
    -0.264     -1.019      1.119      0.449      2.077      0.650      0.500      0.324     -0.742     -0.500 90573217
    -0.235      0.552     -0.258      0.040     -0.102      0.733      0.500     -0.334      0.258      0.500 90573392
     0.884     -0.020      0.655      0.468      0.456      0.150      0.500     -3.702     -1.742      0.500 90573899
     0.782     -0.114      1.587      1.185     -0.757      1.733      0.500      0.306      0.258     -0.500 90573911
    -1.349     -0.030      0.223      0.079      0.676     -2.767      0.500      0.190     -0.242     -0.500 90573940
     1.112      1.947      1.812     -0.393     -1.094     -1.434      0.500     -0.524     -0.742      0.500 90573941
    -0.782     -0.109     -1.861      1.185      1.311      1.400     -0.500     -0.657     -0.242     -0.500 90573942
    -0.123      0.223      0.201      0.653     -0.343     -1.684      0.500     -0.205     -1.242     -0.500 90573945
     0.642     -0.443      0.903     -0.239     -0.319      2.483      0.500      0.655     -0.242     -0.500 90573950
     0.679     -1.019      1.574      0.939     -1.061     -1.767     -0.500     -0.118     -0.742      0.500 90573957
     1.030     -1.019      0.430     -1.078      0.575     -0.017      0.500      0.488     -0.742     -0.500 90574008
    -1.630      0.001          *      0.407     -0.965      2.400     -0.500     -1.505     -0.742      0.500 90574028
     0.510      2.221     -0.983     -0.265     -1.165      0.733     -0.500     -1.756     -0.742     -0.500 90574133
     1.112      1.703     -0.973      0.407      0.809      1.483     -0.500     -0.566     -0.742      0.500 90574196
     0.272     -0.384      0.430      0.048     -0.166      2.983     -0.500     -0.994     -1.242     -0.500 90574197
     0.884     -1.019      1.111      0.898      1.146      0.983      0.500     -0.483     -0.742      0.500 90574205
     1.112     -0.363      0.444      1.185      0.983      0.566      0.500     -2.315     -0.742      0.500 90574335
     1.149     -1.019     -2.334     -1.001      0.577     -0.684     -0.500     -0.657     -1.242     -0.500 90574427
    -0.361      1.593     -0.943     -1.206      0.491     -1.100      0.500      0.409     -0.742     -0.500 90574489
    -0.731      0.980     -1.429     -0.289     -1.235      0.150     -0.500     -2.603     -1.742      0.500 90574934
    -0.026      0.303      0.646     -0.310      1.483      3.150     -0.500     -0.118      0.258     -0.500 90575118
     0.363      0.927      0.430      0.898      0.103      0.483      0.500      0.561      1.758     -0.500 90575131
    -0.741      0.573     -0.479     -1.365     -0.284      1.900      0.500      0.809     -0.242     -0.500 90575138
     0.574      1.593     -0.263     -0.247      0.453      2.233     -0.500      1.173     -0.742      0.500 90575158
    -0.270      0.948      0.664      1.185     -0.013     -0.100      0.500      0.913      0.758     -0.500 90575166
    -0.051     -0.363      1.110     -0.361     -1.131      1.066     -0.500      0.693      1.258      0.500 90575210
     0.297     -0.051     -1.125     -0.575      0.901      1.900     -0.500      0.012      0.258      0.500 90575257
     0.705      1.159      0.955      0.898     -0.101      0.900      0.500     -0.757     -0.242     -0.500 90575280
     1.149     -0.582      0.425      1.185     -1.554     -0.684     -0.500      0.913      1.258     -0.500 90575333
     0.369      1.180      0.660      0.162      0.518     -1.100     -0.500     -0.013     -0.742     -0.500 90575338
     0.916     -1.019      1.119      0.653     -1.824     -0.850      0.500     -0.524     -0.742     -0.500 90575354
    -1.264     -0.114     -0.942      0.898      0.374      0.566     -0.500     -0.268     -0.742     -0.500 90575465
     0.045      0.573      1.574     -1.597     -0.087      2.566     -0.500      0.012     -1.742     -0.500 90575835
     0.437     -0.717      1.349      0.653     -0.925      1.150     -0.500      0.127      0.258     -0.500 90575836
    -0.034      1.593     -1.866     -0.289      1.759      1.066     -0.500     -1.137     -2.242     -0.500 90575954
    -0.156     -0.717     -0.497     -0.064     -0.398      0.566      0.500      0.376      1.758     -0.500 90575971
    -0.841     -0.717     -0.042     -0.893     -2.730      2.400      0.500      1.233      1.758     -0.500 90575975
     0.140      1.281      0.646     -1.365     -0.536      0.066      0.500      1.008      2.258     -0.500 90575978
    -1.814      0.324     -0.704      0.653      3.344      1.066      0.500      0.629     -0.242     -0.500 90575995
    -1.830      1.947     -0.934      0.204      0.417      1.150     -0.500      0.012     -0.742      0.500 90575998
     0.906     -0.665      1.340      0.939      0.383      1.816     -0.500      0.693      1.258     -0.500 90576013
    -0.527      0.948     -0.024      0.694      0.405      0.316      0.500      0.127      2.258      0.500 90576018
     0.992     -1.019     -0.033     -1.096     -0.719     -0.017      0.500      0.059      1.758     -0.500 90576084
    -0.017      0.927      0.908      0.538     -0.695      1.733     -0.500     -0.334      1.258      0.500 90576117
    -0.951     -0.142      0.668      0.653     -0.514     -0.017      0.500      0.012     -1.742     -0.500 90576296
    -0.690      0.493     -0.268      0.653     -0.215      1.733     -0.500      0.473      0.258      0.500 90576373
    -1.185      0.626     -0.722     -1.425     -0.006      2.483     -0.500      0.629      0.258     -0.500 90576402
    -0.821     -1.019     -0.268     -0.893      0.177      1.816     -0.500      0.913      1.258     -0.500 90576485
     0.341     -0.363     -0.037     -1.733     -0.335      2.150     -0.500      0.863      2.258     -0.500 90576531
     1.030     -0.665      1.812      0.048     -0.965     -0.267     -0.500      0.561      0.258     -0.500 90576607
     1.010     -1.019      1.582      0.006      0.664      3.900     -0.500      0.629      1.258     -0.500 90576650
    -1.686      0.657     -1.640     -2.142     -1.254     -0.600      0.500      0.409      1.258     -0.500 90576687
     1.010     -1.019     -0.471      1.185     -0.492     -0.434      0.500      0.913      0.758     -0.500 90576705
    -1.873     -0.717     -0.734     -0.310     -1.700      1.733      0.500      0.409     -0.242     -0.500 90576815
     0.378      1.947     -2.081     -2.619     -1.072      0.650     -0.500     -1.137     -0.742      0.500 90576903
    -1.139     -1.019      0.417     -0.956      0.565      0.733      0.500     -0.483      0.258      0.500 90576916
     0.087     -1.019      1.371      0.939      0.184      0.733     -0.500      0.561      0.258     -0.500 90576964
    -0.026      0.906      0.192      0.653      1.157      0.983     -0.500     -0.038     -0.742     -0.500 90577063
    -0.030      0.636      0.660     -1.897      0.248      0.900      0.500      0.324      0.758     -0.500 90577128
    -0.384     -0.384      0.430     -2.675     -0.701      1.233     -0.500      0.036     -0.742     -0.500 90577163
     0.799     -0.384     -0.484     -0.833      0.230      0.233      0.500      0.561     -0.242     -0.500 90577166
    -0.592     -1.019     -1.194     -0.956     -0.529      1.066      0.500     -0.118     -0.242     -0.500 90577256
     0.174     -1.019      1.106      0.468     -1.017      2.483      0.500     -0.757      1.258      0.500 90577310
     0.399      0.885     -0.246     -0.239      0.837      1.983      0.500      0.190      0.258     -0.500 90577512
     1.035     -1.019      0.668      0.653      0.489      2.733      0.500     -0.091     -0.742     -0.500 90577516
     0.556     -0.083      0.425      0.468     -0.299      2.316      0.500      0.561      1.258     -0.500 90577612
    -0.271     -0.384     -0.952      0.653      2.608      1.400      0.500      0.409     -1.742     -0.500 90577712
     0.781     -1.019      0.677      0.204     -0.129     -0.850      0.500      0.913      0.258     -0.500 90577817
    -0.246     -0.114      0.206     -0.247      0.193      1.566     -0.500      0.012      0.758     -0.500 90577852
     0.749     -0.717      0.232     -0.606      0.150     -0.517     -0.500      1.315      1.258     -0.500 90577923
     1.149     -1.019      1.119      0.181     -1.857      0.316     -0.500      0.409      2.258     -0.500 90577964
     0.992      0.219     -0.046     -0.893     -0.519      0.816     -0.500      0.409     -0.742     -0.500 90578025
     0.447     -0.665     -1.411     -1.292      1.415     -1.017      0.500      0.210     -0.242     -0.500 90578048
    -0.001     -0.114     -1.874     -0.310      1.291      2.650      0.500      0.913     -0.742      0.500 90578049
     0.409     -0.083     -0.912      0.244     -0.301      1.066      0.500      0.809     -0.742     -0.500 90578076
    -0.135      0.546     -0.240     -0.893     -0.811      0.066     -0.500      0.488      0.758     -0.500 90578140
    -1.603      1.370     -0.743     -1.243      1.381      2.733     -0.500      0.409     -0.742     -0.500 90578141
    -0.156      0.937     -0.700      0.120     -0.110      2.400      0.500      0.787      0.758     -0.500 90578142
    -0.032     -0.416     -0.475      0.407     -0.600      2.316     -0.500      0.753      2.258     -0.500 90578144
    -1.024      0.959      0.889      0.694     -0.146     -0.434     -0.500      0.127     -1.242     -0.500 90578146
     0.696      0.271      0.217     -0.002      0.027      1.316     -0.500      0.913      2.258     -0.500 90578147
    -0.051      0.282      0.192      0.653      0.283     -0.100      0.500     -0.566     -1.742      0.500 90578148
     0.713      1.593      0.413      0.531     -2.753      1.066      0.500     -0.268      0.758     -0.500 90578198
     0.207      0.885      0.668      0.939      0.593     -0.267      0.500     -1.910      0.258      0.500 90578217
    -2.104      0.556      0.449      0.653      0.040     -1.100      0.500      0.324      0.758     -0.500 90578241
    -0.912     -1.019     -0.722     -1.243     -2.046     -0.434     -0.500      0.269      1.258     -0.500 90578341
    -0.037     -0.416     -0.033      0.694     -1.367      2.650     -0.500      0.441     -0.742     -0.500 90578345
    -1.214      1.947     -0.258     -1.120     -0.669     -0.100      0.500     -0.268      2.258      0.500 90578445
     0.555     -0.363      1.097     -0.677     -0.181     -0.184     -0.500     -0.483     -1.242     -0.500 90578490
    -0.084     -1.019      0.192     -0.125     -0.037     -1.100      0.500      0.148      0.758     -0.500 90578620
    -2.919     -0.353     -1.861     -2.569      0.196     -0.100      0.500      0.409     -0.742     -0.500 90578641
     0.598      0.906      0.880      0.939     -0.940      1.900     -0.500      0.341     -0.742     -0.500 90578642
     1.149     -1.019      0.656      1.185     -1.408      0.733     -0.500     -0.013      0.258     -0.500 90578648
     0.586     -0.416      0.214     -0.606      0.190      2.150      0.500      0.561      0.258     -0.500 90578649
     0.918      2.057      0.902     -1.696      0.005      1.566     -0.500      0.127     -0.242     -0.500 90578743
     1.030      1.947     -0.488     -1.365      0.677      1.233      0.500      0.561      2.258     -0.500 90578749
     0.123     -0.686      0.430      0.653      0.321      2.566      0.500      0.409     -0.742     -0.500 90578813
     1.149     -0.686      0.179      1.185     -1.282      0.900      0.500      0.324      0.258     -0.500 90578821
    -0.517      1.042     -1.423     -1.365      0.292      1.733     -0.500     -0.444     -0.742      0.500 90578849
     1.035      0.556     -0.033     -0.205      1.821     -1.017      0.500      0.127     -0.742     -0.500 90578927
    -3.234      0.191     -0.501     -0.657      0.163     -0.100      0.500     -0.038     -0.742     -0.500 90578940
    -0.314     -0.384      0.660     -1.999      0.324     -0.267      0.500     -0.118     -0.242     -0.500 90578941
     0.884      1.260          *      0.407      0.025      2.650     -0.500     -0.406      2.258      0.500 90578944
    -2.116     -0.717     -1.173     -1.942     -0.601      0.900     -0.500     -0.013      0.258     -0.500 90578945
     0.001     -1.019     -0.029      0.898      0.489      0.066      0.500      0.012      0.258     -0.500 90578946
     0.792     -0.717      0.170     -0.648     -0.120      0.566     -0.500     -0.118      1.258     -0.500 90578948
    -0.156     -0.114      0.192     -0.310     -1.689      2.400     -0.500      0.962      0.258     -0.500 90578949
    -0.690     -0.142     -0.496     -0.711      0.535      2.400      0.500     -0.118     -0.742     -0.500 90579173
    -0.156      0.191     -0.038      0.898     -0.217     -0.100     -0.500      0.488     -0.242     -0.500 90579270
    -0.408     -1.019     -0.258     -0.247      0.472      0.233      0.500     -0.268     -0.742     -0.500 90579272
     1.186      1.947     -0.262      0.407      0.440      1.150     -0.500     -1.910     -0.742      0.500 90579275
     1.149      0.462      1.111      0.898      0.594      1.566     -0.500      0.409     -1.242     -0.500 90579277
    -0.454      0.906      0.192      1.185      1.221     -1.017      0.500      1.094      0.258     -0.500 90579376
     0.809     -1.019     -0.051     -0.719     -0.120     -2.017     -0.500      0.012     -0.242     -0.500 90579941
    -1.238     -0.384      0.660      0.223     -0.671      2.150      0.500     -0.444     -1.242     -0.500 90579942
    -1.680     -0.717     -0.964     -1.066     -0.640      1.650      0.500     -0.657     -1.742      0.500 90579944
     0.092     -1.019      0.213      0.407      0.723      2.233      0.500      0.230     -0.742     -0.500 90579949
     0.686     -1.019          *      0.407      1.449      3.733     -0.500      0.488      0.258     -0.500 90579965
     0.872     -0.384      1.812      0.694      1.029      2.233     -0.500      0.693     -0.742      0.500 90579966
    -0.578     -1.019      0.872      0.267      0.054     -0.267     -0.500      1.824      1.258     -0.500 90579967
     0.705     -1.019      1.574     -0.935      0.359     -2.350     -0.500     -0.205     -0.242     -0.500 90579985
    -2.238     -0.384     -0.010      0.120     -0.363      1.983     -0.500     -1.399     -0.742      0.500 90579990
    -0.184      1.947     -1.613      0.120     -0.848      1.816     -0.500     -1.910     -1.242     -0.500 90579993
     0.526      0.906     -0.015     -0.944      1.800      1.650     -0.500     -0.483     -1.242     -0.500 90579996
     0.187     -0.717     -0.258      0.653      0.245      1.400      0.500     -0.483     -0.742      0.500 90579999
     1.149     -0.416     -0.024      0.407      0.006      2.316      0.500      2.410      2.258     -0.500 90606920
     1.149     -1.019      0.196     -0.833     -0.528     -0.434     -0.500      0.210      0.258     -0.500 90608874
     0.528      1.593      0.656      0.898     -0.553      2.733      0.500      0.230     -0.242     -0.500 90614175
     0.874     -0.384      0.430      0.293     -0.395      1.233     -0.500     -1.063     -0.742      0.500 90614371
     0.411      0.324     -0.453      0.939      0.646      1.233     -0.500      0.753     -0.742      0.500 90614471
     0.933      0.906      1.133      1.185     -0.458     -0.600      0.500      0.409      1.258     -0.500 90614574
     1.035     -0.665      0.885      0.449     -0.754      0.733      0.500      0.693     -0.242     -0.500 90614978
    -1.937     -0.717     -0.254      0.898     -1.059     -0.600      0.500      0.753      1.258     -0.500 90619260
     0.762     -1.019     -0.506      0.653      0.945     -1.934     -0.500      0.693     -0.742     -0.500 90619464
    -0.093      0.240      0.192      0.653      1.392     -0.684      0.500      0.809      1.258     -0.500 90619860
    -0.041     -0.717      0.399      0.293     -0.221     -0.434     -0.500      0.561     -0.742      0.500 90619960
    -0.974     -0.051     -0.038      0.898     -0.368     -0.600     -0.500      0.230      0.258     -0.500 90624976
     1.149     -0.717      1.115      0.538      2.192     -0.684      0.500      0.012      1.258     -0.500 90678372
     0.028     -0.717     -0.262      0.653      0.312      1.150      0.500      0.913      1.758     -0.500 90678575
     0.225      0.001      0.430      0.898      0.151     -0.267     -0.500     -0.268     -0.242     -0.500 90678976
     0.700     -0.443     -1.438     -1.610      0.219     -3.434      0.500     -0.118      0.758     -0.500 90710030
     0.435     -0.051     -1.167     -0.281     -0.235     -1.517     -0.500      0.324     -0.742      0.500 90710072
     0.441     -1.019     -0.254      1.185      0.276     -1.767      0.500      0.532     -0.742      0.500 90710080
     1.149     -1.019     -1.389      0.653      0.273     -2.017      0.500     -0.483      0.258     -0.500 90710194
     0.874     -0.443      1.097      1.185      1.241     -2.600     -0.500      0.012     -0.742      0.500 90710297
     0.670      0.788     -1.227     -0.510      0.979     -1.184     -0.500     -0.929     -1.742      0.500 90710874
     0.182     -1.019     -0.038      0.653     -0.152     -2.267     -0.500     -1.910      0.258      0.500 90710878
     0.773     -0.717     -0.250      0.468     -1.384     -2.267     -0.500      0.230      2.258     -0.500 90710935
     1.112     -1.019      0.430     -0.083     -1.417     -2.017      0.500     -0.566     -0.742      0.500 90711167
     1.149     -1.019      1.596      0.939     -0.030     -3.184      0.500     -0.370     -0.742     -0.500 90711268
     1.149     -1.019      1.357      0.939      0.168     -3.100     -0.500      0.863      0.758     -0.500 90711278
     0.369     -1.019      1.349      0.939      0.167     -3.267      0.500      0.809      0.258     -0.500 90712216
     0.679     -1.019     -0.024     -1.852      0.657     -2.850      0.500     -0.334      2.258      0.500 90712345
     0.749      2.523     -2.329     -0.534     -1.423     -0.517     -0.500     -0.118     -0.242     -0.500 90712379
     1.030     -1.019      1.357      1.185     -2.048     -2.684      0.500      0.012      1.258     -0.500 90712916
     0.122     -1.019     -0.496     -0.247      0.795     -3.350      0.500     -0.091     -0.242     -0.500 90713998
    -0.260      1.815      0.886     -0.125      0.808     -2.767      0.500     -0.268      0.258     -0.500 90714025
     0.675     -0.443      0.192      0.939     -1.565     -3.017     -0.500      0.269      2.258     -0.500 90714142
    -0.960     -0.030     -0.709      0.407      0.579     -2.017      0.500      0.376      1.258     -0.500 90714182
     0.092     -0.443      0.231      0.449      0.614     -1.684      0.500      0.488      1.258     -0.500 90714289
    -0.001          *     -2.338     -0.760     -0.511     -3.100     -0.500      0.012     -1.742      0.500 90715191
    -0.585     -0.384     -2.559      0.531     -1.052     -1.267      0.500     -0.118     -1.242     -0.500 90715353
     0.179      0.244      0.678      0.244      0.734     -3.017      0.500      0.127     -0.742     -0.500 90715950
    -0.465     -0.030     -0.712      0.244     -0.870     -2.267      0.500     -0.370     -1.242     -0.500 90715957
     0.280     -0.717      0.430     -0.893      0.021     -1.850      0.500      0.127      0.258     -0.500 90715967
     1.149     -0.717      0.885      0.223      1.168     -2.350      0.500      0.127     -0.242     -0.500 90715987
    -0.219      0.191      0.668     -0.265      1.300     -2.017      0.500      0.148     -0.242     -0.500 90715988
     0.562      0.282      0.201     -0.935      1.152     -1.600     -0.500      0.629      2.258     -0.500 90716050
     0.556      0.826     -0.942     -0.247      0.963     -2.517      0.500      0.561      1.258     -0.500 90716059
    -3.901      0.937     -0.944      0.120     -0.110     -1.934     -0.500      0.269     -0.742     -0.500 90716151
     0.508     -1.019      1.119     -0.703     -0.418     -2.850      0.500      0.409     -0.742     -0.500 90716154
     1.112     -1.019      0.196      1.185     -0.630     -1.684     -0.500      0.012      0.258      0.500 90716235
    -0.499     -1.019      0.192     -0.187     -1.340     -3.267      0.500      0.324      0.258     -0.500 90716283
     1.047     -1.019      1.349      1.185     -0.618     -2.934     -0.500      0.831      0.258     -0.500 90716286
     0.364     -1.019     -1.398     -0.125     -1.378     -1.350      0.500      0.409      0.258     -0.500 90716381
    -1.575      0.334     -1.392     -2.017      0.980     -2.267      0.500     -0.205      0.258     -0.500 90716880
    -0.286      1.534      1.119      0.898     -0.872     -1.184      0.500     -0.205     -0.742     -0.500 90716886
     1.030     -1.019      0.893     -0.197     -1.449     -2.267      0.500      0.561      1.258     -0.500 90716951
    -0.115     -1.019     -0.046      0.653     -0.325     -3.184     -0.500      0.127      1.258     -0.500 90716952
     0.806     -1.019     -0.033      0.694      0.028     -1.600     -0.500      0.575      0.758     -0.500 90716976
     0.167     -1.019     -0.262     -0.465      1.091     -1.434      0.500      0.693      1.258     -0.500 90716978
     0.161     -1.019     -0.506      1.185     -0.405     -2.184      0.500     -1.399     -0.742      0.500 90717060
     1.149     -0.384      0.447      1.185     -0.189     -1.934     -0.500      0.561     -0.742     -0.500 90717362
     0.363     -1.019      1.574      1.185      0.104     -2.600      0.500      0.693     -0.242     -0.500 90717963
     0.207     -0.110      0.430     -0.002      0.166     -3.184     -0.500      0.230     -0.742      0.500 90718010
    -0.050      0.271      0.457      0.366     -0.373     -2.517      0.500      0.324      0.758     -0.500 90718024
     0.388     -0.110      0.439      0.653      1.070     -3.100      0.500      0.324     -0.742      0.500 90718113
    -0.019     -0.717      1.344      0.653     -0.327     -1.600     -0.500      0.561      0.758     -0.500 90718225
     0.916     -1.019      0.885      1.185     -0.256     -2.850      0.500      0.809      2.258     -0.500 90718273
     0.797     -0.384      0.655      0.939     -0.895     -2.517     -0.500      0.190      1.258     -0.500 90718940
     0.260     -0.443      0.192      0.898     -0.308     -2.767      0.500     -0.757     -1.742     -0.500 90718991
     0.992     -0.443      1.812      0.449     -0.468     -3.017      0.500      0.561      1.758     -0.500 91374971
     1.030     -0.416      1.574      0.162      0.497     -2.350      0.500      0.913      0.258     -0.500 91374973
     0.252     -1.019      1.336      0.653     -0.088     -2.184      0.500      0.629     -0.742     -0.500 91374978
     0.898      1.947     -0.233     -0.961      0.728     -0.100      0.500     -0.483     -1.742     -0.500 91500073
     0.555      0.271     -0.258      0.120      0.208      1.983      0.500     -0.483      0.758     -0.500 91500226
    -2.212      0.906     -0.020     -0.555     -0.392      2.483      0.500     -0.757      0.258     -0.500 91500238
    -1.876      0.271     -0.489     -2.388      0.013     -1.184      0.500      0.127      0.758     -0.500 91500270
     1.149     -1.019     -0.254      0.694     -0.328     -0.184      0.500      0.249     -0.242     -0.500 91500334
    -3.059      1.291     -0.068     -0.125     -0.397      0.566      0.500      0.012      1.258      0.500 91500833
    -0.247     -0.416     -0.046      1.185      0.744     -0.434      0.500      0.409      0.758     -0.500 91500978
     0.460     -0.311      0.664      0.694     -1.301      0.233     -0.500      0.488     -0.242     -0.500 91504224
    -0.051      0.271      0.447     -0.711      1.277     -0.517      0.500     -0.483      0.258      0.500 91504243
    -2.312     -0.061     -0.714      0.120     -0.379      0.150     -0.500     -3.009     -0.742      0.500 91504440
    -0.389     -0.665      0.219     -1.686     -1.784     -0.850      0.500      0.082      1.258     -0.500 91504485
     0.908      1.947      0.448     -0.370      0.695      2.400     -0.500     -0.091     -0.742     -0.500 91504706
     0.001      0.546      0.192      0.653      0.997     -0.267     -0.500      0.629     -0.242     -0.500 91504782
     0.908     -0.416     -1.862     -3.879      1.559     -0.684      0.500     -2.092     -1.742      0.500 91504940
     0.528     -1.019     -0.042     -0.956     -1.123     -1.767      0.500      0.409      0.258     -0.500 91506146
    -1.806      1.524     -0.488     -2.388     -1.210      0.316      0.500      1.315      0.258     -0.500 91506207
     0.908      0.240     -0.735     -0.473      0.475      0.983      0.500     -0.146      0.258      0.500 91506280
     0.734     -0.114      0.912      1.185      0.307      2.233     -0.500     -0.566      0.758     -0.500 91506423
     0.437     -1.019     -0.016      0.120      0.616     -1.934     -0.500      0.012     -0.742     -0.500 91506443
     1.030     -1.019      0.633      0.538     -1.091     -2.767     -0.500      0.409      1.258     -0.500 91506445
     1.149     -1.019      0.899      0.694     -0.660      1.900     -0.500      0.863      1.258     -0.500 91506448
    -5.849     -0.443     -1.371     -0.534      0.054     -0.017      0.500     -0.657     -1.742      0.500 91506487
    -0.156     -1.019      0.430     -1.251      0.037      2.566      0.500     -0.657     -1.242     -0.500 91506489
    -0.930      1.260     -2.108     -0.412      0.533      2.566     -0.500      0.680     -1.242     -0.500 91506598
     0.260      2.169     -0.735      0.293      2.033     -0.100     -0.500      0.913      1.258     -0.500 91506680
    -1.198     -0.030      0.112     -0.779      0.761      0.233     -0.500     -0.706      0.258      0.500 91506684
    -0.163     -1.019     -1.190      0.079      0.319     -0.100      0.500     -0.236      0.258     -0.500 91506685
     0.166      0.906      0.192      0.653      0.529      2.066      0.500      0.873      1.258     -0.500 91506946
     0.289      0.240      0.656     -0.730     -0.338      2.483     -0.500      0.230      0.258     -0.500 91507010
    -0.037     -1.019      0.646      1.185     -0.713     -1.184      0.500     -0.118      1.758     -0.500 91507316
     0.480     -1.019          *      0.939     -0.329      2.233      0.500      0.409      1.758     -0.500 91507851
     1.112     -1.019     -0.480      0.653     -1.589      0.233      0.500      0.717      0.258      0.500 91508025
    -0.305     -0.114     -0.258     -1.365      0.156      1.400     -0.500     -0.268      0.258      0.500 91508123
    -0.591     -1.019     -0.739      0.898     -1.322     -0.267     -0.500      0.409      0.258      0.500 91508169
     0.322     -1.019     -0.271      0.531     -0.257      0.733     -0.500     -0.038     -0.742     -0.500 91508336
    -2.204     -0.363     -1.203     -1.610      1.767      1.316     -0.500      0.409      1.258      0.500 91508439
    -2.110      1.260     -1.407      0.449      0.594      0.400      0.500     -0.268     -0.742     -0.500 91508526
     0.279     -1.019      1.358      1.185      0.979      3.816     -0.500      0.629      0.258     -0.500 91508535
     1.149     -1.019      0.668      1.185     -0.498     -1.017     -0.500      0.230      1.758     -0.500 91508671
    -0.707      0.250      0.430     -0.403      0.548      0.066      0.500     -0.611     -0.742      0.500 91508766
    -0.270     -0.717     -0.704     -0.534      0.392      0.900     -0.500      0.190      0.258     -0.500 91508836
     1.149      0.355      0.894      0.611     -0.089     -0.184      0.500     -0.370     -1.242     -0.500 91508862
    -0.918      0.303     -2.571     -1.365     -0.590      1.066      0.500      0.693     -0.742     -0.500 91508873
    -0.091      0.604      0.677     -0.403     -1.386     -0.017      0.500      0.693     -0.742     -0.500 91508946
     1.030     -1.019      0.443      1.185      0.943     -0.684     -0.500      0.190     -0.742     -0.500 91508947
    -0.389     -1.019     -0.971      0.939     -0.484      0.983     -0.500     -0.013      0.258     -0.500 91540134
    -2.239     -1.019      0.214     -0.239      1.879      2.316      0.500      0.913     -0.242     -0.500 91546076
    -1.985     -0.030     -1.622      0.407      2.187     -0.684      0.500      0.913      1.258     -0.500 91546574
     0.419     -0.114      0.439     -1.180      0.087      0.566      0.500     -0.268     -0.742      0.500 91548270
     0.637     -1.019      0.200      0.694     -3.483      0.233      0.500      0.012     -0.742     -0.500 91548920
     0.160     -0.061     -0.046      0.006      0.494      0.483      0.500     -0.268      1.258     -0.500 91570011
    -0.115      1.503     -0.929      0.898      0.043     -1.350     -0.500      0.488     -0.242     -0.500 91570095
    -0.051      1.593     -2.572      0.048     -0.053      1.150     -0.500     -1.063     -1.742      0.500 91570221
     0.348     -1.019      1.124      0.939     -0.394      1.483      0.500      0.169     -0.242     -0.500 91570290
    -1.120      0.303     -0.731     -0.247     -0.482      2.400      0.500      0.532     -1.242     -0.500 91570395
     0.916     -1.019      0.422      0.293     -1.491     -2.017     -0.500     -0.091      1.758     -0.500 91570422
    -0.311     -0.416      0.625     -0.482     -0.059     -0.600     -0.500     -0.268     -0.742      0.500 91570425
    -0.051     -1.019     -0.038     -2.516      0.366     -1.684     -0.500     -0.706     -1.742      0.500 91570528
     0.460      1.815     -0.726      1.185      0.516      0.150     -0.500     -0.869     -0.742     -0.500 91570597
    -0.468     -0.416      0.192     -0.403     -1.167      1.400     -0.500      0.655      0.258     -0.500 91570614
     0.441      0.990      0.200     -1.451      1.342      0.816      0.500     -0.301     -1.242     -0.500 91570695
     0.854      1.285     -1.609      1.185      1.177     -1.600      0.500     -1.910      0.258      0.500 91570926
    -0.045     -0.686      1.106      1.185      0.180     -2.184     -0.500      0.409      1.258      0.500 91571014
     1.149     -1.019      1.357      0.939     -0.208     -2.434      0.500      0.532     -0.242     -0.500 91571114
     1.149     -1.019      0.420      1.185     -1.515     -1.100     -0.500      0.589      0.758     -0.500 91571116
    -0.432      0.191     -0.510     -1.104     -0.301     -3.100      0.500      0.127      0.758     -0.500 91571202
    -0.942     -0.051     -1.402      0.366     -0.470     -0.434      0.500      0.324      0.258     -0.500 91571404
     1.149     -1.019      0.440      1.185     -1.171     -0.184      0.500     -0.268     -0.742     -0.500 91571415
    -0.573     -1.019     -0.276     -0.484     -0.433      0.066     -0.500      0.693      1.258     -0.500 91571456
    -2.478      0.948     -0.934     -0.597     -0.451      1.900     -0.500      0.230     -0.242     -0.500 91571467
    -0.932      0.583     -3.477     -1.024      0.712      0.733      0.500     -0.038     -1.242     -0.500 91571471
     1.149      0.219      0.214      0.898      0.063      2.316     -0.500      0.629     -0.242     -0.500 91571509
    -2.197      0.583     -0.493     -0.779      0.649      1.650      0.500      0.324     -1.242     -0.500 91571610
    -0.156      0.906      0.894     -0.239     -1.231      1.233     -0.500      0.913      2.258     -0.500 91571751
     0.794     -1.019      1.349     -0.893     -1.487      0.066     -0.500      0.629      1.258     -0.500 91571756
    -0.572      1.593      0.426      1.185     -0.336      1.400      0.500      0.269      0.758     -0.500 91571807
     0.118      1.593     -1.878     -0.534      0.511      1.483      0.500      0.602     -0.242     -0.500 91571910
     0.045     -0.717      0.444      0.694     -0.433      1.733     -0.500      0.012     -0.242     -0.500 91572001
     0.143      2.190     -1.189     -0.534      1.581      0.566     -0.500     -1.137      0.758     -0.500 91572129
    -1.783     -1.019     -0.289     -0.178      0.565      0.316      0.500     -3.702     -1.242     -0.500 91572144
     0.908     -0.083      0.876      1.185      1.091      0.816      0.500     -1.756     -1.742      0.500 91572146
     1.035     -1.019     -0.272     -0.370      0.698     -2.767     -0.500     -0.483     -0.742     -0.500 91572183
     1.149     -0.114      0.422      0.653      0.479      2.316     -0.500      0.190      0.258     -0.500 91572204
    -0.134     -0.030      1.119      0.120     -1.558      2.566     -0.500     -0.118     -1.242     -0.500 91572209
     1.047      0.219      1.358     -0.510      0.221     -0.017      0.500      0.409     -1.242     -0.500 91572294
    -0.140      0.462     -0.020      0.653     -1.699      1.150      0.500      0.127      0.258     -0.500 91572306
    -0.492      2.300      0.202     -1.610     -1.988      1.816      0.500     -1.137     -0.742     -0.500 91572308
    -0.156     -0.114      0.430      0.653      0.522     -0.017     -0.500      0.629      0.258     -0.500 91572317
    -1.194     -0.114     -1.389     -0.361     -0.606      0.483      0.500     -0.611     -2.242     -0.500 91572346
     0.501     -1.019      0.871      0.694     -1.850      2.566      0.500     -0.301     -2.742     -0.500 91572373
     0.862     -0.114     -0.930      0.694      1.758     -0.767     -0.500     -0.483      0.758     -0.500 91572384
    -1.200      3.099     -0.718      0.120     -0.320      1.483     -0.500      0.561      1.258     -0.500 91572408
    -2.003     -1.019      0.192     -1.601      0.305      0.150      0.500     -0.118     -0.742     -0.500 91572440
    -0.418      0.219     -1.626     -2.388     -0.951      1.233      0.500      0.269      1.258     -0.500 91572442
     0.280     -0.717     -1.627      0.162      0.418      1.316      0.500      0.561      0.758     -0.500 91572460
    -0.731     -1.019      1.097     -2.307      2.155     -2.684     -0.500     -0.811      0.258      0.500 91572462
     1.149      1.128      0.876     -0.023     -1.396      0.900     -0.500      0.127     -0.742     -0.500 91572463
     0.123     -1.019     -0.498      0.407      0.234      0.983     -0.500     -1.137     -1.742     -0.500 91572472
     1.010     -1.019      1.133      1.185     -0.730      1.816     -0.500      0.409     -0.742     -0.500 91572800
    -1.466     -0.717     -1.410     -1.897     -0.218      1.066      0.500     -0.038      0.258      0.500 91572805
    -1.610      0.604     -0.033      0.366      0.799      0.650      0.500     -0.268     -0.742     -0.500 91572964
     0.567      0.282     -0.714      0.407     -0.586      1.566     -0.500      0.127      1.258     -0.500 91572981
     0.177      1.291     -0.263      0.407      0.562      0.983     -0.500     -0.657     -0.742      0.500 91573017
    -0.286     -1.019      0.881     -0.361     -0.565      0.483      0.500      0.409      1.758     -0.500 91573036
     0.884     -1.019      0.863      0.939     -0.796     -2.850      0.500      0.776     -0.742      0.500 91573112
     0.705      0.552      1.145      0.181     -0.901      1.650      0.500      1.602      0.758     -0.500 91573199
    -0.549     -1.019      0.197      0.653      0.265     -0.600     -0.500     -0.994     -0.742      0.500 91573218
     0.677     -1.019     -0.916     -1.425      1.058      0.816     -0.500      0.693      1.758     -0.500 91573231
     0.518     -1.019      0.881      0.611     -1.681      0.983      0.500      0.913     -0.242     -0.500 91573248
     0.100     -1.019      1.097     -0.914     -0.182     -1.017      0.500     -0.268      0.758     -0.500 91573254
     0.642     -0.416     -0.501      0.939     -0.526      0.650      0.500     -0.524     -1.242     -0.500 91573291
     0.916      0.546      0.668      0.366      1.521     -1.934     -0.500     -0.444     -1.242     -0.500 91573310
    -1.623      3.320     -1.379      0.162      1.494      1.566      0.500      0.287     -0.742     -0.500 91573419
    -0.920     -0.061     -0.713      0.120     -1.126      0.983      0.500      0.230      1.258     -0.500 91573490
     1.112      1.593     -0.037     -0.002     -1.659     -0.100     -0.500     -0.566      1.258      0.500 91573493
     0.884      1.260     -1.398     -1.958     -0.237      1.483      0.500     -0.706     -0.742      0.500 91573690
     1.149     -0.416      1.587     -0.370      0.821     -1.350     -0.500      0.127     -0.742     -0.500 91573811
    -0.308     -1.019      0.178     -0.669      0.218     -0.267     -0.500      0.012      2.258      0.500 91573837
     0.511     -0.114      0.183      1.185      1.079      2.400     -0.500      0.127      0.258     -0.500 91573934
    -0.767      2.523     -0.046     -0.125      0.690      0.066     -0.500     -1.910     -0.742      0.500 91573940
     0.125     -0.083     -0.501     -0.534      0.137      3.150     -0.500     -0.236     -0.742     -0.500 91573941
     0.090     -0.902      1.349     -0.956     -1.480     -1.684     -0.500     -0.118      1.258     -0.500 91573951
    -0.294     -1.019      1.358      0.407     -0.254      0.733     -0.500     -0.118      1.258     -0.500 91573956
     0.638     -0.443     -0.280      0.366      0.180     -0.267      0.500      0.012     -0.742     -0.500 91574091
    -0.283     -1.019     -0.519     -0.534      1.032      0.566     -0.500     -0.301     -1.742      0.500 91574121
    -0.956      1.593     -1.857     -0.935     -0.971     -0.850      0.500      0.230      1.758     -0.500 91574124
     0.884     -0.114     -0.461     -2.675     -0.435      1.816     -0.500     -0.118      1.258      0.500 91574143
    -0.612     -0.083     -0.270     -0.669     -0.600      2.316      0.500      0.249      1.758     -0.500 91574225
    -0.511     -0.083     -0.051     -0.167     -0.575     -1.184     -0.500     -0.091     -1.242     -0.500 91574438
     0.653      0.594     -0.501      0.898      0.609     -0.684      0.500     -0.268     -1.742     -0.500 91574439
     1.149     -1.019     -0.479      0.366      0.407      0.316      0.500      0.269      0.258     -0.500 91574486
     0.063      0.959      0.881      1.185     -1.360      1.816      0.500      0.913      1.758     -0.500 91574632
     0.713     -0.416     -0.475      1.185     -1.006      0.483      0.500      1.094      1.258     -0.500 91574688
     0.183      0.980     -0.487      0.366     -1.003     -0.934      0.500     -1.137     -0.742      0.500 91574811
     0.916     -1.019      0.438      0.449      0.361     -3.267      0.500     -0.757     -2.242     -0.500 91575005
     0.001     -1.019      1.119     -0.465     -0.017     -0.434      0.500      0.324      1.758     -0.500 91575010
    -0.990      0.980     -0.466     -2.516      1.038     -1.184      0.500      0.488     -1.242     -0.500 91575051
     0.178     -0.020      0.205      0.407      0.023      0.566      0.500     -0.657     -2.242     -0.500 91575054
    -1.728      0.219     -0.718     -0.043      2.178      2.066     -0.500      0.012     -0.742     -0.500 91575057
     1.047      0.293      0.880      0.653      1.159     -0.850      0.500      1.315      1.758     -0.500 91575077
     1.112      1.614      1.501     -0.351      0.798      5.316     -0.500     -0.929     -0.742      0.500 91575083
     0.933      0.250      0.430     -0.555      1.606      0.233      0.500      3.102     -1.742     -0.500 91575085
    -0.258     -0.114      1.119     -0.534      0.786      2.066      0.500     -0.091     -0.742     -0.500 91575194
     0.123     -0.030      0.668      1.185     -1.073      2.400      0.500     -0.118      0.758     -0.500 91575216
    -0.805      0.906     -1.873     -2.814      2.228      2.316      0.500     -0.657     -0.742     -0.500 91575261
     0.774     -0.030          *      1.185      1.418      3.066     -0.500      0.127     -1.242     -0.500 91575355
    -0.488      1.947      0.497      0.898      0.152      2.150      0.500      0.341     -0.742     -0.500 91575391
     0.445      0.959      1.582      0.468      1.801      2.483      0.500      1.824      1.258      0.500 91575573
     1.149     -0.717      0.213     -1.897     -0.403     -0.767      0.500      2.005      1.258     -0.500 91575772
    -0.020     -1.019      0.184      0.538     -0.236      1.400     -0.500      0.012      1.258     -0.500 91575915
    -1.520     -0.030     -0.266     -0.492      0.757      0.400      0.500      0.409      0.258     -0.500 91575916
    -0.156     -0.030     -0.038     -0.281     -1.970      0.983     -0.500      0.629     -0.742     -0.500 91575931
     0.916     -1.019      0.899     -1.488      0.034      0.150      0.500      0.409      0.258     -0.500 91575942
     1.030     -0.686      0.646     -0.178     -0.412      0.816      0.500      0.409      1.258     -0.500 91575948
    -0.030      1.614      1.097      0.898      1.233     -1.517      0.500      0.230      1.258     -0.500 91575961
     0.629      1.260      1.127      1.185     -0.647      0.650     -0.500      0.230      1.258     -0.500 91575965
    -2.852      1.042     -1.856      0.244      0.329     -0.350      0.500      0.488      0.758     -0.500 91576019
    -0.576      0.546     -0.956      0.898      0.090      0.566      0.500      0.127      0.258     -0.500 91576053
     0.104      1.614     -2.332      0.531      0.064      0.233     -0.500     -0.268     -0.742     -0.500 91576115
     0.777     -0.665      0.430     -0.711     -2.342     -0.017     -0.500     -0.444     -0.742     -0.500 91576154
    -0.278     -0.384     -1.437     -1.958      0.190     -1.184      0.500      0.269      0.258      0.500 91576270
     0.297     -0.717     -0.042     -1.897     -0.140      1.816     -0.500      0.441      0.258      0.500 91576300
     0.692     -1.019      1.358      0.653     -0.998     -0.434     -0.500      0.629      0.758     -0.500 91576411
     0.929          *     -0.130          *     -0.849      0.316      0.500      0.127      1.258     -0.500 91576423
    -1.219     -0.416      0.192      0.653     -0.572     -0.517     -0.500     -0.657      0.258      0.500 91576467
     0.417     -0.311     -0.263     -1.981     -0.075     -0.100      0.500      0.655      0.258     -0.500 91576566
    -0.062     -1.019     -0.025     -1.652     -1.262      0.650      0.500      0.012      0.258     -0.500 91576586
     0.146     -0.416     -0.948     -0.711     -0.896     -0.517      0.500      0.127      0.258     -0.500 91576685
     0.575     -0.416      1.349      1.185     -0.351      2.566      0.500     -0.406     -0.742     -0.500 91576910
     0.673      2.169     -0.215     -0.484      0.927      1.150      0.500      0.324      2.258      0.500 91577015
    -1.170      0.556     -0.002     -1.058     -1.163     -0.100     -0.500      0.012      0.758     -0.500 91577051
     0.679     -0.416      0.885      0.939     -1.214     -0.350      0.500      1.094     -0.742      0.500 91577126
    -2.147      0.250      0.660      0.653      0.231      2.983     -0.500     -0.757      0.258      0.500 91577151
     1.149     -1.019     -0.691     -2.443      0.477      0.233      0.500      0.913     -0.742     -0.500 91577268
    -0.174     -1.019     -0.038     -0.719      0.992     -0.434     -0.500      0.082     -0.742     -0.500 91577311
    -3.658      1.011     -0.726     -0.043      1.617     -1.100     -0.500     -0.268      1.258      0.500 91577319
     1.149     -0.717      0.668      0.939      0.953     -1.934      0.500      1.602      0.758     -0.500 91577329
     0.216     -1.019     -1.162      0.366     -0.951      2.733      0.500      0.359     -0.242     -0.500 91577414
    -0.848     -1.019      0.876     -0.125     -0.003      0.816      0.500      1.211      1.758     -0.500 91577923
    -1.769      0.345     -0.263      0.939      0.086     -1.767     -0.500      1.824      0.758     -0.500 91577927
     0.646      0.250      1.111      0.939     -0.054      0.150      0.500     -0.929      2.258      0.500 91577955
    -0.156      0.303      0.668      0.898      0.900      2.233      0.500      0.753     -1.242     -0.500 91578193
     1.149      1.947      0.443      0.939      0.703     -0.934      0.500     -0.268      0.258     -0.500 91578197
    -1.780      0.462     -0.271     -0.002      0.276     -0.517     -0.500     -0.146     -0.742     -0.500 91578241
     0.775      0.022      1.358      1.185     -0.043      2.483      0.500      0.488     -0.242     -0.500 91578245
    -0.950      1.867      0.205     -0.281     -0.514      1.733     -0.500      0.629      0.258     -0.500 91578247
    -0.639      1.503      0.431      1.185      0.742      1.400     -0.500      0.359      1.258     -0.500 91578249
     1.149      0.303      1.812      0.694      0.186      2.316     -0.500     -0.811     -0.742     -0.500 91578297
    -0.869     -0.353     -1.411      0.120      1.272      1.400     -0.500      0.561      0.758     -0.500 91578315
     0.123     -0.110     -2.337     -2.097      0.517      0.316     -0.500     -0.334     -0.242     -0.500 91578365
     1.149          *      0.907      0.939     -0.583      2.816     -0.500      0.518     -0.242     -0.500 91578396
     0.873      1.593      0.899      0.267      0.419      0.233      0.500     -0.146     -0.742     -0.500 91578443
    -2.879      0.552     -1.212     -0.935     -0.655      0.983      0.500     -1.137     -1.242     -0.500 91578444
     0.700     -0.114      0.166     -0.247     -1.533      1.483     -0.500      0.148     -1.242     -0.500 91578447
     0.123     -0.051          *     -0.002     -0.377     -1.350     -0.500     -0.205     -0.742     -0.500 91578510
    -0.286      0.303      0.656      0.366      0.889      1.816      0.500     -0.118      0.258     -0.500 91578526
    -1.263      1.646     -1.185     -0.526     -1.107      3.316     -0.500      0.059     -1.242     -0.500 91578538
     1.149     -0.020     -1.155      1.185     -1.936      2.650     -0.500     -0.268      1.258     -0.500 91578543
     0.069      0.636      1.335      0.449     -0.696     -0.934      0.500     -0.657     -0.242     -0.500 91578547
    -0.539      0.573     -0.947      0.006     -1.021      2.483     -0.500     -0.268     -0.742      0.500 91578548
    -0.156      3.023     -0.965      0.120      1.909      0.483     -0.500      1.315     -0.742     -0.500 91578625
    -2.884     -0.051     -1.635     -1.251     -0.078      2.150     -0.500     -0.657     -0.242     -0.500 91578641
    -0.721     -1.019     -0.479     -0.002      0.018     -1.017      0.500      0.012      1.258      0.500 91578642
     0.886     -0.686      0.421      0.653     -0.219     -1.100      0.500      0.230     -1.242     -0.500 91578647
     0.911      0.303     -0.031      0.898     -0.037      1.900     -0.500      0.230     -0.242     -0.500 91578648
    -0.515     -0.114      0.656      0.653     -0.122      1.816     -0.500      1.094     -0.742      0.500 91578743
    -0.516     -0.717      0.647     -0.116     -0.158     -0.934     -0.500      0.409     -0.742      0.500 91578749
    -0.529     -0.030      0.656     -0.526     -0.237      2.316     -0.500      0.629      1.258     -0.500 91578831
     0.928      1.593     -0.479      0.407      2.314      0.566      0.500     -0.657     -1.742     -0.500 91578838
     1.112     -1.019      0.668      0.407     -0.191      0.816      0.500     -0.706      0.258      0.500 91578844
     1.186     -1.019      0.673      0.694      1.187      0.150     -0.500     -1.137      0.258      0.500 91578891
    -0.799     -0.020     -1.187     -0.247     -0.209     -0.934     -0.500     -0.929     -1.242     -0.500 91578898
     0.123     -1.019      0.192     -0.526     -0.935      1.733     -0.500      0.409      1.258     -0.500 91578917
     0.180      1.756     -0.947      0.694      0.803      0.316      0.500     -0.038     -1.742     -0.500 91578943
     0.929      0.948     -0.470     -0.043      1.478      0.983     -0.500      0.127     -0.242     -0.500 91578949
     0.371     -0.020      0.192      0.162      0.865     -1.267     -0.500     -1.399     -2.242     -0.500 91578995
     0.339     -0.061      0.664      0.939      1.072      1.733     -0.500     -0.524     -1.742     -0.500 91579242
    -1.665          *     -1.245          *     -0.277      0.150      0.500      0.561      0.258     -0.500 91579258
     1.149     -1.019     -0.266     -0.064     -0.405     -2.350     -0.500      0.127     -0.242     -0.500 91579260
     0.679          *      0.678      0.204      0.784     -1.100     -0.500     -0.657     -0.742      0.500 91579261
    -0.742          *      0.908      1.185     -0.358      2.066     -0.500      0.127     -2.242     -0.500 91579262
     0.457      0.219     -1.640      0.694      1.491     -2.267      0.500     -0.268     -0.242     -0.500 91579291
     1.149      1.614      1.812      0.939      0.192      2.650     -0.500      0.012     -0.242     -0.500 91579296
     1.149      1.815      1.124      0.653      0.616      2.900     -0.500     -0.757     -2.242     -0.500 91579298
    -0.311      1.534      0.192      0.653      1.264     -0.017      0.500     -1.304      1.258      0.500 91579377
     0.193      0.282     -0.937     -1.251      0.923      2.816      0.500     -0.268     -0.742     -0.500 91579942
     0.152      0.959     -1.879      0.120      1.243      0.733      0.500     -1.622     -0.742      0.500 91579946
    -3.244      0.524     -0.712      0.366      0.526     -2.267      0.500     -1.304     -0.742     -0.500 91579947
     0.223     -1.019      1.336      0.162      0.262     -0.684     -0.500     -0.657     -0.742     -0.500 91579962
    -1.112      0.552     -0.496      0.653     -1.060      0.566     -0.500      0.012     -0.742     -0.500 91579965
     0.101     -1.019     -0.020     -1.740     -0.051     -1.767     -0.500     -0.091     -1.242     -0.500 91579969
    -4.465      0.906     -2.564     -1.534      0.329      0.650      0.500      0.457     -0.742      0.500 91579975
    -0.496     -1.019      1.141      0.653      0.446      0.650     -0.500     -0.118      1.258     -0.500 91579985
    -1.397     -0.717     -0.483     -1.180      0.015     -2.017      0.500      0.127     -0.742     -0.500 91579988
     0.472     -0.443      0.182      0.120      1.422     -0.100     -0.500      0.127     -0.242     -0.500 91579994
     1.149     -1.019      1.574      0.407      1.747     -1.267      0.500     -0.268     -0.742     -0.500 91579995
     0.881      1.947      0.647      1.185     -1.508      0.816      0.500     -1.622     -1.242     -0.500 91579997
     0.371     -0.114      1.362     -0.208     -0.040      1.983     -0.500     -3.702      1.758     -0.500 91608272
     0.369      1.614      0.669      0.006     -0.633      1.983      0.500      0.809     -0.242     -0.500 91614578
     0.314      0.795      1.137      1.185      1.439      2.233     -0.500      0.230     -0.242     -0.500 91614777
     1.112      0.795     -0.011      1.185     -0.426      1.816     -0.500     -0.175      1.258      0.500 91614974
    -0.149     -1.019      0.188      0.611     -1.973      1.483     -0.500      0.409      1.258     -0.500 91619063
     0.916     -0.051      0.192      0.939     -0.874     -1.684      0.500      0.629      1.258     -0.500 91619064
     0.392     -1.019      0.170      0.468     -1.757     -0.350     -0.500      0.230      0.758     -0.500 91619166
    -3.844      1.281     -1.167      0.898     -0.979      0.900      0.500     -0.657     -0.742      0.500 91619260
     0.564      0.626      0.197      1.185      0.356      1.066      0.500      0.913      2.258     -0.500 91619463
     0.911     -1.019      1.574      1.185     -0.506     -0.017     -0.500      1.315      2.258     -0.500 91619665
    -0.751      1.593     -2.806     -1.983      1.361     -1.184     -0.500      0.324      1.258      0.500 91619862
    -0.037      2.057     -0.262     -0.187     -1.285      1.066      0.500      0.488     -1.742     -0.500 91624978
    -0.275     -1.019     -0.263     -1.443      0.685     -0.017      0.500      0.863      0.258     -0.500 91636352
     1.047     -1.019      0.903      0.653     -0.400     -0.600      0.500     -0.091      2.258     -0.500 91678273
     0.123     -0.686     -0.268     -0.265      0.506      0.150      0.500     -0.013     -0.242     -0.500 91678373
     0.814     -1.019      0.409      0.898     -0.969      1.483      0.500      0.230      0.258     -0.500 91678579
    -1.028     -1.019      0.430      0.653     -0.673      1.066     -0.500     -0.268     -0.742     -0.500 91678775
     0.390     -1.019     -1.632     -1.451      0.445     -2.100      0.500      0.616      2.258     -0.500 91710037
     1.149     -1.019      1.357      0.449     -0.166     -2.517      0.500      0.561      0.258     -0.500 91710130
    -0.818          *     -0.920      0.898      0.745     -1.767     -0.500      0.409     -0.742     -0.500 91710232
     0.878      1.815     -1.653      0.407      1.043     -1.434     -0.500     -0.811     -2.742      0.500 91710292
    -0.379      1.947     -0.231      1.185      1.397     -1.767      0.500     -0.268      1.258     -0.500 91710390
     0.207     -1.019      1.574      0.653      1.100     -2.684      0.500     -0.611     -0.742      0.500 91710872
     0.787      0.959      1.122      1.185      0.204     -1.934      0.500      0.341      0.758     -0.500 91710981
     0.482     -0.051      0.232     -0.167      1.322     -1.767      0.500      0.230     -0.742     -0.500 91710996
     0.485     -0.353     -0.272     -1.078     -0.286     -0.600      0.500     -0.268     -1.242     -0.500 91710997
     0.787     -0.717     -0.011      0.694     -2.106     -1.517      0.500     -0.038     -0.742     -0.500 91711065
     0.375      1.676     -2.564     -1.942     -1.031     -3.600      0.500     -0.483     -0.742     -0.500 91711072
     0.457     -0.717      0.417      0.449      0.432     -3.017     -0.500      1.094      1.758     -0.500 91711167
     0.245     -0.686     -0.047     -0.247     -0.093     -1.350     -0.500     -0.869      0.258     -0.500 91711970
     0.579      0.847      0.420      0.939      0.050     -1.434      0.500     -0.657     -0.742     -0.500 91712170
     1.112     -1.019      0.188     -0.482      2.112     -2.100     -0.500     -1.137     -0.742      0.500 91712211
    -0.366      0.885      0.881      0.407      0.043     -2.017      0.500      0.324     -0.742     -0.500 91712217
    -1.773     -1.019      0.416     -1.610     -1.124     -2.017      0.500     -0.444     -0.742     -0.500 91712272
     0.646     -1.019      0.430      1.185     -0.964     -2.934     -0.500     -0.706     -0.742      0.500 91712274
     0.646     -0.717      1.349     -1.488     -0.252     -3.017      0.500     -0.869      0.258      0.500 91712314
     0.329      0.160      0.413      0.468     -0.069     -2.600     -0.500      0.602      1.258     -0.500 91712393
     0.335     -1.019     -0.033      0.653      0.277     -1.267      0.500      0.059     -0.242     -0.500 91712902
     0.759     -1.019     -0.258     -0.597     -0.502     -2.267     -0.500     -0.334     -0.242     -0.500 91712903
    -0.156      0.132     -0.024      0.366     -0.819     -1.934      0.500      0.012     -0.242     -0.500 91712904
     0.207     -1.019      0.197      0.653      0.640     -2.767      0.500      0.190     -0.242     -0.500 91712909
    -0.551      1.180     -2.338      0.898      1.028     -0.934     -0.500      0.190     -0.242     -0.500 91712946
     0.180     -0.717      1.349      1.185      0.004     -3.184      0.500     -0.334     -0.742     -0.500 91712976
     1.149      2.707      1.344      1.185     -2.017     -2.267     -0.500      0.127     -0.742     -0.500 91712997
     0.191      0.219     -0.748      0.120     -1.070     -1.017      0.500     -0.205     -1.742     -0.500 91712998
     0.419     -0.443      0.430      0.653      0.506     -2.684      0.500     -0.657      0.258      0.500 91713190
     0.007     -1.019      0.889      0.939      1.572     -1.767     -0.500     -0.444     -0.742     -0.500 91713298
    -0.043     -1.019      0.425      1.185     -1.406     -2.850      0.500     -1.304     -0.742      0.500 91713336
    -0.215     -1.019     -0.974     -0.893     -0.812     -1.517      0.500      0.693      0.758     -0.500 91713932
     0.308     -0.384      0.434      1.185     -2.341     -1.517      0.500      0.127     -0.742     -0.500 91713998
    -0.545     -0.051      0.200     -0.648      0.804     -2.434      0.500     -0.444     -1.742      0.500 91714090
    -0.776     -0.311     -1.407     -0.247      0.453     -1.267     -0.500     -0.205     -0.242     -0.500 91714099
     0.123     -1.019      0.192      1.185     -0.106     -2.850      0.500      0.809      1.258     -0.500 91714128
     1.112     -1.019      0.867     -0.306      0.939     -1.934      0.500     -0.118     -0.742      0.500 91714192
     0.004      0.546      0.192     -1.915      0.016     -2.017     -0.500      0.190      0.258     -0.500 91714326
    -1.473      1.461      0.436      0.898     -1.434     -1.517      0.500      0.059     -0.742     -0.500 91714329
    -0.649     -1.019      0.187     -1.087     -0.832     -1.100     -0.500     -0.444     -0.742     -0.500 91714331
    -1.026      0.885     -0.285      0.037      0.776     -1.350     -0.500     -1.304     -1.742      0.500 91714396
     0.612     -0.717      0.200      0.898     -0.206     -1.517      0.500      0.409     -0.742     -0.500 91714488
     0.595     -0.686      0.664      0.939     -0.260     -2.350     -0.500     -0.929     -0.742      0.500 91715165
     0.555     -1.019      0.668     -0.178      0.441     -2.100      0.500     -0.118     -1.242     -0.500 91715190
     1.149     -1.019      1.582      0.653     -0.024     -1.517      0.500      0.324     -0.242     -0.500 91715252
    -0.515      0.213     -1.627     -1.248     -0.081     -2.850      0.500     -0.706      0.258     -0.500 91715256
     0.992     -0.717      1.133     -0.310     -0.230     -1.184     -0.500      0.324      0.258     -0.500 91715286
     1.149     -1.019      1.123      1.185     -1.379     -3.017     -0.500     -0.566      1.258     -0.500 91715352
    -1.401     -1.019     -0.046      0.898      1.509     -0.600     -0.500      0.230      0.258      0.500 91715355
    -0.969      3.674     -0.705     -0.387      1.163     -1.767     -0.500     -0.118     -0.742     -0.500 91715368
    -0.912      1.947     -2.321     -0.167      1.659     -2.350      0.500      0.409      1.258     -0.500 91715892
     1.149     -1.019      1.133      0.939      0.397     -1.934     -0.500     -0.657     -0.242     -0.500 91715935
    -0.159      0.948      1.110      0.120      1.998     -1.434      0.500      0.249     -1.242     -0.500 91715950
     0.670     -0.443     -0.034      0.653     -0.054     -1.850      0.500     -0.869     -0.242     -0.500 91715952
     0.418     -1.019     -0.249      0.407      1.176     -3.100     -0.500     -0.444     -0.742      0.500 91715954
    -0.539     -1.019     -0.718      0.653      1.294     -1.267      0.500     -0.118     -0.742     -0.500 91715958
     0.508     -0.110     -0.033      0.939      0.079     -3.184      0.500      0.409     -1.242     -0.500 91715969
     0.354     -1.019      1.340      0.538      0.943     -3.017      0.500      0.409      1.758     -0.500 91716018
    -0.139     -0.443      1.106      1.185      0.983     -2.684      0.500      0.287      0.258     -0.500 91716062
     0.371     -0.443      0.668      1.185     -0.518     -1.684     -0.500     -0.406     -0.742     -0.500 91716111
     0.381     -1.019     -0.488     -1.078      0.579     -2.850      0.500      0.409      1.758     -0.500 91716158
     1.149     -1.019      1.349      1.185     -0.303     -2.934      0.500      0.863     -0.242     -0.500 91716272
     1.149     -1.019     -0.029      1.185      0.012     -3.017      0.500      1.094      2.258     -0.500 91716275
     0.297      1.593      0.214      0.653     -0.580     -1.934      0.500     -0.118     -0.742      0.500 91716312
    -0.156     -0.363     -1.198     -2.245     -0.748     -2.767      0.500      0.012     -0.742     -0.500 91716881
     0.224      0.244     -0.735     -1.406     -1.303     -2.767      0.500      0.230      0.258     -0.500 91716882
     0.921     -1.019      0.408      1.185     -0.242     -1.850     -0.500      0.269      0.258     -0.500 91716883
    -0.027     -0.353      0.655     -0.711      0.048     -1.850      0.500     -0.268      1.258      0.500 91716913
     0.445     -1.019     -0.227      0.048     -1.745     -1.017      0.500     -0.091     -0.742      0.500 91716978
     0.809      0.604      0.227     -0.714      0.033     -1.350      0.500     -1.137      0.258     -0.500 91717263
     0.138     -0.384     -1.398      0.285      1.798     -2.017     -0.500     -1.137     -0.242     -0.500 91717468
     0.003     -0.717     -0.037     -1.686     -1.940     -2.934      0.500      0.324      0.258      0.500 91717858
     1.149     -0.717      1.123      0.468      0.363     -0.184      0.500      0.409     -0.242     -0.500 91717862
     0.911     -1.019      0.682      1.185      1.402     -1.517     -0.500      0.230     -0.242     -0.500 91717911
     0.036      0.556     -0.293      0.653     -0.079     -2.184      0.500     -1.217     -0.742      0.500 91717913
     0.011     -1.019      0.183      0.223      1.434     -2.934      0.500     -0.038     -0.742     -0.500 91717916
     0.906     -1.019      1.812      1.185     -1.248     -2.267      0.500      1.173      1.758     -0.500 91717917
     1.149     -1.019     -2.541      1.185     -0.718     -1.100     -0.500      0.230      1.258     -0.500 91717918
    -2.338      0.959     -1.392     -2.875      0.849     -1.517      0.500      0.561      0.258     -0.500 91718073
     0.776     -1.019     -0.033     -0.492      0.079     -2.600      0.500      0.012     -0.242     -0.500 91718077
     0.861      0.577      0.886      0.939     -1.374     -2.100      0.500      0.376      0.258     -0.500 91718174
     0.123     -0.686      0.668      0.694     -0.470     -1.684     -0.500     -0.483     -1.242     -0.500 91718294
     1.149      0.546      1.119      1.185     -0.051     -1.684      0.500      0.376     -1.742     -0.500 91718314
     0.901      2.523     -0.969      1.185      2.504     -0.684     -0.500      0.441     -0.242     -0.500 91718372
     0.009     -0.443      0.668      1.185     -0.016     -3.184      0.500      0.059     -0.242     -0.500 91718379
     0.397     -1.019      0.664      0.653     -0.610     -1.517     -0.500     -0.444     -0.742     -0.500 91718423
     0.884     -0.443      0.660     -0.043      0.719     -2.350      0.500     -0.013      0.258      0.500 91718949
     0.303     -0.443      0.876      0.939      0.173     -2.350      0.500      0.863      0.758     -0.500 91718977
    -3.884      2.523          *     -1.467      0.321      2.566     -0.500     -1.756     -0.742      0.500 91880928
    -1.195     -1.019     -0.510     -0.239      0.104     -1.017      0.500      0.230     -0.742      0.500 92316359
     0.992     -0.416      0.668     -0.597     -0.841     -2.100     -0.500      0.324      0.258     -0.500 92374971
    -0.510     -1.019          *     -0.657     -0.940     -2.184      0.500      1.008      2.258     -0.500 92374975
    -0.232     -0.443      0.700     -0.265      1.567     -1.184     -0.500      0.376      0.258      0.500 92374978
     0.346      0.493     -0.032      0.407      2.128     -2.517      0.500      0.269      0.258     -0.500 92374979
     0.713      0.906     -1.151      0.449      0.478     -1.100      0.500     -0.657      0.258     -0.500 92500037
     0.361     -0.717     -0.034      0.162     -0.418      1.816     -0.500      0.190      1.258     -0.500 92500219
    -2.820      0.462     -1.173     -2.388      0.134      1.900      0.500     -0.524      1.258      0.500 92500630
    -2.571     -0.717     -0.510      0.407     -0.561     -0.684      0.500      1.315      0.758     -0.500 92500739
     0.874     -0.416     -0.501     -1.712     -1.347      2.483     -0.500     -0.334      0.258      0.500 92504021
     1.035     -1.019     -0.059     -0.624      1.127     -2.184     -0.500      0.913      1.258     -0.500 92504100
    -1.795     -0.717     -0.686     -0.526     -1.197     -0.017      0.500     -0.118     -0.742     -0.500 92504127
     0.523      0.948      0.872      0.006     -0.167      0.983     -0.500      0.629      2.258     -0.500 92504226
    -0.311      1.618      0.430      0.653      0.517     -0.517     -0.500     -1.910     -0.742      0.500 92504284
    -0.048     -0.061     -0.016      0.939      0.892      1.983      0.500      0.693      0.258     -0.500 92504482
     0.677     -0.717      0.664      1.185      0.583     -0.767     -0.500      0.809      2.258     -0.500 92504526
     0.445     -1.019     -1.190      0.407      0.452      1.483      0.500      0.561      1.258      0.500 92504722
     0.055     -0.686      0.452      0.162      0.294      1.400      0.500      0.287     -0.742     -0.500 92504827
     0.469     -0.717      1.349      0.048      0.340      0.650      0.500      0.602      0.758     -0.500 92506056
     0.193     -1.019     -0.258     -0.178      0.495     -1.184      0.500      0.629      0.258     -0.500 92506154
     1.112      1.614          *      0.939      2.470      2.066      0.500     -0.444      0.258      0.500 92506287
    -3.320      1.815          *      0.366     -1.037     -0.100      0.500      0.324     -0.242     -0.500 92506525
    -1.129     -0.717     -0.236     -0.002     -0.116      1.066      0.500      0.012     -0.742     -0.500 92506889
    -0.105     -0.384      0.676      0.939     -1.177      1.066     -0.500      2.201      1.258     -0.500 92506966
     0.252     -0.030      0.416     -0.064     -0.289      0.566     -0.500      0.668      1.758     -0.500 92507115
     0.630     -0.142      1.358      1.185     -0.585     -1.184     -0.500      0.012     -0.742     -0.500 92507952
     0.475      1.201      0.425      0.939      0.584      2.733     -0.500      0.127     -1.242     -0.500 92507957
    -1.242     -0.686     -0.032     -1.323      0.002      1.650     -0.500     -0.268      0.258     -0.500 92508433
     1.149      0.219      0.196      0.939      1.096     -0.517      0.500      1.173      1.258     -0.500 92540913
     0.909      0.556      1.132      1.185     -0.222      1.983      0.500     -0.444      2.258      0.500 92543208
    -1.099     -1.019     -0.267     -1.365     -0.625     -0.684      0.500      0.230     -0.242     -0.500 92544283
     1.149      0.885     -0.695      0.939      2.120      3.316      0.500      0.324     -0.742     -0.500 92544984
    -2.841      3.099     -3.001     -0.484      0.661      0.816      0.500      0.809     -0.742      0.500 92546073
    -0.270     -1.019      0.430     -0.239      1.068      1.066     -0.500      0.324      1.258     -0.500 92546927
     0.814     -0.443      1.349      0.407     -1.196     -0.434     -0.500      0.324     -0.242     -0.500 92570075
     1.149     -1.019      1.582      1.185     -0.290     -2.767     -0.500     -0.334     -0.242     -0.500 92570120
     0.328      1.131      0.186      0.449     -0.863      1.733     -0.500     -0.205      0.258     -0.500 92570174
     1.010      0.271      1.110      0.898      1.842      1.733      0.500      0.680      0.258     -0.500 92570197
     0.389     -0.051      0.877      0.407      0.374     -3.017     -0.500     -0.334      0.258     -0.500 92570228
     0.863     -0.443      0.439      0.898      1.000     -1.684     -0.500     -0.118     -0.242     -0.500 92570328
    -0.006      3.674      0.196     -0.289      0.602      2.483     -0.500     -0.483     -1.742     -0.500 92570398
     1.030     -1.019      0.438     -0.178     -1.802     -0.517     -0.500      0.809      2.258     -0.500 92570436
     0.646     -1.019      0.668      0.366     -0.341     -1.184     -0.500     -1.910     -1.742      0.500 92570727
    -0.135      0.604      0.633     -1.610      0.227     -0.517      0.500     -0.236     -0.742     -0.500 92570879
     0.518     -0.384     -0.033      0.939      0.570     -1.767     -0.500     -0.566      0.258     -0.500 92570923
     1.149      1.281      1.110      0.939      0.544      2.233     -0.500     -0.038     -0.242     -0.500 92570978
     0.249      1.593      0.430     -0.239     -0.748      1.150      0.500      0.913      0.258     -0.500 92570985
    -0.694      0.709     -1.632      0.079      1.116      0.733      0.500     -0.301     -0.742      0.500 92571003
     0.732     -0.083     -0.474      0.694     -1.105      2.650      0.500      0.488      0.258     -0.500 92571015
     1.112      0.906     -1.635      0.407     -1.205      0.566      0.500      0.012      2.258      0.500 92571017
    -0.073     -0.717      0.422     -1.897     -0.022      2.400     -0.500      1.502      0.258      0.500 92571053
     0.123     -0.416     -0.024      0.653     -0.517     -0.684     -0.500      0.012      2.258     -0.500 92571061
     0.528     -0.686      0.430      0.898     -1.656     -0.517      0.500      0.169     -0.242     -0.500 92571208
     0.814     -1.019      1.336      0.939     -1.201     -3.100      0.500      0.169      0.758     -0.500 92571211
    -0.484     -0.717      0.184      0.653     -1.349      0.983     -0.500      0.409      0.258      0.500 92571311
     0.427     -1.019      0.192      0.468     -0.364     -3.100     -0.500      0.629      0.258     -0.500 92571316
     0.797     -0.416     -0.033      0.006     -2.181     -1.184     -0.500      0.012     -0.242     -0.500 92571317
     1.149     -1.019      0.656      1.185     -1.492      1.400     -0.500      0.693      0.758     -0.500 92571413
     1.035     -1.019      0.447      1.185      0.988     -2.100     -0.500      0.842      2.258     -0.500 92571417
     1.030      0.271      0.668      0.939     -0.116     -0.434     -0.500      0.012     -0.742     -0.500 92571505
     0.082     -1.019      0.205      0.653      0.968      0.150      0.500      0.127     -0.742     -0.500 92571508
    -1.547     -1.019     -0.002      0.898     -0.444     -0.267      0.500      0.473      1.258     -0.500 92571664
    -0.001     -0.717     -0.024      0.898      0.446     -2.017      0.500      0.441     -1.242     -0.500 92571801
    -2.062      0.250      0.880      1.185     -0.889     -1.100      0.500      0.230     -0.742     -0.500 92571914
    -0.051     -1.019      0.430      1.185     -0.766     -0.600     -0.500     -0.013      0.258      0.500 92572005
     1.112      1.461     -0.020          *     -0.571      2.316      0.500     -0.444      0.258      0.500 92572074
    -1.824      1.239     -0.033     -0.064      0.162      2.400     -0.500      0.324     -0.742     -0.500 92572101
     0.598     -1.019      1.349      0.223     -1.268     -1.267      0.500      0.059     -0.242     -0.500 92572109
     0.468     -1.019      0.408      1.185     -2.689     -1.350      0.500     -0.483     -0.742     -0.500 92572168
     0.611     -1.019      0.417      1.185     -0.056     -1.850     -0.500     -3.702      1.258      0.500 92572169
     1.149      0.219      1.127      0.468     -0.308      2.566     -0.500      0.341     -0.242     -0.500 92572171
    -1.670     -0.142     -0.050      0.244     -0.654      0.233     -0.500      0.012      1.258     -0.500 92572203
     0.862     -0.083      1.358      1.185      0.233      1.483     -0.500      0.127      0.258     -0.500 92572210
    -0.123      0.219      0.200      0.939     -1.893      1.400      0.500      0.629      0.758     -0.500 92572242
     0.377     -1.019      1.110      0.468     -1.693     -1.684      0.500      1.008      2.258     -0.500 92572260
     0.093      0.282     -0.717     -1.741      1.879      2.983     -0.500     -0.091      0.758     -0.500 92572267
     0.703     -0.083     -1.375      0.898      0.089     -0.600     -0.500     -0.657      0.258      0.500 92572272
     1.149     -1.019      1.574      0.694      0.004      0.566     -0.500      0.488      0.258     -0.500 92572294
     0.528     -0.384      0.197      0.939     -0.581      0.566      0.500     -0.268      0.258     -0.500 92572300
     0.649      1.180     -0.258      0.611      0.673     -0.184      0.500      0.127     -0.742     -0.500 92572304
    -2.131     -1.019      0.876      0.939      1.121      2.650      0.500      0.287     -0.242     -0.500 92572305
    -0.455     -0.416      0.435      0.939      1.298      1.400      0.500      0.629      0.258     -0.500 92572316
     0.245     -0.353     -0.249      0.407     -0.745      2.566      0.500     -0.268     -0.742     -0.500 92572348
     0.874     -1.019     -0.038      0.653      0.172      1.400     -0.500     -0.118     -0.742      0.500 92572382
     1.112     -0.717      1.101      0.898     -0.521     -2.517     -0.500      0.913     -2.742      0.500 92572389
    -0.313     -0.416      0.651      1.185     -0.533     -0.600     -0.500     -3.702     -0.242     -0.500 92572461
     0.371          *     -1.851      0.407     -0.114      0.733      0.500     -0.268     -1.242     -0.500 92572648
    -0.662     -0.717      0.200      0.407      0.433     -1.350      0.500      0.059     -0.242     -0.500 92572665
    -0.140      1.062     -0.709      0.898      0.516     -0.517     -0.500     -0.994     -0.742     -0.500 92572669
    -0.645     -1.019      0.426     -0.116      0.965      0.650     -0.500      0.863      1.258     -0.500 92572802
    -0.699      0.303     -0.249      0.407      1.051     -0.600     -0.500     -0.236     -0.742      0.500 92572803
    -0.694      0.795     -0.487     -0.265      2.259      0.150     -0.500      0.488     -0.242     -0.500 92572804
     1.149     -0.114      0.215      1.185      0.018      1.566     -0.500      0.287      0.258     -0.500 92572842
    -1.182     -0.717     -0.952     -0.310     -0.622     -1.017      0.500      0.230      0.258     -0.500 92572867
     0.277      0.552      0.214      0.653      0.683      2.066     -0.500      0.230     -0.742     -0.500 92572906
     0.193     -1.019      0.435      0.939     -0.499      1.650     -0.500     -0.091      0.758     -0.500 92572963
    -0.313     -0.665      0.646     -0.064     -0.984     -2.184      0.500      0.127      0.258     -0.500 92572966
     0.602     -1.019      0.668      0.162     -0.275     -1.934     -0.500      0.488      1.258     -0.500 92573010
     0.160     -0.717      1.106      0.939     -1.712     -0.517     -0.500     -1.304      0.258      0.500 92573095
     0.908     -0.717      1.349      0.939      0.641      0.150      0.500     -0.038     -0.742     -0.500 92573497
     1.030     -1.019      1.574      0.293     -0.433     -0.267     -0.500      0.190     -0.242     -0.500 92573516
     1.112     -0.384      0.646      0.939      0.465      2.150     -0.500     -1.304     -0.742      0.500 92573690
    -0.051     -0.114     -0.510      0.407      0.479      1.150     -0.500     -1.304     -0.742      0.500 92573693
    -0.149     -0.142      0.660      0.653      0.007     -0.267     -0.500     -0.444     -0.742     -0.500 92573697
     1.149     -1.019     -1.893     -0.862     -0.673     -0.434      0.500     -0.268     -0.242     -0.500 92573815
    -0.816      0.219     -0.258      0.079      0.000      2.483      0.500      0.148     -0.742     -0.500 92573892
     0.705      0.573      1.335      1.185     -0.222     -0.350      0.500     -0.038     -0.242     -0.500 92573916
     0.642      0.524     -1.402     -0.250      1.298     -3.017      0.500     -0.869     -0.242     -0.500 92573940
     1.030     -0.717      1.335      1.185      0.970     -2.934     -0.500      0.082     -0.742     -0.500 92573943
     0.201     -0.114      1.812      0.653     -1.153      2.400     -0.500     -0.444     -0.242     -0.500 92573947
     1.112      0.931     -0.254     -0.760      0.760     -2.600      0.500     -1.505     -0.742      0.500 92573948
    -0.036     -0.353      0.661      0.120      1.055     -1.100     -0.500      0.393     -0.242     -0.500 92573949
     1.030     -1.019      0.002     -1.696     -1.238     -3.267      0.500     -0.811      1.258     -0.500 92573957
     0.185      0.293      0.881      0.653      1.013      2.650      0.500     -2.603     -1.742      0.500 92574010
    -1.186      0.927     -0.717      0.653      0.104      1.900     -0.500     -0.268     -0.742     -0.500 92574098
    -0.944     -1.019     -2.572     -2.275     -0.734      1.816      0.500     -0.444     -1.242     -0.500 92574124
     0.123     -0.686      0.430      0.407     -0.801      1.316      0.500     -0.370     -0.742     -0.500 92574314
     0.217      0.626     -0.948      0.898      1.374      1.816      0.500     -0.205      0.258      0.500 92574695
    -0.655      1.857      0.197      1.185     -0.050      1.150      0.500     -0.657     -1.742      0.500 92574698
    -0.731      2.363     -0.952      0.653     -0.466     -0.017     -0.500     -0.268     -0.742      0.500 92574726
    -0.027     -0.083      0.422     -0.239      0.834      2.150     -0.500      0.561      0.758     -0.500 92574925
     1.149      0.636     -0.948     -0.526      0.276      2.233     -0.500     -0.483     -0.742     -0.500 92574998
    -0.303      0.937     -0.969     -0.555     -0.413      0.566     -0.500      0.409     -0.742     -0.500 92575009
     1.186      2.363      1.110      0.653      0.477      0.566     -0.500     -1.910     -0.742      0.500 92575033
     0.391     -0.162          *      1.185     -0.537     -1.350      0.500      0.324     -0.742     -0.500 92575065
     0.590      0.626      1.335      0.653     -0.774      0.816     -0.500     -0.406      1.258     -0.500 92575080
    -0.137      0.213     -1.185     -0.223      0.923      1.483      0.500     -0.444     -0.742     -0.500 92575081
     0.100     -0.717      1.110     -0.935     -0.387      0.650      0.500     -0.444      1.258     -0.500 92575084
     0.892      0.948      1.574     -0.771     -0.593      0.566      0.500      0.012     -0.742     -0.500 92575091
    -2.015     -1.019      0.633      0.653      0.339     -0.767     -0.500      0.488     -0.242     -0.500 92575119
     0.012     -0.686      0.885      0.449     -0.802     -1.017     -0.500     -0.205      0.758     -0.500 92575180
     1.035     -0.083     -0.020      0.898     -1.397      0.900      0.500      0.012      0.758     -0.500 92575201
     0.096     -0.443      0.660      0.939     -1.906      2.400      0.500      0.409      0.258     -0.500 92575213
     1.186     -0.162      0.916      0.293      0.918      2.316     -0.500      0.230      0.258      0.500 92575247
     1.149     -1.019     -0.726      0.694     -0.173     -0.100     -0.500      0.913      0.758     -0.500 92575253
    -0.026     -1.019     -0.024      0.653      1.212     -0.850      0.500      0.616      0.758     -0.500 92575261
    -1.897     -0.717     -1.190      1.185     -1.368      1.650      0.500      0.012     -0.742     -0.500 92575263
     0.004      0.240     -0.280     -1.201     -0.327     -0.184     -0.500      0.012      1.258     -0.500 92575400
    -0.189     -0.083      1.349      0.407      1.154      1.900      0.500      1.342      1.758     -0.500 92575771
     0.123     -0.443     -0.262     -0.247      0.933     -2.100     -0.500      0.230     -0.742     -0.500 92575807
    -0.059     -1.019      1.119      0.407      0.315     -1.017      0.500      0.693      1.258     -0.500 92575835
     0.673     -0.114     -0.699      0.244      0.427      0.566     -0.500      0.230     -0.742     -0.500 92575907
     1.149     -0.717      1.340      1.185      0.147     -0.017     -0.500      0.230     -0.742     -0.500 92575918
     1.149     -0.717      1.127      1.185     -0.059      1.566      0.500      0.127      0.758     -0.500 92575935
     0.280     -0.384      0.236     -0.465     -1.946      0.483      0.500      0.913      1.758     -0.500 92575941
     0.165     -1.019      1.124     -1.586     -0.994     -1.934      0.500      0.863      1.258     -0.500 92575943
     0.896     -0.717      1.812      0.407     -2.102      1.650      0.500     -0.118     -0.242     -0.500 92575946
    -0.284     -0.686      0.422     -1.156      0.050     -0.767     -0.500      0.230      0.258     -0.500 92576033
    -0.790     -0.717     -0.028      0.653      0.570     -0.350      0.500     -0.334      1.258      0.500 92576097
     0.421     -1.019      0.179     -0.125     -0.506     -3.100      0.500     -1.063     -0.742      0.500 92576248
    -0.303     -0.083     -0.735     -0.002      0.028      0.483      0.500      0.409      1.258     -0.500 92576279
    -1.546     -0.416      0.421      0.006      0.078     -1.184      0.500      0.409      1.758     -0.500 92576365
     0.308     -0.416      1.335     -0.116      0.144      2.733      0.500      0.230      0.758     -0.500 92576386
    -2.098      1.239     -0.033      0.366      0.747      0.816     -0.500      0.190      1.258     -0.500 92576439
     0.277     -0.717     -0.263     -1.180     -0.068      0.400     -0.500      0.629      2.258     -0.500 92576504
     1.030     -0.717      0.399      0.939     -0.729     -0.517      0.500      0.913      1.258     -0.500 92576533
    -0.557     -0.717      0.439     -0.310      1.089     -0.184     -0.500      0.561      0.758     -0.500 92576580
     0.794     -0.083      0.205      0.939      0.483      1.566      0.500      0.488      0.258     -0.500 92576632
     0.426      1.159     -0.957     -0.657     -1.694      0.066     -0.500      0.306     -0.742     -0.500 92576692
    -0.278     -1.019      0.443      0.120      0.096      1.816      0.500     -0.706     -0.742      0.500 92576774
    -0.531     -0.717     -1.415      0.366     -1.406      0.150      0.500     -0.444     -0.742     -0.500 92576788
     0.896     -0.443      0.642      0.898      0.801     -1.017      0.500      0.324     -0.742     -0.500 92576853
    -0.666     -1.019     -0.514     -0.956      0.563     -0.100      0.500      0.561      0.258     -0.500 92576950
    -2.820      2.169     -1.645     -1.738      0.811      0.733      0.500     -1.622     -1.742      0.500 92577065
     0.123     -0.051     -0.713      0.653     -0.706      2.566      0.500     -1.217     -0.742     -0.500 92577112
     0.346      1.239     -0.696     -0.617      3.157      0.900      0.500     -0.869     -1.242     -0.500 92577118
    -0.026     -1.019      0.660     -0.239     -1.394     -0.600      0.500      0.409      0.758     -0.500 92577127
    -0.346      1.149      0.413     -0.465     -2.151      1.150     -0.500      0.913      2.258     -0.500 92577129
    -0.571     -0.984     -0.280     -1.610      1.439      0.316      0.500      0.059      0.258      0.500 92577210
     0.611     -1.019      0.411      1.185      0.353     -0.767      0.500      0.863      1.258     -0.500 92577217
    -0.970      0.657     -0.714     -2.343     -1.088      1.900      0.500      0.693      0.758     -0.500 92577219
     1.149     -0.384      0.660      0.293     -0.568      1.816      0.500      0.693      2.258     -0.500 92577326
     0.896     -0.717      1.124      0.939      0.520     -0.184      0.500      0.913      1.258     -0.500 92577368
    -0.731      1.947     -0.246     -1.861      1.380     -0.767      0.500      0.127      0.758     -0.500 92577514
    -0.051     -0.717      0.430      0.653      1.810      1.816     -0.500     -0.205     -1.742      0.500 92577862
     0.123      0.604      0.200      0.653      0.343      2.316     -0.500      0.693     -0.742     -0.500 92577864
     0.020      0.573     -1.637      0.939      1.945      1.316      0.500     -0.118     -0.742      0.500 92577918
     1.047     -0.114      0.448      0.407      1.110     -1.934      0.500      2.515      1.258     -0.500 92577920
    -0.294      0.573      0.894      0.468      1.585      0.400     -0.500      2.515      0.258      0.500 92577927
    -0.026      0.552      0.205      0.653      1.279      1.483      0.500     -0.370     -0.742     -0.500 92578034
     0.657     -0.416     -0.254      0.244     -0.662      2.650     -0.500      0.693      1.758     -0.500 92578046
    -0.311      1.836     -1.900     -0.935     -0.304     -0.600     -0.500     -0.444     -0.742      0.500 92578048
    -0.051      1.947     -0.713     -0.239      1.333      2.066     -0.500      0.729      0.258      0.500 92578049
    -0.029     -1.019     -0.704      0.407      0.910      1.150      0.500      0.230     -0.242     -0.500 92578141
    -0.669     -0.686     -1.861     -0.178      1.001     -0.184     -0.500     -0.175      1.258     -0.500 92578149
    -4.404      0.552      1.582      0.037     -0.304      1.733      0.500     -1.304     -2.742     -0.500 92578199
    -1.027     -0.051     -0.734      0.120     -2.111      0.983      0.500      0.105     -0.742      0.500 92578225
    -0.592     -1.019      0.625      0.468     -2.597      1.566     -0.500     -0.811     -0.242     -0.500 92578242
     1.035     -0.686      1.578      0.898      0.454     -0.434     -0.500     -0.406      2.258     -0.500 92578243
     1.149      0.885      0.890      0.204      1.346      2.066      0.500      0.741      0.258     -0.500 92578249
     1.035      0.240      1.349      0.204     -1.018      2.066     -0.500      0.561      0.758     -0.500 92578393
     0.874      1.614      0.188      1.185      2.106      1.816      0.500     -1.622     -2.742      0.500 92578399
    -0.250      1.121     -0.290     -0.624      0.036     -0.100     -0.500      0.873      1.258     -0.500 92578433
     0.445      1.281      1.111      1.185     -0.149      1.316     -0.500      0.488     -0.742      0.500 92578448
     0.590      0.271     -0.717     -0.534     -1.183     -0.434      0.500      0.393     -0.742     -0.500 92578545
     0.472     -1.019      0.205      1.185      0.685     -0.100     -0.500      0.503      0.258     -0.500 92578546
    -0.592      0.906     -0.033     -0.893      0.221      1.566     -0.500     -0.118     -1.242     -0.500 92578547
     0.252      0.191     -0.498      0.407      0.659     -0.017     -0.500     -0.205     -1.742     -0.500 92578727
     0.138      2.523     -0.942      0.120      0.633      1.066      0.500     -0.334     -0.742     -0.500 92578842
    -0.722     -1.019      0.656     -0.064     -1.548      0.316      0.500     -0.444     -2.242     -0.500 92578843
     0.241     -0.051      0.460     -0.023      0.005     -0.934      0.500     -0.811     -0.742      0.500 92578899
    -1.660     -1.019      0.902     -0.239     -0.268      0.483     -0.500      0.409      0.258     -0.500 92578930
    -1.309      1.593     -0.464     -1.652     -0.300      0.316      0.500     -0.236      0.758     -0.500 92578943
     1.149      0.271          *      0.694      0.062      2.650     -0.500      0.409     -1.242     -0.500 92578946
     0.092      0.604      0.659      0.252     -0.986     -0.434     -0.500     -0.146      1.258     -0.500 92578948
     0.410     -0.686     -0.462     -0.956      0.981      2.566      0.500     -0.444     -1.742      0.500 92579174
     0.043     -0.717     -0.488      0.653     -0.028     -0.017      0.500      0.341      0.258     -0.500 92579175
    -0.619      0.271     -0.726      0.611     -0.363     -0.934      0.500      0.230     -1.242     -0.500 92579179
     0.339     -0.110     -0.024      0.407      1.141     -2.184     -0.500      0.230     -0.742     -0.500 92579261
     1.149     -0.051          *      0.223      0.443      2.733     -0.500      0.457     -0.742     -0.500 92579267
     0.872     -1.019      1.119      0.407     -0.148      0.816     -0.500     -1.756     -2.742      0.500 92579298
     1.149     -0.020      0.899      0.653      0.249      1.566     -0.500     -2.092     -0.742     -0.500 92579376
     1.149      0.524      0.430     -1.565      0.378      1.066     -0.500     -0.334     -0.742     -0.500 92579378
    -1.646     -1.019     -0.276      0.898     -1.520     -2.350      0.500     -0.268     -0.742     -0.500 92579942
    -0.051      1.260      0.192      0.694      1.483      2.316      0.500     -0.706     -0.742      0.500 92579943
    -0.211     -1.019     -1.172     -3.879      0.461      0.233      0.500      0.933     -1.242     -0.500 92579979
     0.537     -1.019      1.574      0.468     -1.539     -1.350     -0.500      0.409      1.258     -0.500 92579984
     1.035     -1.019      1.380      0.939     -0.322     -0.934     -0.500      0.809      1.258     -0.500 92579987
     0.660     -1.019      1.574     -1.017      0.244     -2.767      0.500      0.488      0.758     -0.500 92579988
    -0.565      0.885     -0.250      0.898     -0.200     -1.350     -0.500     -0.757     -1.742     -0.500 92579996
     0.787      2.190     -0.718     -2.184      0.511      2.483     -0.500     -0.566     -1.242     -0.500 92614170
     1.112     -0.332      0.464      0.120     -0.715     -0.350      0.500     -0.869     -0.742      0.500 92614574
     0.475      0.282      1.119      0.939     -0.397      1.733      0.500     -0.811     -0.742      0.500 92614973
     0.739     -1.019     -0.033      1.185     -1.607     -1.767     -0.500      0.473      1.258     -0.500 92619168
     0.759     -0.717      1.133      1.185     -0.563     -0.184      0.500      0.693      0.758     -0.500 92619265
     1.149     -1.019     -0.293      1.185      0.661     -2.767      0.500      0.488      2.258     -0.500 92619368
    -0.051      0.906     -0.258      0.653      2.196     -1.017     -0.500      0.190      0.258      0.500 92624977
    -0.257     -0.384     -0.944     -1.610     -0.547      1.400     -0.500      0.457      0.758     -0.500 92676351
     0.187      0.636      0.192     -2.160      0.090      0.816      0.500     -1.304      0.258      0.500 92676457
    -0.786     -0.717      1.574      0.293     -1.538      2.400     -0.500      0.324      0.758     -0.500 92678175
     0.279      0.594     -0.912     -0.674      0.986      1.983      0.500      1.094      2.258     -0.500 92678178
    -0.112      0.937     -0.502     -0.116      0.835     -0.100      0.500      0.913     -0.742     -0.500 92678179
     0.649     -1.019     -1.177     -0.465     -0.615      0.066     -0.500      0.873      1.258     -0.500 92678476
     1.149     -0.142     -0.241      0.653     -2.064     -0.934      0.500      0.488      0.758     -0.500 92678477
    -1.880      1.254     -2.086     -1.084      0.150     -1.434     -0.500      0.913      1.758     -0.500 92710035
     1.149     -0.443     -0.709      1.185      0.466     -2.684      0.500      0.230     -0.742     -0.500 92710091
     0.006     -0.686     -0.240      0.694      2.270     -0.684     -0.500      0.230     -0.742     -0.500 92710098
     1.112     -0.114      0.889      0.407     -1.140     -1.600      0.500     -0.175      1.258      0.500 92710139
    -0.178     -1.019     -1.632      0.538      0.584     -3.017      0.500      0.148      2.258     -0.500 92710394
     1.149     -0.686      0.430      0.898      0.100     -1.350      0.500      0.148     -0.742     -0.500 92710396
     0.586      0.524      0.192     -0.534      0.168     -2.267     -0.500     -0.268      0.758     -0.500 92710398
    -2.005     -1.019      1.123      0.449     -0.081     -1.600      0.500     -1.505     -0.742     -0.500 92710678
     0.908     -0.416      0.466     -0.002      0.377     -0.267      0.500      0.148      1.258      0.500 92710884
    -0.057     -1.019      1.349      0.653     -0.485     -1.600      0.500      1.315      1.758     -0.500 92710936
     1.149     -1.019      0.430      0.939      1.084     -2.017     -0.500      0.409      1.258     -0.500 92710975
    -0.161     -1.019     -1.659     -0.674      1.068     -2.934     -0.500      0.409     -0.242     -0.500 92710996
     1.030     -1.019      0.200      1.185      0.392     -2.184     -0.500      0.230      1.758     -0.500 92711860
     1.149     -0.717      0.426      0.449      0.866     -2.267     -0.500      0.230      0.758     -0.500 92712046
    -1.600      0.219     -0.980      1.185      0.943     -2.184     -0.500      0.230      0.258     -0.500 92712148
    -0.506      0.191      1.111      0.040      2.521     -2.600      0.500     -1.399     -0.742      0.500 92712242
     0.853     -1.019      0.417      0.939     -0.659     -1.600     -0.500     -0.038     -0.742     -0.500 92712372
    -1.097     -0.717     -0.227      0.324     -2.054     -1.767      0.500      0.863      0.758     -0.500 92712390
     0.535     -0.686      0.885      0.939      1.728     -2.600     -0.500      0.105      0.758     -0.500 92712910
     1.035     -1.019     -0.462     -0.842     -0.423     -1.350      0.500      0.324     -0.742     -0.500 92712996
    -0.048      0.736     -0.718      0.898     -1.213     -2.350     -0.500      1.052      2.258     -0.500 92713132
     0.874     -1.019     -0.046     -0.964      0.922     -2.767      0.500     -1.505     -1.742      0.500 92713391
     0.884     -0.110      0.430      0.653     -0.866     -3.100     -0.500     -0.611     -0.742      0.500 92713398
    -0.177     -1.019     -0.249     -0.125     -0.701     -2.850     -0.500      0.376      1.758     -0.500 92713399
     0.412      1.947     -3.247      1.185      0.675     -1.100      0.500     -0.406     -0.742      0.500 92714021
    -0.527     -1.019     -0.717     -0.690     -0.395     -2.684      0.500     -0.524     -0.742      0.500 92714096
    -1.752     -0.443     -0.033      0.653      0.917     -3.184      0.500     -0.334     -0.242     -0.500 92714199
    -0.539     -1.019      0.192      0.898      0.194     -2.934      0.500     -0.483     -0.242     -0.500 92714884
     1.112     -1.019      1.574      0.449     -1.300     -3.017     -0.500     -0.483      0.258      0.500 92714927
     1.030      0.355     -0.695     -0.178      0.403     -1.350      0.500      0.409     -2.242     -0.500 92715165
    -1.644     -0.384     -0.488      0.120      0.587     -2.684     -0.500     -0.268     -0.742     -0.500 92715255
    -1.366          *     -3.458          *      0.359     -1.434      0.500     -0.444     -1.742      0.500 92715259
    -0.078     -0.384      0.214      0.898      0.197     -2.350      0.500      0.059     -1.742     -0.500 92715366
    -0.213     -0.686      0.192     -1.180      1.013     -2.017     -0.500     -1.137     -1.742      0.500 92715391
     1.149     -0.443      1.812      0.939     -0.821     -2.350      0.500      0.913      0.258     -0.500 92715931
    -0.014     -0.686      1.336      1.185      0.307     -1.350      0.500      0.809     -0.742     -0.500 92715982
     0.237      1.461     -0.721      0.898      0.516     -0.600      0.500      0.059     -1.242     -0.500 92715985
     1.149     -1.019      0.907      0.407      0.334     -2.767      0.500     -0.118     -0.742     -0.500 92715987
     0.744      1.260      0.655      1.185      1.385     -1.100     -0.500      0.409     -0.742     -0.500 92715989
     1.149     -0.051     -0.025      0.694      1.276     -1.684     -0.500     -0.444     -0.742     -0.500 92716116
     1.149     -1.019      1.123      0.694     -0.168     -1.600     -0.500      0.059     -0.242     -0.500 92716164
    -0.766     -0.443     -0.489     -0.771      0.117     -1.934      0.500      0.409     -1.742      0.500 92716167
     1.030      0.160      1.587      1.185     -0.475     -1.517      0.500      0.409      1.258     -0.500 92716622
     0.723     -1.019      1.574      1.185     -0.376     -2.350      0.500     -0.013      1.258     -0.500 92716883
     0.526     -0.384      1.119      0.293     -0.990     -1.517      0.500      0.409      1.758     -0.500 92716902
    -0.435     -0.665      0.430      0.407     -1.077     -1.517      0.500      0.488     -0.742     -0.500 92716907
    -0.278      2.221     -1.406     -0.752     -1.001     -1.267     -0.500      0.488      2.258      0.500 92716915
     1.030     -0.443     -0.496     -0.779      0.418     -2.517      0.500      0.913      1.258     -0.500 92716951
     0.369     -1.019     -0.493      0.120      0.186     -1.350     -0.500      0.488      0.258     -0.500 92716956
     0.441      0.959     -1.847     -1.610     -0.695     -2.017      0.500      0.190      1.258      0.500 92716970
     1.112     -1.019     -2.319      1.185      0.074     -2.934      0.500      0.409     -0.742      0.500 92716976
     0.911      0.191     -0.262      0.898      0.138     -0.600      0.500     -0.483      1.258     -0.500 92717265
     0.292      0.604     -2.532      0.939      0.191     -1.767      0.500     -0.929     -1.242     -0.500 92717368
     0.911     -0.717      0.678      0.939     -0.394     -2.350     -0.500      0.457      1.258     -0.500 92717911
     0.586     -1.019      0.660      0.939     -0.261     -2.350      0.500      0.230      1.258     -0.500 92717912
     0.212     -1.019      0.192      0.653     -1.010     -2.350      0.500      0.230      1.258     -0.500 92717915
    -0.295     -1.019     -0.470      0.611     -1.275     -1.100     -0.500     -0.205      1.258      0.500 92717916
     1.149     -0.030      1.335      1.185      2.026     -2.267     -0.500      0.409      0.258     -0.500 92717954
     1.020     -1.019     -0.718      0.939     -0.511     -1.517     -0.500     -1.304      1.258     -0.500 92718028
    -0.045     -0.416      0.897      1.185      1.501     -3.267      0.500     -0.657     -0.742      0.500 92718248
     1.149     -1.019      0.444      0.468      0.269     -1.934      0.500      0.324      1.258     -0.500 92718344
    -0.026     -0.051     -0.016     -2.270     -1.613     -2.850      0.500     -1.399     -2.242     -0.500 92718364
    -0.478      0.990      0.646      0.407      0.301     -1.350      0.500      1.017      1.258     -0.500 92718370
     1.030     -1.019      1.574      1.185     -1.389     -2.267     -0.500      0.082     -0.742     -0.500 92718399
     1.149      0.132     -0.271     -0.289     -0.475     -1.350     -0.500      0.269     -0.742     -0.500 92718946
     1.149     -0.717      0.452      1.185      0.008     -1.767      0.500      0.409      0.258     -0.500 92718978
    -0.696      1.170     -1.622     -3.162     -0.067     -1.100     -0.500     -0.334     -0.742     -0.500 92719970
    -0.693     -1.019     -0.038     -0.239     -0.808     -1.684      0.500     -0.929     -0.242     -0.500 92719971
     0.502     -1.019      0.422      0.120     -0.132     -2.767      0.500      0.012     -0.742     -0.500 93374977
     0.406      1.260     -1.645      0.939      0.793      2.316      0.500     -0.268     -0.242     -0.500 93500228
    -0.255     -0.717      0.174      1.185      0.703      0.066     -0.500     -0.657      0.258      0.500 93500233
     0.705      0.191      0.880      0.653      0.515      0.316     -0.500      0.809      0.258     -0.500 93500385
     0.861      1.128      0.183      0.366     -0.506      1.900      0.500      0.589      1.758     -0.500 93500920
    -0.227      0.868     -0.709      1.185      1.009     -0.517     -0.500      0.488      0.258     -0.500 93501155
     0.213     -0.717     -0.975     -1.783     -1.691     -0.100     -0.500      0.324      1.258      0.500 93503136
     1.035     -1.019      0.880      0.653      1.458      1.066      0.500      1.282      1.758     -0.500 93503239
    -0.248     -0.030      1.119     -0.023      0.658      2.650     -0.500      1.008      1.758     -0.500 93503830
    -0.927     -0.902     -0.249     -0.116     -0.122     -2.017      0.500      0.809      2.258     -0.500 93504102
    -1.680     -0.363      1.124      0.538     -0.065      0.066      0.500      0.488      0.258      0.500 93504281
    -2.357     -0.353     -0.033     -1.852     -1.080     -2.934     -0.500     -0.064      1.258     -0.500 93504502
    -0.278     -0.030     -0.042      0.939     -0.614      1.400      0.500     -0.236      0.258      0.500 93504642
    -0.984      2.523          *     -1.530     -0.238      0.150      0.500      0.409     -0.742     -0.500 93504789
    -1.686     -0.443      0.408      0.653      1.858     -0.600      0.500     -1.217      0.258      0.500 93504823
     0.268     -0.020      0.200     -1.180      0.698      2.233      0.500     -0.236     -1.742     -0.500 93504990
     1.149     -0.717      0.664      0.538     -1.561      0.066      0.500      0.409      0.258     -0.500 93506150
     1.112     -0.443      0.439     -0.606      0.209     -0.767     -0.500      0.210      0.258      0.500 93506273
     0.797      0.462      0.876      0.939     -1.196      1.400     -0.500      0.269     -0.742     -0.500 93506280
     0.381     -0.363      0.686     -0.289      0.690      0.150     -0.500      0.012      0.258     -0.500 93506487
    -0.278      1.482     -1.410     -0.534      1.371     -0.017      0.500      0.561     -1.742      0.500 93506572
    -0.660     -1.019      0.438     -1.574     -0.652      1.316      0.500     -0.268     -0.742     -0.500 93506625
     1.149      1.344      1.123      1.185      0.969      1.066     -0.500     -0.268     -0.742     -0.500 93506682
    -0.741      0.626      0.664      1.185      0.446      1.733     -0.500      0.488      0.258     -0.500 93506684
    -0.394     -0.114     -1.843     -0.239      0.697      1.150     -0.500     -0.268     -0.742     -0.500 93506687
     0.383      1.646     -0.953     -0.002      0.791     -1.267     -0.500      0.230      0.258     -0.500 93507256
    -0.911      0.355     -0.965     -0.002      0.122      0.650     -0.500      0.148     -0.242     -0.500 93507916
     0.827     -0.020     -0.474      0.538     -0.226      0.483      0.500      0.441      1.258     -0.500 93508039
     0.892     -1.019     -0.016     -1.180     -1.474      1.066     -0.500      0.324      1.258     -0.500 93508424
    -2.613      1.947     -1.887      0.898      1.070     -1.350      0.500     -1.137     -1.742      0.500 93508463
    -0.696     -0.384     -0.284      0.694      0.524      0.400     -0.500     -0.091     -0.742     -0.500 93508623
     0.853      2.384      1.123      0.939      0.858     -0.100     -0.500     -0.091     -0.242     -0.500 93508964
    -0.557      0.282     -0.497      0.120     -1.445      0.316      0.500      0.629     -0.242     -0.500 93544389
    -0.099     -0.051          *      0.653     -1.105      1.233      0.500      0.409     -0.742     -0.500 93544923
    -3.174      1.947     -1.163      0.898     -0.344      0.066      0.500      0.693      0.758     -0.500 93548372
    -0.041      0.334          *      0.653      0.567      1.983      0.500      0.012      1.258      0.500 93548877
    -0.031     -0.686     -0.275     -1.005     -0.341     -1.684      0.500      0.561      0.258      0.500 93570020
    -0.311     -1.019     -0.938      0.120      0.228      0.150      0.500      0.629      2.258      0.500 93570097
     0.288     -0.083      1.110      1.185     -0.092      0.316      0.500     -0.757     -0.242     -0.500 93570198
    -0.593      0.191      0.408      0.939      0.756     -2.767      0.500      0.230     -0.242     -0.500 93570424
     0.908     -1.019      0.902      0.898      0.509      1.150      0.500      0.883      2.258     -0.500 93570432
     1.149      0.795     -0.263     -1.590      0.341      1.566     -0.500      0.127     -0.242     -0.500 93570471
    -0.466     -0.114     -1.635     -0.023     -0.635      1.983     -0.500      0.409      1.258     -0.500 93570473
     0.861     -0.142      0.859      0.653     -0.457     -1.017     -0.500      0.287      0.758     -0.500 93570476
     0.574     -0.384      1.587      1.185     -0.834     -0.767      0.500      0.287     -1.242     -0.500 93570493
    -0.051      0.906     -0.926      0.653      0.027     -0.017      0.500     -0.301      0.258      0.500 93570534
     0.908      1.947      1.110      1.185     -0.740     -0.850      0.500     -2.092     -1.742      0.500 93570695
     0.921      0.959     -0.722      0.653      0.813      2.316      0.500     -0.268     -2.242     -0.500 93570697
    -0.903     -1.019     -0.249     -1.855      0.280     -0.850      0.500     -0.444      1.758     -0.500 93570721
     0.886     -1.019     -0.016     -2.028     -0.789     -1.850     -0.500     -0.268     -0.742     -0.500 93570824
     0.906      1.646     -2.564      0.694      0.058      0.566      0.500      0.230     -0.242     -0.500 93570878
    -0.028      1.260     -0.958     -2.675     -0.022      1.066     -0.500     -0.118     -1.242     -0.500 93570927
     1.010      1.260      0.889      0.006     -1.035      1.233     -0.500      0.409      1.258     -0.500 93570929
    -0.772     -1.019      0.655      1.185      0.798      0.316      0.500      0.169      1.258      0.500 93571010
     1.149     -1.019      1.349      0.468     -0.939     -2.017      0.500      0.717     -0.742     -0.500 93571013
    -1.054          *     -0.690      0.318     -0.068      2.233     -0.500      0.012     -0.742     -0.500 93571066
     0.207      0.524      0.655     -0.370      0.165     -0.684     -0.500     -0.657     -0.742      0.500 93571074
     0.905     -0.114      0.885      0.653     -0.152      0.733     -0.500      0.082     -0.742     -0.500 93571102
     0.878      0.001      1.097      0.531     -0.426     -0.267     -0.500      0.306      0.258     -0.500 93571107
    -1.827     -1.019     -2.112     -0.842     -1.392     -2.017      0.500      1.315     -1.742     -0.500 93571114
    -0.731      0.927      1.587     -1.243     -0.980      2.733     -0.500      0.230     -0.242     -0.500 93571153
     0.815     -1.019     -0.024     -1.447      0.055     -0.600     -0.500      0.012     -0.742     -0.500 93571169
    -0.100     -1.019      0.197      0.653     -1.268      1.900     -0.500      0.127     -0.242     -0.500 93571211
     1.112     -1.019      1.587     -1.425     -0.494      1.400     -0.500     -0.268      1.258      0.500 93571350
    -0.027     -1.019     -0.033      0.939     -0.257     -0.934     -0.500      0.764      2.258     -0.500 93571415
     0.678     -0.114      1.357      0.939     -0.841      1.566     -0.500      0.376      1.258     -0.500 93571452
    -1.325      0.647     -1.145      0.939      0.623      0.400      0.500     -0.118      1.258     -0.500 93571469
     0.992      0.271      0.669      0.898      1.347     -0.267     -0.500      0.230     -0.242     -0.500 93571561
    -0.001      1.614      1.335      0.048     -1.225      1.650     -0.500      0.269     -0.742      0.500 93571653
    -0.521     -0.717      0.876      0.293      0.907      2.150     -0.500      0.518      1.758     -0.500 93571765
     0.679      0.219      0.200      0.898      0.176     -0.017     -0.500      0.359     -0.742      0.500 93571806
    -0.454      0.250      0.889      0.407     -0.176      0.483      0.500      0.059     -1.242     -0.500 93571862
    -0.051     -0.083      0.894     -0.473     -0.903     -0.267      0.500     -1.756     -0.742      0.500 93572043
    -0.849      0.250     -2.343     -1.017      0.624      1.733      0.500     -0.706      0.258     -0.500 93572067
     0.568     -0.416      1.119      0.939     -1.268      1.650     -0.500      0.148     -0.742     -0.500 93572069
    -0.734     -1.019      1.587      0.223     -0.758      1.650      0.500      0.409     -1.242     -0.500 93572107
     0.371      1.239      0.012     -0.657     -1.864      1.733     -0.500     -0.205     -1.242     -0.500 93572140
    -0.386      0.604      0.192     -0.473     -1.553     -1.100      0.500      0.913      2.258     -0.500 93572161
     1.030     -0.114      1.127      1.185      0.391      0.900      0.500     -0.444     -0.742     -0.500 93572169
    -1.612      1.836     -0.262     -0.370      0.590      0.483      0.500      0.105      1.258      0.500 93572199
    -1.370     -1.019      0.444     -1.569     -1.060      1.733      0.500      1.173      1.258     -0.500 93572200
    -0.495     -1.019      0.201      0.162      0.199     -0.267      0.500     -0.929      0.258     -0.500 93572203
    -0.767      0.524     -1.189      0.531      0.789      1.483      0.500     -0.118     -0.742      0.500 93572212
     0.464     -1.019      1.812      0.939     -0.078      1.900      0.500      0.230     -0.242     -0.500 93572216
    -0.051      0.636      1.336      0.204      1.404     -0.184      0.500     -1.137     -1.742      0.500 93572221
     0.240     -0.717     -0.033      0.407      0.329      2.983     -0.500     -0.013      0.258     -0.500 93572240
    -0.309      0.219     -0.974      0.407     -2.071      1.983     -0.500      0.127     -0.742     -0.500 93572260
    -0.351      0.250      0.434     -1.538     -0.087      0.733     -0.500     -0.524      1.258      0.500 93572278
     0.874      0.250      0.425      0.939      1.152     -1.100      0.500     -0.064      0.258      0.500 93572279
     0.901     -1.019      1.344      1.185     -0.466     -1.267     -0.500      0.488      0.758     -0.500 93572283
     0.679      0.885     -1.419      0.449     -0.183     -0.767     -0.500     -0.657     -0.742      0.500 93572287
     0.929     -0.717      0.863      0.898      0.818     -0.934     -0.500      0.561      2.258     -0.500 93572297
     1.112     -0.384      0.646     -1.160      0.642      1.066     -0.500      0.230      2.258      0.500 93572303
     1.149     -1.019      0.430      0.898     -0.213      1.233     -0.500      0.012      0.258     -0.500 93572376
     1.149     -0.384      1.574      0.366     -0.088     -0.434      0.500     -0.091     -1.242     -0.500 93572390
    -2.176     -1.019     -0.016      0.162     -2.537     -0.684     -0.500      0.409      1.758     -0.500 93572393
    -0.156     -1.019      0.426      0.653      1.202     -0.184     -0.500      0.012      0.258     -0.500 93572461
    -0.449     -1.019      0.430     -0.465     -0.938     -1.350      0.500      0.409      1.758     -0.500 93572462
     0.528     -1.019      0.683      0.898     -0.114      1.400      0.500     -0.118      0.258     -0.500 93572802
     0.437     -0.114      0.877      1.185     -0.493      2.316      0.500      0.359     -1.242     -0.500 93572804
    -2.236     -0.717     -0.258      0.653      0.445     -0.017      0.500      0.230      0.258     -0.500 93572808
    -1.201     -1.019      0.430      0.468     -2.018      0.900     -0.500      0.629      1.758     -0.500 93572870
     1.149      0.583      1.123      0.694      1.451      2.316      0.500     -0.657     -0.742     -0.500 93572916
     0.854      0.795     -2.544     -0.239      1.051      2.733      0.500     -0.929      0.258      0.500 93572948
    -0.156     -0.717      0.430      1.185      0.118     -2.350      0.500     -0.657     -0.742     -0.500 93572964
    -0.382     -1.019      0.192      0.588      0.289     -2.100     -0.500     -3.702      1.258     -0.500 93572967
    -2.194      2.523     -0.951     -0.023      0.771     -0.850      0.500     -0.268     -0.242     -0.500 93572986
    -0.311      1.482     -0.051      0.611      0.179      0.483     -0.500     -0.929     -0.742      0.500 93573118
     0.679      1.867     -3.490     -1.696     -0.165     -0.517      0.500     -2.315     -0.742      0.500 93573190
    -0.331     -0.416      0.219      0.653     -1.419      1.400     -0.500      0.561      1.258     -0.500 93573318
     0.140     -0.030     -0.496      0.653     -0.337      0.316      0.500      0.913      2.258     -0.500 93573335
    -1.084      0.657     -3.239     -1.353      0.124      1.983      0.500     -0.091     -0.742     -0.500 93573811
    -2.239      1.947     -0.501     -0.690      1.599      0.233      0.500      0.376      0.758     -0.500 93573911
     1.186     -0.142     -0.276      0.468     -0.373     -2.767     -0.500      0.809      1.258      0.500 93573916
    -1.279     -0.443      0.669     -0.064     -0.432     -1.934      0.500     -0.175     -0.742     -0.500 93573941
     1.186     -0.717      1.349      0.407     -0.880      0.733     -0.500     -1.137      0.258      0.500 93573944
     0.787     -0.686      0.871      0.939     -0.844     -0.517      0.500      0.532      0.258     -0.500 93573948
     0.809      0.708      0.655     -1.320     -0.695     -2.850     -0.500     -0.118      0.758     -0.500 93573950
     0.077      0.132     -0.006      1.185      2.394      0.066      0.500     -0.657      0.258     -0.500 93573951
     0.878     -1.019      0.886      0.932      0.443     -2.100     -0.500     -0.444     -0.742     -0.500 93573954
    -0.146      0.604     -0.241      0.898      0.249      0.650      0.500     -1.063     -0.742     -0.500 93573991
     0.359      1.947          *      1.185     -1.945      2.400     -0.500      0.893      0.258     -0.500 93573994
     0.884      1.593      0.209     -1.342     -1.637      2.650      0.500     -0.444      0.258      0.500 93574096
    -1.449     -0.686     -0.487     -1.066     -3.435      0.733      0.500      0.127      0.758     -0.500 93574283
     0.884     -0.083     -0.717      0.653     -1.053      1.650     -0.500     -1.304     -0.742      0.500 93574335
    -0.306      1.947     -0.249      0.653     -0.270      2.316      0.500      0.488      0.758     -0.500 93574487
     0.679      1.947     -0.723     -2.569     -0.067     -0.184     -0.500      0.409      0.258      0.500 93574520
    -0.740      1.233      0.430      0.407     -2.360     -0.684     -0.500     -0.869     -0.742      0.500 93574583
    -1.942     -0.030     -0.714     -0.534      1.616      0.650     -0.500     -0.657     -0.242     -0.500 93574791
    -1.287     -0.443     -0.886     -2.516     -0.980     -0.600      0.500      0.589     -0.742     -0.500 93574847
    -0.777     -1.019     -1.870     -0.606      1.890     -0.434     -0.500      0.230     -1.742      0.500 93574898
    -1.107     -0.665     -0.964     -1.652      0.231      1.400      0.500     -0.146     -0.742     -0.500 93574926
    -0.001     -0.665      0.201     -1.425      2.210     -1.350      0.500      0.409      0.258      0.500 93574931
     1.149     -1.019      1.574      0.293      0.629     -1.267      0.500      0.324      0.758     -0.500 93575078
     1.035     -0.717      0.420     -0.116      1.136     -0.517     -0.500      0.913      1.258     -0.500 93575130
     1.149     -1.019      0.430      0.939     -1.781     -1.267      0.500      0.693      1.258     -0.500 93575162
     1.149     -0.686      0.430      0.939      0.153     -2.434      0.500      1.602      0.758     -0.500 93575205
     0.896     -0.363      0.668      0.006      0.166      1.566     -0.500      0.012     -0.742     -0.500 93575233
    -0.312     -1.019     -0.942     -1.078      1.685     -1.767      0.500      1.134      0.758     -0.500 93575246
    -0.475     -0.686     -0.033      0.407      0.213     -0.600     -0.500      0.561      0.258     -0.500 93575250
     0.564      0.132     -0.501     -1.897      0.743     -0.267     -0.500      0.809      1.758     -0.500 93575314
    -0.156      1.291     -0.262      0.653      0.671     -0.017     -0.500     -0.038     -0.742     -0.500 93575316
    -0.719      0.906     -0.704      0.407     -0.601      0.150      0.500     -0.118     -0.242     -0.500 93575357
    -0.311     -0.051      0.192      0.366      0.012      1.650      0.500     -0.929     -0.742      0.500 93575385
     0.646     -1.019      0.899      0.694     -1.424      2.650     -0.500     -3.702     -2.742      0.500 93575389
    -0.325     -0.142     -0.704      1.185      1.508     -1.267      0.500      0.409     -0.242     -0.500 93575403
     1.112     -0.384      0.201      1.185      2.018     -0.017      0.500     -0.611     -0.742      0.500 93575809
    -1.905      1.011     -2.077      0.898      0.538     -1.184      0.500     -0.268      1.258      0.500 93575837
     1.149     -0.717     -0.294      0.898     -0.044     -1.184      0.500      0.753      0.258     -0.500 93575902
    -0.835      2.190     -0.262      0.366     -0.809     -0.850      0.500      0.561     -0.742     -0.500 93575969
    -0.339      1.260      0.201     -2.270      1.118     -0.184     -0.500     -0.811     -0.242     -0.500 93575980
    -3.902     -0.384     -1.626     -0.064      1.465      1.733      0.500      0.409      2.258     -0.500 93575983
     0.210      1.947      1.141      0.407     -0.505      0.983      0.500      0.376      0.758     -0.500 93575989
    -1.299     -1.019     -1.415     -1.897      1.452     -0.350     -0.500      0.693      1.258     -0.500 93575991
     1.149     -1.019     -0.255      0.162      0.603     -1.434      0.500      1.315      1.258     -0.500 93576007
     0.896     -0.665     -0.947     -1.610     -0.407      1.233     -0.500      0.693      2.258     -0.500 93576018
     1.149     -1.019      0.885      1.185      0.959     -3.184      0.500      0.306      0.258     -0.500 93576040
     0.329      0.583     -0.284      0.653      0.810      2.400      0.500      0.082      0.258     -0.500 93576119
     1.149      0.826      0.881     -0.956      0.343      1.733     -0.500      0.190     -0.742     -0.500 93576265
     0.696     -1.019      0.646      0.939     -0.280      0.233     -0.500      0.842      1.258     -0.500 93576330
     0.123      0.160     -0.930     -0.648      0.446     -0.350      0.500      0.809      1.258     -0.500 93576456
     0.564      0.240     -0.030      0.694      1.119      1.733      0.500      0.059     -0.742     -0.500 93576458
     1.149     -0.114     -0.016     -1.201      1.207     -0.934      0.500      0.488      0.258     -0.500 93576460
    -1.903     -1.019      1.119     -0.443     -0.710      1.816      0.500     -1.399      0.258     -0.500 93576484
    -3.128      0.927     -0.948     -0.370     -1.530      0.483      0.500     -0.444     -1.742      0.500 93577187
    -0.439      2.169     -1.636     -1.251      1.066      2.900     -0.500      0.359     -0.742     -0.500 93577212
    -1.328      0.959     -0.694     -0.178     -0.780      0.066     -0.500      1.824      0.758     -0.500 93577226
     0.815      1.947     -0.964     -2.282      0.008      1.566      0.500      0.693      1.258     -0.500 93577229
     0.174     -0.030     -0.033      0.611      0.329     -0.184      0.500      0.324     -1.242     -0.500 93577782
     0.648     -1.019     -0.259      1.185      0.355     -1.017     -0.500      0.488      1.258     -0.500 93577922
    -0.475      2.523     -1.632      0.407      1.512      0.733      0.500     -0.301     -0.742     -0.500 93577962
     0.409     -1.019      0.430      0.293     -2.129      0.066      0.500      0.012     -0.242     -0.500 93578045
     0.476     -0.384     -0.484     -2.388     -2.559     -0.184     -0.500     -0.334      1.258     -0.500 93578146
     0.533      0.271     -0.479     -1.323      1.265      2.400     -0.500     -0.334      1.258     -0.500 93578148
     0.616      1.593      0.192      0.939      0.578     -0.184      0.500     -2.315      0.258      0.500 93578164
     0.241     -0.686     -0.056      0.162      0.284      0.066     -0.500      0.230      1.758     -0.500 93578170
     0.901     -0.717     -1.407      0.653      0.132     -1.017     -0.500      0.409     -0.742     -0.500 93578237
     0.123      1.947     -0.713     -0.752      1.293      1.650     -0.500      0.324     -0.742     -0.500 93578245
    -0.978      0.583     -1.415      0.653      1.164      1.316     -0.500     -0.444     -0.742      0.500 93578247
    -0.515      1.618     -0.474      0.204     -0.966      0.983      0.500     -1.217      0.258      0.500 93578344
     0.787     -0.363     -0.033      0.653     -2.359      0.150     -0.500     -0.118     -0.742     -0.500 93578348
     1.112      0.282      0.415     -0.944      0.131     -0.434     -0.500     -1.137     -0.742      0.500 93578349
    -0.255     -1.019      0.200     -0.669     -0.974      2.733      0.500      0.409      1.258     -0.500 93578435
    -3.530      0.577     -3.027      0.407      0.087      0.650      0.500     -1.910     -1.742      0.500 93578443
    -0.017     -0.717     -0.024     -1.652      1.780      0.316     -0.500     -0.118      0.258      0.500 93578444
    -0.051      1.488      0.188      0.407     -1.275     -0.934     -0.500     -0.268     -0.742      0.500 93578449
    -0.311      0.636     -0.033     -1.610      1.862      0.316      0.500      0.012     -1.742      0.500 93578544
    -0.258      1.344      0.422      0.407      1.408      1.983     -0.500      0.230      0.758     -0.500 93578546
     0.034     -0.020     -0.709     -0.484      1.392      1.400      0.500     -0.175     -1.742     -0.500 93578642
    -2.844     -0.443      0.859     -0.330      0.243     -1.184      0.500     -0.929     -0.742      0.500 93578643
    -0.034     -1.019      0.192      0.898      0.225     -0.017      0.500      0.409     -0.742     -0.500 93578699
    -0.051     -1.019      0.201      0.939     -0.054      0.483     -0.500      0.230      0.258      0.500 93578735
    -1.597      0.583     -0.898      1.185      1.198      2.066     -0.500      0.127     -1.742     -0.500 93578740
    -0.341     -0.416     -0.028      0.939      0.700      1.983     -0.500      0.488      0.758     -0.500 93578741
     0.009     -0.083      0.200      0.939     -0.531     -0.017     -0.500      0.602      0.258     -0.500 93578747
     0.465      0.626      0.219      0.611     -0.312     -0.350      0.500     -0.566     -1.742     -0.500 93578846
     0.249     -0.686     -1.141      1.185     -0.391      0.733      0.500      0.012     -0.742     -0.500 93578897
     0.713      0.493     -0.038     -0.484      0.846     -0.017      0.500      0.629      0.258     -0.500 93578948
     0.297      0.282      0.408      0.653     -0.041      1.150     -0.500     -0.483     -1.742      0.500 93579260
     1.112     -1.019      1.812      0.293     -1.170     -0.850     -0.500     -0.268     -0.742      0.500 93579263
     1.149     -0.686     -0.696      0.694     -0.784      0.816      0.500     -0.657      0.258     -0.500 93579266
     0.551      0.282      1.362      1.185     -0.369      1.900      0.500      0.409     -0.742     -0.500 93579267
     1.149     -0.717      0.892      1.185      2.108      1.150      0.500      0.488      1.258     -0.500 93579278
    -1.290     -0.030      0.201     -0.526      0.098     -2.934      0.500     -1.505      0.258      0.500 93579293
    -2.683      0.642     -0.727     -1.180      1.754     -0.350     -0.500     -0.929     -1.742      0.500 93579294
     0.908      2.443          *     -1.861      0.776     -0.434     -0.500     -0.370     -1.242     -0.500 93579295
     0.366     -0.384      1.110      0.653     -0.564     -0.100     -0.500      0.059     -0.742     -0.500 93579296
    -1.299      0.250      0.422      0.407     -1.134      1.733      0.500     -0.483     -0.242     -0.500 93579298
     0.626      1.947     -0.690      0.252      0.481     -0.100      0.500     -1.137      0.258      0.500 93579372
    -0.229     -0.717     -1.415     -0.648      0.548     -2.267     -0.500     -0.118     -0.742     -0.500 93579941
    -0.021     -1.019      0.880      0.468      1.203     -3.100      0.500     -0.483     -0.742      0.500 93579944
     0.695      2.169     -0.055     -0.002      0.719     -2.600      0.500     -0.757     -0.742     -0.500 93579947
     0.921     -1.019     -0.266     -0.370      1.476     -0.184     -0.500     -0.566     -2.742     -0.500 93579948
    -2.564      1.180      0.885     -0.914      1.839     -0.184      0.500      0.809      2.258     -0.500 93579968
    -1.607     -0.686          *     -0.911      0.945     -0.017      0.500     -0.205     -0.742     -0.500 93579972
     0.911     -1.019      1.596      0.653      0.275     -1.684     -0.500     -0.657      0.258     -0.500 93579981
     0.123     -0.443     -0.024      0.653      0.197     -1.850     -0.500     -0.091      1.758     -0.500 93579984
     0.573     -1.019     -1.186     -1.897     -1.966      1.066      0.500      0.230     -0.742     -0.500 93579989
     0.123      0.250     -0.025      0.898     -0.714     -0.184      0.500     -1.137     -1.742     -0.500 93579991
     1.149     -0.353      0.443      1.185     -0.515     -1.267     -0.500     -0.444     -0.742     -0.500 93579997
    -0.424      0.927     -0.267      1.185     -1.165      0.483      0.500      1.824      1.258     -0.500 93606129
    -2.836     -0.363     -1.181     -2.142     -0.714      1.066      0.500      1.008      2.258     -0.500 93606222
     0.249      0.573      0.902      0.468      0.759      0.566     -0.500      0.230     -0.742     -0.500 93608178
     0.280     -0.717      0.885      1.185     -1.132     -0.434      0.500      0.012      0.758     -0.500 93614672
    -5.369      1.461     -3.715     -0.247      0.554     -0.600     -0.500     -0.929     -0.742      0.500 93614875
    -2.798      1.947     -0.685      0.882      1.002     -1.684     -0.500      0.127      0.758     -0.500 93619466
     0.378      1.011      0.034      0.898      0.378     -1.517     -0.500      0.561      1.258      0.500 93619861
    -0.051      0.250     -1.869     -0.351     -0.137      0.400      0.500      0.324      0.258      0.500 93624272
     0.667      1.260      0.678     -1.303      2.819      2.150      0.500      0.561      1.258     -0.500 93624972
     0.814     -1.019      0.642      0.898     -0.794      2.400     -0.500     -0.268     -0.742     -0.500 93636258
     0.207      0.160     -0.033     -1.811      0.088     -0.184      0.500      0.693      0.258      0.500 93676258
     1.035     -0.665      1.106     -1.120      0.442      0.066     -0.500      0.913      2.258     -0.500 93676525
    -1.998      0.271      0.434     -0.412      1.893      0.900     -0.500      0.409      1.258     -0.500 93678172
     1.030     -1.019      0.214     -0.597     -0.258     -1.184      0.500     -0.994      0.258     -0.500 93678577
     0.646     -1.019      0.192     -2.388      1.869     -3.100      0.500     -0.064      2.258      0.500 93710034
     0.467     -0.686     -0.033     -0.821      0.661     -2.267      0.500      0.287     -1.242     -0.500 93710397
     0.814     -1.019      0.633      0.939      0.544     -2.184     -0.500     -0.483     -0.742     -0.500 93710473
     1.112     -1.019      1.119      0.939     -0.133     -2.017     -0.500      0.809     -0.742      0.500 93710930
    -0.473     -1.019     -0.025      0.653      0.625     -1.434     -0.500      0.693      1.258     -0.500 93710937
    -0.294      2.523     -0.987     -0.964      2.127     -1.184     -0.500     -0.444     -0.242     -0.500 93712172
     1.035      1.815     -0.033      0.449      0.148     -1.017     -0.500     -0.118     -0.742     -0.500 93712177
    -0.730      0.250     -0.046      0.653     -0.005     -0.850      0.500      0.190      0.258      0.500 93712218
     1.000      1.815     -0.502     -0.632      1.345     -0.850      0.500     -0.118     -0.242     -0.500 93712240
    -3.182      1.836     -2.109      0.120      1.932     -0.267     -0.500     -0.334     -2.742     -0.500 93712272
     0.289     -1.019     -0.523     -1.168     -1.451     -1.600      0.500     -1.910     -2.242     -0.500 93712273
     0.014     -1.019     -0.916     -1.454      0.310     -2.184      0.500      0.230      0.758     -0.500 93712292
     1.186     -1.019      0.430      0.939      0.947     -1.017      0.500     -0.706     -0.742      0.500 93712347
     0.224     -1.019     -0.011     -0.800     -0.621     -3.100      0.500      0.190      0.758     -0.500 93712399
     1.035     -1.019      0.417     -0.023      0.222     -2.184      0.500     -0.657     -0.742     -0.500 93712997
     1.030      0.250      0.641      0.048      0.021     -2.184      0.500      0.753      0.758     -0.500 93713038
     0.874     -1.019      1.336     -1.897      1.815     -2.517      0.500     -1.622      0.258      0.500 93713137
     0.118      0.583     -0.727      0.653     -0.586     -2.100     -0.500      0.127     -0.742     -0.500 93713294
     0.675     -1.019      0.660      0.293     -3.035     -3.100      0.500      0.341      1.258     -0.500 93714021
    -1.191      1.646      0.436     -0.035     -0.381     -0.850     -0.500      0.012      1.258     -0.500 93714026
     0.649      0.001     -1.636     -1.425      0.049     -1.434      0.500     -0.444      0.258      0.500 93714082
     0.590     -1.019     -0.038      0.939      0.421     -2.684      0.500     -0.118     -0.742     -0.500 93714092
     1.112     -1.019     -0.267      0.939     -1.095     -3.100     -0.500     -0.444     -0.742      0.500 93714126
    -0.121     -1.019      0.876      0.694      0.091     -2.267      0.500      0.269     -0.242     -0.500 93714129
     0.181     -1.019      0.430      0.079     -0.956     -1.017     -0.500      0.547     -0.742     -0.500 93714288
     1.030     -1.019      1.344     -0.597      0.210     -1.767      0.500      0.306      1.258     -0.500 93714321
     0.488      1.947      1.110      1.185      0.649     -1.600      0.500      0.409     -1.242     -0.500 93714482
     0.888     -0.686     -0.726     -1.811      1.113     -1.684     -0.500      0.693      0.258      0.500 93714847
    -0.289     -0.443     -2.780     -0.289     -0.242     -1.684     -0.500     -1.217     -2.742      0.500 93714848
    -0.371     -1.019      0.214     -1.180      0.933     -2.017     -0.500     -1.137     -1.742     -0.500 93714890
     0.874     -1.019     -1.893     -0.361     -0.102     -1.267     -0.500     -0.013      2.258      0.500 93714941
     0.004     -1.019     -0.731      0.531     -1.517     -1.934      0.500      0.230     -0.242     -0.500 93715165
    -0.007      1.646     -0.457      0.694     -1.620     -2.267     -0.500      0.230     -0.242     -0.500 93715167
     1.112     -0.083      1.101      1.185      0.069     -3.850      0.500      0.230     -0.742      0.500 93715257
    -0.011      0.795     -1.410     -0.289      0.954     -3.184     -0.500     -0.118      1.258      0.500 93715260
     0.410      1.867     -1.168      1.185      0.047     -3.100      0.500     -0.566     -2.742      0.500 93715269
     0.705     -0.020     -1.145      0.468      1.467     -3.350      0.500     -0.268     -0.742     -0.500 93715365
     0.150     -0.443      1.111     -1.897      1.903     -2.767      0.500     -0.657     -0.742      0.500 93715933
     1.149     -1.019      1.133     -0.674      0.527     -1.267     -0.500     -1.505     -1.242     -0.500 93715934
     0.721     -1.019          *      1.185     -1.130     -2.934      0.500      0.409      0.258     -0.500 93715953
    -0.046      0.857      0.426     -0.106     -0.491     -2.684      0.500     -1.304     -0.242     -0.500 93715986
     1.149     -1.019      0.863      0.223      1.350     -3.100      0.500     -0.118      0.258     -0.500 93716017
    -0.051      1.121     -0.474      0.898      0.524     -2.517     -0.500     -1.304     -1.742      0.500 93716386
     1.149     -1.019      1.812      1.185     -0.200     -2.767     -0.500      0.488      1.258     -0.500 93716388
     0.516     -0.384     -0.019     -1.652      1.194     -1.350      0.500      0.409     -1.742     -0.500 93716389
     0.854     -1.019     -0.488     -0.534      0.906     -2.434     -0.500     -0.205      0.258      0.500 93716424
     0.992     -1.019     -0.037     -0.711      0.995     -2.684     -0.500      0.693     -0.242     -0.500 93716855
     0.636     -0.717      1.812      0.694      1.616     -2.934      0.500      0.831      0.258      0.500 93716900
     0.472     -0.665      0.192      0.898      0.132     -2.600      0.500      1.602      1.258     -0.500 93716903
    -0.018      0.271      0.258      0.898     -0.050     -1.434      0.500      1.315      0.258      0.500 93716905
     0.619     -1.019      0.440     -0.526     -0.997     -2.100     -0.500      0.127      0.258      0.500 93716908
     0.099      0.515     -0.466      0.407     -3.092     -1.684      0.500      0.913      1.758     -0.500 93716911
     0.797     -0.443     -0.704      0.939      0.569     -3.100      0.500      1.497      2.258     -0.500 93716915
     0.908     -1.019          *      1.185      0.192     -2.767      0.500     -0.236      0.258      0.500 93716927
     1.149     -1.019     -0.969     -1.897     -0.241     -2.684      0.500      0.693      1.258     -0.500 93716970
    -1.161     -1.019     -0.024      1.185      0.756     -2.017      0.500      0.409      0.758     -0.500 93716972
     0.178     -1.019      0.425     -0.852     -0.552     -1.434     -0.500     -0.657      0.258     -0.500 93716985
    -0.176      1.128     -2.061     -3.232      0.811      0.816      0.500     -0.091     -0.742     -0.500 93717257
    -0.963     -0.686      1.587     -0.555     -1.172     -0.517     -0.500     -0.657     -0.242     -0.500 93717258
    -0.858      0.240      0.245      0.407     -1.135     -0.100     -0.500      0.287      0.258     -0.500 93717361
    -0.551     -0.014     -0.033      0.694     -0.833     -0.517      0.500      0.488      0.258     -0.500 93717466
     1.030     -1.019      1.340      0.939      0.098     -1.600     -0.500      0.409      1.258     -0.500 93717955
     1.149     -0.443      0.668     -0.310      1.824     -3.017     -0.500      0.012      0.758     -0.500 93718111
    -0.093      0.160     -1.839     -0.019      1.427     -2.350      0.500      1.094      1.258     -0.500 93718147
     1.035     -0.443     -0.046      0.653     -0.833     -2.600     -0.500      0.012      0.258     -0.500 93718225
    -1.208     -1.019     -2.333      1.185      0.544     -2.184      0.500     -0.334      0.258      0.500 93718265
     0.458          *      0.201      1.185     -0.257     -1.017      0.500     -1.137     -0.242     -0.500 93718297
     0.703      0.816     -0.957      0.294      0.144     -0.600      0.500     -0.566     -0.742      0.500 93718312
     0.560     -1.019      0.872      0.006      1.135     -3.517     -0.500      0.473      1.258     -0.500 93718326
    -3.099     -0.311     -0.483     -0.306      0.668     -1.517      0.500     -0.929     -0.242     -0.500 93718397
     0.199     -1.019      1.128      0.468      0.673     -2.100      0.500      0.012      0.258     -0.500 93718821
     1.112      0.959      0.661      0.939     -0.477     -2.684      0.500     -0.175      0.258      0.500 93718826
     0.646     -1.019     -0.709      1.185     -0.196     -2.184     -0.500     -0.334      0.258      0.500 93718924
     1.149      0.885     -0.717      1.185      1.519     -2.184      0.500      0.269     -0.742     -0.500 93719971
    -0.167     -0.717      1.115     -1.855     -1.111      0.983     -0.500     -0.064      1.258     -0.500 94500172
     0.585     -0.717      1.352      0.694      0.256      1.150      0.500      0.012      1.258     -0.500 94500212
    -1.766      0.604     -0.002      0.162      0.317      1.233      0.500      0.863      0.758     -0.500 94500225
     1.149     -1.019      0.664      0.653      1.457     -1.017      0.500      0.127     -0.742     -0.500 94504084
    -0.493     -0.416      0.417      0.407      0.413      2.150      0.500      0.012      0.258      0.500 94504142
     0.237     -0.717      1.133      0.407     -1.770      0.150     -0.500      0.230      1.258     -0.500 94504325
     0.768      0.191     -0.034      0.538     -0.527      1.400      0.500      0.532      2.258     -0.500 94504389
     0.794      0.927      0.664     -1.365     -0.920      1.816     -0.500      0.359     -0.742     -0.500 94504825
    -1.526      0.980     -3.252     -1.120      0.344     -0.767      0.500     -0.611      1.258      0.500 94504826
    -0.925     -0.061     -0.033      0.252     -1.166      1.066      0.500     -0.268     -0.742     -0.500 94506053
     0.248     -0.030     -1.415     -0.083      0.572      0.983      0.500      0.409     -0.242     -0.500 94506206
    -0.051     -0.114      0.902     -0.083     -0.250      0.733     -0.500     -0.175      0.258      0.500 94506376
     0.123     -1.019     -0.250     -0.310      0.321     -0.267      0.500     -0.524      0.258     -0.500 94506487
     0.388     -0.142     -1.637      0.162      1.442      1.983      0.500     -0.091     -1.742      0.500 94506490
    -0.767      0.594     -0.731      0.407      1.255      0.733     -0.500     -0.657      0.258      0.500 94506621
    -0.843     -0.061     -0.033     -1.180     -0.627     -0.934      0.500     -0.334     -0.742     -0.500 94506672
     0.231     -0.009      0.668      0.252      1.621      3.316     -0.500      1.315      0.758     -0.500 94506674
    -0.725      0.363     -1.172     -1.005     -1.002     -0.017     -0.500     -0.370      0.258      0.500 94506984
     0.398          *     -1.923      1.185      1.790     -0.767     -0.500     -1.063     -0.742      0.500 94507915
     1.149     -1.019      1.582      1.185     -0.697      1.900      0.500      0.488      0.758     -0.500 94508023
     0.194     -1.019      0.409     -0.424      1.138     -0.184     -0.500      0.409     -0.742     -0.500 94508237
     0.657     -1.019      0.863     -0.281      0.407     -0.850     -0.500      0.082     -0.742     -0.500 94508322
    -0.781     -1.019      0.672     -1.610     -0.896     -0.350     -0.500      0.629      1.758     -0.500 94508338
     0.123     -1.019      0.214      0.939     -0.127     -0.517     -0.500      0.127     -0.742     -0.500 94508576
    -0.068     -1.019     -0.034     -0.178      0.407     -0.267     -0.500      0.488      0.258     -0.500 94508636
     0.204      0.250      0.642     -0.361      0.536     -1.267     -0.500      0.324     -0.742     -0.500 94508733
    -0.258      1.947     -0.718      0.022      0.148      2.400      0.500      0.561      1.258     -0.500 94540236
    -0.628     -1.019      0.646      0.939     -0.779      0.816      0.500     -3.702      2.258     -0.500 94540311
    -0.233      0.573     -0.982     -3.879      2.627     -0.350     -0.500     -1.063     -0.742      0.500 94546078
     1.112      1.254     -0.991     -0.534      1.259     -1.100     -0.500      0.913     -0.742      0.500 94546173
     1.149     -0.686      0.885     -2.142     -0.718      0.400      0.500      0.693      0.758     -0.500 94546874
     0.130     -1.019      1.340      1.185     -0.274      0.650      0.500      0.693     -0.742     -0.500 94548379
    -0.052      1.239     -1.644      0.468     -0.051     -0.100      0.500      0.127      0.258     -0.500 94548977
     0.234     -1.019      0.659      0.611      0.229     -2.850      0.500     -0.268     -0.742     -0.500 94570029
    -3.059      0.573     -2.318     -2.429      0.142      1.483      0.500     -0.994     -1.742     -0.500 94570090
     1.010     -1.019     -0.471      0.293      0.787     -0.100      0.500      0.190     -1.242     -0.500 94570199
    -0.627     -0.030     -0.024      0.366      0.649      0.983      0.500      0.230     -0.742     -0.500 94570291
     0.898     -1.019     -0.064      0.107      0.295      0.650     -0.500     -0.994     -2.742     -0.500 94570298
     0.423      0.927      0.876     -0.657      1.216     -0.517     -0.500      1.052      1.258     -0.500 94570317
     0.001     -0.030     -1.627     -0.035     -1.650      0.233     -0.500      0.809      1.258     -0.500 94570384
     0.678     -1.019     -0.721      0.653     -0.231     -1.017     -0.500      1.380     -0.742     -0.500 94570479
     1.112     -0.686      1.812      1.185      0.475      0.233     -0.500      0.488     -0.742      0.500 94570498
     0.197      0.583     -0.484      0.653      1.504      1.400      0.500     -0.869     -0.742      0.500 94570527
     0.123     -1.019      1.587     -0.083      0.253      0.566      0.500      1.602      2.258     -0.500 94570676
    -1.259      2.353     -0.268     -1.574     -0.586     -0.100     -0.500     -0.444     -0.742     -0.500 94570691
     0.705     -0.384     -0.704     -0.482     -0.281      0.733     -0.500      0.127     -0.742     -0.500 94570722
    -2.058      0.546      0.647     -1.783     -0.250     -2.350      0.500      0.230     -0.742      0.500 94571006
     0.892      1.503      0.434      0.898     -0.570     -0.100      0.500      0.376     -1.242     -0.500 94571009
     0.906      1.291      0.668      0.293     -0.085      2.816      0.500      0.230     -0.742     -0.500 94571100
    -1.773     -0.353     -0.939      0.120      0.098      1.900      0.500      0.127     -2.242     -0.500 94571160
    -0.901     -0.717          *      0.407     -1.032      2.316      0.500     -0.444     -2.742     -0.500 94571164
     0.237      0.657     -0.736     -0.370     -0.905     -1.517     -0.500      0.629      1.758     -0.500 94571174
     0.863     -0.717      1.344     -0.956     -0.725      0.483     -0.500      0.324     -0.242     -0.500 94571217
     0.705     -0.902     -0.478      1.185      0.608     -1.350     -0.500      0.441     -0.742     -0.500 94571270
    -0.270     -1.019     -0.262      0.939     -0.045     -1.767      0.500      0.012     -0.242     -0.500 94571310
     0.193      0.795      1.587     -1.078      1.145      2.566     -0.500      0.602     -0.742     -0.500 94571353
    -2.619      0.847     -0.249     -0.484      0.074      0.066      0.500     -0.091      2.258      0.500 94571360
     0.155      3.674     -1.861      0.694      0.390      2.233     -0.500      0.913      0.258     -0.500 94571370
     1.186     -1.019     -0.271      0.694      0.950     -1.684     -0.500      0.012     -0.742      0.500 94571407
     0.797     -0.353      1.574      1.185      0.378     -2.934      0.500      1.118     -0.742     -0.500 94571413
     0.051      0.376      0.660     -0.510      0.146      1.150     -0.500      0.693      2.258     -0.500 94571454
    -3.480      0.223      0.193     -0.510      1.665     -2.934     -0.500      0.561     -0.742      0.500 94571501
     1.149     -0.717     -0.033      0.468     -0.898     -0.350      0.500      0.561      1.258     -0.500 94571502
    -0.156     -1.019      0.430     -0.247     -1.615     -1.600     -0.500      0.324     -0.242     -0.500 94571506
    -0.811      0.556     -0.690      0.407     -0.903      0.400     -0.500     -0.268     -0.242     -0.500 94571810
     0.896     -1.019     -0.262     -0.893     -1.957      1.400      0.500      0.393     -0.742     -0.500 94571811
     1.035     -1.019      1.812      1.185      0.857     -2.350      0.500      0.324      1.258     -0.500 94571818
     0.896      0.271     -1.158     -1.066     -0.893      1.816      0.500      0.457     -0.742     -0.500 94571903
     0.417     -0.110     -1.191      0.898      0.404     -2.684      0.500      0.169     -0.742     -0.500 94571906
    -1.685     -0.717      0.444      0.366      0.244      0.566      0.500     -0.566      0.258      0.500 94571917
     0.280          *      0.669      0.653     -1.135      0.066     -0.500      0.629      0.758     -0.500 94571950
    -0.435     -0.353      0.387      0.407      0.432     -0.934     -0.500      0.962     -1.742     -0.500 94571971
     1.010     -0.416      1.145      1.185     -0.236     -0.850     -0.500     -3.702      1.258     -0.500 94572066
    -0.393     -1.019      0.894      1.185     -1.509      2.066      0.500      0.409      1.758     -0.500 94572104
     1.035     -0.142      0.871      0.694     -0.873      0.566     -0.500     -0.118     -0.242     -0.500 94572149
     0.921     -0.114      0.426      1.185     -1.604      1.816     -0.500     -3.702      0.258     -0.500 94572160
     0.683     -1.019      1.110      0.653     -0.774     -2.434      0.500     -0.268     -0.742     -0.500 94572161
    -2.068      1.370     -0.033     -0.998      0.835      2.483     -0.500      0.169     -0.742     -0.500 94572170
    -0.234     -1.019      0.650     -0.703      1.395     -0.934     -0.500      0.127     -0.742     -0.500 94572194
    -0.018     -1.019     -0.479     -0.956     -2.362     -0.767      0.500      0.409      0.758     -0.500 94572206
     0.556     -0.114      0.430      0.407      0.589      1.150     -0.500     -0.483     -0.242     -0.500 94572216
     0.743     -0.686      0.876      0.939     -1.062      0.900     -0.500     -0.146     -0.742     -0.500 94572218
     0.908     -0.416      1.349      1.185      0.733      0.900     -0.500     -3.702      0.758     -0.500 94572263
    -1.850      0.219      0.422     -0.403     -0.482      1.316     -0.500      0.629     -0.242     -0.500 94572291
     0.009     -0.051     -0.713      0.939     -1.778     -0.267      0.500      0.269     -0.242     -0.500 94572314
     0.809      0.594      0.430      0.531      0.933     -0.434      0.500     -0.657      0.258     -0.500 94572318
     0.814     -1.019      0.907      1.185      2.124      1.816     -0.500     -0.929     -0.742     -0.500 94572344
     0.180     -0.416      0.434     -0.482     -0.434     -1.017      0.500     -1.304     -0.742      0.500 94572360
    -0.006      0.282      1.352      0.939      1.583      1.900      0.500      0.409      0.258     -0.500 94572378
    -0.051     -1.019      0.205     -0.964      1.126     -0.517      0.500     -1.756     -1.742      0.500 94572379
    -0.051      0.708     -0.237      0.407      2.387     -0.100      0.500     -0.757     -0.742      0.500 94572388
    -0.599     -0.030     -0.271     -0.310     -1.476      1.150     -0.500     -0.929      0.758     -0.500 94572396
     0.870     -0.114      0.894      0.939     -1.880      1.150     -0.500      0.561      0.758     -0.500 94572567
    -0.041     -1.019      0.422      0.181     -0.407     -2.100     -0.500      0.589      1.258     -0.500 94572662
     0.003     -0.061     -1.189     -1.897      1.109      2.233      0.500     -0.038     -0.742     -0.500 94572806
     1.030     -1.019      0.205      0.653     -0.036      1.066      0.500      0.012      0.258     -0.500 94572807
     0.747      0.552     -0.713      0.162      0.660     -0.100      0.500     -0.444      0.758     -0.500 94572875
     1.000     -0.020      0.430      0.653      2.737     -0.267      0.500     -0.994     -0.742     -0.500 94572878
     0.679     -1.019      1.344      0.898     -0.427     -0.517      0.500      0.012     -0.742      0.500 94572902
    -1.738     -0.384      0.192      0.120      0.141      1.983      0.500      1.094      1.258     -0.500 94572909
    -1.024     -0.353     -0.474     -1.496      0.142      0.733      0.500     -0.811     -1.742      0.500 94572913
     1.030      0.885     -0.029     -0.513      0.178      1.650      0.500     -0.091     -1.242     -0.500 94572944
    -1.033     -0.717      0.395      0.898     -0.531     -0.767     -0.500      0.127      0.258     -0.500 94572981
    -0.580      1.423     -0.496      0.898     -0.268     -1.184      0.500     -0.118     -0.242     -0.500 94572989
     0.884     -1.019      0.443     -0.711      0.792     -0.100      0.500     -1.217     -1.742      0.500 94572999
     0.185      1.593      0.894      0.293     -0.701      1.316      0.500      0.012     -0.742      0.500 94573092
    -0.164     -0.717      1.123      0.939     -0.769     -0.767      0.500     -0.118     -0.242     -0.500 94573497
     1.149     -1.019     -0.505     -0.669      2.505      1.483      0.500      1.602      2.258     -0.500 94573635
     0.892     -0.686      0.422      0.939      0.402      1.566      0.500     -0.657     -1.242     -0.500 94573693
     0.396     -0.030     -1.432     -1.180     -1.106      1.900     -0.500      0.809      2.258     -0.500 94573730
     0.417     -1.019      0.907      0.939      1.566      0.816     -0.500      0.059      0.258     -0.500 94573898
    -1.707      0.345     -0.262     -0.351     -0.230      0.483     -0.500      0.105      2.258      0.500 94573912
     0.890     -0.416      1.812     -0.956     -0.251      1.316      0.500     -0.175      0.258     -0.500 94573943
     0.025     -0.717      1.574      0.244      0.860      1.150     -0.500     -0.013     -1.242     -0.500 94573947
     0.252     -1.019      0.678      0.407     -2.333     -2.184      0.500     -0.657      1.758     -0.500 94573950
     1.149     -1.019      0.668      0.048     -1.756      1.816     -0.500     -0.118     -0.742     -0.500 94573951
    -0.242     -0.686      0.408     -1.243      0.678      1.233     -0.500     -0.175      0.758     -0.500 94574119
     0.039     -1.019     -2.334     -0.833     -2.055     -1.434      0.500     -0.175      1.758     -0.500 94574128
    -0.283      0.583     -0.257      0.531      0.812      1.400      0.500     -1.399     -1.742      0.500 94574237
     0.673     -0.353     -0.017     -1.058      0.688      2.733      0.500     -0.657     -0.742      0.500 94574729
     0.916     -1.019     -0.028     -2.651     -0.737     -2.184     -0.500      0.693      2.258     -0.500 94574802
    -0.795     -0.686     -1.641     -1.243     -1.136      2.316      0.500      0.409      0.258     -0.500 94575035
    -0.817      1.947     -2.557     -0.370     -0.087      0.816     -0.500      0.488      2.258     -0.500 94575062
    -1.574      2.766     -1.207     -2.875      0.808      2.066     -0.500     -0.657      0.758     -0.500 94575066
    -1.195          *     -2.350     -2.142     -0.484     -2.517      0.500      0.012      0.758     -0.500 94575100
     0.870      0.573     -0.506     -2.097     -0.214     -0.184     -0.500      0.913      0.758     -0.500 94575133
    -1.140     -0.114     -0.952      0.407     -1.282      2.483     -0.500      0.409      0.758     -0.500 94575231
     0.123     -0.030      0.192      0.898      0.632     -0.267      0.500      0.629      0.258     -0.500 94575244
     1.149     -0.686      1.574      0.939      0.807     -3.017      0.500      0.809      1.258     -0.500 94575248
    -0.571      2.523     -2.572     -0.125      1.603      0.816     -0.500     -1.304     -0.742      0.500 94575250
    -3.063      1.947     -1.857     -0.526      2.136      1.233     -0.500      0.863      1.258     -0.500 94575333
     0.511     -1.019     -1.389      1.185      0.045      0.733     -0.500      0.561     -1.242     -0.500 94575354
     0.220      0.594      0.196      0.939     -0.605      2.150     -0.500      0.230      1.258     -0.500 94575367
     1.149      0.577      1.101      1.185      1.881      1.816     -0.500     -0.524     -0.242     -0.500 94575387
    -1.429     -1.019      1.812     -2.142     -0.098      1.483      0.500      0.127      1.258     -0.500 94575471
     0.111     -0.416      0.430      0.407     -1.214      2.233      0.500      0.230      0.258     -0.500 94575838
     0.252     -1.019      0.894     -0.403     -0.676      0.733     -0.500      0.693      1.258     -0.500 94575915
     0.212     -1.019      0.408     -1.120     -1.218      0.733      0.500      0.409      1.258     -0.500 94575936
     1.000     -0.717      1.812     -0.083     -0.930      0.983      0.500      0.561     -1.242     -0.500 94575948
    -2.094     -0.717     -1.181     -2.315     -1.190     -0.267     -0.500     -0.657      0.258      0.500 94575989
     0.214      0.271     -1.177     -0.893      0.504      1.316     -0.500      0.488     -0.242     -0.500 94576066
    -0.237     -1.019     -0.723     -1.180     -0.249      0.566     -0.500      0.105      0.258     -0.500 94576111
     0.916     -1.019      1.574      0.939     -1.700      1.816     -0.500      0.809      0.758     -0.500 94576216
    -0.156     -1.019     -0.276     -1.610     -1.057     -0.017      0.500      0.629      1.258     -0.500 94576241
     0.004     -0.686     -0.726     -1.120      0.077      0.650      0.500      0.127     -0.742     -0.500 94576263
     0.905      0.191      0.430      0.939     -0.303     -1.184     -0.500      0.561     -0.242     -0.500 94576281
    -1.938     -0.030     -0.714      0.898      0.779      2.066      0.500     -1.756     -1.742      0.500 94576291
    -2.148      0.795      0.209      0.407     -0.393      1.900      0.500      0.473      1.258     -0.500 94576357
    -0.462     -0.717      0.430      1.185     -0.666     -0.517      0.500      0.324     -0.242     -0.500 94576468
    -0.982     -0.030     -1.441     -0.703      0.011      0.733     -0.500      0.306      1.258      0.500 94576537
     0.445      0.271      0.197      0.653     -1.187      2.066      0.500      2.005      2.258      0.500 94576631
     1.035     -1.019     -0.236      0.939      0.854      2.066      0.500      0.059      0.758     -0.500 94576659
    -1.072      1.042     -0.709      0.048     -0.530      1.066      0.500      0.230     -1.242     -0.500 94576685
    -0.156     -0.061     -0.731      0.252     -1.338      1.233      0.500      0.809      2.258     -0.500 94576907
    -0.453      1.947     -0.929      0.048      1.812     -0.350      0.500      0.059      0.258     -0.500 94576985
    -1.068      0.959     -1.176     -0.534     -0.103     -0.350     -0.500     -0.994     -1.742     -0.500 94577063
    -0.235     -1.019      1.124     -0.083      1.005     -1.600     -0.500      2.005      2.258     -0.500 94577121
     1.149     -1.019      1.812     -0.178     -1.944     -1.350     -0.500      0.693      1.258     -0.500 94577123
     1.035     -0.416     -1.169     -0.186     -0.926      1.733     -0.500      0.753     -0.242     -0.500 94577163
     0.207      1.614     -0.708     -2.814      0.361      0.233      0.500     -1.137     -1.742      0.500 94577361
     0.705      0.885      0.916      1.185     -0.027      2.316     -0.500      0.409     -0.242     -0.500 94577369
     0.252      1.128      0.200      0.694      0.779      2.150     -0.500      0.230     -0.742     -0.500 94577419
    -0.344      0.626      0.201     -0.833     -0.552      0.816      0.500      1.602      1.758     -0.500 94577556
     0.507     -1.019      0.660      0.939     -2.429      1.150      0.500      1.094      1.258     -0.500 94577923
    -2.697      1.593     -0.717      0.366     -0.293     -0.767      0.500      0.105     -0.742     -0.500 94578045
     0.901     -1.019      0.192      0.653     -0.226     -0.600      0.500     -0.205     -0.742     -0.500 94578063
    -1.309      0.604     -1.199      0.120     -0.801      2.650      0.500     -0.268     -0.742      0.500 94578088
    -0.007      2.433     -0.659      0.120      0.420      2.483     -0.500      0.012     -2.742     -0.500 94578095
     0.002      0.303     -0.509     -2.429      1.559      1.483      0.500      0.409     -0.742     -0.500 94578131
     0.146      1.291     -0.718      0.244     -0.563     -0.600     -0.500      0.287      1.258     -0.500 94578146
     0.252     -0.984      0.200      0.407      0.855      0.816     -0.500     -0.175      0.258     -0.500 94578149
    -1.337      0.573     -0.305     -0.779     -1.072      0.316     -0.500     -0.524     -0.742      0.500 94578198
     0.510     -0.083      1.348     -1.686     -0.492      0.650      0.500      0.127     -0.242     -0.500 94578240
    -0.268      0.948     -2.298      0.162      1.532      1.650     -0.500      0.012     -0.742     -0.500 94578265
     1.030      0.240      1.812      1.185     -1.985      1.400      0.500      0.169     -0.742     -0.500 94578340
     1.149     -1.019      0.656      0.653      1.255      0.566     -0.500      0.012     -0.742     -0.500 94578346
     1.030     -0.717      0.417      0.939     -0.447     -0.767     -0.500      0.324      0.758     -0.500 94578441
     1.000     -0.020          *      1.185      0.810      2.400      0.500     -0.268      0.258     -0.500 94578443
    -0.842     -1.019      0.430     -0.239     -1.020     -0.434      0.500      0.012      0.258     -0.500 94578445
     0.437     -1.019     -0.501      1.185     -0.084      1.900     -0.500     -1.622     -0.742     -0.500 94578490
    -1.458      0.583     -0.258     -0.534     -0.111      1.316      0.500      0.324      0.258     -0.500 94578525
     0.670      1.614     -2.080     -0.813      1.727     -0.434     -0.500     -0.757     -0.742      0.500 94578527
    -0.261     -1.019      1.336     -0.606      0.790     -0.434     -0.500      0.629      1.258     -0.500 94578540
    -0.938     -0.114     -0.474      0.898      1.179      1.650     -0.500      0.693      0.258     -0.500 94578545
     0.388      1.041     -0.705     -0.771      0.680      0.316     -0.500     -0.268      0.258      0.500 94578547
     1.149     -0.114      0.880      0.653      0.103      1.233     -0.500      1.008      1.258     -0.500 94578571
    -0.051      2.523     -0.920     -0.167      0.113      2.816      0.500     -1.063     -0.742      0.500 94578640
     0.530     -0.717     -0.716      0.694      0.154     -0.350      0.500      0.376      0.258     -0.500 94578641
    -2.139      2.100      0.663     -1.017     -0.445      1.983      0.500      0.629     -1.742      0.500 94578644
     0.663     -0.083      1.336     -0.632     -0.262      0.066     -0.500      1.211      1.758     -0.500 94578645
    -0.257     -0.030      0.700     -0.555      0.375      2.566     -0.500     -1.137      0.258      0.500 94578740
    -0.188      1.239     -0.925     -1.610     -1.083      1.733     -0.500     -0.118      0.258     -0.500 94578747
     0.123     -0.717      0.430     -1.365     -0.744      0.900     -0.500      0.127     -0.742     -0.500 94578810
     0.123     -1.019     -0.938     -1.251      1.044     -0.600     -0.500     -0.268     -0.742     -0.500 94578814
     0.747      0.303      0.430      1.185     -0.161     -0.184     -0.500      0.409      1.758     -0.500 94578842
     0.797     -0.083      1.128      0.939      0.742     -0.850     -0.500      0.230      1.258     -0.500 94578843
     0.252     -1.019     -0.020      1.185     -0.384      0.150      0.500     -0.146      0.758     -0.500 94578845
    -1.486     -1.019     -1.645     -0.893     -1.628      0.816     -0.500     -0.611     -1.742      0.500 94578847
     0.105      2.523     -1.227     -0.247      0.515      2.650     -0.500      0.230     -0.742     -0.500 94578848
    -0.753     -0.717      1.119      0.898     -0.502      2.566     -0.500     -1.217     -0.742      0.500 94578890
     0.843     -0.717      0.431      0.244      1.417      0.150      0.500      0.190      0.258     -0.500 94578893
     0.123     -1.019      0.668      0.407      1.019      2.733     -0.500     -1.304     -1.242     -0.500 94578894
     0.249     -0.717      0.668      0.939     -1.195      1.483      0.500     -0.013     -1.742     -0.500 94578899
    -1.401     -0.332     -0.280     -0.002     -0.103     -0.017     -0.500     -0.657     -0.742      0.500 94578942
    -1.102      0.250     -0.713      0.531     -1.546      0.150     -0.500      0.012     -2.242     -0.500 94578943
    -0.289      0.636     -1.389     -0.473      0.273      3.316     -0.500      0.269     -1.742      0.500 94578946
    -0.531      1.947          *     -0.821      0.789      1.816     -0.500      0.012     -1.742     -0.500 94578948
    -0.156      0.927     -0.960      0.653     -0.811      1.983     -0.500      0.409     -0.242     -0.500 94578949
     0.908      1.170     -0.523     -0.468      1.604      0.233     -0.500     -1.137      1.258      0.500 94579174
     0.649      0.493     -0.254     -0.370      0.399      0.650     -0.500      0.127     -0.742      0.500 94579261
    -0.021     -0.311     -0.487     -1.209      1.277     -1.267     -0.500     -0.118      0.258      0.500 94579267
     0.284     -1.019      0.646      0.407     -1.415      1.483      0.500     -0.444     -0.742     -0.500 94579271
     0.185     -0.142     -0.016      1.185      0.255     -0.350      0.500      0.012     -0.742      0.500 94579272
    -0.467     -1.019     -0.502      0.898      0.554      1.316     -0.500      0.127     -0.742     -0.500 94579274
     1.030     -0.717      1.582      0.939      0.728      1.733      0.500     -0.205      0.258     -0.500 94579290
    -0.242     -0.717     -1.842     -1.598     -0.915     -1.017     -0.500      0.873     -0.742      0.500 94579293
     0.339      2.717      0.444      0.407     -1.292     -0.600     -0.500      0.561     -0.742     -0.500 94579299
     0.402     -0.332      1.115      0.939      0.686      0.733     -0.500      0.230     -0.742      0.500 94579374
    -0.051      0.795     -0.467     -1.983     -0.363     -0.184      0.500     -0.657     -0.742      0.500 94579375
     0.503      0.816      0.439      0.611      0.399      0.983     -0.500      0.693      0.758     -0.500 94579944
     0.928     -1.019      1.111      1.185     -0.652     -2.350     -0.500     -0.334     -0.742     -0.500 94579946
    -0.102      0.552      1.362      0.939      1.027      0.483      0.500      0.629     -2.242     -0.500 94579964
     0.784     -1.019      1.362      0.267      0.834     -1.100      0.500     -0.444     -0.242     -0.500 94579985
    -0.515      0.937      0.664      0.898      0.645      0.483      0.500     -0.657     -1.742      0.500 94579996
     1.000          *     -0.020      0.468      0.333     -3.100     -0.500     -0.444     -0.742     -0.500 94579997
    -1.729     -1.019     -0.943     -0.138      0.003      1.316      0.500      0.629      1.258     -0.500 94593905
     0.021      2.523     -0.952     -2.388     -1.488     -0.934     -0.500      0.913      1.258     -0.500 94606724
     1.112     -1.019      0.452      0.653      1.175      0.983     -0.500      0.717      1.258      0.500 94608177
     0.536      1.614     -0.942      0.653     -1.571      2.650      0.500      0.913      0.758     -0.500 94614472
     0.111     -1.019      1.349      0.468     -1.536     -0.017     -0.500     -0.038     -0.742     -0.500 94614679
    -0.745     -1.019      0.655      0.407     -0.056      1.316     -0.500      0.269     -0.742     -0.500 94614971
     0.807      0.816      0.417      0.653     -0.609     -0.100     -0.500     -0.301     -0.242     -0.500 94614976
     0.536     -0.443      0.647      0.694     -0.477     -2.350     -0.500      0.913      2.258     -0.500 94619263
    -0.027     -1.019      0.192      0.653     -0.419     -2.600     -0.500      0.809      1.258     -0.500 94619366
     1.149     -0.114      1.097      1.185     -1.797     -0.517     -0.500      1.602      1.758     -0.500 94619466
    -0.929      1.867      0.209      0.252      2.152      0.150     -0.500     -0.038      1.258     -0.500 94619468
     0.207     -0.142      1.349      1.185     -2.210      1.650      0.500      0.629      1.258      0.500 94619867
    -0.019      0.626      0.206     -0.597     -0.584      0.233     -0.500     -0.406      2.258      0.500 94619964
     0.475     -0.416     -0.003      0.407      1.280     -0.017      0.500     -0.370     -1.742      0.500 94676251
     1.112     -1.019      0.668      1.185      2.163      3.233     -0.500      0.230      0.258      0.500 94676728
     0.929     -1.019      0.430     -3.347      0.304     -1.100      0.500      0.488      1.258     -0.500 94678273
     0.183      1.947      0.209     -1.855      0.768      0.816      0.500     -1.756     -0.742      0.500 94678274
     0.595      1.614      0.452     -0.239      1.294      1.316      0.500      0.324      0.258      0.500 94678774
     1.149     -0.384     -0.024      0.653     -0.730      0.400      0.500      0.729      0.258     -0.500 94678972
    -0.492      0.282     -0.709      1.185     -0.522      0.400     -0.500     -0.994     -0.742      0.500 94678976
     0.616     -1.019      0.646     -0.711     -1.326     -1.350     -0.500     -0.064      2.258      0.500 94710033
     1.149     -1.019      0.425     -2.675     -1.155     -2.684     -0.500      0.913      0.758     -0.500 94710117
     1.030     -1.019     -0.020     -2.184     -2.393     -2.434      0.500      0.561      1.758     -0.500 94710139
     0.787     -1.019      0.668      0.694     -0.703     -2.184      0.500      0.913      1.758     -0.500 94710239
     0.084     -1.019      0.903      0.653      1.042     -1.434     -0.500     -0.334     -0.742     -0.500 94710373
     0.472     -1.019     -1.168      0.694      0.145     -2.767      0.500      0.127     -0.742     -0.500 94710376
     0.772     -1.019      1.340      1.185      0.827     -2.767      0.500      0.169     -0.742     -0.500 94710390
    -2.307      0.573     -0.249      0.407      0.731     -1.434      0.500      0.561      0.758     -0.500 94710392
     1.149     -1.019     -0.241      0.449     -1.339     -3.100      0.500     -0.268     -0.242     -0.500 94710883
     0.649      1.947     -0.315     -2.282      0.072     -1.517     -0.500     -0.406      0.258      0.500 94710978
    -1.542      1.201     -0.926     -0.265     -1.277     -0.600     -0.500     -0.444     -1.742     -0.500 94710989
     0.322     -1.019     -0.240      0.006     -0.608     -1.100     -0.500      0.561      0.758     -0.500 94710999
     1.149     -1.019      0.438      1.185      3.158     -1.850      0.500      0.230      1.258     -0.500 94711169
     0.771      0.160      0.214      0.898      0.178     -1.600     -0.500      0.012     -0.742     -0.500 94712211
    -0.777      1.593     -0.983     -1.042     -0.117     -2.684      0.500     -0.994      1.258      0.500 94712246
    -0.326      1.947     -0.267      0.939      0.645     -2.267      0.500     -0.118     -0.242     -0.500 94712271
    -0.277      0.219      0.439      0.653     -0.390     -2.684      0.500      0.148     -0.742     -0.500 94712346
     0.520     -0.717      0.668      0.267     -0.895     -0.767     -0.500      0.105     -0.742     -0.500 94712397
     0.992     -1.019      1.574      0.939     -2.018     -1.767     -0.500      0.012     -0.242     -0.500 94712910
     0.279     -0.443      0.200     -0.351     -0.485     -1.017     -0.500      0.693     -0.742     -0.500 94712917
     0.646     -1.019      0.638      0.939      0.946     -1.934     -0.500      0.148      1.258      0.500 94712970
    -0.270     -1.019      0.422     -0.532      0.696     -2.600     -0.500      0.680      0.258     -0.500 94714028
     0.207     -1.019      1.371      0.449      0.105     -1.934      0.500     -0.657      1.258      0.500 94714044
     0.448     -1.019      0.863      0.939      0.910     -0.934     -0.500      0.230     -0.742     -0.500 94714085
    -0.734     -1.019     -1.388      0.407      0.998     -1.517     -0.500     -0.334     -0.742     -0.500 94714124
     0.705     -1.019     -0.739     -1.139     -1.415     -2.850     -0.500      0.230      1.258     -0.500 94714221
     1.035     -1.019      0.205      0.538      1.982     -1.767      0.500      0.962      2.258     -0.500 94714328
     0.095     -1.019      0.430     -0.534      0.090     -2.350      0.500     -0.268     -1.242     -0.500 94714394
     0.646      0.556     -0.032     -0.125      0.735     -2.850     -0.500     -1.910     -1.742      0.500 94714398
    -0.360     -1.019     -1.871     -2.875      0.766     -2.100     -0.500     -0.657     -0.742     -0.500 94714480
     1.112     -0.717      0.209      0.898     -0.710     -2.184     -0.500     -1.399      0.258      0.500 94714682
    -0.807      2.523      0.209      0.040      0.283     -0.934      0.500     -0.406     -1.742      0.500 94714922
     0.382     -0.061     -1.380     -1.180     -0.014     -2.850     -0.500     -0.657      1.258      0.500 94714934
    -0.275      0.878     -0.704     -1.222      2.276     -3.017      0.500     -0.268     -1.742     -0.500 94714943
    -0.699      0.636     -1.884     -2.527      0.117     -0.934     -0.500     -0.811     -1.242     -0.500 94714990
     0.207     -0.686      0.889      0.653     -0.480     -0.600     -0.500     -0.483     -0.742      0.500 94715258
    -0.323     -0.030      0.651      0.939     -0.171     -1.850      0.500      0.409     -0.742     -0.500 94715393
     0.789     -1.019      0.863      0.898     -1.120     -2.434     -0.500      0.127     -0.242     -0.500 94715898
     0.916     -1.019      1.336      0.939      0.369     -2.684     -0.500     -1.137     -0.742     -0.500 94715955
     1.149     -0.416      1.336      1.185      0.515     -2.684      0.500      0.518     -0.242     -0.500 94715980
     1.149     -0.110      0.903      0.468      2.899     -2.350      0.500     -0.370     -1.742     -0.500 94715981
     0.703     -0.030      1.119     -0.125      0.514     -1.934      0.500     -1.304     -0.742      0.500 94715985
    -4.425      1.281     -0.501     -1.496      0.088     -1.600      0.500     -0.811      1.258      0.500 94716011
     1.149     -0.363      1.812     -1.587     -0.140     -1.267     -0.500      0.863     -0.242     -0.500 94716068
    -0.275     -0.061      0.192     -0.247      0.034     -1.434     -0.500      0.409      1.258     -0.500 94716118
    -0.301     -0.717     -1.428      0.407     -1.232     -1.434     -0.500     -0.118     -0.742     -0.500 94716162
    -0.176     -1.019     -0.280      0.898     -0.154     -1.517      0.500      0.409      2.258     -0.500 94716166
    -0.137     -1.019     -1.168     -1.243      0.616     -2.517      0.500      0.425     -0.742     -0.500 94716256
     1.047     -0.665      0.452      1.185     -0.282     -1.684     -0.500      0.230      0.758     -0.500 94716281
    -0.289     -1.019     -0.028     -0.484      1.752     -2.600      0.500     -1.137     -0.742      0.500 94716827
    -2.959      0.959      0.452     -2.630      2.315     -2.017      0.500     -1.756     -0.742      0.500 94716888
     0.441     -1.019     -1.632     -1.852      0.354     -2.184     -0.500     -0.566     -0.742      0.500 94716931
     0.438     -1.019      0.452      0.939      1.044     -1.684      0.500      0.393      1.758     -0.500 94716955
    -0.156     -1.019     -0.263     -0.083     -1.592     -1.767      0.500     -0.757     -0.742     -0.500 94716987
     0.802     -1.019      0.430      1.185     -0.718     -0.767      0.500      0.230      0.258     -0.500 94717159
    -1.501      0.191     -0.060      0.939      1.209     -1.767     -0.500      0.127     -0.242     -0.500 94717461
     0.705     -1.019      1.812      0.531     -1.453     -0.434     -0.500      0.863      1.758     -0.500 94717967
    -0.916     -1.019      0.183      1.185     -0.217     -2.684     -0.500      0.306      2.258     -0.500 94718021
    -1.483      1.239     -1.190      0.407      2.097     -2.684      0.500     -0.370      1.258      0.500 94718027
     0.928     -1.019      0.430      0.939     -1.037     -2.184      0.500      0.693      2.258     -0.500 94718111
    -0.457     -0.384      0.007      0.939     -1.065     -1.517     -0.500      0.776      1.258     -0.500 94718129
    -0.232      3.674     -1.657      0.294      3.063     -0.600      0.500     -0.657      0.258      0.500 94718267
    -1.296      2.523     -1.641      0.898     -0.597     -1.517      0.500      0.561      2.258     -0.500 94718273
     0.123      0.552     -0.956      0.531      2.396     -1.184     -0.500      0.409     -0.742     -0.500 94718277
     0.228     -1.019      0.916     -0.403      0.153     -3.017     -0.500     -0.038     -0.742     -0.500 94718299
     1.112     -0.353     -0.264      0.037      0.713     -1.184      0.500      0.012     -0.742      0.500 94718329
    -0.176     -0.717      0.192      0.694     -0.226     -1.100      0.500     -1.505     -1.242     -0.500 94718393
    -0.096     -1.019      0.430     -0.265     -0.417     -2.767      0.500     -0.370     -0.742     -0.500 94718944
    -1.621      0.462      1.101     -0.247      2.358     -2.184     -0.500     -0.118     -0.742     -0.500 94718971
     1.112     -0.686     -0.025     -0.239      0.071     -2.934      0.500     -0.929      0.258      0.500 94719977
    -0.458      1.260      0.214      0.653     -0.268     -1.100      0.500     -0.205     -1.742     -0.500 94719978
     0.123     -0.686      0.192     -0.064     -0.064     -2.934      0.500      0.324     -0.742     -0.500 95374971
     0.169     -1.019     -0.028      0.611      0.012     -1.184     -0.500      0.561      1.258     -0.500 95374972
     1.149     -1.019     -0.047      0.653      0.800     -1.850     -0.500      0.693      1.258     -0.500 95374976
     1.149     -1.019      1.101      0.653     -1.640     -2.267      0.500      0.629      1.258     -0.500 95374978
     0.646      0.573      0.664      0.939     -1.761      1.233     -0.500     -0.118      2.258      0.500 95500036
     0.429     -0.686     -0.483      0.939     -0.078      0.566      0.500      0.012      1.258     -0.500 95500189
    -1.567     -0.030     -1.835      0.653      0.135     -0.684     -0.500      0.589      1.258     -0.500 95500237
     0.911      0.604     -2.312      0.120     -0.148      2.650     -0.500      0.473      0.258     -0.500 95500280
     0.646      0.885     -1.865      0.939     -0.102      1.900      0.500      0.602     -0.742      0.500 95500333
    -0.546      1.947     -0.744     -0.893      0.168      1.233      0.500      0.127      0.258     -0.500 95504123
    -0.980      3.674     -0.271     -0.771      0.499     -0.434      0.500     -0.268      2.258      0.500 95504620
    -0.400      1.947     -0.709      0.252     -0.183      2.150      0.500      0.863      0.758     -0.500 95504923
     0.928      0.250      0.191     -1.897     -1.513      2.566      0.500      0.230     -0.242     -0.500 95504924
    -0.774     -1.019     -0.271     -2.875     -1.403     -0.434     -0.500     -0.091     -1.742      0.500 95504987
    -0.163     -0.114      0.863      1.185      0.406      2.483     -0.500     -0.118      0.258     -0.500 95506154
    -0.023     -0.083     -0.254     -0.484      1.710     -0.934     -0.500      0.230      0.258     -0.500 95506255
     0.003      0.931     -1.830     -2.245     -1.038     -1.434      0.500      0.012     -0.742      0.500 95506268
     0.739      1.281     -0.934     -1.024      1.989      0.900     -0.500      0.127      0.758     -0.500 95506308
     0.585      1.646      0.660     -0.424      0.593      1.816      0.500      0.629      0.758     -0.500 95506387
    -1.611     -1.019      0.669      0.653      0.406     -0.184      0.500      0.809      2.258     -0.500 95506680
    -0.240     -0.416      0.192      1.185     -1.265      1.483     -0.500      0.629      0.258     -0.500 95506874
     1.186      1.614     -0.497      0.048     -1.364      0.900      0.500      0.190      1.258      0.500 95506973
    -4.057     -0.142     -1.640      0.120      0.444      1.316     -0.500      0.809      0.758     -0.500 95507059
     0.555      1.593          *      0.468     -0.806      1.066      0.500      0.287     -0.742     -0.500 95507158
    -0.355      1.947     -0.267     -2.961      0.566     -0.850      0.500     -0.566     -0.742     -0.500 95507214
     0.815     -1.019     -0.483     -0.956      0.208      2.066      0.500     -0.524     -0.742     -0.500 95507315
    -0.140      2.523     -0.479      0.120      1.285      3.066     -0.500     -2.315     -1.742     -0.500 95507317
    -2.952     -0.384          *     -1.120      0.850      0.483      0.500     -0.929     -1.742      0.500 95507914
     1.112      0.885     -1.653     -1.323     -1.110      2.233     -0.500     -0.657      0.258      0.500 95508034
    -0.503     -0.717     -1.403     -0.239      0.613      1.733     -0.500      0.809      1.258     -0.500 95508271
     0.123     -1.019     -0.016      0.653     -0.253     -0.767     -0.500      0.561      0.258     -0.500 95508572
    -1.585      0.573     -0.713     -0.669      0.957      1.150      0.500      0.169      2.258      0.500 95508929
    -1.493      0.885     -0.505     -1.686     -0.348      1.650      0.500      0.561      0.258     -0.500 95508931
     0.478     -1.019      0.664     -0.711     -1.205      1.066     -0.500      0.409      1.258     -0.500 95540136
     0.417     -0.416      1.101     -0.197     -0.102      2.400     -0.500      0.082     -0.242     -0.500 95544180
    -1.457      1.947     -1.409     -0.526     -0.007      1.733     -0.500     -3.702     -0.742     -0.500 95544181
    -0.165     -1.019     -0.942     -1.243     -0.433      1.983     -0.500      0.913      1.258     -0.500 95544281
    -3.929     -0.384     -0.254      0.120     -0.111      1.483      0.500     -0.524     -0.742      0.500 95544985
     0.434      0.160     -0.723      0.006     -0.489      0.066     -0.500      0.230      0.258     -0.500 95546993
     1.035     -1.019      1.119     -0.239     -0.321      0.066      0.500      0.127     -0.242     -0.500 95548874
    -0.051     -0.020     -0.258     -0.125      0.554      0.483      0.500     -0.994     -0.742      0.500 95548969
    -0.592      0.959     -2.564     -0.956      0.663     -0.850      0.500      0.127     -0.742     -0.500 95570025
    -0.156     -1.019      0.422      0.653      0.829      2.400      0.500      0.457      0.758     -0.500 95570075
     1.149      0.271     -1.835      0.162      1.212      1.733      0.500      0.230      0.758     -0.500 95570084
    -1.998      0.462      0.899      0.407     -0.270     -0.017      0.500     -1.217     -1.242     -0.500 95570122
     0.123      1.593     -0.042     -0.247      0.304      1.066     -0.500      0.425     -1.242     -0.500 95570196
    -2.067     -0.353     -1.163      0.898     -0.834      2.400     -0.500      0.409      0.258     -0.500 95570299
    -0.233      0.250      0.408     -1.569      0.479      2.733     -0.500     -0.268     -2.742      0.500 95570420
    -0.776      0.885     -0.969     -1.087     -1.937      1.233      0.500     -0.524      0.758     -0.500 95570537
     0.284      2.390     -2.347     -2.101      0.227      2.900     -0.500      0.012     -2.242     -0.500 95570572
    -0.229     -1.019      0.165     -0.403     -0.622      0.233     -0.500      0.127      0.758     -0.500 95570789
     0.602      0.303     -0.011      0.407     -0.815      0.066      0.500      0.409      0.758     -0.500 95571019
     1.035     -0.717      1.127      1.185     -1.500     -0.434      0.500     -0.611     -0.742     -0.500 95571214
    -0.010      0.219      0.430      1.185     -0.748     -0.100     -0.500      0.127     -0.742     -0.500 95571216
     0.009      1.920      0.196     -0.387      0.994      0.316     -0.500     -0.205     -0.742      0.500 95571276
     1.035     -1.019      1.141      1.185     -1.052     -3.100     -0.500      0.324      0.258     -0.500 95571305
    -0.819     -0.020     -2.780     -1.180      1.740      1.066      0.500     -0.929     -1.242     -0.500 95571314
    -0.854      0.927     -0.010      0.694     -0.333      1.983      0.500      0.359      1.758     -0.500 95571316
    -0.162      1.180     -0.034      1.185     -1.367      0.150     -0.500      0.561     -0.242     -0.500 95571319
     0.295     -0.717      0.902      0.939      0.394      0.816     -0.500      1.315      2.258     -0.500 95571350
    -0.051      0.937      0.214     -1.488      1.261      1.983     -0.500      0.230      2.258      0.500 95571465
     0.313      0.594      1.123     -1.243     -0.227      1.066      0.500      0.012      1.258      0.500 95571566
     0.896      0.240      1.574      0.407     -0.639      1.900     -0.500      0.230      0.258     -0.500 95571651
    -0.027     -0.061      0.881      1.185      0.139      0.900     -0.500      1.315      1.258     -0.500 95571657
     0.092     -0.416      0.430      0.898     -2.165      1.566     -0.500     -0.483     -0.242     -0.500 95571702
     0.737     -0.717      0.192     -0.239      0.672     -2.017      0.500     -0.524     -1.242     -0.500 95571707
     0.123      0.573      0.668      0.006     -0.902      1.316     -0.500      0.561      1.258     -0.500 95571850
     0.916     -0.114      1.574      0.538     -1.144      1.150     -0.500      0.409      0.758     -0.500 95571869
    -2.387     -0.384      0.200      1.185     -0.635     -2.017      0.500      0.893     -0.742      0.500 95571906
    -1.148      0.191     -0.280      1.185     -0.615     -0.184     -0.500     -0.334     -1.242     -0.500 95571913
    -0.592     -0.114     -0.033      0.898      0.023      0.400     -0.500     -0.657      0.258     -0.500 95571918
    -0.026     -0.332      0.206     -0.239     -0.445      1.316     -0.500      0.269     -0.742     -0.500 95571963
    -1.861     -0.717      0.408      0.898      0.064     -0.100      0.500      0.809     -0.742     -0.500 95572005
     0.323     -1.019     -0.024      0.407      0.719      0.400      0.500     -0.118      1.258     -0.500 95572102
    -0.275     -0.384      0.430     -0.526     -0.161      0.400     -0.500     -0.013      1.258     -0.500 95572108
    -0.258      1.260     -0.501      0.120     -0.501     -0.267     -0.500      0.082     -0.742     -0.500 95572115
     0.921      0.462     -0.509      1.185     -1.059      0.400     -0.500     -0.657     -0.742     -0.500 95572116
    -0.311      0.524     -0.024     -0.239      1.402     -0.767     -0.500     -0.406     -1.742      0.500 95572207
    -0.483      1.180     -0.448     -0.125      0.269      0.650      0.500      0.230     -0.242     -0.500 95572208
     0.232      1.239     -3.247     -1.610      0.675      1.650      0.500     -0.038      0.258     -0.500 95572212
    -0.890     -1.019      0.430     -0.265     -0.857     -0.267      0.500      0.036      1.258      0.500 95572219
     0.916     -1.019      1.812      1.185     -1.810      2.066     -0.500     -0.611     -0.242     -0.500 95572241
    -0.757      0.198     -0.254      0.653     -1.091      0.483      0.500      0.693      1.758     -0.500 95572262
     1.112      0.885     -3.014      0.939      0.981     -1.100      0.500     -0.118     -0.742      0.500 95572281
    -1.916      1.461     -0.501      0.653     -1.480     -1.017     -0.500     -1.063     -0.742      0.500 95572300
     0.590     -0.083      1.349      1.185      2.103      1.733     -0.500      0.127      0.258     -0.500 95572316
     1.149     -0.020      0.205      1.185      0.167     -0.517      0.500      0.105     -0.742     -0.500 95572318
     1.112     -1.019      0.201      0.204      0.081     -1.100     -0.500     -0.334     -0.742      0.500 95572362
    -0.511     -1.019      0.422      0.939     -0.311     -0.517      0.500     -0.444     -0.742     -0.500 95572364
     1.035     -0.717      1.349      0.538      0.156     -1.100     -0.500      0.473      1.258     -0.500 95572376
    -0.001      1.947     -1.873     -0.534      0.469     -0.517     -0.500      0.012     -0.742      0.500 95572382
     0.756      1.291     -0.948      0.653     -0.740     -2.517      0.500     -0.236     -0.742     -0.500 95572383
     0.120     -1.019     -0.951      0.653     -1.032      1.816      0.500      0.409      1.258     -0.500 95572386
     0.751     -1.019      1.574      1.185     -0.955     -0.767     -0.500     -0.566      1.258     -0.500 95572395
     1.149     -0.717      1.812      1.185     -1.439      1.150     -0.500      0.210      0.258     -0.500 95572402
     1.035     -1.019      1.340      0.939      0.064     -2.434     -0.500     -0.334     -0.742     -0.500 95572664
     0.906     -1.019      0.889      1.185     -0.501     -1.350      0.500     -0.118     -0.242     -0.500 95572869
     0.884     -0.443      1.349      0.939     -1.580     -0.767      0.500     -0.118      1.258      0.500 95572903
    -0.146     -1.019     -0.975     -0.711     -1.393      0.900     -0.500      0.409      1.258     -0.500 95572908
     0.751     -0.061      1.123      1.185      0.373      2.150     -0.500     -3.702     -0.742     -0.500 95572967
     0.491      0.282      0.425      0.223     -0.111     -1.350     -0.500     -0.483     -0.242     -0.500 95572974
     0.724      0.363     -0.488      0.653     -0.198      2.233      0.500     -0.406     -2.242     -0.500 95572983
     1.149     -1.019      1.344      0.468     -0.902     -0.850      0.500      0.127     -0.742     -0.500 95572984
    -0.298      1.503      0.678      0.939      0.224      0.900      0.500     -0.268     -0.742     -0.500 95572985
    -0.619      1.836     -0.487      0.120      1.637      0.483     -0.500     -0.118     -0.742     -0.500 95573010
    -1.004     -0.686     -0.479     -0.797     -1.162      0.150      0.500     -0.706     -0.742      0.500 95573016
     1.035     -0.717      1.102     -0.893      0.292     -0.017     -0.500     -0.444     -0.742     -0.500 95573031
    -0.156     -0.717     -0.934     -0.964      0.165     -1.184      0.500      0.127      0.758     -0.500 95573115
    -2.330      0.959     -0.501     -0.123      0.718     -0.934      0.500     -0.524      0.258     -0.500 95573195
    -0.001     -0.363      1.111     -0.178      0.093     -1.600     -0.500     -0.268      1.258      0.500 95573219
    -0.253     -0.717     -1.185     -1.180      0.268      0.983     -0.500      1.315      1.758     -0.500 95573233
    -1.539      1.608     -1.544          *      1.218     -0.850      0.500     -0.301     -0.742     -0.500 95573256
    -0.914      0.303     -1.142     -0.125     -2.418     -2.267      0.500      0.127      0.258     -0.500 95573316
    -0.026     -0.686      1.574      1.185      0.173      0.566     -0.500     -1.304     -1.242     -0.500 95573317
     0.453      1.291     -0.704      1.185     -1.094      1.483      0.500      0.693      0.758     -0.500 95573412
    -0.728      0.250     -3.017     -2.142     -1.102      1.733      0.500      0.409      1.258     -0.500 95573490
     0.009     -0.686      0.219     -0.812     -0.766     -0.684     -0.500     -1.622     -0.742     -0.500 95573519
    -0.252     -0.020     -0.030     -0.370     -0.678     -2.684      0.500     -0.334     -0.742     -0.500 95573918
     0.916      0.626      1.812      0.898     -1.856      0.316      0.500     -0.236     -1.242     -0.500 95573943
     0.215     -0.686      1.812      1.185     -0.524     -1.684     -0.500      0.012     -0.742     -0.500 95573944
    -0.296      0.594      1.812      0.120      1.546      0.066     -0.500      0.324      0.258     -0.500 95573950
     0.334     -1.019      1.574      0.653     -0.458      2.233     -0.500      0.249     -0.242     -0.500 95573951
    -2.155     -1.019     -0.033      0.252      0.465      0.816     -0.500     -0.268     -0.242     -0.500 95573953
    -1.222     -1.019      1.587      0.293      1.059      1.233      0.500      0.169      0.758     -0.500 95573959
     1.149     -1.019      1.812      1.185     -2.091     -0.350      0.500      1.602      2.258     -0.500 95573991
    -2.921     -0.030     -1.432      0.898     -0.633      0.150      0.500     -0.268      0.758     -0.500 95573994
     1.149     -0.030      1.587      1.185     -0.964      1.150      0.500      0.425     -0.242     -0.500 95574282
     0.297      2.523     -0.731      1.185     -0.350     -0.767      0.500     -1.399     -1.742      0.500 95574291
    -0.175     -0.717     -0.056     -1.610      0.056      1.650      0.500      0.230     -0.742     -0.500 95574333
    -0.698     -0.384      0.192      0.285     -0.389      0.650     -0.500     -0.929     -0.742      0.500 95574415
     0.252     -1.019      0.192      0.040      0.731      0.316     -0.500      0.287     -0.742     -0.500 95574591
    -0.654     -1.019      0.881      0.293     -1.917     -1.934      0.500      0.059      0.758     -0.500 95574604
     1.047     -1.019     -0.033      0.538     -0.901     -2.267      0.500      0.913      1.758     -0.500 95574608
     0.852     -0.384     -0.506     -0.657     -0.230      0.733      0.500     -0.038     -0.742      0.500 95574730
    -0.324      0.626          *     -1.001      0.674      2.400     -0.500     -1.505     -1.742     -0.500 95574790
     1.186     -0.020     -0.263      0.939      0.034      1.900      0.500     -0.657     -1.742      0.500 95574937
    -1.011     -0.665      0.448      0.939     -0.729      0.233      0.500     -0.038     -0.742     -0.500 95574944
    -0.444     -0.717      0.669     -0.247      0.473     -0.267      0.500      0.012     -0.742     -0.500 95575031
     0.123     -0.717      1.119      0.653     -1.184     -0.267     -0.500      0.913      1.758     -0.500 95575037
    -0.354      0.604     -0.038     -0.125      0.919     -1.267      0.500      1.602      2.258     -0.500 95575073
    -0.818      1.128      0.694     -0.412     -0.263      2.650     -0.500     -1.137     -0.242     -0.500 95575083
     0.918      0.219     -0.025     -1.897     -0.128     -0.684      0.500      0.324      0.258     -0.500 95575086
     0.992      0.959     -0.011     -0.289      0.589      1.733      0.500      0.230     -0.242     -0.500 95575107
     0.103      0.583     -0.718     -0.893      1.335      1.650      0.500      0.883      0.758     -0.500 95575134
     0.114      1.947      0.651     -2.578      0.446      2.066     -0.500      0.230      0.258     -0.500 95575181
    -1.009     -0.443     -0.262      0.449      1.306     -0.434     -0.500     -0.236      0.758     -0.500 95575184
     1.030      1.461      0.647      0.366      0.488      2.483      0.500      0.488     -0.242     -0.500 95575203
     0.646     -0.686     -0.262     -0.370     -0.572     -0.850     -0.500      0.376      0.258      0.500 95575214
     0.159      1.614      0.655      1.185     -0.111      1.316     -0.500      0.629     -2.742     -0.500 95575266
    -1.255      1.239     -0.712      0.694      0.866     -1.267      0.500      0.409      0.258     -0.500 95575366
    -0.051     -1.019     -0.033      0.939     -0.969      0.733      0.500     -1.137     -0.742      0.500 95575386
    -0.850     -0.384      1.133     -1.897      0.578      0.650     -0.500      0.127      1.258     -0.500 95575392
     0.595     -0.443     -1.879     -1.607      2.231     -0.767     -0.500      0.230      1.258      0.500 95575401
     1.112     -0.051     -0.024     -0.370      1.421     -0.517     -0.500      0.913      2.258      0.500 95575461
     1.035      0.573      0.876     -0.116     -1.765     -0.850      0.500      0.913      2.258     -0.500 95575678
     0.441      0.906      1.574      0.204      0.028      0.900      0.500     -0.444     -0.742      0.500 95575829
    -0.051      1.920      0.192     -1.610      1.500     -0.017      0.500     -1.304     -2.742      0.500 95575867
    -0.993     -0.416      0.183      0.407     -0.375      1.566      0.500      0.863     -0.742     -0.500 95575876
    -0.318     -1.019      0.210     -0.002     -0.245      0.400     -0.500     -0.268     -0.742     -0.500 95575909
     0.723      0.303     -0.307      0.694      0.785      0.066     -0.500      0.809      1.258     -0.500 95575942
    -0.805      0.293     -0.240      0.040     -0.877      3.150     -0.500      0.230      1.258     -0.500 95575964
     1.149      0.948      0.192      0.694     -0.703      2.150      0.500      0.127     -0.742     -0.500 95575966
    -0.156     -0.416     -0.030      0.898      0.263      0.150     -0.500      0.269      0.758     -0.500 95576064
    -0.538      0.324     -0.496     -0.669     -1.722      1.400     -0.500      0.324      1.258     -0.500 95576116
    -1.753      1.724      0.182      0.407      0.715     -0.767      0.500      0.409     -0.242     -0.500 95576181
    -0.289      1.614     -0.973     -1.610     -0.026      0.650     -0.500     -0.064      0.258      0.500 95576184
    -2.061     -1.019     -0.250     -0.465     -1.096      1.566      0.500      0.753      0.758     -0.500 95576307
    -3.027     -0.717     -0.250     -2.139      0.710      1.483      0.500     -0.811      0.258     -0.500 95576392
     0.313     -1.019     -0.024      1.185     -0.777      0.733     -0.500      0.105      2.258      0.500 95576406
     0.272     -1.019      0.192     -0.064     -1.812      1.150     -0.500      0.629      0.258     -0.500 95576435
    -0.275     -0.717     -0.046     -1.652     -0.810      1.983      0.500      0.409      0.258     -0.500 95576471
    -0.539      1.836     -0.241     -1.243      1.832      2.400     -0.500     -1.137      0.258      0.500 95576519
    -0.222      0.240     -0.227     -1.897     -0.627      1.733      0.500     -0.118      0.258      0.500 95576815
     0.585     -1.019      0.916     -0.833      0.430      1.150      0.500      0.409      0.258     -0.500 95576817
    -0.511     -1.019     -0.042     -1.365     -0.520     -0.350     -0.500      0.589      1.258     -0.500 95576852
    -0.051     -0.083      0.881     -0.771      0.040      1.233      0.500     -0.869      0.258      0.500 95576853
    -0.360     -1.019     -0.268     -0.370     -0.490      1.566      0.500     -0.268     -0.742     -0.500 95577058
     0.903      0.573      0.197      0.407     -2.543      1.733     -0.500      0.127      0.258     -0.500 95577061
     0.445      1.857      0.444     -0.669      0.244      1.733     -0.500      0.561      1.258      0.500 95577124
     0.123      1.281      1.133      0.694      0.199      1.733      0.500      1.315      1.758     -0.500 95577129
    -0.042     -1.019      0.200     -2.388      0.590     -0.184     -0.500      0.409     -0.742     -0.500 95577164
     0.630     -0.110     -2.339      0.939      0.081     -0.600     -0.500     -0.268     -1.742     -0.500 95577210
    -0.255      1.614      1.587     -0.669     -0.240      1.316      0.500      0.629      1.258      0.500 95577322
     0.087      0.959     -2.545     -1.251      0.042     -1.100      0.500     -0.268     -0.742     -0.500 95577615
     0.646     -0.353      0.192      1.185     -0.444      1.733      0.500     -1.137      0.258      0.500 95578042
    -1.554     -1.019      0.192     -2.097      1.092      1.650     -0.500     -1.505     -0.242     -0.500 95578045
    -2.431     -1.019      0.166     -0.443     -1.499      0.400      0.500     -1.304     -1.742      0.500 95578089
     0.435      0.282     -0.016     -0.125     -0.481     -0.434     -0.500     -0.236     -0.742      0.500 95578116
    -1.031      1.947     -0.954     -1.897      1.385      2.066     -0.500      0.693     -0.742     -0.500 95578126
    -0.211     -1.019      0.245      1.185     -1.882      2.233     -0.500      0.012     -0.742     -0.500 95578144
    -0.562     -0.717     -0.510     -1.897     -2.157      0.566     -0.500      0.190      0.258     -0.500 95578148
     0.353      1.513          *      0.468      1.692      0.566     -0.500      0.409     -1.242     -0.500 95578149
    -0.440     -1.019      0.430      1.185     -0.254      1.650      0.500      0.127     -0.742     -0.500 95578344
     1.149      1.260      1.119      1.185      0.576      2.400     -0.500      0.913      0.758     -0.500 95578345
     0.480     -0.384      0.660      0.162     -0.019      1.566     -0.500     -0.483     -1.242     -0.500 95578438
    -0.051     -0.686     -0.959      1.185     -0.722      1.233     -0.500     -0.268     -0.742      0.500 95578445
    -1.962     -0.142     -0.236      0.611      0.435      2.316      0.500      0.269     -0.742     -0.500 95578449
    -0.156     -1.019     -0.262     -0.492     -0.210     -0.434      0.500     -0.268      1.258     -0.500 95578538
    -0.613      1.260     -0.276      0.366      2.506     -0.684     -0.500     -0.268      1.258      0.500 95578542
    -0.384      1.011      0.196      0.653      0.214      0.150     -0.500      0.753     -0.242     -0.500 95578546
     0.123     -1.019      0.183      0.653     -1.141     -0.350      0.500      0.629      1.758     -0.500 95578549
     0.916     -1.019     -0.020      0.006     -2.429      1.650      0.500      0.324     -0.242     -0.500 95578578
     0.044     -0.353     -0.488     -1.496     -0.120      1.900      0.500     -0.483     -1.242     -0.500 95578614
     0.351     -0.717      0.638      0.407      0.760      0.900      0.500      0.169     -0.242     -0.500 95578630
    -0.549      0.271      0.205      0.653      1.384      1.483      0.500      0.269      1.258     -0.500 95578631
    -2.843      0.556      0.444     -0.677      1.356      1.233      0.500      0.561     -0.742      0.500 95578640
     0.704      0.857     -2.564     -1.493     -0.082      0.900     -0.500     -0.483     -0.742     -0.500 95578642
     1.149     -0.686      1.574      1.185     -0.373      0.066     -0.500      0.306     -0.742     -0.500 95578643
     0.705      0.250     -1.173      0.939      0.098      2.566      0.500      0.518      0.258     -0.500 95578649
     0.853      2.169      0.889      1.185     -0.378     -0.517     -0.500     -1.304     -0.742     -0.500 95578694
     0.301      1.260     -0.978     -1.251      1.123      1.733     -0.500      0.012     -0.742     -0.500 95578744
    -0.032     -0.717      1.111      0.653     -0.312     -0.600     -0.500      0.230      1.258     -0.500 95578748
     0.297     -1.019     -1.155     -1.897     -0.293      0.483     -0.500     -0.118     -1.742      0.500 95578863
     1.112     -1.019      0.417     -0.265      0.052      0.566      0.500     -0.657     -0.742      0.500 95578869
    -1.206     -0.030     -0.466     -0.125      0.939      1.066     -0.500     -0.524      1.258      0.500 95578912
    -0.749     -0.384     -1.630     -0.482     -0.525      1.983      0.500     -0.483      1.258     -0.500 95578947
    -0.156     -0.114      0.408      0.653      0.797      2.400      0.500     -0.657     -0.242     -0.500 95578948
     0.705     -1.019     -0.925     -0.944     -0.441      2.150     -0.500      0.012     -0.242     -0.500 95579179
    -1.637     -0.686      1.336      0.653      0.867     -0.017      0.500     -1.399      0.258      0.500 95579246
     1.035     -0.984     -0.262      0.244     -0.901     -1.767     -0.500      0.809     -1.242     -0.500 95579248
     0.187     -0.061      0.205      0.653      0.225      2.816     -0.500     -0.334      0.258      0.500 95579264
     0.751     -1.019      0.668     -0.956     -3.048     -1.767     -0.500      0.532      1.758     -0.500 95579268
    -1.308     -0.686      0.668     -2.716     -1.549      1.233     -0.500     -0.038     -0.742     -0.500 95579269
     1.112     -1.019      1.574      0.653     -0.204      0.150      0.500     -0.118      1.258      0.500 95579270
     0.242     -0.686     -0.024      1.185     -0.290     -1.350     -0.500      0.036     -1.742     -0.500 95579271
     1.112      0.906      1.812      0.407      0.619      2.483     -0.500      0.809     -2.742      0.500 95579292
     0.705      0.552      0.422     -0.064     -1.434      1.150     -0.500      0.127      0.258     -0.500 95579293
    -0.494      1.482     -0.709      0.120     -0.043      2.650     -0.500      0.148     -1.242     -0.500 95579295
    -1.133      0.282     -0.037      0.653     -1.478     -0.350      0.500      0.269      0.758     -0.500 95579943
    -0.270     -0.110      0.642      0.244     -0.041     -0.434     -0.500      0.324     -0.742     -0.500 95579960
    -0.542      0.552     -0.254     -1.180      0.816      2.066      0.500      0.324      0.758     -0.500 95579963
     0.132     -0.020      1.574      0.468      1.142      0.400     -0.500     -0.524     -1.242     -0.500 95579966
     0.723     -1.019      0.205      0.040     -0.897      0.233      0.500     -0.118     -0.742     -0.500 95579970
    -1.304     -1.019      0.668      0.449      0.652      0.483     -0.500     -0.038     -0.242     -0.500 95579986
    -1.770     -1.019     -0.050     -0.239     -0.277      0.733     -0.500      0.629      2.258     -0.500 95619365
     1.149     -1.019     -0.266      1.185     -0.794     -0.017      0.500      1.602      2.258     -0.500 95619467
    -0.676      0.573      0.422     -0.002      0.228     -0.434      0.500      0.693      1.258     -0.500 95619962
     0.150     -0.142     -0.947     -1.042     -0.278     -0.767      0.500     -0.444     -2.242     -0.500 95624976
    -1.362      0.250     -1.415      0.120     -1.541      1.316      0.500     -3.702     -1.742     -0.500 95678275
     0.854      0.826     -0.917      0.653      0.402      0.566      0.500     -0.757      0.258      0.500 95678973
     1.030     -1.019      0.430      0.939      0.759     -3.267      0.500     -0.444      0.258     -0.500 95710081
     0.675     -1.019      0.200      0.939     -1.308     -1.434     -0.500      1.315      1.758     -0.500 95710937
     0.323     -0.717      0.902      0.653      0.007     -1.850      0.500      0.863      2.258     -0.500 95711064
     1.112     -0.332     -0.488     -1.024      0.433     -2.850      0.500      0.341      1.258      0.500 95711175
     0.789     -1.019     -0.241      1.185     -1.716     -1.767      0.500      0.809      1.258     -0.500 95711366
     1.112     -1.019      1.812     -0.468      0.292     -3.017      0.500     -0.929      2.258      0.500 95711369
     1.186      1.593      1.574     -0.083     -0.655     -1.684      0.500     -0.869     -0.742      0.500 95711869
     0.767     -1.019      1.349     -0.178     -0.630     -2.267     -0.500      0.441      0.758     -0.500 95712291
    -0.668     -1.019     -0.033      0.006      0.761     -2.100      0.500      0.913      1.758     -0.500 95712297
    -1.585      2.523     -1.432     -1.108      1.466     -2.267      0.500     -0.869     -1.242     -0.500 95712312
     1.112      0.885      1.340      0.204      0.369     -1.684     -0.500     -0.757      0.258      0.500 95712342
    -0.235     -0.686      0.430     -0.534     -1.289     -1.850     -0.500      0.012      0.258     -0.500 95712910
     0.528     -1.019      1.097      1.185      0.249     -2.684      0.500      0.012     -0.242     -0.500 95712913
    -0.688     -1.019      0.633      1.185      0.461     -3.017      0.500     -0.444      1.258      0.500 95712918
     0.485     -0.686      0.646      0.244     -1.062     -2.434     -0.500     -0.175     -0.742     -0.500 95712949
     1.035     -0.416      0.871      0.898     -0.392     -1.517      0.500      0.269     -0.242     -0.500 95713197
     0.789     -1.019     -0.723     -1.384     -0.974     -1.517      0.500      0.012      1.258     -0.500 95713235
     1.035     -1.019      0.668      1.185      0.159     -1.767      0.500      0.518      1.758     -0.500 95713335
     0.744      0.213     -1.146      0.407      0.989     -2.184      0.500     -0.929     -1.742     -0.500 95714116
     0.705      0.885      1.137      0.204      1.124     -2.350     -0.500     -0.611     -0.742     -0.500 95714123
    -0.433     -1.019     -0.033     -0.534      1.474     -3.017      0.500      0.059     -0.742     -0.500 95714222
    -0.053     -1.019      0.192     -1.855     -0.474     -2.934     -0.500     -1.304      1.258      0.500 95714294
     1.035     -0.384      1.344      0.939     -1.563     -3.100     -0.500      0.230     -1.742     -0.500 95714316
     0.009     -0.717      0.205     -0.351     -0.313     -1.267      0.500      0.488      0.258     -0.500 95714322
     0.556     -0.443      1.123      0.939      0.977     -2.434     -0.500     -1.304     -2.742     -0.500 95714397
     0.474      0.132      0.700      0.366      0.151     -1.850     -0.500     -0.524     -0.742     -0.500 95714483
     0.406      0.219      0.894      0.898     -1.020     -0.434     -0.500     -1.910     -1.242     -0.500 95714886
    -0.404     -0.686     -0.744     -0.002      1.285     -3.184     -0.500      0.324     -0.742     -0.500 95714891
     1.186      0.959      0.430      1.185      0.548     -1.267      0.500     -0.869     -1.742      0.500 95714894
     1.035     -1.019      0.430      1.185     -2.282     -2.017     -0.500      0.230      0.758     -0.500 95714924
    -0.389      1.836     -0.033     -0.125      0.620     -0.767      0.500     -0.268     -1.242     -0.500 95714982
    -0.311     -0.443      1.574      0.120     -0.666     -2.850      0.500     -1.304      0.258      0.500 95714993
     0.275     -1.019     -2.306     -0.083      1.546     -2.267     -0.500     -0.657     -0.742     -0.500 95715932
     0.567     -1.019      0.660      0.366     -1.749     -2.100      0.500      0.127     -0.742     -0.500 95715935
     0.123     -1.019      0.430      0.898     -1.286     -3.017      0.500      0.409      1.258     -0.500 95715952
     0.182      0.434      1.115      1.185     -0.195     -2.934      0.500     -0.118     -0.242     -0.500 95715964
     1.035     -1.019      0.430      0.120     -0.247     -3.434      0.500      0.753      0.758     -0.500 95715965
    -1.907     -1.019     -0.262     -0.552     -0.667     -0.934      0.500     -1.304     -1.742      0.500 95715985
    -0.373     -0.717      0.660      0.407      0.930     -2.684      0.500     -0.268     -1.242     -0.500 95715986
     1.149     -0.443      1.119      0.162      0.011     -2.184      0.500     -0.118      0.258     -0.500 95716233
     0.559     -1.019     -0.268      0.293     -0.128     -2.600     -0.500     -0.811      0.258     -0.500 95716252
     1.047     -0.030      1.336      1.185     -1.426     -1.517     -0.500     -0.091     -0.742     -0.500 95716318
     1.047     -1.019      0.457      1.185     -0.002     -1.850      0.500      0.693      1.258     -0.500 95716355
     0.590     -1.019      0.431     -0.125     -0.462     -3.100     -0.500     -0.236     -1.242     -0.500 95716882
     0.518     -0.665      0.880      0.006      0.592     -2.684      0.500      0.561      1.758     -0.500 95716903
    -0.323     -1.019     -0.478      0.366      0.484     -2.934      0.500      1.173      1.758     -0.500 95716904
    -0.141     -0.443      0.192     -0.648     -1.000     -2.017     -0.500     -0.657     -0.242     -0.500 95716916
     0.649      0.709     -0.723     -1.201     -0.352     -2.934     -0.500      0.127      1.258      0.500 95716935
     0.611     -0.443      0.187      1.185      0.341     -2.184      0.500      0.488      0.258      0.500 95716966
     0.786     -1.019      1.574      0.223     -0.182     -3.100      0.500      0.324     -0.242     -0.500 95717150
     0.916     -1.019      0.434      0.653     -0.346     -1.350      0.500      0.012      0.258     -0.500 95717168
    -0.001      0.604     -1.138      0.611      0.013     -1.100     -0.500     -0.038     -0.742      0.500 95717368
     0.505     -0.902      0.916      0.407     -0.163     -1.600     -0.500     -1.217     -0.242     -0.500 95717910
     0.874     -1.019      1.812      1.185     -0.959     -2.600      0.500     -0.406      1.258      0.500 95717911
     0.138     -1.019      0.197      1.185     -1.259     -2.184      0.500      0.230      0.258     -0.500 95717912
    -0.708      1.593     -0.010      0.898     -0.410     -1.184      0.500     -0.118      0.258      0.500 95717915
    -2.820     -1.019      0.669      0.653     -0.455     -2.850      0.500     -0.929      0.258      0.500 95717919
     0.260     -1.019     -0.024      1.185      1.439     -2.517     -0.500      0.753      1.258     -0.500 95717957
     1.149     -1.019      1.115      1.185      0.283     -3.350     -0.500     -0.268      0.258     -0.500 95717958
     1.030     -1.019      1.578      1.185      1.001     -3.100     -0.500      0.306     -0.742     -0.500 95718142
     1.010     -1.019      0.205     -0.648      0.251     -1.267      0.500      0.693      0.258     -0.500 95718274
    -1.275     -1.019     -1.407      0.366      0.146     -1.767      0.500     -0.929     -2.742     -0.500 95718296
     0.207     -1.019      0.668      0.449     -1.744     -2.184      0.500     -0.091      0.258      0.500 95718298
     1.020     -0.353      0.876     -1.120      1.040     -1.684      0.500      0.629      0.758     -0.500 95718370
     0.183      0.191      0.208      1.185     -1.272     -2.350     -0.500     -0.994      0.258      0.500 95718392
     0.451     -1.019      1.336      0.694     -0.617     -1.850     -0.500      0.012     -0.242     -0.500 95718821
     1.030      0.959      1.574     -0.064     -0.100     -2.934      0.500      0.441     -1.742     -0.500 95718925
     0.884     -1.019      1.123      1.185     -0.277     -1.934     -0.500      1.094      1.258      0.500 95718942
     0.916     -1.019     -0.029     -0.002      0.195     -1.684     -0.500      0.962     -0.742     -0.500 95718971
     1.149     -0.717      1.587      1.185     -1.472     -3.100     -0.500     -0.757      1.258     -0.500 95719272
     0.097     -0.416     -2.109     -2.508      0.924     -0.850     -0.500     -0.268     -0.742     -0.500 95719973
    -3.632      1.947     -3.458     -1.017      0.279     -1.184      0.500     -0.657      0.258     -0.500 95719975
    -0.419      0.271     -0.259      0.244     -1.140     -1.600      0.500     -0.175      0.258     -0.500 95719978
     0.992     -1.019      0.629      1.185     -0.068     -3.017     -0.500      0.324      1.258     -0.500 96316054
     1.149     -1.019      1.349      0.939      0.786     -2.600      0.500      0.409      0.258     -0.500 96374972
    -0.390     -0.443     -0.236     -0.453      0.124     -2.350      0.500      0.409     -0.242     -0.500 96374974
    -0.156     -1.019      0.647      1.185     -1.609     -2.267     -0.500      0.488      1.258     -0.500 96374976
    -1.807     -0.416     -0.712     -0.281      0.510     -1.517      0.500      0.230      2.258     -0.500 96374977
     0.737     -1.019     -1.384      1.185     -0.351     -1.350      0.500      0.059      0.258     -0.500 96374979
     0.123     -0.717     -0.246     -1.897     -1.478      1.150     -0.500      0.230      0.258     -0.500 96500083
     0.388     -1.019     -0.501      0.244     -1.002     -0.184      0.500     -0.013      1.258      0.500 96500138
    -0.156     -0.030      0.430     -1.652      0.265      0.566      0.500     -0.994     -1.742     -0.500 96500221
    -1.449      0.878      0.668      0.898     -0.478     -1.434      0.500     -1.063     -1.742     -0.500 96500223
     0.084      0.636     -0.268     -1.201      1.313      0.650      0.500      0.012     -0.742     -0.500 96500235
    -1.806     -0.353     -2.776     -1.467      0.738      1.900      0.500      0.012     -0.742     -0.500 96500282
     0.794     -0.384      0.660      0.939     -0.410      2.316      0.500      0.012      0.258     -0.500 96500376
     0.441      0.271      0.451     -0.239      0.418      2.900      0.500     -0.205     -0.242     -0.500 96500928
    -0.286      2.675     -0.055      1.185     -1.425     -0.767     -0.500      0.409      0.758     -0.500 96501251
     0.595      0.816     -0.016     -0.403      0.464      2.650     -0.500     -0.483      1.258      0.500 96503833
     1.112     -0.061      0.908     -0.023     -0.864      1.150      0.500      0.230      2.258      0.500 96503930
    -0.285      2.814     -0.151          *      0.860     -0.267     -0.500      0.913      0.258     -0.500 96503934
     0.173     -0.717     -0.493     -0.492      0.015     -1.100      0.500      0.561     -0.742     -0.500 96504084
     1.149     -0.717      0.413     -0.002      1.686      2.400     -0.500      1.008     -0.242     -0.500 96504183
    -0.154     -0.114      0.664     -0.239     -0.116      1.066     -0.500      0.082     -1.242     -0.500 96504227
    -0.400      1.867     -0.249      0.653      2.330      2.316      0.500      0.012     -0.242     -0.500 96504421
    -0.409     -0.443     -0.740     -1.164      0.363     -0.934      0.500      0.230      1.758     -0.500 96504429
    -0.379     -1.019      0.439      0.939     -0.235      2.233      0.500      0.324      1.258     -0.500 96506075
     0.284     -0.443      0.638      0.531      1.909     -1.100      0.500      0.488     -0.242     -0.500 96506274
     1.047     -0.717      1.574      0.939      0.105     -0.350      0.500      0.012     -0.742     -0.500 96506967
    -0.969      0.240      0.426      0.653     -0.897     -0.267      0.500      0.809      2.258     -0.500 96506984
     1.149      0.250     -0.474      1.185      1.518     -0.184     -0.500      0.230     -1.742     -0.500 96507057
     0.300      1.260      0.418     -1.610     -0.492      0.900     -0.500      0.863      1.258     -0.500 96508135
    -0.622      1.614          *     -1.139      0.885      1.900     -0.500     -0.566     -2.742     -0.500 96508834
    -0.171      0.271     -1.173      0.244      0.812      1.400      0.500     -0.370     -0.742     -0.500 96508876
    -0.619     -0.030      0.871      1.185      0.701      0.900     -0.500     -1.622     -0.742     -0.500 96508946
     0.041     -0.717     -0.038      0.468      0.324      2.066      0.500     -1.137     -0.742      0.500 96508948
    -1.697      1.260     -0.952     -1.311      0.661      1.650      0.500     -0.268     -0.742      0.500 96508974
    -2.353      1.285     -3.239      0.653      0.795      2.483     -0.500      0.913     -0.742      0.500 96544888
     0.340     -0.443      1.574     -0.281     -0.460     -2.517      0.500     -0.146      2.258     -0.500 96544906
     1.112     -0.083      0.642      1.185      0.006      2.233      0.500     -0.268     -0.742      0.500 96546274
    -0.460     -0.384     -0.483     -1.365      0.433      1.816      0.500      0.913      0.258      0.500 96546474
    -0.110     -0.416     -0.731     -0.534      0.592      2.150      0.500      0.809      2.258     -0.500 96546673
    -1.959     -1.019      0.157     -0.893      0.330      2.150      0.500      0.287      0.258     -0.500 96546779
     0.308      3.099     -0.939      0.162     -0.099      0.566     -0.500     -0.091     -0.242     -0.500 96570121
     0.794     -0.384     -0.926     -1.934     -0.418      3.150      0.500      0.629     -1.242     -0.500 96570134
    -0.475     -0.902     -0.951     -0.956      0.264     -0.434      0.500      0.409      2.258     -0.500 96570213
    -0.980      0.219      0.875      0.366      1.080      2.900     -0.500     -0.205     -1.242     -0.500 96570478
    -0.952     -0.384      0.677      0.694      1.471      0.066     -0.500     -0.268     -0.242     -0.500 96570490
    -1.588     -0.686     -1.397     -1.861      0.003      0.816      0.500      0.488     -1.242     -0.500 96570497
     0.441     -0.717     -0.011     -0.281     -1.032     -0.184      0.500     -0.118      2.258      0.500 96570596
    -0.285     -0.717     -0.466     -0.125      0.509      1.566     -0.500     -0.869     -0.742      0.500 96570621
     0.166      1.867     -0.925     -1.066      0.347      0.816     -0.500      0.012     -0.242     -0.500 96571001
    -0.767      1.947     -0.465     -0.657     -2.036     -0.850      0.500     -0.566      0.258     -0.500 96571008
    -2.178     -1.019      1.111      0.407     -1.203      1.150      0.500     -0.334     -0.242     -0.500 96571017
     1.112     -0.030     -0.931      0.898      0.101      1.983     -0.500      0.036     -1.742      0.500 96571077
     1.030     -1.019      0.430      1.185     -1.531     -1.350     -0.500      0.488      0.758     -0.500 96571110
     1.149      1.264      0.908      0.293     -0.591      0.566      0.500      0.230      1.258     -0.500 96571117
     0.438      0.626      0.659      0.939      2.033     -1.017     -0.500      0.324      0.258     -0.500 96571169
    -1.163      0.816      0.218     -0.403      0.511      0.733      0.500     -0.118     -0.742      0.500 96571208
     0.874      0.795      1.133      1.185     -0.407     -2.600      0.500     -0.236      0.258      0.500 96571209
    -1.591      0.795     -0.947      0.366     -0.479      1.566     -0.500      0.809      0.258     -0.500 96571219
     0.636      1.086     -0.281      0.898      1.117     -1.600     -0.500     -0.757      0.258      0.500 96571315
    -0.060      0.583     -0.951      0.611      0.912      0.650      0.500      0.376      0.258     -0.500 96571411
     1.030     -1.019      1.336      0.898     -0.287     -2.934      0.500      0.409      0.758     -0.500 96571418
     1.035     -0.384     -0.038      1.185      0.191      0.233     -0.500      0.693      0.258     -0.500 96571463
     0.546     -0.443     -0.951      1.185     -1.365     -3.100      0.500     -0.064     -0.742     -0.500 96571605
    -0.051      0.959     -0.491     -0.657     -0.105     -2.100     -0.500     -0.994     -0.742      0.500 96571618
    -1.079      0.906      0.192      0.120     -0.117     -0.517     -0.500     -0.091      0.758     -0.500 96571655
    -0.275      1.593      0.439     -0.893     -0.432      0.233     -0.500      0.127     -0.742     -0.500 96571666
     0.566     -1.019     -0.021     -1.066     -0.586      0.900     -0.500      0.913     -1.742     -0.500 96571709
     0.696      0.462      0.690      1.185      0.783     -2.767     -0.500      0.409     -0.742     -0.500 96571808
     1.047     -1.019      0.413      0.157     -0.600     -3.184     -0.500      0.190      1.758     -0.500 96571810
     0.204      0.885     -0.002      0.653      0.369      1.816     -0.500      0.012      2.258      0.500 96571811
    -0.435      0.552      0.214     -0.964      0.268     -0.184     -0.500     -0.205     -1.242     -0.500 96571818
     1.030     -1.019      1.349      0.162     -1.199     -0.767      0.500      0.409      0.258     -0.500 96571819
     0.009     -0.020      1.349      0.120     -0.265     -0.350     -0.500      0.561      1.758     -0.500 96571851
    -0.282      1.947     -0.258     -1.084     -0.575     -0.267     -0.500      0.457      1.258     -0.500 96571859
     1.112      1.264     -2.351     -0.370     -0.304      2.150      0.500      0.012     -0.742      0.500 96571872
     0.130     -0.717      0.007      1.185     -0.685      0.983      0.500      0.488      1.258     -0.500 96571914
     0.539     -0.083      0.219      0.939     -0.348      1.566      0.500     -3.702     -0.242     -0.500 96572003
    -1.299      0.250     -0.956      0.407      0.543      1.566      0.500      0.473      1.258     -0.500 96572009
     0.660     -0.083     -0.046      0.939     -0.167     -0.600     -0.500      0.693     -1.242     -0.500 96572109
    -0.613      0.219     -0.245      0.407     -2.634      1.733      0.500     -0.929     -1.242     -0.500 96572112
     0.123      0.573          *     -0.023     -0.368      2.316     -0.500     -0.118     -0.742     -0.500 96572201
    -0.424      1.233     -0.272      0.366     -0.953      1.733     -0.500     -0.657     -0.742     -0.500 96572243
     0.255     -0.717     -0.052     -1.365      0.118     -0.767     -0.500     -3.702      1.258     -0.500 96572260
    -0.034     -1.019      0.192      0.653     -0.289     -0.934     -0.500     -0.268     -1.242     -0.500 96572264
     1.149     -1.019      1.812      1.185     -1.209     -1.267     -0.500      0.693      2.258     -0.500 96572289
    -0.874     -1.019      0.430     -1.610      1.779      2.566      0.500      0.324      0.258     -0.500 96572296
    -0.107     -1.019      0.192      0.898     -0.919     -1.017     -0.500     -0.706      0.258     -0.500 96572365
     0.279      0.885      0.444     -0.606      0.731      1.900     -0.500     -0.657      0.258     -0.500 96572467
     0.518     -1.019      0.646      1.185      0.033     -1.267     -0.500     -3.702     -0.242     -0.500 96572469
     0.020      1.180     -1.176     -0.526      1.741      1.900      0.500     -0.869      0.258      0.500 96572560
    -0.295     -1.019      1.587      1.185     -0.659     -2.517      0.500      0.409      1.258     -0.500 96572567
     1.149     -0.686     -0.488      0.449      0.435     -0.767      0.500     -0.524     -0.242     -0.500 96572645
         *          *      0.373      0.407      1.247      2.316      0.500     -1.399     -1.742     -0.500 96572666
    -0.660      0.219      1.349      0.694      0.818      1.150     -0.500      0.409     -0.242     -0.500 96572802
    -0.270     -1.019      0.664      0.407     -2.624      1.816     -0.500      0.306     -0.742     -0.500 96572806
     0.640      1.614     -1.397     -0.956     -0.629     -0.267      0.500     -0.370      1.258      0.500 96572866
     1.149      0.906      0.434      0.939      0.486     -0.517      0.500      0.629     -1.242     -0.500 96572912
     0.908     -0.353      0.691      1.185      1.693     -0.350     -0.500     -2.315     -0.742      0.500 96572915
     0.207     -1.019      0.430      0.204      0.322      0.900      0.500     -0.994      0.258      0.500 96572960
     1.149     -0.717      1.349      1.185      0.079     -0.767     -0.500      0.230     -0.742     -0.500 96572963
    -0.055      1.461     -0.470     -1.311      1.476     -3.267     -0.500     -0.657     -0.742     -0.500 96573011
     0.254      1.840     -2.779      0.653     -0.018     -2.267     -0.500     -1.756     -0.742      0.500 96573014
    -0.017     -0.142     -1.186      0.407      0.883      0.066     -0.500      0.341     -0.742     -0.500 96573214
     0.642     -0.384      0.881      0.407      0.331      0.566      0.500      0.127      1.258     -0.500 96573257
    -1.662     -0.384     -0.038     -0.657      0.428      0.316      0.500      0.012     -0.742     -0.500 96573398
    -0.139     -1.019     -0.258     -0.555     -0.062     -3.017      0.500      0.324      1.258     -0.500 96573515
    -0.523      0.885     -0.965      0.244     -2.216      2.983     -0.500      0.376     -0.242     -0.500 96573612
    -2.273      0.293     -2.104     -0.711     -0.411      1.650     -0.500      0.341      1.258     -0.500 96573699
    -0.289      0.546     -0.726      0.407     -0.993      0.233     -0.500      0.547      1.258      0.500 96573838
     0.054     -0.142     -0.474      0.407      1.279     -1.100     -0.500      0.409      1.258     -0.500 96573913
    -0.926     -0.353      1.101     -0.922     -0.674     -1.267      0.500     -1.505     -0.742      0.500 96573940
     0.777     -1.019      0.656      0.468     -0.763      2.233      0.500      0.359     -0.242     -0.500 96573948
    -0.064     -1.019      1.137      0.407     -0.030     -2.684      0.500     -0.118      0.758     -0.500 96573950
    -0.181      0.788     -1.645     -0.534      0.812     -0.850     -0.500      0.012     -1.742     -0.500 96574196
    -2.289     -0.717      1.110     -0.310      0.086     -0.100      0.500     -0.929     -0.742      0.500 96574228
     0.202      0.271     -0.717     -2.588     -1.554      1.566      0.500      0.012     -0.242     -0.500 96574390
     0.123      0.816      0.213      0.653      0.149      0.650     -0.500     -0.994     -0.742     -0.500 96574419
     0.217     -0.717     -0.236      0.407      1.225      0.066      0.500      0.575      0.258     -0.500 96574482
     0.332     -0.030     -0.726     -1.160     -1.594     -0.350      0.500      0.629      1.758     -0.500 96574525
     1.112      3.674      0.192     -0.412      0.608      1.483      0.500     -1.304     -0.742      0.500 96574590
    -2.303      0.959      0.192     -1.180      2.195      3.316      0.500      0.717     -0.742     -0.500 96574791
    -0.834      2.390     -2.094     -0.842     -0.068      0.066     -0.500     -0.566     -1.742     -0.500 96574986
     0.042      1.239     -0.474      0.653     -0.164      1.733      0.500      0.913      0.258     -0.500 96575016
    -0.638     -0.665     -1.180      0.407      0.923      0.900      0.500      0.012      0.758     -0.500 96575017
     0.814      1.947     -1.622      0.898     -1.323      1.066     -0.500      0.629      1.758     -0.500 96575056
     0.476      0.990     -0.726     -0.387      0.469     -0.267      0.500      0.012     -0.742     -0.500 96575058
    -2.154     -0.902     -0.493     -0.239      1.246      0.066     -0.500      0.127      0.758     -0.500 96575131
    -0.718      0.219     -0.461      0.939      1.142      0.150     -0.500     -0.611     -0.742      0.500 96575152
    -0.051     -1.019      0.664      1.185     -1.190     -1.017      0.500      1.094      2.258      0.500 96575155
    -1.472      1.260     -2.113     -1.598      2.063      0.066      0.500     -0.268      0.258      0.500 96575159
     0.791     -1.019      1.336     -3.592     -0.395     -0.767      0.500      0.127      1.258     -0.500 96575175
     0.916     -1.019      1.574      0.939      0.558      1.650     -0.500     -0.013     -0.242     -0.500 96575187
     1.030     -0.717      1.349      1.185     -0.760      1.483     -0.500      0.127      0.258     -0.500 96575189
    -0.005      0.948      1.574     -0.597      0.431      0.150      0.500      0.488      0.758     -0.500 96575199
     0.483      2.169     -1.189      0.324      1.058      3.483     -0.500      0.230      0.258     -0.500 96575245
     0.802     -0.384     -0.271      0.285      0.671      1.316     -0.500     -3.702     -0.242     -0.500 96575261
     0.389      0.552      1.362      0.653      0.668     -0.184      0.500     -0.268     -0.742      0.500 96575280
     0.409     -0.717      0.660     -0.310     -0.804      0.483      0.500      0.753     -0.742     -0.500 96575293
    -3.018     -0.416     -0.496     -0.125     -1.218      0.733      0.500      0.488      0.258     -0.500 96575296
    -0.535      0.594     -0.024      0.939      0.199     -0.267      0.500      1.348      0.258     -0.500 96575299
    -0.038      0.493     -0.267     -0.125      0.158     -1.600      0.500      0.589      0.758     -0.500 96575306
    -0.051      1.614      0.872      0.694      1.656      1.400     -0.500      0.082     -0.742      0.500 96575351
     0.222     -0.114      0.668      0.898      0.428      1.483     -0.500      0.230      1.258     -0.500 96575355
     0.862     -0.717      1.133      0.407     -0.060      0.150     -0.500      0.809      0.758     -0.500 96575374
     0.744      0.244     -0.245      0.694      0.419     -1.850      0.500      0.693     -0.742     -0.500 96575903
    -0.459      0.594      0.453      1.185     -0.752      2.400      0.500      0.913     -0.242     -0.500 96575918
     1.000      0.788     -0.957     -1.229      1.948     -2.017     -0.500      0.012     -1.242     -0.500 96575943
     0.058      1.718     -2.087     -0.265      0.175      1.566     -0.500     -1.304      0.258      0.500 96575948
    -0.156      1.128      0.434      0.898      1.218      0.150      0.500      0.629      0.258     -0.500 96575950
     0.105     -0.443     -1.805          *      0.449     -0.267     -0.500     -0.706     -1.742     -0.500 96575959
    -0.253      0.493      0.885      0.898      0.413      1.400     -0.500      0.059     -2.242     -0.500 96575988
     0.032      1.281     -0.033     -0.403      0.414      0.816      0.500      0.668      0.258     -0.500 96576200
     1.032     -0.114      1.812      1.185      1.256      1.316      0.500      0.753      1.258     -0.500 96576203
     0.480     -1.019      0.184      0.366     -0.845      0.233      0.500      1.008      2.258     -0.500 96576208
    -0.093      0.594      0.192      0.407      0.218      0.816     -0.500      0.729      1.758     -0.500 96576261
     0.767      1.947     -0.262      0.694     -0.888      1.233     -0.500      0.693      0.258     -0.500 96576284
     0.103      1.260     -0.038      0.252     -0.022     -1.184     -0.500      0.561      1.258     -0.500 96576285
     0.040      1.281          *     -0.956      1.773      1.816      0.500      0.409      1.258     -0.500 96576287
    -1.784      1.614          *      0.407     -1.668     -0.100      0.500     -0.013     -0.742      0.500 96576288
     1.030     -1.019      1.596     -0.730      0.067     -0.850      0.500      0.629      2.258     -0.500 96576456
     0.033     -1.019      0.890     -0.711      0.372      1.900      0.500     -0.994      0.258     -0.500 96576530
    -0.007     -0.114     -0.042      0.939     -1.091      2.733     -0.500      0.561      0.258     -0.500 96576531
     0.916     -0.353      0.192      0.407     -1.125     -0.767     -0.500      0.629      0.758     -0.500 96576632
    -0.721      0.376      0.417      0.939     -1.555      1.566      0.500      0.269      1.258     -0.500 96576905
     0.437     -0.030     -0.030     -1.288      0.156      0.483      0.500      0.561     -0.242     -0.500 96577012
     0.279     -0.443      0.660     -0.465      0.942     -2.184     -0.500      2.005      2.258     -0.500 96577121
    -1.601      0.573     -0.723     -1.005      1.089     -1.350      0.500      1.824      1.758     -0.500 96577122
     0.123     -0.384     -0.038      0.223     -2.406      2.316      0.500      0.082      1.258     -0.500 96577314
     0.556      1.239      0.646     -1.569      0.135      0.900     -0.500     -0.444      0.758     -0.500 96577414
     0.113     -1.019      0.863      0.939      1.387      0.316      0.500     -0.118     -1.742     -0.500 96577615
     0.814     -1.019     -0.235      0.653     -0.485      0.483     -0.500      0.561      1.258     -0.500 96577654
     1.149     -1.019      0.902      0.939     -1.184     -0.350      0.500      0.127     -0.742     -0.500 96577918
     0.133     -1.019      0.629      0.939      0.180     -1.767     -0.500      1.315      2.258     -0.500 96577920
     0.854     -1.019      0.395     -2.961     -1.070     -1.100     -0.500     -0.013     -0.742      0.500 96577928
    -3.257      1.593     -2.342     -0.779      0.682      1.650      0.500      0.324     -1.742      0.500 96577964
     0.333      0.213     -0.041     -1.610      1.303      0.483     -0.500      0.012     -1.242     -0.500 96578040
    -0.370     -0.416     -0.029      0.653      0.436      0.900     -0.500      0.589      0.258     -0.500 96578046
     0.911      0.937      0.182      0.939      0.466      0.566     -0.500      0.127     -0.242     -0.500 96578117
     0.521     -0.717     -0.942      0.538     -1.854      1.066     -0.500      1.008      1.258     -0.500 96578143
    -0.774     -1.019      0.192     -0.935     -0.915      2.233      0.500     -0.301      0.258      0.500 96578145
    -0.551     -0.030     -0.942     -3.879     -0.805     -0.600      0.500     -0.091      0.258     -0.500 96578146
    -2.717      1.867     -1.176      0.653      1.818     -0.350      0.500      0.012     -0.242     -0.500 96578148
     0.445     -1.019      0.668      0.653      0.873     -0.350      0.500     -3.702     -2.742      0.500 96578198
     0.096      2.169      0.192     -0.310      1.309      0.066     -0.500      0.230     -0.242     -0.500 96578245
    -2.546      0.324     -1.195     -2.516      0.227     -0.350      0.500     -1.505     -0.742      0.500 96578343
     0.322      0.626     -0.708      0.468      0.361      2.150      0.500      0.409      0.758     -0.500 96578347
     0.292     -0.051      0.443      1.185     -1.112      2.233      0.500      0.230      0.758     -0.500 96578440
    -0.051      1.291      1.371     -1.180      0.272      2.733      0.500     -0.268     -0.742      0.500 96578444
    -1.083     -0.717      1.587     -1.447      0.926     -0.267      0.500     -0.118     -0.742     -0.500 96578446
    -0.767      1.947     -1.397     -1.374     -1.053      1.900      0.500     -0.268     -1.742      0.500 96578449
     1.186      0.303     -1.842     -0.403      0.657      1.150     -0.500      0.753      1.258      0.500 96578547
    -0.252     -0.416     -1.199     -0.064      1.013      1.483      0.500      0.012      0.258     -0.500 96578569
     0.636     -0.717     -0.258      0.653      1.050      1.066     -0.500     -0.268      1.258      0.500 96578598
     0.113      1.888     -0.302     -2.384     -1.720      1.233     -0.500     -0.118     -0.242     -0.500 96578647
    -0.311      1.260      0.430     -0.239      0.292      2.816      0.500     -0.657     -0.742      0.500 96578649
    -0.816     -0.384     -0.722     -1.652     -0.543     -0.850      0.500     -0.657     -1.742     -0.500 96578669
     1.149     -0.717     -0.487      0.653     -0.572     -1.017      0.500      0.012      0.258     -0.500 96578693
     0.630      1.370      1.336      1.185      0.100      0.900     -0.500     -0.118      0.258     -0.500 96578694
     0.911     -1.019     -0.249     -0.465     -1.489     -0.017     -0.500      0.409     -0.742     -0.500 96578741
    -0.962      0.594      0.669     -0.677      0.015      0.066      0.500      0.488      1.258     -0.500 96578745
     0.135      1.646      1.119     -1.855     -0.076     -0.350     -0.500      0.561     -0.742     -0.500 96578841
    -0.770      0.868     -0.033     -0.534      0.578      1.483     -0.500      0.287     -0.242     -0.500 96578845
    -0.128     -0.030      0.443     -0.597      0.566      2.150     -0.500     -0.757      0.258     -0.500 96578846
    -0.731      1.947     -2.073     -0.125      0.655     -0.267      0.500     -0.566     -0.742      0.500 96578847
    -0.252     -1.019     -0.038      0.898     -1.579      0.816     -0.500     -0.268     -0.742     -0.500 96578942
    -0.295      1.614      0.650      0.407      0.189      0.733     -0.500      0.575      0.258     -0.500 96578945
     0.100      0.376     -1.193      0.694      1.194      2.233     -0.500      0.324     -1.242     -0.500 96578948
     0.884      1.646     -2.100      0.162     -0.419      1.900     -0.500      0.324     -0.742      0.500 96578997
    -0.698     -1.019      0.660      0.939     -0.731      0.733      0.500     -2.315     -1.742      0.500 96578999
    -0.762      1.260     -0.969     -0.403      0.185      2.566      0.500      0.913      0.258     -0.500 96579175
    -0.156      0.250      1.574     -0.310     -0.956      0.233      0.500      0.127     -0.742     -0.500 96579244
    -1.225      0.604      0.665     -1.243      0.074      2.400      0.500      0.324     -1.242     -0.500 96579266
    -0.032     -1.019      0.231      0.181     -1.609      0.566      0.500     -0.038     -0.242     -0.500 96579267
     0.773     -1.019     -0.236     -1.160     -0.275     -2.850      0.500      0.324     -0.742     -0.500 96579268
    -2.427     -0.061      0.661     -0.116      0.609     -0.600      0.500      0.753     -0.242     -0.500 96579270
     1.112      0.959      1.574      0.366      0.055      2.233      0.500      0.190     -0.742      0.500 96579277
    -3.190     -0.717     -1.861      0.898      0.507      1.150      0.500     -0.205     -1.242     -0.500 96579371
    -0.610     -1.019     -2.766     -1.447      0.078     -1.934      0.500      0.230      0.758     -0.500 96579965
    -1.579     -1.019     -0.753     -1.897     -1.277     -3.100     -0.500      0.230      0.758     -0.500 96579968
    -0.001     -0.384      0.668      0.653     -1.052      1.483      0.500      0.230      0.258      0.500 96579969
     0.518     -1.019      1.587     -0.669     -0.574      2.483     -0.500     -0.205     -0.742     -0.500 96579986
    -0.731     -0.686      0.695     -1.129      0.277      0.983      0.500     -0.370     -1.742      0.500 96579988
    -0.382     -0.384     -0.033      0.407      1.304     -0.100     -0.500     -0.118     -0.742     -0.500 96579997
     0.122     -0.384     -0.002      0.898     -0.492      0.150     -0.500      0.561      1.258     -0.500 96606224
    -0.305      1.593      0.214      0.531      0.567      2.150      0.500     -0.370     -0.742     -0.500 96606728
    -0.638     -0.686     -0.501     -0.526      0.155      2.566      0.500      1.008      2.258     -0.500 96608473
    -0.831      3.320     -0.449      1.185      0.971      1.316     -0.500     -1.622     -2.742      0.500 96614075
    -0.397      0.573      0.664     -0.473     -1.274      1.400      0.500      0.913      0.758     -0.500 96614370
    -0.161     -0.061      0.184      0.538      0.228      0.733      0.500      1.602      1.758     -0.500 96619062
    -0.018     -1.019     -1.640     -0.730     -0.295     -1.517      0.500     -0.370      1.258      0.500 96619364
    -0.529      0.604      0.669     -0.361      0.643     -0.100      0.500      1.602      1.258     -0.500 96619365
    -0.408     -0.416      0.872      0.898      0.338      1.483     -0.500      0.127      1.758     -0.500 96619666
     1.149     -0.443      1.133      0.468     -1.349     -2.850     -0.500     -3.702      1.258     -0.500 96619960
     0.944     -1.019      0.431      0.407     -1.697     -1.100      0.500      0.210     -0.242     -0.500 96624973
    -1.124      0.636     -1.190     -0.779     -0.303      0.483      0.500      0.230     -0.742     -0.500 96624979
    -0.051     -0.416      0.430     -0.893      0.548      1.900      0.500     -0.444      0.258      0.500 96676258
    -0.208     -1.019     -0.721     -0.893     -0.510      0.400      0.500      1.134      1.258     -0.500 96678070
     0.590     -0.083      1.335      0.898      0.448      1.233      0.500     -3.702      0.258     -0.500 96678278
    -2.070     -1.019      0.218      1.185      0.633      1.983      0.500      0.488      1.758     -0.500 96678377
     0.734     -1.019     -0.253     -2.388     -3.141     -3.017     -0.500     -0.146      0.258     -0.500 96710013
    -2.841      3.099      0.646      0.407      0.432     -1.517      0.500     -0.757      1.258      0.500 96710035
     0.787     -1.019     -0.696      0.939     -0.172     -2.684     -0.500      0.532      0.258     -0.500 96710078
     0.329     -1.019      0.192      0.120      1.923     -2.517      0.500     -0.657     -0.742     -0.500 96710094
     1.149     -1.019      1.344     -0.424      0.620     -2.184      0.500      0.798      2.258     -0.500 96710137
     1.030     -1.019      0.206      0.244      1.840     -2.100     -0.500     -0.268     -0.742     -0.500 96710192
     1.149     -1.019      0.214      0.006     -0.414     -2.934     -0.500     -0.370      0.758     -0.500 96710193
     1.112     -1.019      0.184      0.407     -1.302     -2.017     -0.500      0.376     -0.742      0.500 96710237
    -0.084     -1.019      0.218      1.185      0.765     -1.350      0.500      0.893      1.258     -0.500 96710333
    -0.935     -1.019     -0.479      0.939      1.012     -0.517     -0.500     -0.175     -1.242     -0.500 96710587
    -1.729     -1.019     -0.280      0.366      1.242     -1.350      0.500     -0.757      0.258      0.500 96710678
     0.787     -1.019     -0.488     -2.046     -0.825     -1.684     -0.500      0.230     -1.242     -0.500 96710839
     0.046      0.219      1.141     -0.657      1.064     -1.017      0.500      0.488     -0.742     -0.500 96710874
     1.112     -1.019      1.110     -0.703      0.304     -1.350      0.500     -0.268     -0.742      0.500 96710977
     0.916     -1.019     -0.245      0.653     -0.479     -2.434     -0.500      0.036     -0.742     -0.500 96710992
    -0.051      0.767     -0.271      0.653      0.303     -3.017     -0.500     -1.137     -0.742      0.500 96711264
     0.908     -1.019      0.871     -1.610     -0.066     -2.017      0.500      0.082      2.258      0.500 96711369
    -0.532      0.213     -0.493      0.244     -1.931     -3.184     -0.500      0.561      0.258     -0.500 96711972
     0.909      1.534     -0.487     -0.690     -0.605     -0.600     -0.500     -0.146      1.258      0.500 96712245
     0.679      1.260     -0.038     -0.019      0.419     -2.267     -0.500     -1.304     -1.742      0.500 96712311
     0.622     -1.019     -0.692     -1.078     -1.449     -3.267     -0.500      0.488      1.258     -0.500 96712904
    -1.677     -1.019      0.422      1.185      0.604     -1.100      0.500     -0.301     -0.742     -0.500 96712905
     0.031     -0.443      0.417      0.653      0.671     -2.267      0.500     -0.205     -0.242     -0.500 96712906
     0.916     -1.019      0.192      0.898      0.534     -2.434     -0.500     -0.334     -1.242     -0.500 96712949
     1.149     -1.019      1.352      0.468     -2.585     -1.767      0.500      0.809      2.258     -0.500 96713333
    -0.051     -0.686      0.408      0.468     -0.029     -1.684      0.500     -1.505     -0.742      0.500 96713999
     0.326     -1.019      0.655      0.079      2.794     -1.600     -0.500      0.210     -0.242     -0.500 96714020
     0.373     -0.443     -0.263      0.157     -0.879     -1.350     -0.500      0.409     -0.742     -0.500 96714047
    -0.311     -1.019     -0.267      0.538      0.002     -3.184      0.500     -0.929     -0.742      0.500 96714083
     0.123      0.948      0.400      0.653     -1.158     -3.100     -0.500      0.741      0.758     -0.500 96714320
    -1.164     -1.019      1.366      0.162     -0.028     -0.934     -0.500      0.913      2.258     -0.500 96714380
     0.670     -1.019     -0.714     -1.496      1.511     -2.934     -0.500     -2.092     -0.742      0.500 96714395
     0.615     -0.443      0.200      0.898      0.022     -2.767     -0.500      1.315     -0.742     -0.500 96714895
     1.186     -0.384     -2.091     -3.162     -1.867     -0.600     -0.500     -0.444      2.258      0.500 96714931
     0.908      0.282      1.812      0.538     -1.958     -0.684     -0.500     -1.399     -1.742      0.500 96715162
     1.035     -0.384      0.885      0.538     -0.884     -3.434      0.500     -0.994     -1.242     -0.500 96715254
     0.101     -1.019     -1.424     -0.265      1.055     -2.184     -0.500      1.719      1.258     -0.500 96715255
    -0.765      0.959      0.668      0.407      0.301     -1.184      0.500     -2.315     -1.742      0.500 96715258
     1.035     -1.019      0.885      0.204      0.635     -3.434      0.500      0.190     -0.742     -0.500 96715260
     0.066     -0.089     -0.046     -0.002     -0.562     -2.517      0.500     -0.118     -0.742     -0.500 96715266
    -0.469      0.223     -1.177     -0.247     -0.031     -1.100     -0.500     -0.483     -0.742      0.500 96715280
     1.149     -1.019      1.119      0.694     -1.690     -3.100     -0.500      0.629      1.258     -0.500 96715281
     0.123     -0.443      0.431      0.898     -0.907     -2.767     -0.500     -0.205     -0.742     -0.500 96715282
     0.658      0.219     -0.294     -0.964     -0.011     -1.767     -0.500     -0.706     -1.242     -0.500 96715286
     0.918     -1.019      0.885      0.538      0.022     -2.517     -0.500     -0.268     -0.742     -0.500 96715366
     0.673     -0.363          *     -0.370     -0.254     -1.600      0.500     -0.268     -0.742      0.500 96715930
     0.911     -1.019     -1.436      0.162     -1.463     -2.517     -0.500      0.012     -0.242     -0.500 96715931
     0.276      0.980      1.812      0.939     -0.278      0.983      0.500     -0.444     -1.242     -0.500 96715953
     0.873     -0.110      1.141      1.185     -1.448     -3.350     -0.500      0.893      1.258     -0.500 96715957
     1.030     -1.019      0.430      0.468      0.513     -3.017     -0.500     -0.118      0.258     -0.500 96715982
     1.149     -1.019     -0.474     -0.310      1.083     -1.517     -0.500      0.589      1.758     -0.500 96715983
     0.389     -0.717     -0.011      0.653     -0.042     -2.600     -0.500      0.561     -1.742     -0.500 96716015
     0.461     -0.416      0.201      0.898     -0.397     -3.350      0.500     -0.205     -0.242     -0.500 96716058
     1.035      0.847          *      0.252      1.213     -2.600      0.500      0.230      1.758     -0.500 96716188
     0.472     -1.019     -0.501      0.223      0.275     -1.934     -0.500      0.393      1.758     -0.500 96716251
    -0.401      0.980     -0.046      0.120     -0.878     -2.267     -0.500      0.809     -0.742     -0.500 96716466
     0.916          *     -0.676      0.407     -0.812     -1.600     -0.500      0.127      0.758     -0.500 96716523
     0.207     -1.019     -0.939     -1.783     -0.600     -3.184     -0.500     -0.334     -0.742      0.500 96716902
     1.010     -1.019      0.209      1.185     -0.848     -2.684      0.500     -0.118     -0.242     -0.500 96716905
     1.149     -1.019      0.655     -0.116      0.025     -2.184     -0.500      0.809      0.758     -0.500 96716907
     0.797      0.160      0.907      0.653     -1.479     -2.934     -0.500      1.094      1.758     -0.500 96716908
     0.881     -1.019     -0.471     -0.387      0.522     -2.934      0.500     -0.205      1.258     -0.500 96716914
    -0.287     -0.083     -0.284     -1.939      1.402     -2.934      0.500      0.012     -0.742     -0.500 96716918
     0.123     -1.019      1.119      0.694     -1.217     -2.934      0.500      1.550     -0.742     -0.500 96716979
     0.629     -1.019     -0.259      1.185      0.805     -0.517      0.500      0.012     -1.242     -0.500 96717165
     0.696      0.191      0.430      0.407     -0.240     -2.267      0.500     -0.205     -1.242     -0.500 96717168
     1.149     -0.384      0.875     -1.329     -0.883     -0.434     -0.500     -0.706     -0.742     -0.500 96717361
     1.047     -0.443     -0.051     -1.323     -0.195     -2.184      0.500      0.376     -0.242     -0.500 96717911
     1.030     -1.019      0.889      0.694      0.450     -2.267      0.500      1.410      0.758     -0.500 96717916
     1.112     -0.717     -0.716      0.451      1.442     -3.100      0.500     -0.205      1.258      0.500 96717919
    -0.759     -0.717      0.646     -1.686     -0.820     -2.517     -0.500      0.409      1.258      0.500 96717958
     0.297     -1.019     -0.691     -2.630     -0.563     -2.684     -0.500      0.148     -1.742      0.500 96718041
     0.319      1.291      0.197     -0.002      0.476     -2.267      0.500      0.532     -0.742     -0.500 96718144
     0.778      1.867     -0.020      0.939     -0.410     -1.100      0.500     -0.566     -0.742     -0.500 96718216
     0.610     -1.019      1.119      1.185      0.975     -1.517     -0.500      0.561      1.758     -0.500 96718315
     0.640     -0.686      0.633      0.531     -0.129     -1.684     -0.500     -0.657      0.758     -0.500 96718342
     0.646      0.191     -2.089     -0.247      0.220     -1.434      0.500     -1.622     -0.742      0.500 96718348
    -0.604      1.503     -0.241      0.022     -1.151     -1.434      0.500     -0.483     -0.242     -0.500 96718393
    -2.609     -1.019      0.908     -0.186      0.628     -0.767      0.500     -0.268     -0.742     -0.500 96718824
     1.047     -1.019      1.357     -0.239     -0.957     -2.434      0.500      0.230      0.758     -0.500 96718918
    -5.055      0.604     -0.474     -0.883      0.551     -0.017      0.500     -0.268     -1.742      0.500 96718963
     0.297     -1.019     -0.484      1.185      0.166      0.566     -0.500     -1.399     -1.742      0.500 96718968
     1.149     -1.019      1.336      0.653      1.289     -2.100     -0.500      0.012     -0.242     -0.500 96718978
     0.854      1.461     -0.249      0.407     -0.248     -1.600      0.500     -3.702     -1.742      0.500 96718996
    -0.676     -1.019      0.205     -0.083     -0.387     -2.767      0.500      0.230     -0.742     -0.500 97374975
     0.138     -1.019      1.111      0.694      0.300     -1.767     -0.500      0.962      2.258     -0.500 97374976
    -0.252     -0.686     -2.117      0.694      1.442     -0.184     -0.500     -3.009     -1.242     -0.500 97500177
     1.112      0.885     -1.154      0.653      0.418     -0.267      0.500     -1.756     -0.742      0.500 97500227
    -0.676      0.594      0.422     -0.403     -0.346      2.483      0.500      0.913      1.758     -0.500 97500535
     0.555     -1.019      1.582      0.939     -1.965     -1.100      0.500      0.230      1.258     -0.500 97500713
    -1.715     -1.019     -0.952     -0.674      1.405     -3.184      0.500     -0.657     -0.742     -0.500 97500929
     0.595     -1.019      0.196      0.653      0.272      0.150      0.500      0.230     -0.742      0.500 97500984
     0.558      0.282     -2.793     -1.610      1.241     -0.100     -0.500      1.094      1.258     -0.500 97501953
     0.004      1.967     -2.573      0.120      1.588     -0.600     -0.500      0.561      0.758     -0.500 97503835
    -1.442      1.260     -1.407      0.366     -0.163      2.066     -0.500      0.409      2.258     -0.500 97503839
    -1.992      1.281      0.655      0.120     -0.020      2.650     -0.500      0.359      0.758     -0.500 97504427
    -0.051      1.281     -1.622     -2.142     -0.095     -0.100     -0.500     -0.406      0.258      0.500 97504584
    -1.236      1.947     -0.736      0.407      0.168      2.816     -0.500     -0.268     -0.742      0.500 97504784
     0.670      1.947     -2.125      0.611      1.382      0.900     -0.500     -0.994     -0.742      0.500 97504883
    -0.156      1.260     -0.033      0.653      0.091     -0.350     -0.500     -0.064     -0.242     -0.500 97506084
    -0.500     -1.019     -0.506      0.638      1.234     -0.850     -0.500      0.148     -0.242     -0.500 97506101
    -1.680      1.291     -1.186      0.531     -1.117      0.483      0.500     -0.038     -0.742      0.500 97506575
     0.257      0.657     -0.033     -0.239     -0.060      0.983      0.500      0.561      0.758     -0.500 97506771
    -2.071     -0.686     -0.745     -0.956      0.861     -0.434      0.500      0.913      2.258      0.500 97506775
     0.605     -0.051      0.200     -0.956     -0.643     -0.850     -0.500      0.012     -0.242     -0.500 97506826
    -1.789      1.344          *     -3.305      0.942      1.816      0.500     -0.566     -1.742     -0.500 97507251
    -0.408      1.239     -2.795     -0.534      2.618     -0.100      0.500     -0.657     -0.242     -0.500 97507915
     0.992      0.583     -0.459     -0.657      2.015      2.733     -0.500      0.012     -0.242     -0.500 97508333
    -0.174      0.240      0.664     -0.239     -0.545      0.816      0.500      0.809      1.758     -0.500 97508460
     0.705     -0.717      1.349      0.538     -0.038      1.650      0.500      0.693      1.258     -0.500 97508461
    -1.041      0.657     -1.658     -1.443     -0.092     -1.684     -0.500      0.409      0.258     -0.500 97508532
     0.759     -1.019     -0.488      0.120     -1.152      2.316     -0.500      0.488      0.758     -0.500 97508924
    -0.168     -0.083     -0.249     -0.403     -0.297      0.983      0.500      0.809      2.258     -0.500 97508937
     0.123      0.636     -0.250      0.407     -0.584      0.983     -0.500      0.913      2.258     -0.500 97540310
     0.814      0.927      0.205      0.244      0.344     -1.267      0.500     -3.702     -0.742     -0.500 97544080
    -0.301      0.240      0.413     -1.078     -0.928      2.150     -0.500     -0.444     -1.742      0.500 97544088
    -0.767      0.552     -0.249      0.366     -0.121      0.900      0.500     -1.063     -0.742      0.500 97544283
     0.295     -0.416      0.898     -1.365      0.067      2.400      0.500      0.012     -0.242     -0.500 97544386
     0.619      1.947      0.214      0.939      0.438      1.566      0.500     -1.756     -1.742      0.500 97544989
     0.473     -0.686      0.196      0.898      0.530     -0.434     -0.500      0.409     -0.242     -0.500 97546774
     0.911     -1.019      1.349      0.939      0.327     -0.017      0.500      0.249      1.258     -0.500 97570231
    -0.051     -0.353     -2.767     -0.510      0.608     -0.100     -0.500     -0.483      0.258      0.500 97570272
     0.351      0.636     -0.907     -1.320      0.541      1.233     -0.500     -0.657     -1.742     -0.500 97570298
    -0.306      0.271     -0.934     -2.856     -1.155      0.483      0.500     -0.301     -2.242     -0.500 97570317
     1.030      1.260      0.691      1.185     -0.791      2.400      0.500     -0.406     -1.242     -0.500 97570392
    -0.009      1.888     -1.180      0.366      2.004      1.483      0.500     -0.268     -1.742     -0.500 97570397
     1.149     -0.717      0.434      0.407     -0.437      0.483     -0.500     -0.268     -0.742     -0.500 97570476
     0.071     -1.019     -0.033     -0.956     -0.833      2.650      0.500     -0.268      0.258     -0.500 97570490
     0.465      1.593      0.430      0.898     -1.362      0.066      0.500     -0.091     -1.242     -0.500 97570496
     0.339     -1.019     -0.025     -1.120     -1.424     -1.600      0.500     -2.092     -0.742     -0.500 97570523
     1.186      1.291      0.881     -0.833     -0.036     -1.100     -0.500      0.230     -0.742      0.500 97570629
     0.180     -0.353          *      0.898     -0.529     -0.100      0.500     -1.505     -0.742      0.500 97570726
     0.024     -0.114     -1.402     -1.610      0.013      2.650      0.500     -0.038     -0.742     -0.500 97570875
    -0.051      0.937      0.430      1.185      0.744     -0.767      0.500     -2.092      0.258      0.500 97570892
     0.406      0.219      0.664      0.694     -0.053      2.733      0.500      1.315      2.258     -0.500 97570912
     0.555     -0.717      0.430     -0.893     -1.519     -0.267     -0.500      0.409      0.258     -0.500 97570979
    -0.027      0.434      0.426      0.653      0.707     -0.100     -0.500      0.473     -0.742     -0.500 97570992
    -0.141     -0.717     -1.401      0.120     -0.071     -0.684     -0.500      0.230      0.258     -0.500 97571068
     0.308     -0.443     -0.713     -0.771      0.092     -2.100     -0.500      0.616      0.758     -0.500 97571116
     0.445      0.191      0.192      0.898      0.200     -2.684      0.500     -0.268     -0.742      0.500 97571206
    -0.051     -0.030     -0.024     -1.897      0.461      1.650      0.500     -0.038      0.258      0.500 97571207
    -0.337      0.567     -0.510     -0.779      0.205     -1.850     -0.500     -0.118     -1.242     -0.500 97571216
     0.537     -0.083     -0.262     -0.779     -0.903      1.983      0.500     -0.444     -2.742     -0.500 97571314
     0.118     -1.019     -0.980     -0.443      0.539     -2.600      0.500     -1.756     -1.742      0.500 97571418
     1.030      0.282      0.416     -0.690      0.541     -0.684      0.500      0.012     -0.742     -0.500 97571465
     1.112      0.636     -0.496     -1.078     -1.654      1.900      0.500      1.134     -1.742      0.500 97571562
     0.526      0.293      0.677      0.244      2.179      0.733     -0.500      0.269     -0.742     -0.500 97571563
    -0.571     -1.019     -1.635      0.898      0.121      0.733      0.500      0.127     -0.742     -0.500 97571600
     0.179      0.765     -0.753      0.120     -1.731      0.900      0.500     -0.268     -0.742     -0.500 97571762
     0.118     -0.114     -0.699     -0.443      1.207     -0.267      0.500      0.082      0.258     -0.500 97571764
     0.354     -1.019      1.133      0.162     -0.724      0.400     -0.500     -0.175     -0.742     -0.500 97571812
    -0.756      0.583      0.151      1.185     -0.516      1.150     -0.500      0.012      0.258     -0.500 97571818
    -0.299      0.626     -0.033     -0.465     -0.637      2.066     -0.500     -0.611     -0.742      0.500 97571868
    -1.165      1.947     -2.347     -0.674      0.425      0.066      0.500     -0.566     -1.742      0.500 97571960
    -0.978      1.239     -0.271     -1.897      0.183      1.233     -0.500     -0.811     -1.742      0.500 97572000
    -1.003      2.523     -1.200     -0.023      0.749      2.566      0.500     -0.611     -1.242     -0.500 97572045
     1.010      1.593     -0.960      0.366     -0.044     -0.850     -0.500     -0.038      0.258     -0.500 97572068
    -1.363     -0.030     -2.095     -2.160     -1.429      3.316     -0.500      0.012     -0.742     -0.500 97572075
     1.149      0.271      0.863     -0.779      1.560     -1.017      0.500     -1.304     -0.242     -0.500 97572078
    -1.293      0.524      0.651     -0.998      0.470      0.650      0.500     -0.657     -1.742     -0.500 97572102
     1.030     -1.019      1.349      1.185     -0.155     -0.517      0.500      0.809      0.258     -0.500 97572118
     0.215     -1.019     -0.731      0.898     -0.733     -3.184      0.500     -0.811     -1.742     -0.500 97572163
     0.123      1.613      1.106      1.185      0.995     -0.767     -0.500      0.409      1.258     -0.500 97572201
     0.911     -1.019      1.111     -0.178      0.440     -1.017      0.500      0.127      0.758     -0.500 97572203
    -1.112      2.221     -1.168     -1.311     -0.128     -0.184      0.500     -1.505     -1.742     -0.500 97572216
    -0.289      0.604      0.205      0.653     -0.347      0.983      0.500     -0.091      0.258      0.500 97572220
     0.933      0.462      0.430      0.898     -0.609     -0.184     -0.500     -3.702     -0.242     -0.500 97572266
     0.222     -0.030     -0.497      0.120     -0.188     -0.600      0.500      0.230      0.258     -0.500 97572271
    -0.655     -0.443     -1.203     -0.842      1.187     -0.017     -0.500     -0.118     -0.742     -0.500 97572278
     0.779      1.239      0.669      1.185     -1.828      0.150      0.500      0.127     -1.242     -0.500 97572313
    -0.118      0.937      0.408      1.185      0.799      0.650      0.500     -0.268     -1.242     -0.500 97572316
     0.183      0.573      0.218      1.185      0.195      1.400      0.500      0.012      0.258      0.500 97572362
     0.292     -0.717      0.223      0.162     -1.062      0.650      0.500      0.753      0.258     -0.500 97572367
     0.797      0.552     -0.042      0.694     -1.355     -0.100     -0.500      0.127     -1.242     -0.500 97572389
     1.149     -1.019     -0.262      0.538     -0.480     -0.184      0.500      0.012      0.258     -0.500 97572464
     1.149     -0.717     -0.492      0.223     -2.273      0.900     -0.500     -0.483     -0.242     -0.500 97572467
     1.149     -1.019     -0.033      0.694      0.179     -1.350     -0.500     -0.657     -0.742     -0.500 97572660
    -1.839      0.885     -1.584     -1.451      1.025     -0.434     -0.500     -0.757     -1.242     -0.500 97572867
    -0.588      0.604      1.119     -0.403      1.674     -0.850      0.500      0.488      0.258     -0.500 97572910
     0.918     -0.416      1.349      1.185      1.251     -1.267      0.500      0.230     -0.742     -0.500 97572914
    -0.303     -0.020          *     -0.064      0.010      1.900     -0.500     -0.236     -0.742     -0.500 97572917
     1.149     -1.019      1.101      0.162     -0.236     -2.850      0.500      0.913      0.758     -0.500 97572964
     0.371     -1.019     -1.661     -1.610      2.650     -1.350     -0.500     -3.702     -0.242     -0.500 97572968
     0.314     -1.019      0.668      1.185      2.074     -0.100     -0.500     -1.063     -0.742     -0.500 97572984
     1.112     -0.051      0.420     -0.638      1.611     -0.684      0.500     -0.657     -2.742      0.500 97572987
    -0.183     -1.019     -0.024     -1.496      1.799      0.150     -0.500     -0.657     -0.742     -0.500 97572997
     0.492      0.160      1.119      0.898      0.907     -0.017     -0.500      0.012     -0.242     -0.500 97573119
     0.646      1.815     -0.466      0.120      0.847      1.900     -0.500     -1.756     -1.742      0.500 97573293
     0.797     -1.019      0.647      1.185      0.839     -1.434      0.500      0.230     -0.242     -0.500 97573417
     0.630      0.271     -0.024     -1.180      0.598      1.733      0.500     -0.524     -1.742     -0.500 97573418
    -0.885      1.211     -1.185     -0.035     -1.382      2.066     -0.500     -0.444     -0.242     -0.500 97573492
     0.751     -1.019      1.336     -0.247      0.006     -0.934      0.500      0.082     -0.742     -0.500 97573496
    -0.722      0.240     -0.241     -1.610     -0.328      1.566      0.500      0.642      0.258     -0.500 97573532
     0.789     -1.019      0.430     -0.205      2.228     -2.184      0.500      0.012     -0.742     -0.500 97573618
     0.807     -1.019      0.192     -0.893     -2.059      0.566     -0.500      0.012     -0.742     -0.500 97573696
     0.212     -0.353      1.336     -3.162     -0.329     -0.267      0.500     -1.063     -0.742     -0.500 97573816
    -0.539     -1.019     -0.024     -0.719     -0.887     -1.017      0.500      0.059      0.258     -0.500 97573917
    -0.563     -0.363     -0.713     -0.247      0.867      1.650     -0.500     -1.217     -0.742      0.500 97573941
    -0.453      0.573      0.408      0.898     -0.945      1.983     -0.500     -0.268     -0.742      0.500 97573942
    -1.178     -1.019      0.430     -1.024     -1.163     -1.267      0.500      0.012     -0.742     -0.500 97573948
    -0.622     -1.019      1.574     -0.239      0.823     -0.350     -0.500      0.488      1.758     -0.500 97573950
    -0.053     -1.019      0.444      0.120     -2.354     -1.434     -0.500     -1.505     -1.742      0.500 97573952
     0.573     -1.019      1.101     -1.048     -0.520      2.400     -0.500     -0.483      1.258     -0.500 97573953
     0.809      0.878      1.349     -1.342      1.271     -2.850      0.500      0.059      0.758     -0.500 97573958
    -2.250      1.461     -2.348      0.939     -0.202      2.483      0.500     -0.483     -0.742     -0.500 97574124
    -0.275     -0.384     -0.033      0.006     -2.081      1.983      0.500     -0.118      0.258     -0.500 97574127
     1.149     -1.019      1.106      1.185     -1.938     -0.517      0.500      0.693     -0.242     -0.500 97574286
    -0.040     -0.020     -2.329     -1.180      1.263      0.733     -0.500      0.012      0.258     -0.500 97574326
    -1.229      0.583     -2.121      0.898      0.733     -0.767     -0.500     -0.205     -0.242     -0.500 97574419
    -0.017      0.906     -2.572     -1.451      1.988     -0.934     -0.500      0.409      1.258      0.500 97574680
    -2.358      0.293          *      0.244      1.217     -0.434      0.500     -0.994     -1.742      0.500 97574831
    -1.147      1.011     -3.239     -0.492      1.433      0.900     -0.500      0.561      0.758     -0.500 97574839
    -0.051     -0.353      0.668      0.293      0.440     -0.434      0.500     -1.137     -0.742      0.500 97574892
    -1.552      1.513     -2.316     -2.270      2.447     -0.684      0.500      0.127     -0.742     -0.500 97575003
    -0.780      0.626      0.192     -0.064     -1.214      1.733     -0.500     -0.657      1.258      0.500 97575119
     0.437      0.240     -0.951     -0.771      0.138      0.733     -0.500      0.629      1.758     -0.500 97575135
    -0.031     -1.019      1.357     -0.465      0.664      0.400     -0.500      1.008      2.258      0.500 97575139
     0.504     -1.019     -1.663      1.185      0.223      0.816      0.500      0.589     -1.242     -0.500 97575154
    -0.397      0.271      0.205      0.898     -1.029      0.066      0.500      0.776     -0.742     -0.500 97575166
     1.000     -1.019          *      0.939     -0.136      2.233      0.500      0.287      1.758     -0.500 97575167
     0.123     -1.019      0.916      1.185     -0.247      1.733     -0.500      0.616      1.758     -0.500 97575180
    -0.340      1.836     -0.704      0.898     -0.354     -0.434      0.500     -0.657      0.758     -0.500 97575188
     0.642     -0.384      0.430      1.185     -1.672     -1.017      0.500      0.409      0.258     -0.500 97575199
     0.087     -0.717      1.133     -0.002     -0.898      1.650     -0.500      0.693      1.258     -0.500 97575219
     1.149     -0.717      0.430      0.653     -1.867      1.650     -0.500      0.230     -0.742     -0.500 97575239
     1.030     -0.443      1.111      0.653      1.249     -0.517      0.500      0.127     -0.742     -0.500 97575240
     0.243     -1.019      0.413      0.898     -0.240     -3.017      0.500      0.809      0.258     -0.500 97575241
     0.654     -1.019      0.656     -0.711      0.103     -0.434     -0.500      0.589      0.758     -0.500 97575242
    -0.778     -0.114      0.436      0.449     -0.769      1.816     -0.500      0.230      1.258     -0.500 97575254
    -0.026      0.271      0.651     -1.610     -0.489      2.066     -0.500      0.127     -0.242     -0.500 97575260
    -0.761      0.948      0.668      0.694     -0.319      2.233      0.500      0.561     -0.242     -0.500 97575262
     0.260     -0.384     -0.033      1.185     -0.365     -2.184      0.500      0.324     -0.742     -0.500 97575303
     0.649     -0.030      0.902      0.898      0.715     -0.267     -0.500     -0.370      2.258      0.500 97575331
     0.892     -0.717      0.002     -1.005      0.765      0.650     -0.500     -0.064     -0.742     -0.500 97575356
    -0.168     -1.019     -0.487      0.653      0.327     -0.017      0.500      1.094     -0.242     -0.500 97575366
    -1.642     -0.384     -0.037      1.185      0.314      0.233      0.500     -0.566     -0.242     -0.500 97575388
     0.815      0.906      1.587      0.162      0.342      0.650     -0.500      0.012      0.258     -0.500 97575430
    -0.164      0.594      1.101     -0.167      0.570      0.316     -0.500      1.315      2.258     -0.500 97575576
     1.149     -0.717      0.691      0.611      0.963     -0.600      0.500      0.190     -0.742     -0.500 97575945
     0.122      0.948      0.656      1.185     -0.254      2.066      0.500      0.809      1.258     -0.500 97575996
    -0.529     -0.363      0.197     -0.648     -1.303     -0.350      0.500      0.589      1.258     -0.500 97575997
     1.112      0.250      0.425      0.181     -0.178     -1.100     -0.500      0.409     -0.742      0.500 97576033
     0.371      0.022      1.349      1.185     -1.552      0.233     -0.500      0.629      1.258     -0.500 97576111
     0.521     -0.443      1.106     -1.754     -0.337      1.150     -0.500      0.842      0.258     -0.500 97576200
    -0.164     -0.717     -0.033     -0.648     -1.228     -0.684      0.500      0.629      0.758     -0.500 97576261
    -0.115     -1.019     -0.276      1.185     -0.847     -0.684     -0.500      0.127      0.258     -0.500 97576309
    -0.575     -0.114      1.111      0.653     -0.065      1.316     -0.500      0.127     -0.242     -0.500 97576367
     0.016     -0.110     -0.237      0.244      0.190      0.650      0.500      0.105      0.258     -0.500 97576414
    -0.549      1.555     -0.276      0.653      0.488     -0.184     -0.500      0.127     -0.742      0.500 97576418
    -2.180      2.523     -1.628      0.267     -0.036      0.316     -0.500     -0.013      0.758     -0.500 97576593
     1.149     -0.114      0.894     -0.116     -0.429      2.150      0.500      1.315      2.258     -0.500 97576866
    -1.081      1.281     -1.407     -0.247      1.094      0.316     -0.500     -0.064      0.758     -0.500 97576912
    -0.007     -0.384     -0.024      1.185     -0.399      1.483      0.500      0.852      1.258     -0.500 97577018
     0.009      0.583      0.205      0.694      0.045      0.900      0.500      0.776      0.258     -0.500 97577064
     0.339     -1.019     -0.731     -1.467      1.007      1.483     -0.500      2.005      1.258     -0.500 97577123
     0.886     -0.363      1.111     -0.526     -0.206     -1.600      0.500      2.159      2.258     -0.500 97577227
     1.149     -1.019      1.587      1.185     -0.383     -2.934      0.500      1.497      2.258     -0.500 97577327
     0.153     -1.019      0.430     -0.289      0.240     -0.100     -0.500     -1.304     -1.742      0.500 97577865
    -0.025     -1.019     -0.025     -1.365      1.633      1.316     -0.500      0.012      2.258      0.500 97578035
     0.123     -1.019      0.668      0.120     -0.994      1.816      0.500     -0.444     -0.742     -0.500 97578045
    -0.067     -0.665      0.166      0.939      0.767     -0.100     -0.500      0.059     -0.742     -0.500 97578048
     0.852      0.604     -1.379      0.449      0.056      2.566      0.500     -0.268      1.258      0.500 97578145
    -1.189      1.260     -0.262      0.407     -0.435     -0.017      0.500     -0.657     -1.742      0.500 97578148
     1.000      1.614     -0.024      0.898      0.236     -0.017      0.500     -0.091      1.258     -0.500 97578149
    -3.058     -0.030      0.453     -0.023     -0.425     -0.100     -0.500     -1.304      0.258      0.500 97578245
    -0.779     -1.019     -0.487      0.407     -0.553      1.650     -0.500      0.059     -0.242     -0.500 97578247
     0.480      0.604     -0.700      1.185     -0.831     -0.100      0.500     -3.702     -2.242     -0.500 97578290
     1.032     -0.353     -1.177      1.185      1.150      0.483      0.500     -1.622     -1.742     -0.500 97578298
    -0.728     -0.114     -0.271      1.185     -1.444     -0.184     -0.500     -0.566     -0.742      0.500 97578340
     0.441     -0.384      1.349     -0.771     -0.910      1.650     -0.500      0.693      0.758     -0.500 97578347
     1.186      0.303     -0.033     -1.156     -1.581      2.483      0.500      0.409     -0.742      0.500 97578443
     0.001     -0.384     -0.943      0.407     -1.227      2.066      0.500     -0.706     -0.742     -0.500 97578444
     0.398      2.221      0.664      0.898     -0.204      0.400     -0.500      0.190     -0.742     -0.500 97578446
     0.169     -1.019      0.651     -0.178      0.620      0.400      0.500      0.127     -0.742     -0.500 97578449
    -1.508     -1.019     -1.381     -3.634      0.355      2.566      0.500     -0.811     -2.742     -0.500 97578496
    -0.287      1.947     -0.947     -0.606      0.814      0.983     -0.500      0.602     -0.742      0.500 97578541
     0.184     -1.019     -1.185     -0.281     -0.145      1.983     -0.500      0.409      0.258     -0.500 97578544
     1.030     -0.020      0.903      0.898     -0.201      1.983      0.500      0.913      0.258     -0.500 97578547
    -0.121     -1.019     -0.709     -0.465     -0.410      0.650      0.500      0.668      1.258     -0.500 97578643
     0.154     -0.416      0.660      0.939     -0.408     -0.934      0.500      0.409      0.258     -0.500 97578648
    -0.609      2.110     -0.024     -0.370      0.012      1.650     -0.500      0.629     -0.742     -0.500 97578649
     0.815     -1.019      0.456      0.694      2.434      0.816      0.500      0.561      1.758     -0.500 97578690
     0.870     -1.019      0.430      0.407      0.651     -1.184     -0.500      0.376     -0.742     -0.500 97578741
     0.123     -0.686     -0.258     -0.552      1.589      0.066      0.500     -0.370     -1.742     -0.500 97578823
    -2.319     -0.686      0.664      0.120      0.065      0.650      0.500      0.488     -0.742     -0.500 97578840
    -0.275      0.191     -0.489     -1.087      0.823      1.733     -0.500      0.409     -0.742     -0.500 97578846
     1.035     -0.363      0.460      0.204      1.315     -0.434      0.500     -0.657      0.758     -0.500 97578893
    -2.943      1.239     -0.735     -0.944      2.001     -0.017      0.500     -1.622     -0.742     -0.500 97578895
     0.581     -0.363     -0.727      0.407      0.116     -0.850      0.500      0.230      0.258     -0.500 97578912
     1.149     -0.353      1.812      0.694      0.000      1.483      0.500      0.532      0.758     -0.500 97578934
     0.584     -1.019     -0.258     -0.526      1.241     -0.350     -0.500      0.127      0.258     -0.500 97578936
     0.123     -0.665     -0.271      0.293     -0.781      1.983     -0.500     -0.524     -1.242     -0.500 97579173
     0.646     -0.083     -0.406      0.120     -0.929      0.900      0.500      0.324     -0.742      0.500 97579263
     0.911     -0.686     -0.262     -0.711      0.347     -2.850     -0.500      0.764      0.758     -0.500 97579264
    -0.011      1.646     -0.704     -0.797      2.062      2.233      0.500      0.230     -1.742     -0.500 97579278
     1.149     -0.686      1.340      0.407     -0.756     -2.767      0.500     -0.268     -1.242     -0.500 97579290
    -2.874      1.291     -1.420      0.407      1.448     -0.184      0.500     -1.505     -1.742     -0.500 97579296
    -0.663      0.959      0.430      0.939     -0.588      2.650      0.500     -0.091     -2.742     -0.500 97579298
    -0.051      2.443      0.214      0.653     -1.306      2.483     -0.500     -2.092     -1.742      0.500 97579299
     1.149     -0.384      1.574      0.223      1.760     -0.600      0.500     -0.118     -0.742     -0.500 97579943
     0.874     -0.020      0.002      0.611      0.282     -2.267     -0.500     -1.063     -0.742      0.500 97579944
     0.276     -1.019     -0.059      0.653      0.723     -3.184     -0.500     -1.622     -0.742      0.500 97579949
     0.335     -1.019      0.881     -0.268      0.549     -0.517      0.500      0.764      1.258     -0.500 97579960
     1.149     -1.019      1.574      0.694      0.510     -1.184     -0.500      0.012     -0.242     -0.500 97579963
     0.771      0.282      0.669      1.185     -0.142      0.316     -0.500     -0.118      1.258     -0.500 97579965
     0.884     -0.717      0.863     -0.453      0.686      0.150      0.500     -1.505      0.258      0.500 97579974
    -0.944      1.170      0.404      0.531     -0.336     -0.184     -0.500     -3.702     -1.742     -0.500 97579977
     0.391     -0.665     -0.487      1.185      0.410     -1.684     -0.500      0.190     -0.242     -0.500 97579983
     0.092     -1.019      0.646      0.898      0.456     -2.017      0.500      0.127      1.258     -0.500 97579986
    -0.118     -0.384      1.133     -0.813      0.616     -0.600     -0.500      0.230      0.258     -0.500 97579988
     0.648     -0.051     -0.713     -1.451      1.989      0.566      0.500      0.230     -1.742      0.500 97579992
     1.149     -0.083      1.812      1.185     -0.679     -0.267     -0.500     -1.910     -1.242     -0.500 97579994
     1.149     -1.019     -1.436      0.694     -0.716     -0.517      0.500      0.913      1.758     -0.500 97606524
    -0.289     -0.384     -1.163     -2.388      0.582     -0.934      0.500      0.820      1.258      0.500 97608870
     0.916     -0.416      0.201      0.223     -0.388     -0.517     -0.500      0.230     -0.242     -0.500 97614470
    -3.060     -0.384     -2.108     -1.243     -1.432      0.733     -0.500      0.893     -0.242     -0.500 97614773
     0.679      1.037      0.655      1.185      0.757      1.733     -0.500     -1.304      0.258      0.500 97614874
    -1.674     -0.443      0.192      0.653     -0.082      0.650      0.500      0.913      0.258     -0.500 97619168
     0.594     -0.717      1.133      0.223     -0.996     -0.684      0.500      1.282      0.758     -0.500 97619262
    -0.549      0.219      0.408      1.185     -0.124     -1.017      0.500      0.012      1.258      0.500 97619466
    -0.314     -0.686     -1.666     -1.323     -0.254      0.233     -0.500     -0.038     -0.742     -0.500 97678371
    -0.289     -0.717      1.119      0.939     -2.064      2.483     -0.500      0.230      2.258      0.500 97678979
     1.112     -1.019      1.574     -0.424     -0.978     -1.350     -0.500     -0.657      0.258      0.500 97710030
     1.030     -0.686     -0.691      0.407      1.548     -3.184      0.500      0.561      1.258     -0.500 97710198
     0.379     -1.019      0.192     -0.083      1.941     -2.767     -0.500     -0.175      0.758     -0.500 97710332
    -0.026     -1.019     -1.194     -0.961     -0.849     -1.850      0.500      0.230     -0.742     -0.500 97710480
     0.123     -1.019      0.668      1.185      1.110     -0.684      0.500     -0.175     -0.742     -0.500 97710688
     0.705     -1.019      0.656      1.185      0.701     -1.767     -0.500      0.059     -0.742     -0.500 97711063
    -0.427      2.523      0.902     -1.248      1.189     -0.934      0.500     -0.444     -2.742     -0.500 97711065
     0.797      0.250      0.638      0.653      0.066      0.233     -0.500     -0.929     -0.742     -0.500 97712249
    -0.260     -1.019     -0.263      0.223      1.687     -2.767     -0.500      0.693     -0.242     -0.500 97712279
     0.696     -1.019      0.219     -0.956     -0.336     -1.517      0.500      0.589     -0.742     -0.500 97712294
     0.396     -1.019      0.669      0.366     -1.292     -2.517      0.500      0.012      0.258     -0.500 97712914
     0.862     -1.019      1.574      1.185     -0.863     -2.850      0.500      0.629      0.258     -0.500 97712996
     0.338      0.191     -0.020      1.185      0.767     -2.267     -0.500      0.230     -0.242     -0.500 97712999
     0.004     -1.019      0.205     -0.064      0.616     -2.350      0.500     -1.622     -1.242     -0.500 97713298
    -0.744     -0.384     -0.712     -2.630      0.922     -1.600      0.500     -0.444     -0.742      0.500 97714021
    -2.352      1.239     -1.372     -0.779      0.394     -2.850      0.500     -0.118     -0.742      0.500 97714292
     0.878     -0.020     -0.497     -0.247      1.812     -1.684     -0.500     -0.268     -0.742      0.500 97714296
    -0.342     -1.019      0.422     -1.243     -1.744     -2.267     -0.500      0.409      2.258     -0.500 97714393
     1.030     -1.019      1.119      0.538     -0.108     -2.017     -0.500      0.210     -0.742     -0.500 97714885
     1.112     -0.717      0.671      0.449      1.013     -1.600     -0.500     -0.444     -0.742      0.500 97714933
    -1.654      0.132     -0.267      0.653     -0.571     -2.017      0.500      0.230      0.258     -0.500 97715263
     1.035      0.223      1.371      0.204     -0.090     -2.850      0.500      0.962     -0.742     -0.500 97715355
     0.123      0.334      0.218      0.285     -1.130     -2.350      0.500      0.190     -0.742     -0.500 97715363
     0.345     -1.019      1.812      1.185      0.248     -3.934      0.500     -1.063     -0.742     -0.500 97715952
    -0.139     -0.686     -0.276      0.611     -0.915     -2.850     -0.500     -1.910     -1.742     -0.500 97715953
     1.149     -1.019      1.353      0.694      1.635     -3.184      0.500      0.012     -0.742     -0.500 97715983
    -0.051     -0.020     -0.480      0.223      1.770     -1.934     -0.500     -0.064      1.258      0.500 97715984
     1.035     -0.204      1.097      1.185      0.668     -2.600     -0.500      1.094     -0.742     -0.500 97715987
    -1.138     -0.089     -0.046      0.939      0.596     -1.934     -0.500     -0.268     -1.742     -0.500 97715989
     0.686     -0.717      0.223      0.898      0.635     -2.100     -0.500      0.324      0.258     -0.500 97716010
     0.814     -1.019      0.200      0.653     -1.688     -1.600      0.500      0.409      0.258     -0.500 97716066
    -0.175     -1.019      0.647      1.185     -0.276     -1.684     -0.500      0.616     -0.742     -0.500 97716162
     0.389      1.159     -0.484      0.939      0.604     -2.017      0.500      0.809      1.258     -0.500 97716186
    -0.105     -0.443      0.886      0.939      0.115     -1.350     -0.500      0.230      0.758     -0.500 97716227
     0.878     -1.019      0.214     -0.513      0.490     -1.517     -0.500      0.127      2.258     -0.500 97716316
     1.010     -1.019      0.908     -0.424      0.555     -2.767      0.500      0.287     -0.742     -0.500 97716318
    -1.154      0.487     -1.637     -0.953      0.302     -3.017      0.500     -0.205     -0.242     -0.500 97716620
     1.030     -1.019      1.111      1.185      0.293     -2.434      0.500      1.094      1.258     -0.500 97716908
     1.112     -1.019      1.574     -0.116      0.359     -1.684     -0.500      0.409     -1.742      0.500 97716910
     0.399     -1.019     -0.727     -0.669      1.199     -2.934     -0.500      0.059     -1.742     -0.500 97716917
     1.020     -1.019      0.438     -0.268     -0.807     -2.684      0.500      0.561      0.758     -0.500 97716919
     1.186      2.686     -0.007      0.694     -0.577     -1.434      0.500      0.012      1.258      0.500 97716972
     1.149     -1.019      1.812      1.185     -0.512     -3.100      0.500      1.602      1.758     -0.500 97716974
     0.870     -1.019      0.664      0.898     -0.519     -1.934     -0.500      0.488     -0.242     -0.500 97716978
     1.149     -1.019      1.336      0.449     -0.007     -1.767     -0.500     -0.118      1.258     -0.500 97717059
     0.021     -0.686      0.227      0.407      2.229     -1.934      0.500      0.012      1.258     -0.500 97717258
     0.874     -0.051      0.646     -1.652      0.055     -2.684      0.500      0.441      1.258      0.500 97717353
     0.892     -1.019      0.209      0.407      0.813     -1.267      0.500      0.249      0.758     -0.500 97717868
     1.030     -0.114      0.430      0.653      0.832     -2.684     -0.500      0.488     -0.242     -0.500 97717955
     0.363     -0.142      1.812      0.694      1.149     -2.684      0.500      0.230      1.258     -0.500 97717962
     0.123      0.191      0.668      0.939     -1.735     -1.517     -0.500     -0.929     -1.242     -0.500 97718010
     0.123     -1.019      0.430      0.407      0.065     -2.934      0.500      0.012     -0.742     -0.500 97718040
     0.250     -0.020      0.664     -0.043     -0.451     -1.767      0.500      0.230     -0.742     -0.500 97718145
     1.112     -1.019      0.195      0.468     -0.051     -3.100      0.500     -0.929     -0.742      0.500 97718192
     0.696     -0.051      0.886      1.185      0.082     -0.600      0.500      0.693      0.258     -0.500 97718215
    -1.044     -0.332      0.880     -0.690     -1.138     -1.267      0.500     -0.334     -0.742     -0.500 97718273
     0.794     -1.019      1.596     -0.998     -1.330     -3.267      0.500      0.324      1.258     -0.500 97718277
     1.149     -0.384     -0.024      0.939     -1.193     -2.850      0.500      0.324     -0.242     -0.500 97718375
     1.030     -1.019     -0.722      0.538     -0.917     -1.934      0.500      0.488      0.258     -0.500 97718827
    -0.665     -0.717     -0.263      0.407      0.811     -2.350      0.500      0.012      0.258      0.500 97718924
     0.101     -0.443      0.422      0.898     -0.526     -1.267     -0.500     -0.444     -0.742     -0.500 97718942
    -0.051      0.282      0.668      1.185      0.088     -1.434     -0.500     -1.622      0.258      0.500 97718993
     0.636      0.250      0.200      0.366      0.740     -1.850     -0.500     -1.137     -0.742      0.500 97718994
    -0.255      1.947      0.192     -0.247     -0.552     -1.934      0.500     -0.483     -0.742      0.500 97719278
     1.112      1.239      0.867     -0.893     -1.546      1.400     -0.500      0.359      1.258      0.500 98500013
     0.123      0.552     -1.875      0.204      0.024      3.566     -0.500     -0.611     -0.742     -0.500 98500189
     0.310     -1.019      0.422      0.939     -0.033      2.400     -0.500     -0.268     -0.742     -0.500 98500831
     0.249     -1.019      1.574      1.185     -0.032      2.566     -0.500      0.913      1.258     -0.500 98500910
     0.872      1.044      0.655      0.120     -0.494      1.983     -0.500      0.230      1.258      0.500 98500927
     0.429     -0.030      0.876     -0.956     -0.237      2.150     -0.500      0.488      1.758     -0.500 98503337
     0.916     -1.019     -1.385     -1.915      0.367     -0.517      0.500      0.589      0.758     -0.500 98503832
     0.257     -0.717     -1.182     -0.719      1.038      1.816      0.500      0.127     -0.242     -0.500 98504086
    -0.270     -1.019      0.452     -0.484     -0.964      3.066     -0.500      0.629     -0.742     -0.500 98504280
     1.030     -1.019      0.880      0.939      1.155     -2.850     -0.500      0.561      0.258     -0.500 98504600
     1.010      2.190     -0.025     -0.432     -0.473      0.233      0.500      0.230     -0.242     -0.500 98504629
     0.779      0.626     -0.263     -0.002      1.664     -0.267     -0.500      0.127      0.258     -0.500 98504882
     0.425     -0.717      0.442      1.185      1.013     -1.100      0.500      0.561      0.258     -0.500 98506073
     1.035     -1.019      1.574      0.939     -0.215     -1.267     -0.500      0.230      0.258     -0.500 98506076
     0.884      1.836      0.453     -2.675      0.494     -0.934      0.500     -0.994      0.258      0.500 98506086
    -0.462      0.250     -0.475     -0.534     -0.688      2.400     -0.500      0.230     -0.242     -0.500 98506180
     0.777     -0.686      0.183     -0.239      1.830     -0.517     -0.500     -0.091     -0.742     -0.500 98506254
    -0.051      2.523     -0.042     -0.370      0.528      1.400      0.500     -0.483      1.258      0.500 98506355
    -0.592      0.240     -0.241     -1.610      2.209      1.650      0.500     -3.702      1.258     -0.500 98506356
    -1.174     -1.019     -1.163     -0.526     -0.447     -0.684      0.500     -0.175      0.258     -0.500 98506929
     0.207     -0.114     -0.042     -0.771      1.043     -0.934     -0.500      1.211      1.258      0.500 98506936
     0.884     -0.051      0.443      0.293      0.203      0.483     -0.500     -0.013      0.258      0.500 98506952
     0.886     -1.019      1.349     -0.064     -0.177      1.816     -0.500      0.913      1.258     -0.500 98507316
     0.535     -1.019      0.664     -0.064      0.676     -0.350     -0.500      0.913      1.758     -0.500 98508023
    -1.206      0.271     -0.263     -0.534     -0.783      0.150     -0.500      0.863      2.258     -0.500 98508066
    -1.332      0.191      0.867     -0.197      1.999     -0.600      0.500      0.441      1.258     -0.500 98508239
    -1.484     -0.083     -0.506      0.162      0.853      2.483      0.500     -0.118     -0.742     -0.500 98508322
    -2.596     -1.019     -1.667     -0.043     -0.315     -1.100     -0.500      0.441      0.758     -0.500 98508935
     0.371     -0.114     -0.249      0.939      0.796     -0.767     -0.500      0.012      0.258     -0.500 98508975
    -0.397     -0.686     -0.505      0.244      0.385      1.066     -0.500      0.409     -0.742     -0.500 98544082
    -0.546     -0.416      0.192      0.252      0.076     -2.017      0.500      0.230      1.758     -0.500 98544206
     0.180      2.523     -1.865      0.244      1.325      0.233      0.500      0.306     -1.242     -0.500 98544985
     1.112     -0.353          *      0.939      0.727      2.150      0.500     -0.268     -0.742      0.500 98546578
    -0.051     -1.019      0.192     -1.342     -0.318      0.733     -0.500     -0.268      0.258      0.500 98570011
    -2.259     -0.686     -0.951     -2.675     -0.197      0.150      0.500     -0.118      0.258     -0.500 98570032
    -0.474     -0.686     -0.034      0.006     -0.349      0.566      0.500     -0.811     -0.742      0.500 98570080
     1.112      1.461      0.226     -2.184     -0.261     -0.517      0.500     -1.063      0.758      0.500 98570128
    -0.125     -0.717     -2.095     -0.956      0.688      2.733      0.500      0.082      0.758     -0.500 98570233
    -0.772      2.412     -0.037      0.162      1.430     -0.350     -0.500      0.616      1.758     -0.500 98570399
    -0.373      0.583     -1.856     -3.592      1.342      2.400      0.500     -0.657     -0.742     -0.500 98570420
     0.782     -1.019     -1.208      1.185      1.003     -3.017     -0.500     -0.268     -0.242     -0.500 98570526
     0.528     -0.717     -0.236      0.653     -0.445      0.816      0.500      0.409     -0.742     -0.500 98570894
    -0.204     -0.332     -1.401     -1.139      0.803     -0.434     -0.500     -1.063      1.258     -0.500 98570920
    -1.149      1.291     -1.437     -1.493      2.118     -3.100      0.500     -0.611     -0.742     -0.500 98570923
     0.677     -1.019      1.349      0.898      0.600     -2.767      0.500     -0.657      0.258     -0.500 98571012
    -1.083     -0.443     -1.645     -0.821     -0.672      1.733      0.500     -0.657      0.258     -0.500 98571100
    -0.711      0.857     -0.716      0.407     -0.541     -0.767     -0.500     -0.566     -1.242     -0.500 98571114
     0.646     -1.019      0.859      1.185     -1.809     -2.434      0.500      0.148      1.258      0.500 98571118
     0.123     -1.019      0.192      0.653     -0.395      0.233      0.500     -0.146     -0.242     -0.500 98571204
    -0.715      1.260      0.422      1.185     -0.795      0.900     -0.500      0.012     -0.742      0.500 98571263
     0.018     -1.019      0.192      0.653     -0.423     -1.517      0.500     -0.268      0.258     -0.500 98571316
     0.807      0.636      0.886     -0.023     -2.486     -0.517      0.500      0.059     -0.742     -0.500 98571466
     0.382     -0.717     -1.874     -1.897     -1.760      2.066      0.500      0.532     -0.742     -0.500 98571605
    -2.096     -0.443     -1.195      0.653      0.596     -0.434     -0.500     -0.444      0.258      0.500 98571810
     0.528      0.250     -0.258     -0.239     -2.168      1.650      0.500      0.059      1.258     -0.500 98571815
    -0.075      0.493      0.197     -0.690     -1.126      0.483     -0.500      0.306      1.258      0.500 98571907
    -0.001      0.948      0.192      0.006      0.212     -0.684     -0.500      0.012      0.258      0.500 98571968
    -0.213     -0.083      0.430      1.185     -0.253      0.150     -0.500      0.269      0.258     -0.500 98572008
     0.696     -0.416      1.574      0.653     -2.396      2.316     -0.500     -0.268      0.258     -0.500 98572100
    -0.156     -0.717      1.349      0.939      0.638      0.483     -0.500      0.012      0.758     -0.500 98572109
     1.112     -1.019     -1.220      1.185     -0.969      0.150      0.500     -0.929     -0.742      0.500 98572171
    -1.767     -0.416     -0.939      0.653      0.024      1.900      0.500      0.873      0.758     -0.500 98572192
     1.035     -0.717      0.894     -0.239     -0.404     -0.934     -0.500      0.409      1.258     -0.500 98572196
     0.625      0.250      1.101      1.185      1.038     -0.684      0.500      0.409     -0.242     -0.500 98572202
    -0.286      0.795      0.872      0.694      0.712      2.650     -0.500      0.148     -0.242     -0.500 98572262
     0.585     -0.686     -0.046      0.468     -0.178     -0.017     -0.500      0.230     -0.242     -0.500 98572266
     0.297     -0.384     -0.969      0.939     -1.011      2.566      0.500      0.230     -0.742      0.500 98572316
     1.149     -0.686     -0.934      0.898      0.569      0.233      0.500      0.409      0.258     -0.500 98572348
     0.399     -1.019      0.430      0.939     -1.949     -1.684      0.500     -0.118      1.758     -0.500 98572360
    -0.007     -0.114      0.192     -0.351      0.550      0.816     -0.500      0.409      0.258     -0.500 98572362
    -2.093      3.099     -0.713      0.120     -0.950     -0.767      0.500      0.059     -0.242     -0.500 98572367
    -1.535     -0.114     -0.033      0.653     -0.402      2.233      0.500     -0.013     -0.242     -0.500 98572368
    -1.101      0.250      0.421      0.898     -1.166      0.900      0.500     -0.236     -1.742     -0.500 98572377
    -0.507     -1.019     -0.218     -1.048      1.282     -0.184     -0.500     -1.217     -0.742      0.500 98572443
    -0.389     -1.019     -0.272      0.531     -2.341      2.400     -0.500     -0.301     -0.242     -0.500 98572448
     0.786     -1.019      0.180      0.006     -0.694      1.816     -0.500      0.269      0.258     -0.500 98572803
    -2.575      1.947     -0.235      0.162      1.442      0.983      0.500     -0.994      0.258     -0.500 98572909
     0.992     -0.030     -0.016      1.185     -0.449      0.150     -0.500      0.457     -1.242     -0.500 98572910
    -0.303     -0.384      0.646      0.407      0.794     -0.267      0.500      0.012     -0.242     -0.500 98572914
     1.035     -1.019      1.587     -1.201     -0.905      0.233      0.500      0.409      0.258     -0.500 98572948
     1.149     -1.019      1.587      0.939     -0.742     -0.934      0.500      0.693      0.758     -0.500 98572994
     0.233     -0.717      0.214      0.407     -1.248      0.233      0.500      0.269      0.258     -0.500 98573013
     1.035     -1.019      0.192      1.185      0.541     -1.184     -0.500     -0.118     -1.242     -0.500 98573411
     0.187     -0.384     -0.249     -0.247      0.284      0.816      0.500     -0.118     -0.742      0.500 98573499
     0.874     -0.717      0.642     -0.239     -0.727     -0.350     -0.500     -0.038      2.258      0.500 98573530
    -0.286     -1.019     -1.396     -1.897      0.114      1.650      0.500     -0.268      1.258     -0.500 98573819
    -0.215     -0.416      0.430      0.407      0.112      0.983     -0.500      0.210     -0.742     -0.500 98573892
    -2.817     -0.384     -1.887     -0.534      0.179     -0.850      0.500     -1.756     -0.742      0.500 98573894
     0.245     -0.114     -0.734      1.185      1.306      2.483     -0.500      0.230      0.258     -0.500 98573944
    -0.628      0.885      0.863      0.653      0.630      1.150     -0.500      0.409      1.758     -0.500 98573949
    -1.217      0.604     -2.125      0.366     -0.698      0.650      0.500      0.488      0.258     -0.500 98574026
    -0.547      1.239          *     -0.893     -1.334      0.983      0.500     -2.092     -1.742      0.500 98574218
    -1.190      0.355      0.908      0.407      0.991     -1.350      0.500      0.082      0.258     -0.500 98574399
    -1.163     -0.083     -0.271      0.366     -0.113      0.066      0.500     -1.137     -0.742      0.500 98574688
     1.149     -1.019      0.655      0.223      0.981      1.066     -0.500      0.230      1.258     -0.500 98574825
     1.112      1.260     -0.267      1.185      1.727      0.900      0.500     -0.994      0.258      0.500 98574880
    -1.283     -0.009      0.201     -0.893      0.793     -0.267      0.500      0.230      1.258     -0.500 98574941
     0.714     -0.665     -0.272      0.162     -0.834     -0.517      0.500     -0.091     -0.742     -0.500 98575157
    -1.967      1.614     -0.038     -1.451      1.875     -0.767      0.500     -0.757     -0.742      0.500 98575165
     0.123      0.250      0.430      0.244     -2.037     -0.184     -0.500      0.269     -0.742     -0.500 98575235
    -1.171     -1.019     -0.960      0.181      0.314     -0.017      0.500     -0.370     -2.242     -0.500 98575261
     0.929     -1.019      1.344     -0.738      0.339     -0.350      0.500      0.561      0.758     -0.500 98575331
     0.753      1.281      0.898      0.006      0.116     -0.600      0.500      1.173      1.258     -0.500 98575874
     0.177      0.573     -0.695      0.407      1.870      2.066      0.500      0.324      1.258      0.500 98575915
     1.149     -1.019      1.574     -0.064     -0.872     -0.350      0.500     -0.268      1.258     -0.500 98575941
     0.815     -1.019     -0.276     -0.552      0.706     -1.267      0.500      0.409      2.258     -0.500 98575943
     1.047      1.639     -1.608     -0.944      0.444     -1.100     -0.500      0.873     -0.242     -0.500 98575946
    -0.045     -0.332     -0.717     -1.425      0.879      1.983      0.500     -2.315     -0.742      0.500 98575955
    -1.503      0.282          *      1.185      0.460      0.900      0.500     -0.994     -2.742      0.500 98575960
     0.696      0.937     -0.735     -0.669      0.528      2.400     -0.500     -0.013     -0.742     -0.500 98576059
     0.687     -1.019      0.903     -0.116      0.469     -1.184      0.500      0.629      1.258     -0.500 98576118
     0.314     -0.443     -0.038     -1.652     -0.821      1.483     -0.500     -0.524      0.258      0.500 98576291
     0.435      0.927      0.204     -0.911     -0.696     -0.434      0.500      0.059      1.258      0.500 98576306
     1.112     -0.717      0.192      1.185     -0.661     -0.850      0.500     -0.268      0.258      0.500 98576361
    -0.508     -0.061     -1.416     -0.606     -1.886      2.650      0.500      0.693      1.258     -0.500 98576368
     1.035      0.324      0.214      0.407      0.478      1.566     -0.500      0.324      0.258     -0.500 98576369
    -0.051     -1.019     -0.487     -0.771     -1.292     -0.850     -0.500      0.127      0.258      0.500 98576402
     0.207     -0.030      0.859     -1.323      0.327      0.233      0.500      0.561      0.258      0.500 98576415
     0.679     -0.717      0.664      0.939     -0.578      1.733      0.500     -0.657      1.258      0.500 98576416
    -1.086      1.947          *     -0.083     -0.756      3.066     -0.500      0.230      0.258     -0.500 98576441
    -0.057      1.281     -0.991     -1.686     -2.817      0.733      0.500      0.962      0.258     -0.500 98576467
     0.339     -1.019      1.336      1.185     -2.128     -0.100      0.500      0.409      0.758     -0.500 98576472
     0.418     -0.030      0.434     -0.247     -0.353      1.650     -0.500      0.409      1.258      0.500 98576663
    -0.854      1.947      0.187      0.939      1.024      2.066     -0.500      0.324      0.758     -0.500 98576674
     0.595     -0.142      0.192      0.120     -2.223     -0.267     -0.500     -0.091     -0.742      0.500 98576688
     0.512      1.555      0.642     -0.002      0.885      0.983     -0.500      0.230      1.258     -0.500 98576757
    -0.612     -0.020     -1.879     -2.097     -0.853      0.233     -0.500     -0.929     -0.742     -0.500 98576796
    -0.706     -0.717      1.101      0.939     -0.805     -0.767      0.500      0.409      0.758     -0.500 98576817
     0.123      0.250     -1.433     -1.610      0.040      2.316     -0.500     -0.091     -0.242     -0.500 98576939
    -0.825     -0.114     -1.159      0.407     -0.169      1.900     -0.500      0.532      0.758     -0.500 98576969
     0.759     -0.384      1.335      1.185      1.225      0.566     -0.500      0.409     -0.742     -0.500 98576994
     0.744      0.462     -0.965      0.939     -0.756     -0.350     -0.500      0.127      0.758     -0.500 98577013
     0.280          *     -0.718      0.653     -0.481      2.150      0.500      0.629      0.258     -0.500 98577061
    -0.007      0.271     -0.268      0.939     -0.146      1.983      0.500      0.488      1.258     -0.500 98577119
     0.421      0.191      0.429      1.185     -0.055      1.650     -0.500     -0.657     -0.742     -0.500 98577161
     0.123     -0.717      1.119     -2.429     -0.189      1.733      0.500      0.230     -0.742     -0.500 98577162
     0.611      0.604     -0.956      0.939     -0.569      1.733      0.500      0.409      1.258     -0.500 98577217
     0.852     -0.114     -0.928      0.407     -0.556      2.150      0.500      0.082      1.258      0.500 98577220
    -0.635     -1.019     -0.722     -0.281      0.504     -0.517      0.500      1.008      1.758     -0.500 98577320
     0.884      0.604      1.101      0.293      1.236      0.733      0.500      0.324      2.258      0.500 98577324
     0.747      0.573      0.430      0.468      1.520     -0.767      0.500      1.315      1.258     -0.500 98577327
     0.696     -0.443     -0.012     -3.162     -0.121     -0.517      0.500      0.012      0.258     -0.500 98577417
    -0.051     -0.717      0.674     -0.826     -1.278      1.233     -0.500     -0.370     -0.742      0.500 98577657
     0.791     -0.030      0.188     -0.893      1.120     -0.767      0.500     -0.444      0.258     -0.500 98577712
    -0.943     -0.686     -1.879      0.407     -0.129      1.650     -0.500     -1.910     -0.742      0.500 98577915
     0.558     -0.061      0.184     -0.424      0.256     -1.184      0.500      0.230      1.258      0.500 98577921
    -0.115     -1.019      0.438      0.653      0.819     -0.184     -0.500      0.913      1.758     -0.500 98577954
     0.123      2.221      0.430      0.653     -0.450     -0.267     -0.500      0.127     -0.742     -0.500 98578048
    -0.051     -0.686      1.141      0.653     -0.384     -0.600      0.500      0.230     -0.742      0.500 98578092
     1.186      1.947      0.214      1.185      2.662      2.900     -0.500     -0.236      1.258      0.500 98578140
     1.149     -0.416     -0.502     -0.186      1.317     -0.517     -0.500     -0.118     -0.242     -0.500 98578143
     0.437      0.948     -0.268      0.653     -1.263     -0.600     -0.500      0.561     -0.742     -0.500 98578147
     0.123      1.593      0.668      1.185      0.284      3.316      0.500     -1.756     -2.742     -0.500 98578194
    -0.954      1.180     -0.042      0.120     -0.528      0.233     -0.500     -0.301     -1.242     -0.500 98578244
     1.112      1.291      0.642      0.040     -0.503      0.400     -0.500     -0.611      0.258      0.500 98578246
    -1.520     -1.019     -1.168     -0.935     -0.001     -0.434      0.500     -0.268     -0.742     -0.500 98578247
     1.149     -1.019      1.574      0.006     -0.726     -1.184     -0.500      0.012     -0.242     -0.500 98578267
     1.112     -0.051      0.902      0.653     -1.073      1.233      0.500     -1.622     -1.742      0.500 98578299
    -0.047      1.920     -0.962     -1.023      0.619      1.233      0.500      0.561     -0.742     -0.500 98578340
     1.035     -0.353      1.578     -0.370     -0.761      2.233     -0.500      0.012     -0.742     -0.500 98578397
     1.112     -0.686      0.455     -0.839     -0.665      1.316      0.500     -1.399     -0.742      0.500 98578428
     0.884     -0.353      0.638      0.898      0.963      0.566      0.500     -0.268     -1.742      0.500 98578432
     0.183     -0.061     -0.722      0.006      0.445      1.816     -0.500      0.753      0.258      0.500 98578477
    -2.173     -1.019     -0.232      0.898      0.421      2.150      0.500     -0.175     -0.742      0.500 98578492
     0.908     -0.384     -0.717      1.185     -1.041     -1.267      0.500     -0.757     -0.742      0.500 98578541
     1.112     -0.051     -0.497      0.449      1.227      1.983     -0.500     -3.702     -0.742      0.500 98578692
    -0.970     -0.686     -0.929     -0.719      0.046     -1.184      0.500      0.230      1.258      0.500 98578723
     0.453     -0.384      0.893      1.185      1.262     -1.100      0.500      0.831     -0.742     -0.500 98578740
    -3.715      0.948     -1.623     -1.958      0.731      0.900      0.500     -0.118      0.258      0.500 98578767
    -0.949      0.282     -1.861     -0.597     -0.492     -0.184      0.500      0.127     -0.742     -0.500 98578814
     0.123      2.190     -0.033      0.531      1.473      1.733     -0.500      0.863      1.758     -0.500 98578946
     0.496      1.947     -1.401      0.694      1.610     -0.267      0.500      0.012     -1.742     -0.500 98578968
     1.149     -1.019      0.682      0.939     -0.034      1.983      0.500      0.324     -0.742     -0.500 98579373
    -0.207     -0.363     -0.034      0.407      0.927     -1.267     -0.500     -0.064     -1.742     -0.500 98579940
    -0.267     -1.019     -0.701     -1.288      1.411     -3.017      0.500     -0.406     -0.742      0.500 98579942
    -0.125      0.636     -1.410     -0.883     -0.995      0.150      0.500     -0.175     -0.242     -0.500 98579962
    -0.991      1.836          *     -1.451      0.195      1.900      0.500     -1.622     -0.742      0.500 98579963
     0.107     -0.686      1.812      0.898     -0.335      0.983      0.500     -0.118      1.758     -0.500 98579972
    -2.666      1.011     -0.718     -0.711      0.776      0.066     -0.500      1.348      2.258      0.500 98606728
     0.358     -0.030      0.197      0.898     -1.494      2.566     -0.500      0.629     -0.742     -0.500 98614172
    -0.164     -1.019     -0.947     -2.142      0.869      1.150     -0.500      0.012     -0.742     -0.500 98614174
     1.030     -0.353      0.663      1.185     -0.775      0.816     -0.500      1.173      1.758     -0.500 98614270
    -0.045      0.885      0.178      0.898     -1.227      1.733     -0.500     -0.657      0.258      0.500 98614673
     1.035     -1.019      0.430      0.468     -1.340     -2.434      0.500      0.012      1.258     -0.500 98619466
    -0.500      0.927     -1.177     -1.488      0.441      1.400      0.500      0.441      1.758     -0.500 98678173
     1.186      2.523      0.217      0.653     -1.162      1.483      0.500     -0.301     -0.742      0.500 98678270
     0.112      0.493     -2.580      0.898      1.576      2.483      0.500      0.012     -0.742     -0.500 98678676
     0.933     -1.019      1.119      0.939     -2.244     -2.350     -0.500      0.913      1.758     -0.500 98710176
    -0.195      1.947      0.439     -0.289      0.959     -1.600      0.500      0.324     -0.742     -0.500 98710195
     0.594      0.244      0.205     -0.510      0.407     -1.184     -0.500     -0.334     -0.742     -0.500 98710291
     1.149     -1.019      1.812      0.653     -1.884     -1.684      0.500      0.012     -0.742     -0.500 98710672
     0.526     -0.353      0.871      0.939      1.251     -2.517     -0.500     -0.268     -1.242     -0.500 98710991
    -0.156     -1.019      0.430      0.898     -1.180     -2.184      0.500      0.668      1.758     -0.500 98711165
     1.149     -1.019      1.812     -1.251      1.092     -4.017      0.500      0.230     -0.742     -0.500 98711167
    -0.598     -0.384      0.184      1.185     -0.359     -1.434      0.500     -0.118     -1.242     -0.500 98712214
     0.263     -1.019      0.205      0.898      1.100     -2.934      0.500      0.127     -0.242     -0.500 98712216
    -0.270     -1.019      0.872      0.366      1.847     -0.684     -0.500      0.230      0.258     -0.500 98712218
     0.881      1.461      0.885      0.939      0.295     -2.100      0.500      0.059     -0.242     -0.500 98712274
     0.852      0.303     -0.470     -0.167      0.948     -1.934      0.500     -0.994     -0.742      0.500 98712976
     1.035     -0.443      0.223     -0.492     -1.281     -1.850     -0.500      1.404      1.758     -0.500 98713035
     0.933     -0.384      0.443      0.653      0.946     -3.100      0.500     -0.038      1.258     -0.500 98714025
     1.112     -0.363      0.444      0.162      0.344     -1.600      0.500     -1.910      0.258      0.500 98714097
    -1.196     -0.332     -0.033     -0.289     -0.029     -2.100     -0.500      0.324      0.258     -0.500 98714289
     0.415     -1.019     -2.572      0.267      0.597     -1.850     -0.500     -2.092     -1.742      0.500 98714397
    -0.542     -0.443     -0.475      0.293     -1.126     -0.350     -0.500     -0.657     -1.742      0.500 98714939
     1.010     -0.416      1.155      0.407     -0.980     -1.767      0.500      0.629      1.258     -0.500 98715162
     0.872     -0.030      0.881      0.653     -0.165     -2.517     -0.500     -0.334     -1.742      0.500 98715250
     1.112     -0.686      1.358      0.939      1.069      1.400     -0.500     -1.910     -1.742      0.500 98715253
     0.873     -1.019      0.192      0.939      1.412     -2.267     -0.500      0.589      0.758     -0.500 98715266
    -1.024      0.959      0.655      0.898     -0.280     -1.684      0.500      0.230      0.258     -0.500 98715965
     1.112     -1.019      1.111      0.181      0.777     -2.850      0.500     -0.483      1.258      0.500 98715980
     0.815     -1.019      1.344      0.468      0.319     -0.934      0.500     -1.137     -1.242     -0.500 98715986
    -0.020     -1.019      0.871     -0.449     -1.122     -2.600      0.500      0.127      0.258     -0.500 98715994
    -0.982      0.959     -1.137      0.040     -1.105     -3.017     -0.500     -0.483     -0.242     -0.500 98716010
     0.090     -1.019     -0.010      1.185      1.023     -1.017     -0.500     -0.118     -0.742     -0.500 98716054
    -0.285     -1.019     -0.712     -1.365     -1.503     -1.434      0.500     -0.268      0.258      0.500 98716080
     0.874     -1.019      0.651      0.040     -0.713     -1.350     -0.500      0.409      1.258      0.500 98716123
    -0.051     -1.019     -0.052      0.531     -1.000     -2.934      0.500      0.082      1.258      0.500 98716155
     1.149     -1.019      0.184      0.293     -1.997     -3.267     -0.500      0.561      0.258     -0.500 98716165
    -0.489     -1.019     -0.016     -0.379     -0.306     -2.100      0.500      0.629      1.758     -0.500 98716167
    -0.289     -1.019      0.192      1.185     -1.054     -2.600      0.500     -0.236      0.258      0.500 98716189
     0.929      0.191      0.430     -0.911     -0.057     -2.017      0.500      0.012     -1.742     -0.500 98716283
    -0.361      0.816     -0.241     -0.597      0.168     -1.850      0.500      0.230      0.258     -0.500 98716289
     0.673      0.303      0.430      0.694     -0.187     -2.184      0.500     -0.524      1.258      0.500 98716386
     0.123     -0.665      0.668      1.185     -0.240     -1.350     -0.500      0.190     -0.742     -0.500 98716467
    -0.096     -1.019      1.344      1.185     -0.363     -2.184     -0.500      0.409      0.258     -0.500 98716666
     1.149     -1.019      1.812      1.185      0.065     -3.350      0.500      0.230     -0.242     -0.500 98716827
    -0.377     -1.019     -1.155      0.898     -0.087     -2.434      0.500      0.230      0.258     -0.500 98716959
    -0.168     -0.443     -0.955      0.939      0.852     -1.684      0.500      0.913      0.758     -0.500 98716976
     0.814     -1.019      0.452      0.223      0.964     -2.850      0.500      0.324     -0.742     -0.500 98717152
    -1.968     -1.019      0.655      0.407     -0.976     -1.600      0.500     -0.175     -0.242     -0.500 98717156
     0.177     -0.717      0.205      0.120     -1.272     -2.184      0.500     -0.869      1.258      0.500 98717163
     0.673      1.947     -0.763     -0.555      0.706     -1.434      0.500     -1.063     -1.742      0.500 98717259
    -0.156     -0.051      0.430      0.162      0.189     -1.100      0.500      0.127     -0.242     -0.500 98717268
     1.149     -1.019      1.344      0.120      0.708     -2.767      0.500      0.230      2.258     -0.500 98717358
    -1.431      0.885     -0.939      0.162      0.880     -2.600     -0.500     -0.611     -0.742      0.500 98717962
     0.263     -0.443      0.889     -1.897      1.005     -3.267     -0.500     -0.118     -0.742     -0.500 98718119
    -0.051     -0.717      0.192      1.185     -0.343     -1.850      0.500      0.306     -0.742      0.500 98718171
     0.472     -0.332     -0.506      0.252     -0.552     -2.350     -0.500     -0.268      1.258     -0.500 98718202
     0.665      0.937     -0.051      0.653      1.478     -2.684     -0.500     -0.370     -0.742     -0.500 98718248
     0.175      0.223     -1.154      0.407      0.396     -3.017      0.500      0.629     -0.742      0.500 98718270
     0.485     -1.019      0.430     -0.023      0.250     -3.017      0.500     -1.399     -2.242     -0.500 98718293
     0.020     -0.443      1.110      1.185      0.808     -2.350      0.500     -0.118      1.258      0.500 98718371
     1.035     -1.019     -0.046     -1.323     -1.211     -1.767     -0.500      1.094      0.258     -0.500 98718372
     0.123     -0.110     -1.370      1.185      1.614     -1.100      0.500     -1.622     -1.242     -0.500 98718393
    -2.025      1.149     -0.024     -1.024     -0.144     -0.850     -0.500     -0.334     -0.242     -0.500 98718918
     0.535     -1.019      1.119     -0.083      0.565     -1.767      0.500      0.488      1.258     -0.500 98718926
     0.039     -0.717      0.213      1.185     -0.017     -1.850      0.500      0.809      0.758     -0.500 98718928
     1.149     -1.019      0.175      1.185     -1.010     -2.434     -0.500      0.488      0.258     -0.500 98718974
     0.432     -1.019     -0.007     -1.443      0.196     -1.767      0.500     -0.483     -2.742      0.500 98718998
     1.149     -1.019      0.192      1.185     -1.454     -2.767      0.500      0.012      0.258     -0.500 99374970
    -0.156      0.219     -0.033     -0.964     -0.424     -1.767      0.500      0.488     -0.242     -0.500 99374972
     1.149     -1.019      0.898      1.185     -0.344     -2.767      0.500      0.230      0.758     -0.500 99374975
     0.252     -1.019      1.119      0.653      0.626     -1.350     -0.500      0.629      0.258     -0.500 99374976
     1.149     -0.686     -0.046      0.324      0.997      0.233      0.500     -0.483     -0.742     -0.500 99500370
     1.047      0.959      0.422      1.185     -0.955      2.150      0.500      0.913      2.258     -0.500 99503034
    -3.140      1.281     -0.952     -0.657      0.617      0.066      0.500     -0.268      0.258     -0.500 99503936
     1.149     -0.110      0.429      0.939     -0.288     -2.850      0.500      0.913      2.258     -0.500 99504206
    -1.321     -1.019     -1.181     -1.958     -0.240     -0.600     -0.500     -0.994     -0.742     -0.500 99504222
     0.380     -1.019      0.672      0.653     -0.575     -0.600     -0.500      0.561      0.258     -0.500 99504324
     0.548      1.281      1.344     -0.403      0.168     -0.434      0.500     -0.406     -0.242     -0.500 99504341
     1.149     -0.020      1.358      1.185     -0.203     -0.684      0.500     -0.205     -0.742     -0.500 99504424
     0.021      1.149     -0.254      0.006     -0.060     -0.017     -0.500      0.668      0.758     -0.500 99504521
     0.540     -0.030      1.123      1.185     -1.217      3.400     -0.500      0.602      1.258     -0.500 99504841
     1.149     -1.019      0.196      0.939     -1.279     -0.600     -0.500     -0.757      0.258     -0.500 99506057
     0.625      1.646      0.430      1.185      0.017     -0.350     -0.500      0.913      0.258     -0.500 99506263
    -1.427      1.503     -0.965     -0.424      1.723      0.316      0.500     -0.268     -1.742      0.500 99506291
    -1.477      0.937     -1.185     -1.712      0.281      0.483      0.500     -0.038      0.258      0.500 99506681
     0.329     -1.019      0.903      0.223      0.198      0.400      0.500      0.809      1.758     -0.500 99506935
    -0.485      0.906      0.408     -0.370      0.006      0.066      0.500     -0.444     -0.742      0.500 99506981
     0.908      1.211     -0.284     -0.247     -0.033      0.900     -0.500     -0.268      0.258      0.500 99507018
    -0.852      1.281     -0.263      0.611      1.601      1.483     -0.500     -0.205      0.258      0.500 99507059
     0.754      0.678      0.668      0.223      1.331      2.483     -0.500      0.127      1.258     -0.500 99507857
     0.642      0.604     -0.020      0.407      0.422      0.150     -0.500      0.012      0.258     -0.500 99508027
     0.705     -0.717     -0.025      0.407     -2.751      0.483     -0.500      0.753      0.258     -0.500 99508077
     0.794     -0.030      0.903      1.185     -0.442     -0.434      0.500      0.409     -0.742     -0.500 99508222
     0.374     -1.019      0.434      0.006      0.374      1.983     -0.500      0.629      1.258     -0.500 99508232
     1.112      0.303     -2.554      0.538      0.707      2.650      0.500      0.457     -0.742      0.500 99508430
     1.035      1.370     -0.965     -2.429      0.004      0.900     -0.500      0.693      0.258     -0.500 99508537
    -3.947     -0.061     -0.708     -0.893     -0.941      0.066      0.500      0.230      1.258     -0.500 99508738
    -0.110      1.260     -0.502      1.185      1.415      1.483     -0.500      0.729      0.258     -0.500 99508928
    -0.290      0.927      0.431     -1.323     -0.590      1.400      0.500      0.269     -0.242     -0.500 99508945
    -1.245      1.260     -1.401     -0.893      0.488      1.400      0.500      0.532     -0.242     -0.500 99544087
     0.208     -0.089     -1.870     -1.066      0.103     -0.267     -0.500      0.409     -0.742     -0.500 99544180
     0.371      1.593      0.668      0.006      0.846      4.650     -0.500      0.127     -0.742     -0.500 99544185
    -1.765     -1.019      0.434      0.006     -0.329      1.316     -0.500      0.359     -0.242     -0.500 99544287
    -1.056      0.219     -0.016      0.366     -0.486      0.816      0.500      0.561     -1.742     -0.500 99546772
     0.874     -1.019      1.349      1.185      0.567     -1.434      0.500      0.127     -0.742      0.500 99546973
     1.035      1.313     -2.117     -0.779      1.545      2.900      0.500      0.230     -0.242     -0.500 99548370
     1.112     -1.019      1.812      1.185     -0.502     -2.850      0.500     -0.444     -0.742      0.500 99570123
    -0.324     -0.030     -0.033      0.939      0.903      0.400      0.500      0.190      0.258     -0.500 99570176
     0.004     -1.019     -0.042      0.252     -1.131     -1.184     -0.500     -0.444     -0.242     -0.500 99570294
    -0.007      0.885     -0.753     -1.323      0.575      1.233     -0.500     -0.929     -0.242     -0.500 99570378
    -0.051     -0.020     -1.207     -2.245      0.634     -0.100     -0.500     -0.657     -0.742      0.500 99570379
    -0.397     -0.717     -0.020     -0.526     -0.490      2.566     -0.500      0.230     -0.742     -0.500 99570494
     0.458     -0.686      0.668     -0.956      1.993     -0.350      0.500     -0.205      1.258     -0.500 99570571
     0.992      0.636     -0.922      1.185      0.395      2.733     -0.500      0.230     -0.242     -0.500 99570572
    -1.056     -0.416     -1.172     -2.384      0.391      1.566      0.500     -0.929      0.758     -0.500 99570725
     1.112     -1.019      0.426     -0.893     -1.295     -0.350     -0.500     -0.205      1.258      0.500 99570879
    -1.330     -1.019     -0.038      0.531     -1.989      1.066     -0.500      0.012     -0.742     -0.500 99570891
    -0.491      1.867     -0.020      0.898     -0.338      1.233      0.500      0.324     -0.242     -0.500 99570987
    -0.325     -0.030     -0.942      0.407      0.109      0.983      0.500      0.127     -1.242     -0.500 99570993
    -0.042     -0.416      0.650      0.407     -1.498     -1.517     -0.500     -0.118     -0.242     -0.500 99571015
     1.020      1.947      1.110     -0.465      2.598      1.066      0.500      0.809      0.758     -0.500 99571068
    -0.428      2.987          *      1.185      0.382      1.483     -0.500      0.629     -0.742     -0.500 99571074
    -0.930      0.191      0.196      0.653     -0.447      0.566      0.500     -0.444      0.258     -0.500 99571119
     0.180      1.513      0.187      1.185      1.326     -3.017      0.500      0.629     -0.742      0.500 99571203
     0.862     -1.019      1.114     -0.752     -1.861     -0.600     -0.500      0.190     -0.242     -0.500 99571215
     0.242     -0.717      0.664      0.653      0.013      2.566      0.500      0.169     -0.242     -0.500 99571216
     0.193      2.744     -0.258      0.653      0.606     -0.850     -0.500     -0.334     -0.742      0.500 99571273
     0.364      1.239      0.435      0.653      1.045      2.400      0.500     -0.657     -0.742     -0.500 99571303
     1.149     -1.019      1.812      0.939     -0.153      2.066     -0.500      1.824      2.258     -0.500 99571351
     0.257      0.462      0.889      1.185     -0.717     -0.600     -0.500      0.753      0.758     -0.500 99571500
     1.186     -1.019     -2.048      1.185      0.640     -2.850     -0.500      0.753     -0.742      0.500 99571506
    -0.699      0.271     -1.397      0.366     -0.452      2.233      0.500      0.269     -0.242     -0.500 99571566
    -1.165     -0.717      0.902     -0.526     -1.428     -0.267      0.500      0.488     -0.742     -0.500 99571664
     0.933     -0.416      0.660      0.407     -1.472      1.900      0.500      0.012      0.258     -0.500 99571800
    -0.545     -0.114     -1.405     -2.388      0.846      0.816      0.500      0.012      0.258     -0.500 99571810
    -1.585      1.947     -3.022      0.120      1.511     -0.517     -0.500     -0.205     -0.742     -0.500 99571866
    -1.576     -0.083     -0.466      0.898      0.044     -2.517     -0.500     -0.483     -0.242     -0.500 99571902
    -3.457     -1.019     -1.597     -1.248      2.550      0.900      0.500     -0.811      0.258      0.500 99571916
     0.776      0.282     -0.501     -1.180      0.905      0.400     -0.500     -0.118     -1.742     -0.500 99572042
    -0.489     -0.114     -0.267     -0.964     -1.423      2.733      0.500      0.012      0.258     -0.500 99572066
    -1.214      1.836     -0.736      0.653      0.375     -1.267      0.500      0.012      0.258      0.500 99572110
    -0.111     -0.665      0.881      0.898      0.860      0.066      0.500     -2.092     -1.242     -0.500 99572178
    -1.142      2.057      0.192      0.407     -0.319      0.733     -0.500     -0.483      0.258     -0.500 99572200
     1.149     -1.019      0.192      0.040      0.926      1.816      0.500      0.693     -0.742     -0.500 99572214
     1.035     -1.019      0.214      0.653      1.653      0.900     -0.500      0.230     -1.242     -0.500 99572219
    -3.750     -0.717      0.430      0.366     -0.638     -2.184      0.500     -0.483     -0.242     -0.500 99572263
    -0.822      1.947     -2.795     -1.741     -0.009     -0.267      0.500      1.134      0.258     -0.500 99572317
    -0.168      1.461     -1.181      0.223      0.308      0.816     -0.500      0.012      0.258     -0.500 99572364
    -2.639      0.885     -1.185     -0.893     -1.136      2.400      0.500     -0.268     -0.242     -0.500 99572367
    -1.172     -0.384      0.902     -1.652      0.428     -0.600      0.500      0.269     -0.742     -0.500 99572392
    -1.565      0.885     -1.869      0.181     -1.461      0.316      0.500      0.230     -0.742     -0.500 99572398
    -3.309      0.885      0.192      0.162      0.645      1.316      0.500      0.409      1.258     -0.500 99572404
    -0.810     -0.114     -0.258     -0.064     -0.615      2.483      0.500      0.127      0.258     -0.500 99572562
     0.038     -0.416      1.349      1.185     -0.385     -1.517      0.500     -0.334     -0.742     -0.500 99572565
    -0.051      0.878     -0.033     -1.451     -0.059      0.650      0.500     -1.304     -1.742      0.500 99572919
     0.303          *     -0.731     -2.142     -0.260      1.733     -0.500     -0.268      0.258     -0.500 99572944
    -0.452      1.461     -0.042      0.694      1.944      1.816     -0.500      1.824      0.258     -0.500 99572969
    -0.896     -0.717     -0.487      0.898      0.906     -0.600     -0.500     -0.444     -0.742     -0.500 99572975
     0.001     -1.019      1.371      0.223      0.340      1.066      0.500      0.409      1.258     -0.500 99572976
     0.911      0.250      0.443      1.185      0.513      0.066      0.500      0.602     -0.742     -0.500 99572990
    -0.175     -0.416      0.430     -0.239     -0.049      2.400      0.500     -0.406     -1.242     -0.500 99572992
    -0.051      0.959     -1.159     -1.958      0.213      0.733      0.500     -1.304     -0.742      0.500 99573090
     0.815     -0.353      0.443      0.366      0.110     -0.017      0.500     -0.811     -0.742     -0.500 99573095
     0.713     -0.083     -1.419     -1.574     -1.487      0.650      0.500      0.629     -0.742     -0.500 99573117
     1.149     -1.019      1.574     -0.443      0.357      1.983      0.500     -0.118      1.258     -0.500 99573253
    -0.817     -1.019     -0.731      0.898     -0.465     -0.600     -0.500      0.473      0.258     -0.500 99573311
     0.085      0.906     -0.712     -0.412      1.120      0.983     -0.500      0.409     -0.742     -0.500 99573314
     0.176     -1.019     -0.046     -1.425      0.170     -2.934     -0.500     -0.205     -0.742     -0.500 99573316
    -0.282     -1.019     -0.267      1.185     -0.945     -0.184     -0.500      0.693      2.258     -0.500 99573394
     0.794     -0.717     -0.029     -0.239      0.576      2.483      0.500      0.230      0.758     -0.500 99573417
     1.112     -1.019     -1.865     -2.028     -1.149      0.650      0.500     -0.118      2.258      0.500 99573491
     1.112     -1.019     -0.714      0.939      0.998     -0.267      0.500      0.376      2.258      0.500 99573496
     1.149      0.556     -1.146      0.611     -0.311      0.066     -0.500      0.230     -0.242     -0.500 99573691
     0.928     -0.717      1.812      0.653     -0.176      2.316      0.500      0.488     -0.242     -0.500 99573816
    -0.109     -0.384      1.344     -1.129     -0.915     -0.100      0.500      0.127     -0.742     -0.500 99573898
     0.279     -0.363      0.430      1.227      0.477     -0.850      0.500      0.249     -0.742     -0.500 99573943
     0.011     -1.019      1.574     -1.686      0.712     -0.434     -0.500     -0.301      0.758     -0.500 99573952
    -0.719      0.546     -0.007     -1.451     -1.752      0.316      0.500      0.863      0.258     -0.500 99573959
     0.916      0.250     -0.691      0.939      0.827      0.066     -0.500      0.409      2.258     -0.500 99573992
     1.030      0.271     -0.038      0.653      0.300      1.733     -0.500     -1.137     -0.742     -0.500 99573998
    -0.007     -1.019     -0.714      0.653     -1.226     -0.350     -0.500     -0.146      0.258     -0.500 99573999
    -2.207     -1.019     -1.383      0.407      0.774      1.983      0.500     -1.304     -2.742     -0.500 99574391
     0.908      0.250     -0.519     -0.730     -0.279      2.400      0.500     -0.013      0.258      0.500 99574499
    -0.724      0.604      0.647     -1.897      1.099     -0.267      0.500     -0.757     -0.242     -0.500 99574521
     1.112      0.927     -0.509      0.407     -0.418      2.483      0.500     -3.702     -0.742      0.500 99574593
     0.158     -0.114      0.416      0.531      0.073     -0.267     -0.500      0.190     -0.242     -0.500 99574686
    -0.043      1.947     -0.704      0.449      0.064      1.066      0.500     -0.757     -0.742      0.500 99575014
    -0.417     -0.384      0.668      1.185      0.145      1.733      0.500      0.488     -0.742     -0.500 99575033
    -0.026     -1.019      0.902      0.407     -1.363     -0.517      0.500      0.127     -0.742     -0.500 99575034
     1.149      0.695     -0.479      1.185     -0.839      2.150     -0.500      0.809      2.258     -0.500 99575134
    -1.028     -0.686     -1.860      0.120      0.079      2.150      0.500      0.230      1.258      0.500 99575153
     0.658      0.604     -0.024      1.185      3.338      0.400      0.500     -0.175     -1.242     -0.500 99575156
     0.884     -0.717      1.340      0.120     -0.408     -0.267     -0.500      0.629     -0.742      0.500 99575178
    -1.903      0.885     -0.272     -1.451     -0.107      0.316      0.500     -0.334      1.258     -0.500 99575186
    -2.778      1.947     -1.424     -1.897      0.890      1.983      0.500      0.913      1.258     -0.500 99575236
    -0.077     -0.416      0.872     -0.526      0.596      2.983     -0.500     -0.657      0.258      0.500 99575243
     0.624      0.293      1.137      0.939      0.226      1.566     -0.500      0.488      0.258      0.500 99575264
    -3.065     -0.686     -1.614      0.366     -0.426      2.483     -0.500      0.457     -0.242     -0.500 99575288
    -0.217     -0.384      0.430     -0.484     -1.822      0.650     -0.500      0.809      0.258     -0.500 99575291
     0.633     -0.020      1.812      1.185     -0.550     -0.017     -0.500      0.230     -0.742     -0.500 99575300
     1.047     -1.019     -1.401     -0.779     -1.010     -1.517     -0.500      0.753      0.258     -0.500 99575305
     0.252      0.885      0.430      1.185     -0.714      0.150      0.500      0.693      1.258     -0.500 99575311
     0.759     -0.717      0.174      0.694     -1.219      0.400      0.500      0.127      1.258     -0.500 99575335
    -1.249      2.664     -3.247     -1.451      1.348      0.816     -0.500     -1.505     -1.742     -0.500 99575352
     1.149      1.947     -0.276     -0.239     -1.508      3.150     -0.500      1.173      2.258     -0.500 99575376
     0.336      0.250      1.574      1.185      1.416      1.150      0.500      0.693     -0.242     -0.500 99575382
     1.030     -0.443      1.127      0.449     -0.073     -3.600      0.500      1.008      0.758     -0.500 99575400
     0.616      1.646     -0.249     -1.198      1.594      2.066      0.500     -0.268     -0.742      0.500 99575439
     0.171     -0.416     -0.011      0.538     -1.805     -0.767      0.500      0.971      1.258     -0.500 99575470
    -0.227     -0.717      0.894      1.185     -0.177      2.733     -0.500      0.693      1.758     -0.500 99575805
    -0.770      2.169      0.222      0.939      0.423      0.900     -0.500      0.809      0.758     -0.500 99575835
    -1.426      2.523     -0.465      1.185     -1.708     -0.434     -0.500      2.515      2.258     -0.500 99575879
     1.030     -0.717     -0.721     -0.779      0.347      0.066     -0.500      0.488      0.758     -0.500 99575906
     0.490     -0.686      0.903     -0.023     -1.789      0.400     -0.500      0.148     -0.742     -0.500 99575916
    -1.151     -1.019          *     -1.201      0.801      2.816     -0.500     -0.205      0.258      0.500 99575943
     0.180      0.282     -0.262     -1.610     -1.900      0.566      0.500      0.127     -0.742      0.500 99575946
    -0.212      0.293     -0.960     -0.370     -0.249      0.150     -0.500     -0.038      0.258     -0.500 99575955
    -0.948     -0.686      0.421     -0.310      0.373      0.983      0.500      0.409     -0.742      0.500 99575960
    -1.335      2.523     -0.033      0.120     -0.404      0.900     -0.500     -0.118     -0.742     -0.500 99575983
     0.130      1.614      0.651     -0.956     -1.325      0.900      0.500      0.012      0.758     -0.500 99576011
    -0.273      0.213     -0.714      0.939      0.142     -0.684      0.500      0.306      0.258     -0.500 99576016
    -1.464      2.654     -1.641     -0.552      0.012      0.150     -0.500     -0.013      1.258      0.500 99576072
     0.626      0.636      0.430      0.898      0.805      1.400      0.500     -1.217     -0.742      0.500 99576101
    -0.977      1.291     -1.181     -0.281     -0.993      1.150     -0.500      0.693      1.258     -0.500 99576364
    -0.726      1.947      0.655     -1.365     -0.887      1.483     -0.500      0.376      1.258      0.500 99576403
     0.646      0.271      0.872      0.694      0.059      1.566      0.500      0.629      0.258      0.500 99576442
     0.252      1.614     -0.471      0.293     -0.710      1.733     -0.500      1.824      0.258     -0.500 99576456
     1.149     -0.061      0.894     -0.606     -1.911      1.400     -0.500      0.913      1.758     -0.500 99576503
    -1.139      0.219     -1.659     -1.852      0.365      1.483      0.500      1.008      0.758     -0.500 99576583
    -1.248      0.959     -2.568      0.252     -1.068      2.733     -0.500      0.012      0.258     -0.500 99576589
    -0.524      0.927     -0.915     -1.048      1.414     -0.767     -0.500      0.561      0.758     -0.500 99576610
     0.255      0.240      1.141      1.185     -0.106      2.233     -0.500      0.913      2.258     -0.500 99576638
     0.297     -0.353      0.894     -1.078      0.696     -1.350      0.500      0.913     -0.742      0.500 99576676
     1.112     -0.142     -0.038     -0.606      1.073      2.150      0.500     -0.811      0.258      0.500 99576680
    -0.218      2.079     -0.025      0.898     -0.018     -1.100      0.500     -0.091     -0.742     -0.500 99576786
    -0.987      1.201     -1.402      0.898      1.609      0.233      0.500     -0.444      0.258     -0.500 99576798
    -1.189      1.646      1.574     -1.365      0.814      1.983      0.500      0.488      0.258      0.500 99576912
    -0.105     -0.902      0.638      1.185      0.163     -0.350      0.500      0.561     -0.742     -0.500 99576961
     0.896     -0.384      1.119      0.653     -0.927      2.066     -0.500      0.913      0.258     -0.500 99577113
     0.881     -0.686      1.115     -0.113     -1.383      0.483      0.500      0.409      0.758     -0.500 99577152
    -0.554      1.593      0.430     -1.227     -0.167      2.733     -0.500      0.324      0.758     -0.500 99577216
    -0.027      0.795      0.210      0.293     -0.781      1.733     -0.500      2.070      2.258     -0.500 99577228
     0.799     -1.019      1.124      0.407      0.437     -1.017     -0.500      1.497      1.258     -0.500 99577229
    -4.921     -0.717     -0.915      1.185      0.924     -2.100      0.500      0.561      2.258      0.500 99577321
    -0.122      0.022      0.651     -0.125     -0.320     -2.184     -0.500      1.602      1.758     -0.500 99577326
     0.610     -0.717     -0.249      0.653     -0.481      1.400     -0.500     -0.118      1.258     -0.500 99577554
     0.567      1.947     -0.514      0.939      2.086     -0.017     -0.500     -0.929     -0.742     -0.500 99577613
    -0.515      0.552      1.133      0.162     -0.030      1.900      0.500      0.012      2.258      0.500 99577867
     0.555     -0.717      0.651      0.449     -0.017      0.233     -0.500      0.012      0.258     -0.500 99577917
     0.555     -0.363     -0.227      0.162     -0.181     -0.434     -0.500      2.005      1.258     -0.500 99577927
    -0.270      1.201      0.187     -0.956     -0.155      1.983     -0.500      0.629      1.258     -0.500 99578031
     0.123      1.281     -0.488     -0.473     -0.814     -0.350     -0.500     -0.038     -0.242     -0.500 99578042
    -0.059     -1.019     -0.249     -1.855     -1.275      0.650     -0.500      0.409     -0.742      0.500 99578043
     0.851      1.281      0.886      0.653      1.040      1.983     -0.500     -0.118     -1.742     -0.500 99578044
    -0.480          *     -0.042      1.185      0.909      1.900      0.500     -0.118     -1.742     -0.500 99578092
    -1.214     -0.204      1.335     -2.814      1.483      0.983     -0.500     -0.611      0.258      0.500 99578096
    -1.434      0.303      0.872      0.244     -0.552      0.483      0.500      0.230     -0.242     -0.500 99578140
    -0.397      1.260     -0.496     -1.180     -0.546      1.150      0.500      0.324      0.258     -0.500 99578142
    -0.311      1.260     -1.644     -0.821      1.364     -0.767      0.500      0.249      0.258      0.500 99578147
    -2.332          *     -0.952     -0.821     -0.128     -1.100     -0.500      0.488      1.258      0.500 99578226
     0.211     -0.142      0.443      1.185     -1.014      0.650     -0.500      0.059     -0.742     -0.500 99578247
     0.686      0.524      0.439      0.407     -0.712      0.900      0.500     -0.268     -0.742     -0.500 99578248
     0.036      0.959     -0.272      1.185      0.161     -1.100     -0.500     -0.811     -1.242     -0.500 99578292
     0.884     -1.019      1.344      0.223     -0.164     -0.517      0.500     -0.013      1.258      0.500 99578321
     1.030     -0.114     -0.033      0.694     -0.773      2.650     -0.500      0.230      0.758     -0.500 99578342
     0.528     -1.019     -0.033      0.653      1.112     -0.184     -0.500     -0.064      0.258     -0.500 99578346
     0.342     -0.686          *      0.407     -0.200      3.233     -0.500     -0.118     -0.742     -0.500 99578395
     0.992     -0.030     -2.546      0.120      0.824     -0.184     -0.500      0.230     -0.242     -0.500 99578414
     0.009     -1.019     -0.704     -0.125      1.166      0.566     -0.500      0.693      0.758     -0.500 99578423
     0.087      0.980     -0.258      1.185     -0.747      0.566     -0.500      0.230      1.258     -0.500 99578447
    -2.322      1.646     -2.310     -0.657      0.798      0.400      0.500     -1.910      0.258      0.500 99578496
    -0.676     -0.686      0.430      0.653     -0.902      1.733     -0.500      0.409     -0.742     -0.500 99578529
     0.908      1.646     -0.717      0.538      0.302      2.400     -0.500      0.561      0.258     -0.500 99578544
    -1.310      1.815     -0.280     -0.526     -0.040      0.566     -0.500      0.306     -0.742     -0.500 99578546
     0.123          *      0.668      1.185      1.466     -0.434      0.500     -0.611     -0.742     -0.500 99578547
    -0.037     -1.019     -0.032     -0.606     -0.981      1.233     -0.500      0.809      1.258     -0.500 99578549
     0.642     -1.019     -1.173      0.939      0.562      2.150      0.500     -3.702     -2.242     -0.500 99578597
    -0.360     -0.416      0.426     -1.451     -1.020      2.816     -0.500      0.425      2.258     -0.500 99578611
     0.161      1.593     -1.419     -0.956      0.047      2.983      0.500     -1.137      0.258      0.500 99578644
    -0.731      0.636      0.192      0.898     -0.860      0.650     -0.500      0.012     -0.742      0.500 99578647
     0.670      1.697      0.876     -0.677      1.046      1.900     -0.500      0.210      1.258     -0.500 99578745
    -3.138      1.947     -1.641     -1.942      0.076     -1.100      0.500      2.410     -1.742     -0.500 99578762
     0.435     -1.019      0.642      1.185      0.319      0.983      0.500     -0.524      2.258      0.500 99578834
    -0.453      0.240     -0.033     -1.610      0.462      2.483     -0.500      0.561     -0.742      0.500 99578847
    -0.208     -0.717     -0.271      0.285     -1.044      1.566     -0.500      0.012      0.258     -0.500 99578848
    -0.026     -0.416      0.231      0.939      1.577      1.816      0.500      0.893      2.258     -0.500 99578916
     0.292      0.293      0.678      0.022      1.088      1.733      0.500     -0.118      1.258      0.500 99578924
     0.126     -1.019      0.668      0.939      0.628      1.316      0.500      0.409     -1.742     -0.500 99578941
     1.000      0.219      0.669      0.939     -1.293      2.233     -0.500      0.561      1.258     -0.500 99578944
    -0.216     -1.019      0.899      1.185     -0.682      0.233      0.500     -0.566     -0.242     -0.500 99579240
     0.705     -0.384     -1.190     -0.593      0.103     -1.184     -0.500     -0.406     -1.242     -0.500 99579243
    -0.545      0.250      0.200     -1.496     -0.672     -0.017     -0.500     -0.118     -1.242     -0.500 99579262
    -0.311     -0.416     -1.398      0.939     -2.474      2.066     -0.500     -0.483      0.258      0.500 99579264
     1.149     -0.384      1.120     -0.023      0.796     -1.934      0.500      0.913     -0.742     -0.500 99579265
     0.696      0.250     -1.359     -0.412      0.322      1.150     -0.500      0.230      1.258     -0.500 99579268
    -2.126      1.947      0.202     -2.020      0.969      0.816      0.500     -1.304     -0.742      0.500 99579272
    -0.515      0.293          *     -0.167     -0.561      2.483     -0.500     -0.657     -0.742      0.500 99579273
    -0.384     -0.083      0.408      0.898     -1.479      0.066     -0.500      0.230      0.258     -0.500 99579294
    -2.171     -0.416      0.162     -1.139      0.457      2.400     -0.500      0.249     -2.242     -0.500 99579373
     0.624      0.219      1.587      1.185      0.933     -0.017      0.500     -0.205     -0.742      0.500 99579940
     1.112     -1.019      1.124      0.898      1.843     -0.767      0.500      0.341      2.258      0.500 99579944
     0.529     -1.019      1.115      0.366     -2.223     -1.184      0.500      0.457      0.758     -0.500 99579949
    -0.382     -1.019      0.668     -0.869      0.641     -2.850     -0.500     -1.137     -0.242     -0.500 99579954
     0.276     -1.019      1.101      0.162      0.824     -0.684      0.500     -0.444     -0.242     -0.500 99579966
     0.705     -0.384      0.664      0.120      0.037      1.066     -0.500      0.473      0.258     -0.500 99579979
     0.371     -1.019      1.101      0.407     -1.267     -3.017      0.500      0.409      0.258     -0.500 99579987
    -0.110     -0.384      0.436     -2.282      0.692     -1.017      0.500      0.269     -0.242     -0.500 99579994
     0.670     -0.384      0.881      0.407     -1.624      2.900     -0.500     -1.505     -0.742      0.500 99579997
     1.149      0.493      0.647      1.185     -0.672     -1.434      0.500     -0.706     -0.742     -0.500 99579998
    -0.511      0.604      0.178      0.407     -0.653      0.816      0.500      0.629      0.758     -0.500 99608075
     0.409      0.626      0.452      0.407     -0.727      0.233     -0.500      0.190      1.258      0.500 99608179
     0.884      1.281      0.668      0.006      1.569      0.400     -0.500     -0.118      2.258      0.500 99608275
     0.172     -1.019     -0.929      0.653      0.029      1.066     -0.500     -0.444      0.258      0.500 99608470
     0.862     -1.019     -0.046      1.185      0.734      0.316      0.500      0.753      1.258     -0.500 99614075
     1.149     -1.019      0.411      0.407     -0.797      0.150     -0.500      0.441     -0.742     -0.500 99614171
    -0.093      2.169     -0.466      0.611      0.170      1.650     -0.500      0.561      0.258     -0.500 99614272
    -0.311      0.573      0.196      0.285      0.538      1.733     -0.500      0.629      1.258      0.500 99614475
    -2.092      1.149     -0.024     -1.861     -0.395      1.816     -0.500     -0.566      1.258      0.500 99614871
     0.455     -0.030     -0.471      0.366     -0.047      0.566      0.500      0.561      1.758     -0.500 99614975
     1.035     -1.019      1.119      0.538     -1.234     -2.684     -0.500      1.650      1.258     -0.500 99619160
    -0.459      2.169     -0.002      0.653      0.355     -0.684     -0.500     -0.118     -0.242     -0.500 99619364
    -0.128      0.900      0.192      1.185      1.367     -0.517      0.500     -0.064     -1.242     -0.500 99619465
     0.155     -0.443      0.422      0.694     -0.170     -2.184     -0.500      0.962      1.758     -0.500 99619860
     0.371      1.947      1.340      0.181      0.528      2.150     -0.500      0.913      1.258     -0.500 99619961
    -1.796     -0.061     -0.948      0.120     -2.845     -1.100      0.500      0.148      0.258     -0.500 99636350
     0.751     -0.332      0.889      0.898      0.259     -0.767      0.500      0.409     -0.742     -0.500 99636353
     0.356      2.523      1.587     -0.510     -1.636      1.733      0.500      0.324     -0.742      0.500 99676255
     1.030      0.240     -2.087      0.120     -0.156      0.233     -0.500      0.306      0.258     -0.500 99676853
    -0.109      1.947     -0.704      0.898      1.288      0.733      0.500      0.230      0.758     -0.500 99678076
    -0.214      1.947      0.408     -2.245      1.932      0.233     -0.500      0.913      1.758     -0.500 99678179
     0.574     -0.443     -0.722      0.407     -2.075     -0.434     -0.500      0.913      2.258     -0.500 99678378
    -1.705      1.281     -0.942      0.006     -0.381      1.816     -0.500      0.230      2.258      0.500 99678470
    -1.168      1.614     -1.182      0.939      0.868      1.650     -0.500      1.315     -0.242     -0.500 99678576
     0.004      0.573      0.184      0.048      0.021      1.650     -0.500     -0.268      1.258      0.500 99678670
    -0.959      3.373     -2.333     -0.412     -0.024     -0.100     -0.500     -0.334      0.258      0.500 99678677
    -1.259      0.303     -1.419     -0.289      3.088      0.566     -0.500     -0.444     -1.242     -0.500 99678775
     0.811     -0.416      0.192     -0.893     -1.173      2.733      0.500      0.893      2.258     -0.500 99678978
    -1.877     -1.019      0.655      0.407      0.331     -2.350      0.500     -0.118     -0.742      0.500 99710386
     1.149     -0.142      1.106      1.185     -1.647     -2.267      0.500      1.550      2.258     -0.500 99710438
     0.700     -0.142     -0.065     -0.197      1.259     -2.434     -0.500     -0.611     -1.242     -0.500 99710677
    -0.138     -0.142      0.625     -0.797     -1.101     -2.184     -0.500      0.629      1.258     -0.500 99710774
     0.884     -0.686      0.417      0.407      0.275     -2.184      0.500     -2.092      0.258      0.500 99710878
    -0.655      2.523     -0.263      0.898     -0.361     -1.600      0.500     -0.334     -0.242     -0.500 99710988
     1.030     -0.717      0.183      1.185     -1.469     -3.350     -0.500      0.503      0.758     -0.500 99711960
     1.149     -1.019      0.192      0.653     -0.418     -1.684     -0.500      0.012      1.258     -0.500 99712041
     1.047     -0.061     -0.307     -1.574     -0.776     -1.434     -0.500     -0.091     -0.242     -0.500 99712144
     1.035     -0.717      0.646      0.898     -1.517     -2.100     -0.500      0.059      0.258     -0.500 99712217
     1.149     -1.019      1.111      1.185     -1.079     -2.184      0.500      0.409      1.258     -0.500 99712240
     1.112      0.223     -1.895      0.694     -0.075     -0.684     -0.500     -0.566      1.258      0.500 99712242
     0.000      1.291     -0.501     -0.002      0.352      0.233      0.500     -0.994     -0.742      0.500 99712248
     1.149     -1.019      1.812      0.468      0.182     -1.017     -0.500      0.561      0.758     -0.500 99712293
    -1.405      0.250     -1.178     -0.289      0.166     -1.684      0.500     -1.137      0.258      0.500 99712373
    -0.539      0.524      0.655     -3.388      0.742     -2.934      0.500     -2.092     -0.742      0.500 99712379
     1.149     -0.717      0.201      0.939     -1.882     -1.600      0.500     -0.929      0.258     -0.500 99712902
    -0.083     -1.019     -0.033      0.120     -0.115     -2.684      0.500      0.127     -0.742     -0.500 99713197
     0.906     -1.019      0.408      1.185      0.573     -2.350      0.500      0.376      1.258     -0.500 99713934
     1.149     -1.019      1.574      1.185      0.913     -2.517      0.500     -0.268      1.258     -0.500 99713936
     0.683      0.355     -0.033      0.898     -0.969     -1.267     -0.500      1.173      0.758     -0.500 99714021
     1.149     -0.717      1.119      1.185     -0.802     -2.767     -0.500      0.148     -0.242     -0.500 99714081
     1.000     -0.686      0.859     -0.555     -0.177     -1.184      0.500      0.127      1.258     -0.500 99714126
     0.085     -0.717     -0.034      0.898      0.850     -2.100     -0.500      0.809      0.258     -0.500 99714186
     0.480     -1.019     -0.024      1.185      0.160     -2.684      0.500     -0.013     -0.242     -0.500 99714220
     0.426     -1.019     -0.033     -0.361      0.824     -2.934     -0.500      0.012     -0.742     -0.500 99714387
    -0.775     -1.019     -0.744     -2.814     -0.683     -1.850      0.500     -0.757     -0.742      0.500 99714680
    -1.803      2.110     -0.957     -0.534      0.368     -1.600      0.500      0.324     -1.242     -0.500 99714927
     0.555      1.566      0.642     -1.303     -1.196     -1.517      0.500     -0.444     -0.242     -0.500 99714942
     0.562      0.132      0.416     -1.384     -0.586     -0.850     -0.500      0.409     -1.242     -0.500 99714986
    -0.522     -0.030     -1.411     -1.738     -0.249     -1.934     -0.500     -1.622     -0.742      0.500 99714996
     0.075      0.219     -0.474      0.366      0.759     -1.850      0.500      0.012     -0.242     -0.500 99715286
     1.035     -0.332      0.411     -0.265      1.298     -2.934      0.500      0.036     -1.742     -0.500 99715296
     0.797     -0.686     -0.033     -0.002     -0.318     -1.767      0.500     -0.811     -0.742     -0.500 99715352
     0.595     -0.416     -0.690      0.611      1.263     -0.017     -0.500     -0.444     -0.742      0.500 99715358
     0.467     -1.019     -0.280      0.939      0.086     -1.184     -0.500     -0.205      0.258     -0.500 99715369
     0.874     -1.019      0.683      0.898     -1.096     -2.100     -0.500      1.166      0.258      0.500 99715931
     0.406     -0.443      1.812     -1.365     -0.067     -1.517      0.500      0.249     -0.742     -0.500 99715933
     0.815      3.674      1.587      0.449     -1.499     -2.767     -0.500      0.127      0.258     -0.500 99715938
     0.224      1.555     -0.271     -1.496      1.290     -0.767      0.500     -0.370     -1.742     -0.500 99715954
     1.149     -0.384     -1.176      0.653      0.507     -1.017     -0.500     -0.811     -0.242     -0.500 99715958
    -0.061     -0.717      0.430     -0.064     -0.282     -1.850     -0.500      0.488      0.258     -0.500 99716186
     0.916      0.244      0.197      0.162      1.265     -2.184     -0.500      0.488      2.258     -0.500 99716258
     0.792     -1.019      0.214      1.185     -0.212     -2.850      0.500     -0.118     -0.242     -0.500 99716285
     1.149     -0.717      0.430      1.185     -0.632     -2.434      0.500      0.230     -0.742     -0.500 99716326
     0.668     -0.665     -1.865      0.939      1.572     -2.350     -0.500      0.230      0.258     -0.500 99716463
    -1.685      0.573     -1.895     -0.403      0.279     -0.684     -0.500      0.148     -0.742     -0.500 99716485
     0.204     -1.019      0.872     -0.669     -2.566     -1.767      0.500      0.693     -0.742      0.500 99716903
     1.035     -1.019      0.237      1.185     -0.277     -1.100     -0.500      0.809     -0.242     -0.500 99716909
    -0.938     -1.019     -0.295     -0.403     -2.812     -0.934     -0.500      0.863      1.758     -0.500 99716963
    -0.935     -0.416     -0.952     -0.403     -0.632     -2.017      0.500      0.532      2.258      0.500 99716975
    -0.026     -1.019     -0.046     -0.492     -0.277     -2.350     -0.500      0.629      1.258     -0.500 99716976
     0.123      0.191      0.422      1.185     -0.805     -1.600     -0.500     -0.444     -0.242     -0.500 99716984
     0.695      0.250      0.214      0.407      0.231     -0.850     -0.500      0.809      0.258     -0.500 99717064
     0.874      2.190      1.574      0.293      1.115     -0.267     -0.500     -0.869      0.258      0.500 99717161
    -1.451     -0.332     -0.034      1.185      0.543     -2.100      0.500      0.409     -0.742     -0.500 99717355
     1.030     -1.019      1.136      0.694     -0.913     -0.934     -0.500      0.127      0.258     -0.500 99717369
     1.149     -1.019      0.425      0.939     -0.769     -3.267      0.500      0.105     -0.242     -0.500 99717460
     0.646     -1.019      1.574      0.694     -0.208     -2.184     -0.500     -1.063     -0.742      0.500 99717914
    -0.987     -1.019      0.457     -0.281      0.322     -2.100      0.500      0.269      1.258     -0.500 99717919
     1.149     -1.019      1.101      1.185     -2.559     -0.600     -0.500     -0.118     -1.742     -0.500 99717965
     0.084     -1.019      1.349      1.185      0.316     -1.850     -0.500      0.561     -0.242     -0.500 99718128
    -0.027     -1.019      1.596     -0.064      0.777     -1.600      0.500      0.148     -0.242     -0.500 99718129
     0.408     -1.019     -2.095     -0.043     -0.353     -2.684     -0.500     -0.038      1.258      0.500 99718222
     0.928     -0.686      0.668      1.185      0.578     -2.017     -0.500      0.230     -1.742     -0.500 99718297
     0.336     -1.019      1.349      0.939      0.670     -3.184      0.500      0.409      0.758     -0.500 99718329
     1.149     -1.019      1.574      0.293     -1.234     -1.600     -0.500      0.629      0.758     -0.500 99718829
     0.450     -0.030      0.678      1.185     -0.208     -0.850     -0.500     -0.334     -0.242     -0.500 99718925
     1.186      0.132     -2.551      1.185      1.427     -1.767     -0.500     -0.757     -1.742      0.500 99719970
    -0.878      2.675     -0.288      0.694      0.800     -2.267     -0.500     -1.399      0.258      0.500 99719978
