     0.000      0.000     -0.342      3.405     -2.633     -1.631     -2.377      1.910     -0.500     -0.273      2.035      0.813     -8.096      6.261      3.877     -4.542      1.189      0.649     -4.837     -1.189      1.000      0.000      0.000      0.000      1.000      0.500      1.000      0.000      1.000      0.000      0.000 91540358
     1.000      2.000     -2.168     -0.998      0.526     -0.020      0.678     -2.090      0.500      0.003      1.035     -1.471     -0.677      0.357     -0.013     -1.418      0.339      0.002      0.702     -0.339      1.000      0.000      0.000      0.000      0.000     -0.500      0.000      0.000      0.000      1.000      0.000 98710078
     3.000      2.000     -0.257     -0.998      1.012     -0.842      0.577      1.410      0.500          *     -1.965     -0.149     -0.576      0.584     -0.486      0.814      0.289          *     -1.135     -0.289      1.000      0.000      0.000      0.000      1.000     -0.500      0.000      0.000      0.000      0.000      0.000 93576491
     3.000      2.000      0.271      0.157      0.526      0.588     -1.000     -1.590     -0.500      0.568      0.535     -0.271     -0.157     -0.526     -0.588      1.589      0.500     -0.568     -0.535      0.500      1.000      1.000      0.000      0.000      1.000     -0.500      0.000      0.000      0.000      0.000      0.000 93572927
     3.000      1.000     -0.378     -0.998     -0.676     -0.647     -0.570      0.160      0.500     -0.966     -1.965      0.216      0.569      0.385      0.369     -0.092     -0.285      0.551      1.121     -0.285      1.000      0.000      0.000      0.000      1.000      0.500      0.000      1.000      0.000      0.000      0.000 91503302
     3.000      0.000     -0.673      2.325      0.025      0.513     -1.251      3.160     -0.500          *      0.035      0.843     -2.909     -0.031     -0.643     -3.955      0.626          *     -0.043      0.626      1.000      0.000      0.000      0.000      1.000     -0.500      1.000      0.000      0.000      0.000      0.000 95574185
     3.000      1.000      1.134     -0.715      0.553     -1.528     -1.919     -2.590      0.500     -0.656          *     -2.177      1.373     -1.062      2.932      4.969     -0.960      1.259          *     -0.960      1.000      0.000      0.000      0.000      1.000      0.500      0.000      1.000      0.000      0.000      0.000 98716028
     3.000      0.000     -3.912      0.137     -3.588     -2.185      1.189     -1.756      0.500      0.220      0.035     -4.652      0.163     -4.267     -2.599     -2.089      0.595      0.261      0.041      0.595      0.000      0.000      0.000      1.000      1.000      0.500      1.000      0.000      0.000      0.000      0.000 98503603
     2.000      0.000      1.168      3.405      0.540      1.068     -0.145     -1.090     -0.500          *      1.535     -0.170     -0.494     -0.078     -0.155      0.158      0.073          *     -0.223      0.073      0.000      0.000      0.000      1.000      1.000     -0.500      1.000      0.000      0.000      0.000      1.000 90575114
     3.000      0.000      0.340     -0.715     -0.677      0.109      0.523     -3.423      0.500     -0.228      1.035      0.178     -0.374     -0.354      0.057     -1.792      0.262     -0.120      0.541      0.262      0.000      0.000      0.000      1.000      0.000      0.500      1.000      0.000      0.000      0.000      0.000 91716952
     3.000      2.000      0.351     -0.998      0.776      0.588      0.547     -1.006      0.500      0.191     -0.465      0.192     -0.546      0.425      0.322     -0.551      0.274      0.105     -0.255     -0.274      1.000      0.000      0.000      0.000      1.000     -0.500      0.000      0.000      0.000      0.000      0.000 91716859
     3.000      2.000      1.075      1.189          *      1.068     -0.073      2.327     -0.500          *      0.035     -0.078     -0.087          *     -0.078     -0.170      0.036          *     -0.003      0.036      1.000      0.000      0.000      1.000      0.000     -0.500      0.000      0.000      0.000      0.000      0.000 91881972
     3.000      2.000      0.171      0.420     -0.203      0.809      0.336      3.077     -0.500     -0.531     -0.965      0.058      0.141     -0.068      0.272      1.035     -0.168     -0.178     -0.325     -0.168      0.000      0.000      0.000      1.000      1.000     -0.500      0.000      0.000      0.000      0.000      0.000 94576994
     1.000      0.000     -0.743      0.772     -2.369     -0.827      0.512     -0.340     -0.500      0.350          *     -0.380      0.396     -1.213     -0.424     -0.174     -0.256      0.179          *     -0.256      0.000      0.000      0.000      1.000      1.000     -0.500      1.000      0.000      0.000      1.000      0.000 97506492
     2.000      2.000      0.918     -0.403      0.284      0.809      0.082     -0.173     -0.500     -1.572      0.035      0.076     -0.033      0.023      0.067     -0.014     -0.041     -0.129      0.003      0.041      1.000      0.000      0.000      0.000      1.000      0.500      0.000      0.000      0.000      0.000      1.000 90500854
     3.000      1.000      0.303     -0.998      0.298      0.551      0.422     -0.423     -0.500     -0.966      0.035      0.128     -0.422      0.126      0.233     -0.179     -0.211     -0.408      0.015     -0.211      1.000      1.000      0.000      0.000      1.000     -0.500      0.000      1.000      0.000      0.000      0.000 94636953
     2.000      2.000     -0.412      2.865     -0.689      0.367      0.694      0.160     -0.500     -0.145     -1.965     -0.286      1.988     -0.478      0.255      0.111     -0.347     -0.101     -1.364     -0.347      1.000      0.000      0.000      0.000      1.000     -0.500      0.000      0.000      0.000      0.000      1.000 96506597
     3.000      0.000     -2.709      1.785     -0.676      0.330      1.623     -1.423      0.500      0.747      0.035     -4.395      2.896     -1.097      0.535     -2.309      0.811      1.212      0.056     -0.811      0.000      0.000      0.000      1.000      0.000     -0.500      1.000      0.000      0.000      0.000      0.000 96574587
     3.000      1.000      1.168     -0.686      1.004      1.030     -0.936      1.160      0.500      0.568          *     -1.093      0.642     -0.939     -0.964     -1.086     -0.468     -0.532          *      0.468      0.000      0.000      0.000      1.000      1.000     -0.500      0.000      1.000      0.000      0.000      0.000 90506398
     3.000      1.000          *     -0.998      1.239      1.068     -2.057      2.910     -0.500      0.420          *          *      2.054     -2.549     -2.197     -5.986      1.028     -0.864          *      1.028      0.000      0.000      0.000      1.000      1.000     -0.500      0.000      1.000      0.000      0.000      0.000 93573505
     3.000      1.000      1.064     -0.998      0.498      0.448      0.302      1.327     -0.500      0.643      1.035      0.321     -0.301      0.150      0.135      0.401     -0.151      0.194      0.312     -0.151      1.000      0.000      0.000      0.000      1.000     -0.500      0.000      1.000      0.000      0.000      0.000 90576594
     3.000      2.000      0.195     -0.888      0.753      1.030     -2.317     -3.840     -0.500      0.350      1.535     -0.453      2.058     -1.746     -2.388      8.898      1.159     -0.810     -3.556      1.159      1.000      1.000      0.000      0.000      0.000     -0.500      0.000      0.000      0.000      0.000      0.000 91786978
     3.000      1.000      0.188      1.263      0.011      0.462     -1.589      0.910      0.500          *      0.035     -0.299     -2.007     -0.017     -0.735     -1.446     -0.794          *     -0.055      0.794      1.000      0.000      0.000      0.000      1.000     -0.500      0.000      1.000      0.000      0.000      0.000 92574140
     3.000      1.000      0.906      0.936      1.245      0.809      1.813     -0.756      0.500     -1.061     -1.465      1.643      1.697      2.257      1.468     -1.371      0.907     -1.925     -2.657     -0.907      1.000      0.000      0.000      0.000      1.000     -0.500      0.000      1.000      0.000      0.000      0.000 97570558
     3.000      2.000     -1.142      1.729     -0.686      0.809      0.269      0.327      0.500      1.346     -1.465     -0.307      0.465     -0.184      0.218      0.088      0.134      0.362     -0.394     -0.134      1.000      0.000      0.000      0.000      0.000     -0.500      0.000      0.000      0.000      0.000      0.000 94506498
     3.000      0.000     -0.950     -0.998     -0.425      0.330     -0.666      1.910     -0.500      0.826     -0.465      0.632      0.665      0.283     -0.220     -1.272      0.333     -0.550      0.310      0.333      0.000      0.000      0.000      1.000      1.000     -0.500      1.000      0.000      0.000      0.000      0.000 90574125
     3.000      1.000      0.043     -0.273     -1.905     -1.929      0.260     -3.006      0.500          *     -2.965      0.011     -0.071     -0.494     -0.501     -0.780      0.130          *     -0.770     -0.130          *          *          *          *      1.000     -0.500      0.000      1.000      0.000      0.000      0.000 92713402
     3.000      1.000     -0.143     -0.715     -0.918     -0.496     -0.134      2.494      0.500          *     -1.965      0.019      0.096      0.123      0.067     -0.334     -0.067          *      0.263      0.067      0.000      0.000      0.000      1.000      1.000     -0.500      0.000      1.000      0.000      0.000      0.000 93570571
     1.000      2.000     -1.308      0.772     -0.425      0.551     -1.321     -2.090     -0.500      0.070      0.535      1.728     -1.020      0.561     -0.728      2.760      0.661     -0.093     -0.706      0.661      0.000      0.000      0.000      1.000      1.000     -0.500      0.000      0.000      0.000      1.000      0.000 91588965
     3.000      0.000      0.080      1.293      0.776      1.068     -0.391     -0.423     -0.500          *     -1.965     -0.031     -0.506     -0.304     -0.418      0.165      0.196          *      0.769     -0.196      0.000      0.000      0.000      1.000      1.000      0.500      1.000      0.000      0.000      0.000      0.000 95886993
     3.000      2.000      0.016      0.212      0.527      1.289     -0.778     -0.923      0.500          *      2.535     -0.012     -0.165     -0.410     -1.003      0.718     -0.389          *     -1.971      0.389      1.000      0.000      0.000      0.000      1.000     -0.500      0.000      0.000      0.000      0.000      0.000 96619869
     3.000      2.000      0.537      1.700      0.511      0.809     -1.852      1.910     -0.500      0.465      0.035     -0.995     -3.149     -0.947     -1.499     -3.539      0.926     -0.861     -0.064      0.926      0.000      0.000      1.000      1.000      1.000     -0.500      0.000      0.000      0.000      0.000      0.000 91576498
     2.000      0.000          *      0.828      0.015     -2.572      0.540      0.577      0.500     -0.106          *          *      0.448      0.008     -1.390      0.312      0.270     -0.057          *     -0.270      0.000      0.000      0.000      1.000      1.000     -0.500      1.000      0.000      0.000      0.000      1.000 95503304
     3.000      2.000      0.740     -0.686      1.477      1.289      0.795     -3.590      0.500      2.693     -0.965      0.588     -0.545      1.173      1.024     -2.852      0.397      2.140     -0.767      0.397      1.000      0.000      0.000      0.000      1.000      0.500      0.000      0.000      0.000      0.000      0.000 20540757
     3.000      2.000      1.134     -0.051     -0.207      0.551      0.853     -1.006      0.500          *      1.035      0.967     -0.043     -0.177      0.470     -0.858      0.426          *      0.882      0.426      0.000      0.000      0.000      1.000      1.000      0.500      0.000      0.000      0.000      0.000      0.000 92676028
     3.000      2.000      0.440     -0.998     -0.671      1.068     -1.632      0.244      0.500      1.472      1.535     -0.719      1.629      1.095     -1.743     -0.398     -0.816     -2.403     -2.504      0.816      1.000      0.000      0.000      0.000      0.000     -0.500      0.000      0.000      0.000      0.000      0.000 96506235
     3.000      2.000      0.514      0.388      0.034      0.006     -0.137     -0.923     -0.500     -0.879     -1.965     -0.070     -0.053     -0.005     -0.001      0.126      0.068      0.120      0.269     -0.068      0.000      0.000      0.000      1.000      1.000      0.500      0.000      0.000      0.000      0.000      0.000 98500752
     1.000      0.000      1.025     -0.998      1.500      0.037     -0.085     -1.423     -0.500     -0.145     -1.965     -0.088      0.085     -0.128     -0.003      0.121      0.043      0.012      0.168      0.043      0.000      0.000      0.000      1.000      1.000     -0.500      1.000      0.000      0.000      1.000      0.000 90576327
     3.000      2.000     -1.016      0.565          *      1.289     -0.348      0.077      0.500     -0.966     -1.965      0.354     -0.197          *     -0.449     -0.027     -0.174      0.337      0.685     -0.174      0.000      0.000      0.000      1.000      1.000      0.500      0.000      0.000      0.000      0.000      0.000 98570618
     3.000      0.000      1.064      1.888     -0.675     -0.529     -1.060      0.160     -0.500     -0.531     -1.465     -1.128     -2.001      0.716      0.560     -0.170      0.530      0.563      1.553      0.530      0.000      0.000      0.000      1.000      1.000     -0.500      1.000      0.000      0.000      0.000      0.000 98576293
     1.000      2.000     -3.280      0.183     -0.667      0.330     -0.897      0.994      0.500          *     -0.965      2.940     -0.164      0.598     -0.296     -0.891     -0.448          *      0.866     -0.448      1.000      0.000      0.000      0.000      0.000      0.500      0.000      0.000      0.000      1.000      0.000 94676257
     3.000      1.000     -0.164     -0.998     -0.950     -2.093     -1.103      2.077      0.500          *     -1.465      0.181      1.101      1.048      2.308     -2.291     -0.551          *      1.616      0.551      0.000      0.000      0.000      1.000      1.000     -0.500      0.000      1.000      0.000      0.000      0.000 95506293
     3.000      0.000      1.202     -0.374     -1.385      1.030      0.225     -0.340     -0.500      1.090      0.035      0.271     -0.084     -0.312      0.232     -0.077     -0.113      0.246      0.008      0.113      0.000      0.000      0.000      1.000      1.000      0.500      1.000      0.000      0.000      0.000      0.000 91584987
     3.000      0.000     -1.875     -0.993      0.271      1.030     -0.342      1.077     -0.500     -0.068     -1.965      0.642      0.340     -0.093     -0.353     -0.369      0.171      0.023      0.673      0.171      0.000      0.000      0.000      1.000      1.000     -0.500      1.000      0.000      0.000      0.000      0.000 98573305
     3.000      1.000      1.134      1.452      0.999     -0.529      0.117      2.660      0.500      0.350      2.035      0.132      0.169      0.117     -0.062      0.310      0.058      0.041      0.237      0.058      1.000      0.000      0.000      0.000      0.000      0.500      0.000      1.000      0.000      0.000      0.000 99571505
     3.000      2.000      0.117     -0.998      0.526      0.462      1.041     -1.173      0.500      0.643      1.035      0.122     -1.039      0.547      0.481     -1.221      0.520      0.670      1.077     -0.520      0.000      0.000      0.000      1.000      1.000     -0.500      0.000      0.000      0.000      0.000      0.000 93315182
     2.000      2.000     -0.293     -0.458     -0.879     -1.229      0.631     -3.340      0.500          *      1.035     -0.185     -0.289     -0.554     -0.775     -2.106      0.315          *      0.652     -0.315      0.000      1.000      0.000      0.000      1.000     -0.500      0.000      0.000      0.000      0.000      1.000 91886937
     1.000      0.000     -0.537      1.619      0.289      1.030     -0.891     -1.173     -0.500     -1.754          *      0.478     -1.442     -0.258     -0.918      1.044      0.445      1.562          *     -0.445      0.000      0.000      0.000      1.000      1.000      0.500      1.000      0.000      0.000      1.000      0.000 17196641
     3.000      2.000     -0.111     -0.458      0.284     -0.976      0.168     -0.506     -0.500      1.031      2.535     -0.019     -0.077      0.048     -0.163     -0.085     -0.084      0.173      0.425     -0.084      0.000      0.000      0.000      1.000      1.000     -0.500      0.000      0.000      0.000      0.000      0.000 90674000
     3.000      0.000     -0.649      0.545     -0.931      0.772      1.833      0.160      0.500      0.003     -0.965     -1.189      0.998     -1.707      1.415      0.294      0.917      0.006     -1.770     -0.917      0.000      0.000      0.000      1.000      1.000     -0.500      1.000      0.000      0.000      0.000      0.000 96574011
     3.000      1.000     -0.021     -0.998     -0.221      0.147     -1.915      0.577      0.500          *     -1.965      0.041      1.912      0.423     -0.281     -1.105     -0.958          *      3.764      0.958      0.000      0.000      0.000      1.000      1.000     -0.500      0.000      1.000      0.000      0.000      0.000 94506095
     3.000      2.000      0.473      0.212      1.741     -0.017     -0.142     -1.173      0.500     -0.966     -0.965     -0.067     -0.030     -0.247      0.002      0.167     -0.071      0.137      0.137     -0.071      0.000      1.000      0.000      0.000      1.000      0.500      0.000      0.000      0.000      0.000      0.000 91577989
     3.000      2.000     -0.624     -0.403     -1.896     -0.038     -0.188      0.910      0.500      0.779      0.535      0.118      0.076      0.357      0.007     -0.171     -0.094     -0.147     -0.101      0.094      0.000      0.000      0.000      1.000      1.000     -0.500      0.000      0.000      0.000      0.000      0.000 92604445
     3.000      2.000     -0.357      1.471     -1.163      0.772      1.197     -1.590      0.500      0.274      2.035     -0.428      1.760     -1.391      0.924     -1.902      0.598      0.327      2.434      0.598      0.000      0.000      0.000      1.000          *      0.500      0.000      0.000      0.000      0.000      0.000 91585905
     3.000      2.000      0.484     -0.998      0.297      1.068     -0.364      1.660     -0.500     -0.368      0.035     -0.176      0.363     -0.108     -0.388     -0.604      0.182      0.134     -0.013     -0.182      0.000      0.000      0.000      1.000      1.000      0.500      0.000      0.000      0.000      0.000      0.000 91506395
     3.000      1.000     -1.728     -0.998     -0.435     -0.606      0.148     -0.923     -0.500     -1.167      1.035     -0.256     -0.148     -0.064     -0.090     -0.137     -0.074     -0.173      0.153      0.074      0.000      0.000      0.000      1.000      1.000      0.500      0.000      1.000      0.000      0.000      0.000 90577483
     3.000      1.000      0.021     -0.998      0.034     -0.750     -1.759     -1.340     -0.500     -0.068     -1.965     -0.036      1.756     -0.059      1.318      2.356      0.879      0.120      3.456      0.879      0.000      0.000      0.000      1.000      1.000     -0.500      0.000      1.000      0.000      0.000      0.000 91884900
     3.000      2.000     -0.006          *      1.003     -0.069      0.631     -1.673      0.500     -0.474     -0.965     -0.003          *      0.633     -0.043     -1.056      0.315     -0.299     -0.609     -0.315      0.000      0.000      0.000      1.000      1.000     -0.500      0.000      0.000      0.000      0.000      0.000 91880968
     3.000      1.000      0.915      1.605     -0.944     -0.149      1.159      0.160     -0.500     -0.145      1.035      1.060      1.861     -1.095     -0.173      0.186     -0.580     -0.168      1.199     -0.580      1.000      0.000      0.000      0.000      1.000     -0.500      0.000      1.000      0.000      0.000      0.000 91571871
     3.000      2.000      0.512     -0.146      0.999      1.289      0.863      1.410     -0.500     -0.419     -1.965      0.441     -0.126      0.861      1.112      1.217     -0.431     -0.362     -1.695     -0.431      0.000      0.000      0.000      1.000      1.000     -0.500      0.000      0.000      0.000      0.000      0.000 94593104
     1.000      0.000      0.400      1.674      1.268      1.068     -0.685     -0.256      0.500     -0.319     -1.465     -0.274     -1.146     -0.868     -0.731      0.175     -0.342      0.219      1.003      0.342      1.000      0.000      0.000      0.000      1.000     -0.500      1.000      0.000      0.000      1.000      0.000 92506192
     3.000      0.000     -0.532      0.311     -0.180     -0.640      1.787      0.244      0.500      0.003      0.035     -0.951      0.555     -0.322     -1.143      0.436      0.893      0.006      0.062      0.893      0.000      0.000      0.000      1.000      1.000      0.500      1.000      0.000      0.000      0.000      0.000 95573002
     3.000      2.000     -0.170      1.368      0.280      0.551      0.695     -1.506      0.500      0.162      2.035     -0.118      0.950      0.194      0.383     -1.046      0.347      0.113      1.413     -0.347      0.000      0.000      1.000      0.000      0.000     -0.500      0.000      0.000      0.000      0.000      0.000 94710685
     3.000      2.000      0.534     -0.403      0.298      0.385     -0.355     -0.590     -0.500      0.420      0.035     -0.189      0.143     -0.106     -0.136      0.209      0.177     -0.149     -0.012      0.177      1.000      0.000      0.000      0.000      0.000     -0.500      0.000      0.000      0.000      0.000      0.000 95578320
     0.000      0.000     -0.884      3.405     -1.892      1.068      1.214      1.827     -0.500      0.747      1.535     -1.073      4.135     -2.297      1.297      2.219     -0.607      0.907      1.863     -0.607      0.000      0.000      0.000      1.000      1.000     -0.500      1.000      0.000      1.000      0.000      0.000 98576095
     3.000      2.000     -2.426     -0.715     -0.941      0.809     -1.121      0.327      0.500     -0.068      0.035      2.719      0.802      1.055     -0.907     -0.367     -0.560      0.076     -0.039     -0.560      1.000      0.000      0.000      0.000      1.000      0.500      0.000      0.000      0.000      0.000      0.000 96586994
     3.000      1.000     -0.595     -0.998      1.727      0.588     -0.065      0.744      0.500     -0.186     -1.965      0.039      0.065     -0.112     -0.038     -0.048     -0.032      0.012      0.128      0.032      0.000      0.000      0.000      1.000      1.000     -0.500      0.000      1.000      0.000      0.000      0.000 90506894
     3.000      2.000     -0.146     -0.715      0.292     -1.558     -0.242     -0.756     -0.500          *      0.035      0.035      0.173     -0.071      0.377      0.183      0.121          *     -0.008     -0.121      1.000      0.000      0.000      0.000      1.000      0.500      0.000      0.000      0.000      0.000      0.000 96590952
     3.000      1.000     -0.570     -0.998      0.526      0.847      0.130      1.994     -0.500      0.643      2.535     -0.074     -0.130      0.068      0.110      0.259     -0.065      0.084      0.329     -0.065      1.000      0.000      0.000      0.000      1.000     -0.500      0.000      1.000      0.000      0.000      0.000 96576259
     3.000      0.000     -2.284     -0.686      0.994      0.054      0.593     -2.256      0.500          *      0.035     -1.354     -0.407      0.590      0.032     -1.338      0.296          *      0.020      0.296      1.000      0.000      0.000      0.000      1.000      0.500      1.000      0.000      0.000      0.000      0.000 96719274
     1.000      0.000      0.134      0.109      1.253      0.330      0.227     -0.923      0.500      0.465      0.035      0.030      0.025      0.285      0.075     -0.210      0.114      0.106      0.008     -0.114      1.000      0.000      0.000      0.000      0.000     -0.500      1.000      0.000      0.000      1.000      0.000 99716420
     3.000      2.000      1.134      0.137      1.727      1.068      0.492     -3.090     -0.500     -0.966     -1.965      0.559      0.068      0.850      0.526     -1.521     -0.246     -0.476     -0.968      0.246      0.000      0.000      0.000      1.000      1.000      0.500      0.000      0.000      0.000      0.000      0.000 91580978
     3.000      2.000     -0.500     -0.149     -0.225     -0.602      0.638      2.660     -0.500          *      1.035     -0.319     -0.095     -0.144     -0.384      1.697     -0.319          *      0.660     -0.319      0.000      0.000      0.000      1.000      1.000     -0.500      0.000      0.000      0.000      0.000      0.000 92674249
     3.000      0.000      0.662     -0.100     -0.704      1.030      1.365     -1.923      0.500     -0.591     -0.965      0.904     -0.137     -0.961      1.407     -2.625      0.683     -0.807     -1.318      0.683      1.000      1.000      0.000      0.000      1.000      0.500      1.000      0.000      0.000      0.000      0.000 91570523
     1.000      2.000      0.612      0.414      0.526      0.809     -1.046     -1.090     -0.500          *      2.535     -0.641     -0.433     -0.550     -0.846      1.139      0.523          *     -2.651      0.523      0.000      0.000      0.000      1.000      1.000     -0.500      0.000      0.000      0.000      1.000      0.000 91884909
     3.000      2.000      0.304      0.886     -0.188      0.551      0.004      0.744      0.500      0.826      1.035      0.001      0.004     -0.001      0.002      0.003      0.002      0.004      0.004      0.002      1.000      0.000      0.000      0.000      1.000      0.500      0.000      0.000      0.000      0.000      0.000 94504129
     3.000      2.000      0.233     -0.998      0.284      0.809     -1.810      2.410     -0.500      0.568     -0.965     -0.422      1.807     -0.514     -1.465     -4.363      0.905     -1.028      1.747      0.905      0.000      0.000      0.000      1.000      1.000     -0.500      0.000      0.000      0.000      0.000      0.000 94576591
     3.000      1.000      0.638     -0.686     -0.398     -1.487     -0.419      2.577      0.500          *      0.535     -0.268      0.288      0.167      0.624     -1.081     -0.210          *     -0.224      0.210      0.000      0.000      0.000      1.000      1.000     -0.500      0.000      1.000      0.000      0.000      0.000 96506124
     3.000      0.000      0.763      0.232     -0.939     -0.640      0.220     -0.173      0.500          *      3.035      0.168      0.051     -0.206     -0.140     -0.038      0.110          *      0.666     -0.110      0.000      0.000      1.000      0.000      0.000     -0.500      1.000      0.000      0.000      0.000      0.000 99676959
     3.000      2.000      0.271      0.475      1.004      1.068      0.324      1.244     -0.500      0.967      0.535      0.088      0.154      0.325      0.346      0.403     -0.162      0.313      0.173     -0.162      1.000      0.000      0.000      0.000      1.000     -0.500      0.000      0.000      0.000      0.000      0.000 94624971
     3.000      2.000      0.627      0.788      0.818     -1.487     -0.175      1.494      0.500      0.568      0.035     -0.110     -0.138     -0.143      0.260     -0.261     -0.087     -0.099     -0.006      0.087      0.000      0.000      0.000      1.000      1.000     -0.500      0.000      0.000      0.000      0.000      0.000 94544180
     3.000      1.000      0.312     -0.998      0.526      0.551     -0.302      2.577      0.500     -0.799     -1.965     -0.094      0.301     -0.159     -0.166     -0.777     -0.151      0.241      0.593      0.151      1.000      0.000      0.000      0.000      1.000     -0.500      0.000      1.000      0.000      0.000      0.000 90573700
     3.000      2.000     -0.852     -0.998      1.272      0.109     -1.138      2.160      0.500      0.350     -0.465      0.970      1.136     -1.448     -0.124     -2.459     -0.569     -0.398      0.530      0.569      0.000      0.000      0.000      1.000      1.000     -0.500      0.000      0.000      0.000      0.000      0.000 91546990
     3.000      2.000      1.050     -0.458      1.258     -0.259     -0.238      2.410     -0.500      0.465      0.535     -0.250      0.109     -0.300      0.062     -0.575      0.119     -0.111     -0.127      0.119      1.000      0.000      0.000      0.000      1.000     -0.500      0.000      0.000      0.000      0.000      0.000 96506022
     2.000      2.000      0.896      0.703      0.767      0.847      0.730     -3.256      0.500      0.220      2.035      0.654      0.513      0.560      0.618     -2.376      0.365      0.160      1.485     -0.365      1.000      0.000      0.000      0.000      1.000     -0.500      0.000      0.000      0.000      0.000      1.000 97716901
     2.000      2.000     -1.704      1.036     -0.657     -1.918      0.444     -2.006      0.500      0.247     -0.465     -0.757      0.460     -0.292     -0.852     -0.891      0.222      0.110     -0.207     -0.222      0.000      0.000      0.000      1.000      1.000     -0.500      0.000      0.000      0.000      0.000      1.000 91716287
     0.000      0.000     -0.134      1.785     -0.690     -1.197      0.114     -0.506     -0.500          *     -0.965     -0.015      0.203     -0.078     -0.136     -0.058     -0.057          *     -0.110      0.057      0.000      1.000      0.000      0.000      1.000      0.500      1.000      0.000      1.000      0.000      0.000 91572320
     3.000      1.000      0.499     -0.998     -1.649      0.147      1.028      0.244      0.500     -0.319          *      0.513     -1.026     -1.694      0.151      0.251      0.514     -0.328          *      0.514      0.000      0.000      0.000      1.000      1.000      0.500      0.000      1.000      0.000      0.000      0.000 97574436
     3.000      2.000     -0.021      0.232      0.275     -0.001     -0.113     -0.673      0.500     -0.319     -1.465      0.002     -0.026     -0.031      0.000      0.076     -0.056      0.036      0.165      0.056      0.000      0.000      0.000      1.000      1.000     -0.500      0.000      0.000      0.000      0.000      0.000 92506520
     3.000      1.000     -1.002      0.857      0.782     -0.513     -0.891      0.910     -0.500     -1.284     -1.965      0.893     -0.764     -0.697      0.458     -0.811      0.446      1.145      1.751      0.446      1.000      0.000      0.000      0.000      1.000     -0.500      0.000      1.000      0.000      0.000      0.000 95500370
     3.000      1.000      0.233     -0.998     -0.203      0.588     -0.431     -0.173     -0.500          *          *     -0.100      0.430      0.087     -0.254      0.075      0.216          *          *      0.216      1.000      0.000      0.000      1.000      1.000     -0.500      0.000      1.000      0.000      0.000      0.000 95506593
     1.000      0.000     -0.969      0.232     -0.439      0.551      1.263      1.494     -0.500      0.350     -0.965     -1.224      0.293     -0.554      0.696      1.886     -0.631      0.441     -1.219     -0.631      0.000      0.000      0.000      1.000      1.000     -0.500      1.000      0.000      0.000      1.000      0.000 11316958
     3.000      2.000     -1.118     -0.071      0.289     -1.234     -0.495      1.744      0.500          *      0.035      0.553      0.035     -0.143      0.611     -0.863     -0.247          *     -0.017      0.247      0.000      0.000      0.000      1.000      1.000     -0.500      0.000      0.000      0.000      0.000      0.000 90574505
     3.000      1.000     -0.831     -0.998      0.526     -0.370     -0.552     -0.673     -0.500          *      1.535      0.458      0.551     -0.290      0.204      0.371      0.276          *     -0.846      0.276      0.000      0.000      1.000      0.000      0.000     -0.500      0.000      1.000      0.000      0.000      0.000 57231603
     3.000      1.000     -0.971      1.684      0.266      0.330      0.293     -0.756      0.500     -0.145      0.035     -0.285      0.494      0.078      0.097     -0.222      0.147     -0.043      0.010      0.147      0.000      0.000      0.000      1.000      1.000      0.500      0.000      1.000      0.000      0.000      0.000 91546223
     1.000      0.000      1.168     -0.071     -0.203      1.068     -0.134     -0.673      0.500      0.247      0.035     -0.157      0.009      0.027     -0.143      0.090     -0.067     -0.033     -0.005      0.067      0.000      0.000      0.000      1.000      1.000     -0.500      1.000      0.000      0.000      1.000      0.000 99574415
     3.000      1.000      0.537     -0.998      0.507     -0.583      1.248      1.744     -0.500      0.070     -1.965      0.670     -1.246      0.632     -0.728      2.176     -0.624      0.087     -2.452     -0.624      0.000      0.000      0.000      1.000      1.000     -0.500      0.000      1.000      0.000      0.000      0.000 97576893
     3.000      2.000      0.083     -0.998      0.730     -0.971     -0.893     -2.673     -0.500      0.993      3.035     -0.074      0.891     -0.652      0.867      2.386      0.446     -0.886     -2.709      0.446      1.000      0.000      0.000      0.000      1.000     -0.500      0.000      0.000      0.000      0.000      0.000 90315399
     3.000      0.000     -0.726     -0.998      0.267      0.006      1.445      1.827      0.500      1.113      3.035     -1.048     -1.442      0.385      0.009      2.640      0.722      1.609      4.384     -0.722      0.000      0.000      0.000      1.000      1.000     -0.500      1.000      0.000      0.000      0.000      0.000 13715895
     3.000      2.000      0.763          *      0.768      0.293      0.299     -0.923     -0.500          *          *      0.228          *      0.229      0.087     -0.276     -0.149          *          *     -0.149      1.000      0.000      0.000      0.000      1.000     -0.500      0.000      0.000      0.000      0.000      0.000 94571877
     3.000      0.000     -0.763      0.475          *      0.109      1.805      1.494      0.500          *      0.035     -1.376      0.858          *      0.197      2.696      0.903          *      0.062     -0.903      1.000      0.000      0.000      0.000      1.000     -0.500      1.000      0.000      0.000      0.000      0.000 91884948
     3.000      2.000     -0.420     -0.715          *     -0.275     -0.590      2.577      0.500      0.350     -0.965      0.248      0.422          *      0.163     -1.521     -0.295     -0.206      0.570     -0.295      0.000      0.000      0.000      1.000      1.000      0.500      0.000      0.000      0.000      0.000      0.000 91884985
     3.000      0.000      0.093      1.502     -0.926     -0.419     -2.029     -1.090     -0.500      0.587      0.035     -0.188     -3.047      1.879      0.849      2.211      1.015     -1.192     -0.070      1.015      1.000      0.000      0.000      0.000      0.000     -0.500      1.000      0.000      0.000      0.000      0.000 99674341
     3.000      2.000      0.373     -0.432      1.013     -0.790      0.660     -1.756     -0.500          *     -1.965      0.247     -0.285      0.669     -0.522     -1.160     -0.330          *     -1.298     -0.330      0.000      0.000      0.000      1.000      1.000     -0.500      0.000      0.000      0.000      0.000      0.000 97710316
     3.000      1.000      0.475     -0.998      0.534     -0.694     -0.528      2.744      0.500     -0.186     -1.965     -0.251      0.527     -0.282      0.366     -1.448     -0.264      0.098      1.037      0.264      1.000      0.000      0.000      0.000      1.000     -0.500      0.000      1.000      0.000      0.000      0.000 91880959
     3.000      2.000      0.539      0.420      0.512      0.367     -1.583      0.160     -0.500      0.967      0.535     -0.852     -0.665     -0.810     -0.582     -0.254      0.791     -1.530     -0.846      0.791      1.000      0.000      0.000      0.000      1.000     -0.500      0.000      0.000      0.000      0.000      0.000 97576498
     3.000      2.000      1.075     -0.126      1.007     -2.138      1.626     -4.006     -0.500     -0.228     -0.965      1.748     -0.205      1.638     -3.477     -6.515     -0.813     -0.371     -1.570     -0.813      0.000      0.000      0.000      1.000      1.000     -0.500      0.000      0.000      0.000      0.000      0.000 91880950
     3.000      1.000     -0.399     -0.715     -0.935      0.034      0.275      1.077     -0.500          *     -1.465     -0.110     -0.197     -0.257      0.009      0.296     -0.137          *     -0.403     -0.137      0.000      0.000      0.000      1.000      1.000     -0.500      0.000      1.000      0.000      0.000      0.000 98508561
     3.000      1.000     -0.189      1.902          *      0.772      0.593      0.577     -0.500      0.548      0.035     -0.112      1.128          *      0.458      0.342     -0.296      0.325      0.020     -0.296      0.000      0.000      0.000      1.000      1.000     -0.500      0.000      1.000      0.000      0.000      0.000 99886992
     3.000      2.000      0.346     -0.998     -0.203      1.030     -0.544     -0.840      0.500      0.747      0.535     -0.189      0.544      0.110     -0.561      0.457     -0.272     -0.407     -0.291      0.272      0.000      0.000      0.000      1.000      1.000     -0.500      0.000      0.000      0.000      0.000      0.000 94576793
     1.000      0.000      0.948     -0.998      0.317     -0.259      1.510     -1.840     -0.500      0.070      0.035      1.431     -1.507      0.479     -0.392     -2.777     -0.755      0.106      0.052      0.755      0.000      0.000      0.000      1.000      1.000      0.500      1.000      0.000      0.000      1.000      0.000 95715936
     3.000      2.000      0.234     -0.998      0.270     -0.362     -0.591      1.244     -0.500      0.606      0.035     -0.138      0.590     -0.160      0.214     -0.735      0.296     -0.359     -0.020      0.296      1.000      0.000      0.000      0.000      1.000     -0.500      0.000      0.000      0.000      0.000      0.000 90574085
     1.000      2.000      0.899     -0.998      0.753      0.809      0.148     -2.506     -0.500     -0.068     -0.465      0.133     -0.148      0.111      0.120     -0.371     -0.074     -0.010     -0.069     -0.074      1.000      0.000      0.000      0.000      1.000     -0.500      0.000      0.000      0.000      1.000      0.000 99500927
     3.000      1.000      0.951     -0.998      0.049      0.818      0.122     -3.756     -0.500      0.568      1.535      0.116     -0.122      0.006      0.100     -0.460     -0.061      0.070      0.188     -0.061      1.000      0.000      0.000      0.000      0.000     -0.500      0.000      1.000      0.000      0.000      0.000 93574207
     3.000      1.000     -1.913     -0.715     -1.872     -0.463     -0.537      1.910      0.500      0.747      0.035      1.027      0.384      1.005      0.249     -1.026     -0.268     -0.401     -0.019      0.268      1.000      0.000      0.000      0.000      1.000     -0.500      0.000      1.000      0.000      0.000      0.000 97506792
     3.000      2.000     -0.970      0.782     -0.425     -3.175      0.055     -0.923      0.500      0.070     -1.465     -0.053      0.043     -0.023     -0.175     -0.051      0.028      0.004     -0.081     -0.028      0.000      0.000      0.000      1.000      1.000     -0.500      0.000      0.000      0.000      0.000      0.000 96886996
     3.000      2.000      0.699      1.348     -0.211      0.809     -0.159     -2.423     -0.500          *      0.035     -0.111     -0.215      0.034     -0.129      0.386      0.080          *     -0.006      0.080      1.000      0.000      0.000      0.000      1.000     -0.500      0.000      0.000      0.000      0.000      0.000 97712291
     3.000      1.000      0.074     -0.998      0.493      0.385     -1.580      0.660      0.500          *     -1.965     -0.117      1.578     -0.779     -0.608     -1.044     -0.790          *      3.106     -0.790      1.000      0.000      0.000      0.000      1.000      0.500      0.000      1.000      0.000      0.000      0.000 93506497
     3.000      2.000      1.168      0.163      0.029      1.068     -0.439      2.077      0.500      0.747      0.535     -0.513     -0.072     -0.013     -0.469     -0.911     -0.219     -0.328     -0.235      0.219      0.000      0.000      0.000      1.000      1.000     -0.500      0.000      0.000      0.000      0.000      0.000 98506790
     3.000      1.000      1.134     -0.715      0.771     -1.229     -0.482      0.494     -0.500     -0.591     -1.965     -0.546      0.345     -0.372      0.592     -0.238      0.241      0.285      0.947     -0.241      0.000      0.000      0.000      1.000      1.000      0.500      0.000      1.000      0.000      0.000      0.000 95573802
     3.000      0.000      0.054     -0.146      0.062     -1.450      2.254     -2.673      0.500      0.643      2.035      0.123     -0.329      0.140     -3.269     -6.025      1.127      1.450      4.587     -1.127      1.000      1.000      0.000      0.000      0.000     -0.500      1.000      0.000      0.000      0.000      0.000 95716983
     1.000      1.000     -0.004     -0.120      0.284     -0.496      0.375      2.244      0.500     -0.799     -1.465     -0.001     -0.045      0.106     -0.186      0.841      0.187     -0.299     -0.549     -0.187      0.000      0.000      0.000      1.000      1.000     -0.500      0.000      1.000      0.000      1.000      0.000 99576395
     3.000      0.000      0.233      2.325     -0.165     -0.842      0.550      2.327     -0.500      0.625      0.535      0.128      1.278     -0.091     -0.463      1.280     -0.275      0.344      0.294     -0.275      1.000      0.000      0.000      0.000      1.000     -0.500      1.000      0.000      0.000      0.000      0.000 98575803
     2.000      0.000     -0.452      1.785     -0.889     -1.048      0.921      0.660     -0.500      0.899     -0.965     -0.416      1.644     -0.819     -0.966      0.608     -0.461      0.828     -0.889     -0.461      1.000      0.000      0.000      0.000      1.000     -0.500      1.000      0.000      0.000      0.000      1.000 91570855
     1.000      0.000     -3.559      2.839     -2.641      0.072      1.107      1.244     -0.500      0.980      0.035     -3.940      3.142     -2.923      0.079      1.377     -0.553      1.084      0.038      0.553      1.000      0.000      0.000      0.000      0.000      0.500      1.000      0.000      0.000      1.000      0.000 90578149
     2.000      2.000     -1.752      1.273     -3.579     -2.831     -0.100      0.244     -0.500          *     -1.965      0.174     -0.127      0.356      0.282     -0.024      0.050          *      0.196     -0.050      1.000      0.000      0.000      0.000      1.000      0.500      0.000      0.000      0.000      0.000      1.000 14714942
     3.000      0.000      0.495     -0.715      1.504      0.367      0.999     -2.006     -0.500     -0.966     -0.965      0.494     -0.715      1.503      0.367     -2.005     -0.500     -0.965     -0.965     -0.500      1.000      0.000      0.000      0.000      1.000     -0.500      1.000      0.000      0.000      0.000      0.000 96710930
     3.000      2.000      0.365     -0.403      0.280     -1.487     -0.366      2.160      0.500      0.568      2.035     -0.134      0.147     -0.102      0.544     -0.790     -0.183     -0.208     -0.744      0.183      0.000      0.000      0.000      1.000      1.000     -0.500      0.000      0.000      0.000      0.000      0.000 96576097
     3.000      2.000      0.097     -0.071      0.299      0.809      0.116      0.744     -0.500          *          *      0.011     -0.008      0.035      0.094      0.086     -0.058          *          *     -0.058      1.000      0.000      0.000      0.000      1.000     -0.500      0.000      0.000      0.000      0.000      0.000 94506796
     3.000      2.000     -2.071     -0.432     -1.905      0.626      3.919     -0.090      0.500     -0.591          *     -8.117     -1.695     -7.465      2.453     -0.351      1.960     -2.318          *      1.960      1.000      0.000      0.000      0.000      1.000      0.500      0.000      0.000      0.000      0.000      0.000 91590950
     3.000      2.000      1.202     -0.998     -0.188      0.462      1.128      0.494      0.500          *      0.035      1.356     -1.126     -0.212      0.522      0.557      0.564          *      0.039      0.564      0.000      0.000      0.000      1.000      1.000      0.500      0.000      0.000      0.000      0.000      0.000 96507981
     2.000      0.000      0.716      1.660     -0.448      1.289      0.300     -3.006      0.500      0.003      1.035      0.215      0.498     -0.134      0.386     -0.901      0.150      0.001      0.310     -0.150      1.000      0.000      0.000      0.000      0.000     -0.500      1.000      0.000      0.000      0.000      1.000 92576542
     3.000      0.000     -3.673      1.785     -1.872     -0.297     -1.572      0.744     -0.500     -0.591          *      5.772     -2.805      2.943      0.467     -1.169      0.786      0.929          *     -0.786      1.000      0.000      0.000      1.000      1.000      0.500      1.000      0.000      0.000      0.000      0.000 93572228
     3.000      2.000     -0.038     -0.686      1.508      1.030      2.457      1.910      0.500          *     -0.965     -0.095     -1.686      3.706      2.532      4.694      1.229          *     -2.372     -1.229      0.000      0.000      0.000      1.000      1.000     -0.500      0.000      0.000      0.000      0.000      0.000 92506493
     2.000      0.000      0.348      0.808      0.048      1.289      0.170     -0.090      0.500      0.568     -0.965      0.059      0.138      0.008      0.220     -0.015      0.085      0.097     -0.164     -0.085      0.000      0.000      0.000      1.000      1.000     -0.500      1.000      0.000      0.000      0.000      1.000 93500619
     3.000      0.000      1.168     -0.374      1.485      0.227      1.315     -0.923     -0.500      0.465      1.535      1.536     -0.491      1.954      0.299     -1.214     -0.658      0.611      2.019     -0.658      0.000      0.000      0.000      1.000      1.000     -0.500      1.000      0.000      0.000      0.000      0.000 96586991
     3.000      2.000      0.233     -0.686      0.275      0.588      0.433     -0.006     -0.500     -1.167     -1.965      0.101     -0.297      0.119      0.255     -0.003     -0.216     -0.505     -0.850     -0.216      0.000      0.000      0.000      1.000      1.000     -0.500      0.000      0.000      0.000      0.000      0.000 96576493
     3.000      2.000     -0.293     -0.998      1.022      0.707      0.250     -2.340      0.500          *     -1.965     -0.073     -0.250      0.256      0.177     -0.586      0.125          *     -0.492     -0.125      1.000      0.000      0.000      0.000      1.000     -0.500      0.000      0.000      0.000      0.000      0.000 97716228
     3.000      2.000      1.097     -0.998     -0.667      0.552      2.141     -3.256      0.500     -1.167      0.035      2.348     -2.138     -1.427      1.181     -6.973      1.071     -2.498      0.074      1.071      0.000      0.000      0.000      1.000      1.000      0.500      0.000      0.000      0.000      0.000      0.000 91884925
     1.000      0.000      0.392      0.137      0.303      0.809      0.130     -1.756      0.500     -0.228          *      0.051      0.018      0.039      0.105     -0.229      0.065     -0.030          *      0.065      0.000      0.000      0.000      1.000      1.000      0.500      1.000      0.000      0.000      1.000      0.000 93716867
     2.000      0.000     -1.794      0.495     -0.170     -0.629      0.360     -0.340     -0.500      0.191      0.035     -0.646      0.178     -0.061     -0.227     -0.122     -0.180      0.069      0.012     -0.180      1.000      1.000      0.000      0.000      0.000     -0.500      1.000      0.000      0.000      0.000      1.000 94578442
     3.000      1.000      1.168     -0.175      1.727      0.006      1.545     -1.506      0.500     -0.368      0.535      1.804     -0.271      2.668      0.010     -2.327      0.772     -0.569      0.826     -0.772      0.000      1.000      0.000      0.000      1.000     -0.500      0.000      1.000      0.000      0.000      0.000 95710158
     3.000      2.000      0.728      0.232     -1.395     -0.621      0.638      1.910      0.500      1.169      0.035      0.465      0.148     -0.890     -0.396      1.218      0.319      0.745      0.022     -0.319      0.000      0.000      0.000      1.000      1.000     -0.500      0.000      0.000      0.000      0.000      0.000 96506498
     2.000      2.000     -1.766     -0.100     -0.931     -2.690     -0.013      1.910     -0.500          *      0.035      0.023      0.001      0.012      0.035     -0.025      0.007          *      0.000      0.007      0.000      0.000      0.000      1.000      1.000     -0.500      0.000      0.000      0.000      0.000      1.000 92576794
     3.000      2.000     -2.016     -0.998     -0.179      0.293      1.183     -0.423      0.500     -0.725      0.535     -2.385     -1.181     -0.212      0.346     -0.500      0.592     -0.858      0.632     -0.592      1.000      0.000      0.000      0.000      1.000     -0.500      0.000      0.000      0.000      0.000      0.000 92508767
     2.000      0.000      0.494      2.299          *      0.847      0.967     -0.256     -0.500     -0.591     -0.465      0.477      2.222          *      0.819     -0.248     -0.483     -0.572     -0.450     -0.483      1.000      0.000      0.000      0.000      1.000     -0.500      1.000      0.000      0.000      0.000      1.000 98576698
     2.000      0.000      0.915      1.210     -0.685     -1.229      1.628     -0.423     -0.500      0.220      1.035      1.490      1.970     -1.116     -2.001     -0.688     -0.814      0.357      1.684      0.814      1.000      0.000      0.000      0.000      1.000      0.500      1.000      0.000      0.000      0.000      1.000 91886911
     3.000      0.000     -0.097      0.186      0.025     -0.647      1.539     -2.506     -0.500      0.747      1.035     -0.149      0.287      0.038     -0.995     -3.856     -0.769      1.149      1.592     -0.769      1.000      0.000      0.000      0.000      0.000     -0.500      1.000      0.000      0.000      0.000      0.000 91880901
     3.000      2.000      0.756     -0.126      1.491      0.034      1.128      0.160     -0.500          *     -0.965      0.853     -0.142      1.682      0.038      0.181     -0.564          *     -1.089     -0.564      0.000      0.000      0.000      1.000      1.000     -0.500      0.000      0.000      0.000      0.000      0.000 97576691
     1.000      2.000     -1.387     -0.175      0.293     -0.898     -0.323     -2.840      0.500          *     -0.965      0.448      0.057     -0.095      0.290      0.917     -0.161          *      0.312      0.161      1.000      0.000      0.000      0.000      1.000     -0.500      0.000      0.000      0.000      1.000      0.000 96316453
     3.000      2.000      0.700     -0.715      0.776      0.220     -0.792     -1.256     -0.500     -3.364     -1.965     -0.554      0.567     -0.614     -0.174      0.995      0.396      2.664      1.557      0.396      0.000      0.000      0.000      1.000      1.000     -0.500      0.000      0.000      0.000      0.000      0.000 91886997
     3.000      1.000     -0.044     -0.686      0.498      0.588      0.255      2.244      0.500     -1.061     -1.965     -0.011     -0.175      0.127      0.150      0.572      0.128     -0.271     -0.501     -0.128      0.000      0.000      0.000      1.000      1.000     -0.500      0.000      1.000      0.000      0.000      0.000 97614478
     2.000      2.000          *      0.934     -3.579     -1.100      0.479      0.910     -0.500          *          *          *      0.448     -1.714     -0.527      0.436     -0.240          *          *     -0.240      0.000      0.000      0.000      1.000      1.000     -0.500      0.000      0.000      0.000      0.000      1.000 91886915
     3.000      1.000     -1.187      1.219     -2.114     -2.314      1.189     -0.506      0.500          *     -1.965     -1.411      1.449     -2.513     -2.751     -0.602      0.594          *     -2.337      0.594      1.000      0.000      0.000      0.000      1.000      0.500      0.000      1.000      0.000      0.000      0.000 90676453
     3.000      1.000      0.921     -0.354      1.240      0.201      0.936     -0.506     -0.500     -0.799     -1.965      0.862     -0.331      1.161      0.188     -0.474     -0.468     -0.748     -1.840     -0.468      1.000      0.000      0.000      0.000      1.000     -0.500      0.000      1.000      0.000      0.000      0.000 96506350
     3.000      1.000          *     -0.998      0.025     -0.640     -1.386      2.410      0.500      0.350          *          *      1.384     -0.035      0.887     -3.342     -0.693     -0.485          *      0.693      1.000      0.000      0.000      0.000      1.000     -0.500      0.000      1.000      0.000      0.000      0.000 91584931
     3.000      2.000      0.847     -0.998      0.498      0.242      0.404     -1.756     -0.500     -0.725      0.035      0.342     -0.403      0.201      0.097     -0.709     -0.202     -0.293      0.014     -0.202      1.000      0.000      0.000      0.000      1.000     -0.500      0.000      0.000      0.000      0.000      0.000 90575207
     3.000      1.000      0.939     -0.998     -0.940     -2.028      1.212     -2.090     -0.500          *      0.035      1.138     -1.210     -1.139     -2.457     -2.532     -0.606          *      0.042     -0.606      1.000      0.000      0.000      0.000      1.000     -0.500      0.000      1.000      0.000      0.000      0.000 93710015
     3.000      1.000      0.956     -0.998      1.977     -1.063     -1.267     -0.090      0.500      0.899      0.535     -1.211      1.265     -2.505      1.346      0.113     -0.634     -1.139     -0.677      0.634      1.000      0.000      1.000      0.000      0.000     -0.500      0.000      1.000      0.000      0.000      0.000 91881952
     3.000      1.000      0.551     -0.998     -0.694     -2.110     -0.036     -0.506      0.500          *      1.035     -0.020      0.036      0.025      0.076      0.018     -0.018          *     -0.037      0.018      1.000      0.000      0.000      0.000      1.000     -0.500      0.000      1.000      0.000      0.000      0.000 97500158
     3.000      2.000      0.960      0.157      1.977      0.588      0.878     -0.006     -0.500      0.826      0.535      0.843      0.138      1.736      0.517     -0.005     -0.439      0.725      0.469     -0.439      0.000      0.000      0.000      1.000      1.000     -0.500      0.000      0.000      0.000      0.000      0.000 91544184
     2.000      0.000      1.134      0.163     -0.717     -0.160      1.118      0.994     -0.500     -0.186      0.035      1.268      0.182     -0.801     -0.179      1.111     -0.559     -0.208      0.039      0.559      0.000      0.000      0.000      1.000      1.000      0.500      1.000      0.000      0.000      0.000      1.000 91880965
     3.000      1.000     -0.498     -0.998     -0.432     -1.786      1.371      1.910      0.500     -1.418     -1.965     -0.682     -1.369     -0.592     -2.449      2.619      0.686     -1.944     -2.695      0.686      0.000      0.000      0.000      1.000      1.000      0.500      0.000      1.000      0.000      0.000      0.000 98500152
     3.000      1.000      0.763      0.420      1.741      1.289     -1.624      1.660     -0.500      0.528      0.035     -1.239     -0.683     -2.828     -2.094     -2.697      0.812     -0.858     -0.056      0.812      1.000      0.000      1.000      0.000      0.000     -0.500      0.000      1.000      0.000      0.000      0.000 91886942
     2.000      0.000      1.134     -0.715     -0.415      0.367     -0.310     -2.006     -0.500     -0.799     -0.965     -0.351      0.222      0.129     -0.114      0.622      0.155      0.248      0.299     -0.155      0.000      0.000      0.000      1.000      1.000      0.500      1.000      0.000      0.000      0.000      1.000 90712290
     3.000      2.000     -0.615     -0.686     -0.662      0.809      1.022     -3.673      0.500      0.643      1.035     -0.629     -0.701     -0.677      0.827     -3.754      0.511      0.658      1.057     -0.511      1.000      0.000      0.000      0.000      1.000     -0.500      0.000      0.000      0.000      0.000      0.000 96714925
     3.000      1.000     -1.005     -0.998          *      0.551     -0.253      2.244      0.500     -3.364     -1.965      0.255      0.253          *     -0.140     -0.568     -0.127      0.852      0.498     -0.127      0.000      0.000      0.000      1.000      1.000      0.500      0.000      1.000      0.000      0.000      0.000 94573404
     3.000      2.000      0.455     -0.998     -0.123      0.847     -0.895     -3.256     -0.500     -0.068     -0.465     -0.408      0.894      0.110     -0.758      2.914      0.448      0.061      0.417      0.448      0.000      0.000      0.000      1.000      1.000     -0.500      0.000      0.000      0.000      0.000      0.000 99716521
     3.000      0.000     -1.099     -0.091      0.253      1.030      0.694     -0.256      0.500      0.568      1.035     -0.763     -0.063      0.176      0.716     -0.178      0.347      0.394      0.718     -0.347      1.000      0.000      0.000      0.000      1.000     -0.500      1.000      0.000      0.000      0.000      0.000 93503602
     3.000      1.000      0.710     -0.383      0.739     -0.621     -0.617     -0.673     -0.500     -0.419      1.035     -0.438      0.236     -0.456      0.383      0.415      0.309      0.259     -0.639     -0.309      1.000      0.000      0.000      1.000      1.000      0.500      0.000      1.000      0.000      0.000      0.000 94614574
     3.000      2.000      0.282      0.232     -1.181      0.227      0.640      1.160      0.500      0.247     -0.965      0.181      0.149     -0.756      0.145      0.743      0.320      0.158     -0.618      0.320      1.000      0.000      0.000      0.000      1.000      0.500      0.000      0.000      0.000      0.000      0.000 97546990
     1.000      2.000     -0.351     -0.686     -0.420     -0.222     -0.468      1.910     -0.500     -1.572      1.035      0.164      0.321      0.197      0.104     -0.894      0.234      0.736     -0.484     -0.234      0.000      0.000      0.000      1.000      1.000      0.500      0.000      0.000      0.000      1.000      0.000 99579278
     3.000      0.000      0.701      0.212      1.977      0.700      1.492      1.577     -0.500      0.747      1.035      1.045      0.317      2.949      1.043      2.353     -0.746      1.114      1.543      0.746      1.000      1.000      0.000      0.000      1.000      0.500      1.000      0.000      0.000      0.000      0.000 93678475
     1.000      0.000      0.023      0.857      0.265     -0.252      0.728     -1.340      0.500          *     -1.965      0.017      0.624      0.193     -0.184     -0.976      0.364          *     -1.432     -0.364      1.000      0.000      0.000      0.000      1.000     -0.500      1.000      0.000      0.000      1.000      0.000 99590358
     0.000      0.000      0.090      3.405     -0.892      0.588      1.384      1.244     -0.500          *      0.035      0.124      4.712     -1.234      0.814      1.721     -0.692          *      0.048      0.692      0.000      0.000      0.000      0.000      1.000      0.500      1.000      0.000      1.000      0.000      0.000 94577389
     2.000      0.000     -1.028      3.405          *      0.588      0.840      0.994      0.500      0.350      0.035     -0.863      2.859          *      0.494      0.834      0.420      0.294      0.029      0.420      1.000      0.000      0.000      0.000      0.000      0.500      1.000      0.000      0.000      0.000      1.000 99578041
     1.000      0.000      0.754     -0.175     -0.430      0.265      1.455     -2.923     -0.500     -0.068      1.035      1.097     -0.255     -0.625      0.385     -4.251     -0.727     -0.099      1.505     -0.727      0.000      0.000      0.000      1.000      1.000     -0.500      1.000      0.000      0.000      1.000      0.000 94316051
     3.000      2.000      1.134      1.785     -0.666      0.809      0.672      1.410      0.500      0.980      1.035      0.762      1.199     -0.448      0.544      0.948      0.336      0.659      0.695      0.336      1.000      1.000      0.000      0.000      1.000      0.500      0.000      0.000      0.000      0.000      0.000 91586987
     3.000      1.000     -0.690     -0.998      1.727     -3.014      0.347      1.327      0.500     -1.978     -1.965     -0.240     -0.347      0.599     -1.046      0.461      0.174     -0.687     -0.682      0.174      0.000      0.000      0.000      1.000      1.000      0.500      0.000      1.000      0.000      0.000      0.000 91583908
     3.000      0.000      0.074      0.183     -0.189     -0.160     -0.034      0.577     -0.500     -0.591      0.035     -0.003     -0.006      0.006      0.005     -0.019      0.017      0.020     -0.001     -0.017      0.000      0.000      0.000      1.000      1.000      0.500      1.000      0.000      0.000      0.000      0.000 93570812
     3.000      2.000      0.845      1.085      1.263     -0.546      0.020      0.244      0.500      0.274      1.535      0.017      0.021      0.025     -0.011      0.005      0.010      0.005      0.030     -0.010      0.000      1.000      0.000      0.000      1.000     -0.500      0.000      0.000      0.000      0.000      0.000 92576312
     3.000      1.000     -0.595     -0.998     -0.435     -1.857      1.147      0.744     -0.500      0.070      0.035     -0.683     -1.145     -0.499     -2.130      0.853     -0.573      0.080      0.040     -0.573      0.000      0.000      0.000      1.000      1.000     -0.500      0.000      1.000      0.000      0.000      0.000 93570383
     1.000      0.000      0.600      1.759      0.739      1.068     -0.785     -0.256     -0.500      1.031      0.535     -0.472     -1.381     -0.580     -0.839      0.201      0.393     -0.809     -0.420      0.393      0.000      0.000      0.000      1.000      1.000     -0.500      1.000      0.000      0.000      1.000      0.000 90608979
     3.000      2.000      0.926     -0.998      0.025      1.068      0.070     -2.590     -0.500          *      2.035      0.065     -0.070      0.002      0.075     -0.182     -0.035          *      0.143      0.035      0.000      0.000      0.000      1.000      1.000      0.500      0.000      0.000      0.000      0.000      0.000 95710018
     1.000      2.000     -0.952      1.169     -1.157      1.289     -1.088     -3.173     -0.500     -1.572      0.035      1.036     -1.272      1.258     -1.402      3.452      0.544      1.710     -0.038     -0.544      0.000      0.000      0.000      1.000      1.000      0.500      0.000      0.000      0.000      1.000      0.000 90718049
     3.000      1.000      1.168     -0.998      0.081      0.109      0.004     -0.590     -0.500      0.747      0.035      0.004     -0.004      0.000      0.000     -0.002     -0.002      0.003      0.000     -0.002      1.000      0.000      0.000      0.000      0.000     -0.500      0.000      1.000      0.000      0.000      0.000 93508433
     2.000      2.000      0.161      1.908     -2.369     -0.739     -0.880      1.910     -0.500          *      1.035     -0.141     -1.678      2.084      0.650     -1.680      0.440          *     -0.910      0.440      0.000      0.000      0.000      1.000      1.000     -0.500      0.000      0.000      0.000      0.000      1.000 98506991
     3.000      2.000      1.064      0.391     -0.407     -2.572      0.310     -1.256      0.500          *          *      0.330      0.121     -0.126     -0.797     -0.389      0.155          *          *     -0.155      1.000      0.000      0.000      1.000      1.000     -0.500      0.000      0.000      0.000      0.000      0.000 96886999
     1.000      0.000     -3.266      1.368     -2.332      0.072      0.844     -1.590      0.500          *      1.035     -2.758      1.155     -1.969      0.060     -1.342      0.422          *      0.874      0.422      1.000      0.000      0.000      0.000      0.000      0.500      1.000      0.000      0.000      1.000      0.000 90572221
     3.000      1.000      0.815     -0.998      1.268      0.405      0.164      0.827     -0.500      0.568      1.035      0.134     -0.164      0.208      0.066      0.136     -0.082      0.093      0.170     -0.082      0.000      0.000      0.000      1.000      1.000     -0.500      0.000      1.000      0.000      0.000      0.000 99540851
     3.000      2.000     -0.115      0.489     -0.945      0.809     -1.145     -0.423     -0.500     -0.273     -0.965      0.131     -0.560      1.082     -0.927      0.484      0.573      0.313      1.106      0.573      0.000      0.000      0.000      1.000      1.000     -0.500      0.000      0.000      0.000      0.000      0.000 91506924
     3.000      2.000      0.474     -0.403      0.025     -0.898     -0.021      1.410      0.500     -0.656      0.035     -0.010      0.008     -0.001      0.018     -0.029     -0.010      0.013     -0.001     -0.010      0.000      0.000      0.000      1.000      1.000      0.500      0.000      0.000      0.000      0.000      0.000 90574387
     3.000      2.000     -0.226      0.206      1.491     -0.419      1.003     -0.673     -0.500     -0.419      0.035     -0.227      0.207      1.495     -0.420     -0.675     -0.501     -0.421      0.035     -0.501      1.000      0.000      0.000      0.000      1.000     -0.500      0.000      0.000      0.000      0.000      0.000 92570652
     3.000      2.000      0.214      0.311      0.029      0.551     -0.594      0.827     -0.500          *      0.535     -0.127     -0.185     -0.017     -0.327     -0.491      0.297          *     -0.317      0.297      0.000      0.000      0.000      1.000      1.000     -0.500      0.000      0.000      0.000      0.000      0.000 91576093
     3.000      0.000     -0.112      1.348      1.003      1.068     -1.222      1.994     -0.500     -0.186      1.035      0.137     -1.647     -1.225     -1.305     -2.436      0.611      0.227     -1.264     -0.611      1.000      0.000      0.000      0.000      0.000      0.500      1.000      0.000      0.000      0.000      0.000 17316657
     2.000      0.000     -0.125      1.605      1.004      0.588      0.108      1.827     -0.500      1.031      0.035     -0.014      0.173      0.108      0.063      0.197     -0.054      0.111      0.004     -0.054      1.000      1.000      0.000      0.000      0.000     -0.500      1.000      0.000      0.000      0.000      1.000 90504822
     1.000      0.000     -0.606      1.502          *      0.330     -0.235      1.077      0.500     -0.106      0.035      0.143     -0.353          *     -0.078     -0.254     -0.118      0.025     -0.008     -0.118      1.000      0.000      0.000      0.000      0.000      0.500      1.000      0.000      0.000      1.000      0.000 94578642
     3.000      2.000     -0.636      0.495     -0.194      0.551     -0.518      2.327     -0.500          *      0.035      0.330     -0.257      0.100     -0.286     -1.206      0.259          *     -0.018      0.259      0.000      0.000      0.000      1.000      1.000     -0.500      0.000      0.000      0.000      0.000      0.000 98572927
     3.000      2.000     -0.355      0.167     -0.918      0.809      0.920      2.077     -0.500      0.643      3.035     -0.326      0.153     -0.845      0.745      1.912     -0.460      0.592      2.793      0.460      1.000      0.000      0.000      0.000      1.000      0.500      0.000      0.000      0.000      0.000      0.000 90576698
     2.000      2.000     -0.421     -0.998     -0.401      0.700     -0.135     -2.256     -0.500      0.967      2.035      0.057      0.135      0.054     -0.095      0.305      0.068     -0.131     -0.275      0.068      0.000      0.000      0.000      1.000      1.000     -0.500      0.000      0.000      0.000      0.000      1.000 15606428
     3.000      0.000     -0.136      2.012     -1.437     -0.038      0.275      0.077     -0.500      0.070      1.535     -0.038      0.554     -0.396     -0.011      0.021     -0.138      0.019      0.423     -0.138      1.000      0.000      0.000      0.000      1.000     -0.500      1.000      0.000      0.000      0.000      0.000 57107036
     3.000      0.000      0.790      0.788      1.245      1.068      1.054      1.327     -0.500     -0.368      0.035      0.833      0.830      1.312      1.125      1.399     -0.527     -0.388      0.036     -0.527      0.000      0.000      0.000      1.000      1.000     -0.500      1.000      0.000      0.000      0.000      0.000 57118338
     2.000      0.000      0.074      0.137     -0.689     -1.487     -1.171     -0.673     -0.500     -0.725     -1.965     -0.087     -0.161      0.807      1.742      0.788      0.586      0.849      2.302     -0.586      1.000      0.000      0.000      0.000      1.000      0.500      1.000      0.000      0.000      0.000      1.000 57120449
     3.000      2.000      0.107      1.700      0.289      0.809     -2.027     -1.756      0.500     -1.061      0.035     -0.217     -3.446     -0.586     -1.641      3.560     -1.014      2.152     -0.070     -1.014      0.000      0.000      0.000      1.000      1.000      0.500      0.000      0.000      0.000      0.000      0.000 57121476
     2.000      0.000      0.402     -0.175     -0.885      0.847     -0.009     -3.256     -0.500      0.625      1.035     -0.004      0.002      0.008     -0.008      0.031      0.005     -0.006     -0.010      0.005      0.000      0.000      0.000      1.000      1.000     -0.500      1.000      0.000      0.000      0.000      1.000 57128099
     2.000      1.000     -1.416      2.214      0.271      1.068      0.445     -3.006     -0.500     -0.966          *     -0.630      0.986      0.121      0.475     -1.338     -0.223     -0.430          *      0.223      0.000      0.000      0.000      1.000      1.000      0.500      0.000      1.000      0.000      0.000      1.000 57131272
     3.000      2.000      0.551      0.157      0.039     -2.314      0.710      0.077     -0.500     -2.265     -1.965      0.391      0.112      0.028     -1.643      0.055     -0.355     -1.608     -1.396     -0.355      1.000      0.000      0.000      0.000      1.000     -0.500      0.000      0.000      0.000      0.000      0.000 57131432
     3.000      0.000      1.064     -0.998     -1.168     -0.898      0.181     -3.423      0.500     -0.319     -1.965      0.192     -0.180     -0.211     -0.162     -0.618      0.090     -0.058     -0.355     -0.090      0.000      0.000      0.000      1.000      1.000     -0.500      1.000      0.000      0.000      0.000      0.000 57141800
     0.000      0.000      1.168      0.811      0.281      1.289      1.560     -3.506     -0.500      0.714      3.035      1.823      1.266      0.438      2.011     -5.471     -0.780      1.113      4.735     -0.780      0.000      1.000      0.000      1.000      1.000     -0.500      1.000      0.000      1.000      0.000      0.000 57146734
     2.000      0.000     -0.831      2.582     -0.429     -1.363      0.153     -2.173      0.500      0.133      0.535     -0.127      0.395     -0.066     -0.208     -0.332      0.076      0.020      0.082     -0.076      0.000      0.000      0.000      1.000      1.000     -0.500      1.000      0.000      0.000      0.000      1.000 57174082
     3.000      2.000      0.254     -0.998      0.289      0.227     -1.327     -2.006      0.500          *      2.035     -0.337      1.325     -0.384     -0.302      2.663     -0.664          *     -2.700      0.664      0.000      0.000      1.000      0.000      0.000     -0.500      0.000      0.000      0.000      0.000      0.000 57219829
     3.000      1.000      0.494     -0.998     -1.175     -0.804     -0.567     -1.256     -0.500      0.070      0.535     -0.280      0.566      0.666      0.456      0.712      0.283     -0.040     -0.303      0.283      0.000      0.000      0.000      1.000      1.000     -0.500      0.000      1.000      0.000      0.000      0.000 57258540
     1.000      2.000      0.655     -0.998      1.003      1.289     -1.098     -0.756     -0.500     -0.319      0.035     -0.719      1.096     -1.101     -1.415      0.830      0.549      0.351     -0.038      0.549      0.000      0.000      0.000      1.000      1.000     -0.500      0.000      0.000      0.000      1.000      0.000 90500156
     1.000      0.000      0.918      1.120      0.753     -1.063     -0.269      1.077     -0.500      0.220      0.035     -0.247     -0.302     -0.203      0.286     -0.290      0.135     -0.059     -0.009     -0.135      1.000      0.000      0.000      0.000      0.000      0.500      1.000      0.000      0.000      1.000      0.000 90500974
     3.000      1.000      1.168     -0.998      1.240      1.289     -0.456     -0.006      0.500     -0.186     -1.965     -0.532      0.455     -0.565     -0.587      0.003     -0.228      0.085      0.896      0.228      0.000      0.000      0.000      1.000      1.000     -0.500      0.000      1.000      0.000      0.000      0.000 90503309
     3.000      0.000     -0.112      1.785     -0.444      0.551     -0.218      1.577     -0.500      0.465      2.035      0.024     -0.390      0.097     -0.120     -0.345      0.109     -0.102     -0.444     -0.109      0.000      0.000      0.000      1.000      1.000      0.500      1.000      0.000      0.000      0.000      0.000 90504487
     3.000      2.000     -0.361     -0.403      0.267     -0.701      0.804      0.160     -0.500     -0.145      0.035     -0.291     -0.324      0.215     -0.564      0.129     -0.402     -0.117      0.028     -0.402      1.000      0.000      0.000      0.000      0.000     -0.500      0.000      0.000      0.000      0.000      0.000 90504786
     3.000      0.000      1.060     -0.998      0.526      1.289      1.831     -3.256     -0.500     -0.032      0.035      1.940     -1.828      0.962      2.360     -5.961     -0.915     -0.058      0.063     -0.915      1.000      0.000      0.000      1.000      0.000     -0.500      1.000      0.000      0.000      0.000      0.000 90506049
     3.000      2.000     -0.928     -0.071      1.272     -0.259     -0.140      1.827      0.500          *      0.035      0.130      0.010     -0.178      0.036     -0.256     -0.070          *     -0.005     -0.070      1.000      0.000      0.000      0.000      1.000      0.500      0.000      0.000      0.000      0.000      0.000 90506092
     3.000      2.000      0.209      1.330      0.042      1.068      1.625      0.244     -0.500     -0.591     -1.465      0.339      2.161      0.068      1.735      0.396     -0.812     -0.961     -2.381     -0.812      1.000      0.000      0.000      0.000      1.000     -0.500      0.000      0.000      0.000      0.000      0.000 90506095
     3.000      2.000      0.475     -0.998      0.780      0.330     -0.070     -1.006      0.500      0.661      0.535     -0.033      0.070     -0.055     -0.023      0.071     -0.035     -0.046     -0.038      0.035      0.000      0.000      0.000      1.000      1.000     -0.500      0.000      0.000      0.000      0.000      0.000 90506125
     3.000      2.000      1.061     -0.998      1.003     -0.459     -0.479     -0.506      0.500      0.003          *     -0.509      0.479     -0.481      0.220      0.243     -0.240     -0.002          *      0.240      1.000      0.000      0.000      1.000      1.000     -0.500      0.000      0.000      0.000      0.000      0.000 90506194
     1.000      0.000      1.050     -0.383      0.517      1.068     -0.973     -1.090     -0.500      0.133      0.035     -1.022      0.373     -0.503     -1.039      1.060      0.487     -0.129     -0.034      0.487      1.000      0.000      0.000      0.000      1.000     -0.500      1.000      0.000      0.000      1.000      0.000 90506268
     3.000      1.000      0.341     -0.354     -0.694      0.809     -0.386      2.327      0.500          *     -1.965     -0.132      0.137      0.268     -0.313     -0.899     -0.193          *      0.759      0.193      0.000      0.000      0.000      1.000      1.000     -0.500      0.000      1.000      0.000      0.000      0.000 90506296
     3.000      2.000     -1.362     -0.998     -0.208     -2.093     -0.351      1.244      0.500          *     -1.965      0.478      0.350      0.073      0.734     -0.436     -0.175          *      0.690      0.175      0.000      0.000      0.000      1.000      1.000     -0.500      0.000      0.000      0.000      0.000      0.000 90506494
     3.000      2.000      1.168     -0.403      1.004     -0.054     -0.854     -0.090      0.500          *     -0.965     -0.997      0.344     -0.857      0.046      0.076     -0.427          *      0.824      0.427      1.000      0.000      0.000      0.000      1.000     -0.500      0.000      0.000      0.000      0.000      0.000 90506498
     3.000      2.000      0.067      0.440     -0.421     -0.205      0.377      0.994     -0.500      0.220      0.035      0.025      0.166     -0.159     -0.077      0.375     -0.189      0.083      0.013     -0.189      0.000      0.000      0.000      1.000      1.000     -0.500      0.000      0.000      0.000      0.000      0.000 90506529
     3.000      1.000     -1.448     -0.403     -1.186     -0.259     -0.574      1.660      0.500          *     -1.965      0.831      0.231      0.680      0.149     -0.953     -0.287          *      1.128      0.287      1.000      0.000      0.000      0.000      1.000     -0.500      0.000      1.000      0.000      0.000      0.000 90506790
     3.000      2.000      0.233      0.877      0.989     -0.167     -0.737     -0.090      0.500      0.465      0.035     -0.172     -0.646     -0.729      0.123      0.066     -0.369     -0.343     -0.025      0.369      1.000      0.000      0.000      0.000      1.000     -0.500      0.000      0.000      0.000      0.000      0.000 90506890
     3.000      2.000     -0.981     -0.383     -0.467     -0.905      1.573      2.077     -0.500     -0.591      0.035     -1.543     -0.603     -0.734     -1.424      3.267     -0.786     -0.930      0.054      0.786      1.000      0.000      0.000      0.000      1.000      0.500      0.000      0.000      0.000      0.000      0.000 90506893
     3.000      1.000          *     -0.998      0.520     -0.971     -0.605      2.744      0.500          *          *          *      0.604     -0.315      0.587     -1.660     -0.302          *          *      0.302      0.000      0.000      0.000      1.000      1.000     -0.500      0.000      1.000      0.000      0.000      0.000 90506994
     0.000      0.000      0.916     -0.071      0.998      1.030      0.095     -0.506     -0.500      1.031          *      0.087     -0.007      0.095      0.098     -0.048     -0.048      0.098          *     -0.048      0.000      0.000      0.000      1.000      1.000     -0.500      1.000      0.000      1.000      0.000      0.000 90506999
     3.000      2.000      0.499     -0.715      1.003      0.006      0.050      1.910     -0.500          *      1.035      0.025     -0.036      0.050      0.000      0.095     -0.025          *      0.052      0.025      1.000      0.000      0.000      0.000      1.000      0.500      0.000      0.000      0.000      0.000      0.000 90540156
     3.000      2.000      0.179      0.495     -0.468     -2.314     -1.295      2.244     -0.500          *     -0.465     -0.232     -0.641      0.606      2.996     -2.906      0.647          *      0.603      0.647      1.000      0.000      0.000      0.000      1.000     -0.500      0.000      0.000      0.000      0.000      0.000 90540157
     3.000      2.000      0.074     -0.458     -0.189     -2.627      0.508      0.827     -0.500          *      0.035      0.038     -0.233     -0.096     -1.334      0.420     -0.254          *      0.018      0.254      1.000      0.000      0.000      0.000      1.000      0.500      0.000      0.000      0.000      0.000      0.000 90540250
     3.000      1.000      0.926     -0.432      1.977      0.486      1.277      3.494     -0.500          *     -1.965      1.183     -0.552      2.525      0.620      4.462     -0.639          *     -2.510      0.639      0.000      0.000      0.000      1.000      1.000      0.500      0.000      1.000      0.000      0.000      0.000 90540313
     3.000      1.000      1.134     -0.998      0.753      0.117      1.273      1.244      0.500     -0.531      2.035      1.444     -1.271      0.958      0.149      1.583      0.637     -0.676      2.590      0.637      1.000      0.000      0.000      0.000      1.000      0.500      0.000      1.000      0.000      0.000      0.000 90540353
     3.000      1.000     -2.615     -0.403      1.257     -3.273      1.838      1.910      0.500          *     -0.465     -4.806     -0.741      2.311     -6.014      3.511      0.919          *     -0.855     -0.919      1.000      0.000      0.000      0.000      1.000     -0.500      0.000      1.000      0.000      0.000      0.000 90540653
     1.000      1.000      0.899      0.495     -0.435      1.289      0.065      1.910      0.500          *      0.035      0.059      0.032     -0.028      0.084      0.124      0.033          *      0.002      0.033      1.000      0.000      0.000      0.000      1.000      0.500      0.000      1.000      0.000      1.000      0.000 90540859
     3.000      2.000     -0.292     -0.149     -0.926      1.030     -1.952      0.744     -0.500          *     -0.965      0.570      0.291      1.808     -2.011     -1.452      0.976          *      1.884     -0.976      0.000      0.000      0.000      1.000      1.000      0.500      0.000      0.000      0.000      0.000      0.000 90543102
     3.000      2.000     -0.404     -0.715      0.980      0.462      0.894     -0.673      0.500     -0.368      0.535     -0.361     -0.640      0.877      0.414     -0.602      0.447     -0.329      0.478     -0.447      0.000      0.000      0.000      1.000      1.000     -0.500      0.000      0.000      0.000      0.000      0.000 90543501
     3.000      0.000     -1.566     -0.998     -1.171      0.809      1.548      0.160     -0.500      0.661      0.035     -2.425     -1.546     -1.813      1.253      0.248     -0.774      1.024      0.054     -0.774      1.000      0.000      0.000      0.000      0.000     -0.500      1.000      0.000      0.000      0.000      0.000 90544086
     3.000      1.000      0.701      0.788      0.525     -0.238      0.323      2.577     -0.500     -0.799     -0.965      0.226      0.255      0.170     -0.077      0.833     -0.162     -0.258     -0.312      0.162      0.000      0.000      0.000      1.000      1.000      0.500      0.000      1.000      0.000      0.000      0.000 90570051
     3.000      2.000     -0.768     -0.432      0.534      0.006     -1.053      1.160      0.500      0.070      1.535      0.809      0.455     -0.563     -0.007     -1.222     -0.526     -0.074     -1.616      0.526      0.000      0.000      0.000      1.000      1.000     -0.500      0.000      0.000      0.000      0.000      0.000 90570313
     0.000      0.000     -2.248      1.140     -2.353      1.289     -0.052      0.910     -0.500          *     -1.965      0.118     -0.060      0.123     -0.068     -0.048      0.026          *      0.103      0.026      0.000      0.000      0.000      1.000      1.000     -0.500      1.000      0.000      1.000      0.000      0.000 90570412
     3.000      2.000     -1.248     -0.146      0.276     -0.640     -0.770     -0.173      0.500      0.191     -1.465      0.961      0.112     -0.212      0.492      0.133     -0.385     -0.147      1.128      0.385      0.000      0.000      0.000      1.000      1.000     -0.500      0.000      0.000      0.000      0.000      0.000 90570457
     1.000      1.000     -2.276     -0.715      0.029     -0.104      2.438      2.744      0.500          *     -1.965     -5.550     -1.744      0.071     -0.253      6.691      1.219          *     -4.793     -1.219      1.000      0.000      0.000      0.000      1.000     -0.500      0.000      1.000      0.000      1.000      0.000 90570510
     2.000      2.000     -0.024     -0.383     -1.154     -1.229     -0.088     -0.340      0.500          *     -0.465      0.002      0.034      0.102      0.108      0.030     -0.044          *      0.041      0.044      0.000      0.000      0.000      1.000      1.000     -0.500      0.000      0.000      0.000      0.000      1.000 90570778
     3.000      0.000      0.745     -0.686      0.762     -0.222     -0.676     -1.173     -0.500     -1.418          *     -0.503      0.464     -0.515      0.150      0.793      0.338      0.959          *      0.338      1.000      0.000      0.000      0.000      1.000     -0.500      1.000      0.000      0.000      0.000      0.000 90571275
     3.000      2.000      0.233      0.479          *      1.289      0.501      1.577     -0.500          *     -1.965      0.117      0.240          *      0.646      0.791     -0.251          *     -0.985     -0.251      1.000      0.000      0.000      0.000      0.000     -0.500      0.000      0.000      0.000      0.000      0.000 90571475
     3.000      1.000      1.168     -0.998      1.268     -1.229      0.759      0.827     -0.500     -1.418     -0.965      0.887     -0.758      0.962     -0.933      0.628     -0.380     -1.076     -0.733     -0.380      0.000      0.000      0.000      1.000      1.000     -0.500      0.000      1.000      0.000      0.000      0.000 90571878
     3.000      0.000      0.338     -0.091     -1.404     -0.684     -0.988     -0.673      0.500      0.465      2.035     -0.334      0.089      1.387      0.676      0.665     -0.494     -0.459     -2.010      0.494      1.000      1.000      0.000      0.000      0.000     -0.500      1.000      0.000      0.000      0.000      0.000 90571915
     3.000      1.000      0.701     -0.998      1.003      1.030     -0.364     -2.006     -0.500          *     -0.965     -0.255      0.363     -0.365     -0.375      0.729      0.182          *      0.351     -0.182      1.000      0.000      0.000      0.000      1.000      0.500      0.000      1.000      0.000      0.000      0.000 90572226
     3.000      2.000     -0.103     -0.120     -1.626     -2.627      1.991      1.494      0.500     -0.799     -0.965     -0.206     -0.239     -3.238     -5.231      2.975      0.996     -1.591     -1.923      0.996      1.000      0.000      0.000      0.000      0.000      0.500      0.000      0.000      0.000      0.000      0.000 90572240
     2.000      2.000      0.331     -0.175     -1.399      0.006      0.929      0.577      0.500          *     -0.965      0.307     -0.163     -1.299      0.006      0.536      0.464          *     -0.897     -0.464      0.000      0.000      0.000      1.000      1.000     -0.500      0.000      0.000      0.000      0.000      1.000 90572293
     2.000      0.000     -0.176      0.707     -1.631     -0.187      0.506      0.660     -0.500      0.003     -0.965     -0.089      0.358     -0.826     -0.095      0.335     -0.253      0.002     -0.489     -0.253      1.000      0.000      0.000      0.000      1.000     -0.500      1.000      0.000      0.000      0.000      1.000 90573409
     3.000      2.000          *          *     -0.221     -1.266      0.753      0.327      0.500     -0.319          *          *          *     -0.166     -0.954      0.246      0.376     -0.240          *     -0.376      0.000      1.000      0.000      0.000      1.000     -0.500      0.000      0.000      0.000      0.000      0.000 90574742
     3.000      1.000      1.168     -0.354      1.272      0.847      0.332      0.077      0.500     -0.419     -0.465      0.388     -0.117      0.422      0.281      0.026      0.166     -0.139     -0.155     -0.166      0.000      1.000      0.000      0.000      1.000     -0.500      0.000      1.000      0.000      0.000      0.000 90574744
     1.000      1.000     -0.690     -0.403      0.029     -0.583     -1.006     -0.840     -0.500      0.220      0.035      0.694      0.405     -0.029      0.586      0.844      0.503     -0.221     -0.035     -0.503      1.000      0.000      0.000      0.000      1.000      0.500      0.000      1.000      0.000      1.000      0.000 90574901
     3.000      1.000      0.074      0.828     -0.436      0.700      0.135      1.077     -0.500     -1.754      0.035      0.010      0.112     -0.059      0.095      0.146     -0.068     -0.237      0.005      0.068      1.000      0.000      0.000      0.000      0.000      0.500      0.000      1.000      0.000      0.000      0.000 90574949
     3.000      0.000     -3.680      1.085      0.281      0.551      0.677     -1.590      0.500      0.747      2.035     -2.493      0.735      0.190      0.373     -1.077      0.339      0.506      1.378      0.339      1.000      0.000      0.000      0.000      1.000      0.500      1.000      0.000      0.000      0.000      0.000 90575192
     3.000      2.000     -0.166      0.752      0.762      0.367     -0.657     -1.423      0.500     -0.656      1.035      0.109     -0.494     -0.500     -0.241      0.934     -0.328      0.431     -0.679     -0.328      1.000      0.000      0.000      0.000      1.000      0.500      0.000      0.000      0.000      0.000      0.000 90575946
     3.000      2.000     -0.377      1.700     -0.671     -0.804     -1.180     -1.423      0.500      0.133     -0.465      0.445     -2.006      0.791      0.949      1.679     -0.590     -0.156      0.549      0.590      1.000      0.000      0.000      0.000      0.000     -0.500      0.000      0.000      0.000      0.000      0.000 90576111
     3.000      0.000      0.494      1.140     -1.687     -0.381     -2.175      0.910      0.500     -0.319      1.035     -1.075     -2.480      3.670      0.829     -1.981     -1.088      0.695     -2.251     -1.088      1.000      0.000      0.000      0.000      1.000      0.500      1.000      0.000      0.000      0.000      0.000 90576253
     0.000      0.000     -3.168     -0.071     -1.641     -0.496     -0.194      0.410     -0.500      0.102     -0.465      0.614      0.014      0.318      0.096     -0.079      0.097     -0.020      0.090      0.097      1.000      0.000      0.000      0.000      1.000     -0.500      1.000      0.000      1.000      0.000      0.000 90576298
     3.000      2.000     -0.021     -0.998     -1.399     -0.215     -0.307      0.327     -0.500     -0.531     -1.465      0.007      0.306      0.429      0.066     -0.100      0.153      0.163      0.450      0.153      0.000      0.000      0.000      1.000      1.000     -0.500      0.000      0.000      0.000      0.000      0.000 90576299
     3.000      0.000      0.074     -0.666      0.039     -0.198     -0.887     -1.090     -0.500      0.465      0.035     -0.066      0.591     -0.035      0.175      0.966      0.443     -0.412     -0.031     -0.443      0.000      0.000      0.000      1.000      1.000      0.500      1.000      0.000      0.000      0.000      0.000 90576336
     3.000      1.000      0.561     -0.175      1.254      1.289     -1.520      0.160     -0.500      0.967      3.035     -0.854      0.266     -1.907     -1.960     -0.244      0.760     -1.470     -4.614      0.760      1.000      0.000      0.000      0.000      1.000     -0.500      0.000      1.000      0.000      0.000      0.000 90576397
     0.000      2.000      0.686      0.828      0.290      0.422      0.094      0.994     -0.500      0.661      0.535      0.065      0.078      0.027      0.040      0.094     -0.047      0.062      0.050     -0.047      0.000      0.000      0.000      1.000      1.000     -0.500      0.000      0.000      1.000      0.000      0.000 90576432
     3.000      1.000      0.918     -0.784      1.727      0.422     -0.530      0.494     -0.500     -0.879     -0.965     -0.486      0.415     -0.915     -0.224     -0.261      0.265      0.465      0.511     -0.265      1.000      0.000      0.000      0.000      1.000      0.500      0.000      1.000      0.000      0.000      0.000 90576592
     3.000      2.000     -2.254     -0.021     -0.458     -0.222      0.642      0.410      0.500          *     -1.965     -1.446     -0.014     -0.294     -0.142      0.263      0.321          *     -1.261     -0.321      1.000      0.000      0.000      0.000      1.000     -0.500      0.000      0.000      0.000      0.000      0.000 90576597
     3.000      0.000      0.392      2.185     -2.155      0.061     -0.519     -0.173     -0.500          *     -0.965     -0.203     -1.133      1.118     -0.032      0.090      0.259          *      0.501     -0.259      1.000      0.000      0.000      1.000      1.000      0.500      1.000      0.000      0.000      0.000      0.000 90576694
     3.000      0.000      0.233      2.012     -1.607     -0.112     -0.839      1.744     -0.500     -0.228     -0.465     -0.196     -1.689      1.349      0.094     -1.464      0.420      0.192      0.391      0.420      0.000      0.000      0.000      1.000      1.000     -0.500      1.000      0.000      0.000      0.000      0.000 90576758
     1.000      2.000      1.134     -0.666      1.499      1.289     -0.156      0.410     -0.500     -0.799      0.035     -0.177      0.104     -0.234     -0.201     -0.064      0.078      0.125     -0.005     -0.078      0.000      0.000      0.000      1.000      1.000      0.500      0.000      0.000      0.000      1.000      0.000 90576890
     3.000      2.000      1.032     -0.061      1.272      1.068     -0.036      0.577      0.500          *     -0.965     -0.037      0.002     -0.046     -0.038     -0.021     -0.018          *      0.035      0.018      1.000      0.000      0.000      0.000      0.000     -0.500      0.000      0.000      0.000      0.000      0.000 90577252
     3.000      2.000      0.128      1.140      1.727      0.422     -1.799      2.077      0.500          *      3.035     -0.230     -2.051     -3.106     -0.759     -3.736     -0.899          *     -5.458      0.899      1.000      0.000      0.000      0.000      0.000     -0.500      0.000      0.000      0.000      0.000      0.000 90577326
     3.000      2.000      0.629     -0.998      1.272      0.044     -1.276     -1.173     -0.500     -0.319      0.035     -0.803      1.274     -1.623     -0.056      1.496      0.638      0.407     -0.044     -0.638      1.000      0.000      0.000      0.000      0.000      0.500      0.000      0.000      0.000      0.000      0.000 90577411
     1.000      0.000      0.016     -0.061      0.275     -0.701      0.706      2.577     -0.500     -0.419     -0.965      0.011     -0.043      0.194     -0.495      1.820     -0.353     -0.296     -0.682     -0.353      0.000      0.000      0.000      1.000      1.000     -0.500      1.000      0.000      0.000      1.000      0.000 90577482
     3.000      0.000     -0.192     -0.666     -0.425     -0.842      1.400      0.244      0.500     -0.799      0.035     -0.268     -0.932     -0.595     -1.178      0.341      0.700     -1.118      0.048      0.700      1.000      0.000      0.000      1.000      1.000      0.500      1.000      0.000      0.000      0.000      0.000 90577681
     3.000      1.000      1.025     -0.998      0.999     -1.197      0.733      1.910      0.500     -0.656     -0.465      0.752     -0.732      0.732     -0.878      1.401      0.367     -0.481     -0.341     -0.367      1.000      0.000      0.000      0.000      1.000     -0.500      0.000      1.000      0.000      0.000      0.000 90577782
     3.000      0.000      0.073      1.354     -1.394      0.588      0.169     -0.756      0.500          *          *      0.012      0.229     -0.236      0.100     -0.128      0.085          *          *      0.085      1.000      0.000      0.000      0.000      0.000      0.500      1.000      0.000      0.000      0.000      0.000 90578496
     3.000      2.000     -0.758     -0.998      0.284     -0.362      0.099     -1.006     -0.500      0.220      0.035     -0.075     -0.099      0.028     -0.036     -0.100     -0.050      0.022      0.003     -0.050      1.000      0.000      0.000      0.000      1.000     -0.500      0.000      0.000      0.000      0.000      0.000 90590350
     3.000      2.000     -0.616      0.163     -0.935      1.030      1.127     -0.340      0.500      1.251      3.035     -0.694      0.184     -1.054      1.161     -0.383      0.563      1.410      3.419     -0.563      0.000      1.000      0.000      0.000      1.000     -0.500      0.000      0.000      0.000      0.000      0.000 90646927
     3.000      2.000      0.369     -0.998      0.511      1.289      0.655     -3.256      0.500          *          *      0.242     -0.654      0.335      0.845     -2.134      0.328          *          *     -0.328      1.000      0.000      0.000      0.000      1.000     -0.500      0.000      0.000      0.000      0.000      0.000 90710051
     3.000      1.000      0.291     -0.998      0.776     -0.511      0.184     -1.256     -0.500     -3.364     -0.965      0.053     -0.183      0.142     -0.094     -0.231     -0.092     -0.618     -0.177      0.092      1.000      0.000      0.000      0.000      1.000      0.500      0.000      1.000      0.000      0.000      0.000 90710055
     3.000      0.000      0.159     -0.998      0.739      0.847      0.047     -1.590      0.500      0.003      0.035      0.008     -0.047      0.035      0.040     -0.075      0.024      0.000      0.002     -0.024      0.000      0.000      0.000      1.000      1.000     -0.500      1.000      0.000      0.000      0.000      0.000 90710856
     2.000      2.000     -0.724      0.469     -0.169     -0.370      0.135     -2.673      0.500          *     -0.965     -0.098      0.063     -0.023     -0.050     -0.361      0.067          *     -0.130     -0.067      1.000      0.000      0.000      0.000      1.000     -0.500      0.000      0.000      0.000      0.000      1.000 90712992
     1.000      0.000      0.951     -0.998      1.727      1.289      0.668     -2.423     -0.500      0.350      0.035      0.635     -0.666      1.153      0.860     -1.617     -0.334      0.233      0.023     -0.334      1.000      1.000      0.000      0.000      0.000     -0.500      1.000      0.000      0.000      1.000      0.000 90715266
     1.000      2.000     -0.419     -0.432      0.526      0.809     -0.746     -1.756     -0.500      0.528      0.035      0.312      0.322     -0.392     -0.603      1.309      0.373     -0.394     -0.026      0.373      1.000      0.000      0.000      0.000      0.000     -0.500      0.000      0.000      0.000      1.000      0.000 90715983
     1.000      2.000     -1.136      0.545     -0.174      0.006      0.276     -1.923      0.500     -0.966     -0.965     -0.314      0.151     -0.048      0.002     -0.532      0.138     -0.267     -0.267      0.138          *          *          *          *      1.000      0.500      0.000      0.000      0.000      1.000      0.000 90716352
     3.000      2.000      0.915     -0.715     -1.440     -0.879     -0.871     -0.340     -0.500     -1.061     -0.965     -0.797      0.623      1.254      0.765      0.296      0.435      0.924      0.840     -0.435      1.000      0.000      0.000      0.000      0.000      0.500      0.000      0.000      0.000      0.000      0.000 91500052
     3.000      2.000     -0.662      1.626     -0.916     -1.487      0.389      2.244      0.500     -0.106      0.035     -0.257      0.632     -0.356     -0.578      0.873      0.194     -0.041      0.013     -0.194      0.000      0.000      0.000      1.000      1.000     -0.500      0.000      0.000      0.000      0.000      0.000 91504684
     3.000      1.000     -0.974      1.348     -1.372     -0.732     -0.442      0.910      0.500          *     -0.965      0.431     -0.596      0.606      0.324     -0.403     -0.221          *      0.427      0.221      1.000      0.000      0.000      0.000      1.000     -0.500      0.000      1.000      0.000      0.000      0.000 91506091
     3.000      2.000      0.734      1.397      0.284     -0.054     -1.681     -0.673     -0.500          *      0.035     -1.233     -2.348     -0.478      0.091      1.131      0.840          *     -0.058      0.840      0.000      1.000      0.000      0.000      1.000     -0.500      0.000      0.000      0.000      0.000      0.000 91506092
     3.000      1.000      0.536      1.189     -2.137      0.588     -1.043      0.660      0.500      0.070     -0.465     -0.559     -1.241      2.230     -0.614     -0.689     -0.522     -0.073      0.486      0.522      0.000      0.000      0.000      1.000      1.000     -0.500      0.000      1.000      0.000      0.000      0.000 91506097
     3.000      1.000     -2.260     -0.998     -0.225      0.809      0.633      2.244      0.500     -0.368     -1.965     -1.431     -0.632     -0.143      0.513      1.421      0.317     -0.233     -1.244     -0.317      0.000      0.000      0.000      1.000      1.000     -0.500      0.000      1.000      0.000      0.000      0.000 91506299
     3.000      2.000      1.168     -0.383      0.776      0.201     -1.058      1.577      0.500      0.967      1.035     -1.235      0.405     -0.821     -0.213     -1.668     -0.529     -1.023     -1.094      0.529      0.000      0.000      0.000      1.000      1.000     -0.500      0.000      0.000      0.000      0.000      0.000 91506304
     3.000      2.000      0.802      1.160      0.762      0.588     -0.969      0.327      0.500          *      0.035     -0.777     -1.124     -0.739     -0.570     -0.317     -0.485          *     -0.033      0.485      1.000      0.000      0.000      0.000      1.000     -0.500      0.000      0.000      0.000      0.000      0.000 91506394
     3.000      1.000      1.168     -0.334      1.977      1.068     -0.671      2.577     -0.500          *      0.035     -0.784      0.224     -1.326     -0.716     -1.729      0.335          *     -0.023      0.335      0.000      0.000      0.000      1.000      1.000     -0.500      0.000      1.000      0.000      0.000      0.000 91506399
     3.000      2.000      0.420     -0.998     -1.176     -0.038     -0.140     -0.090     -0.500          *     -1.965     -0.059      0.139      0.164      0.005      0.013      0.070          *      0.275      0.070      0.000      0.000      0.000      1.000      1.000     -0.500      0.000      0.000      0.000      0.000      0.000 91506493
     3.000      1.000      0.300      0.525      1.741     -0.381     -0.020      0.077      0.500     -1.284     -0.965     -0.006     -0.011     -0.036      0.008     -0.002     -0.010      0.026      0.020      0.010      0.000      1.000      0.000      0.000      1.000     -0.500      0.000      1.000      0.000      0.000      0.000 91506494
     3.000      2.000      0.017      0.495          *      0.551      1.542      1.910      0.500          *      0.035      0.027      0.764          *      0.850      2.947      0.771          *      0.053     -0.771      0.000      0.000      0.000      1.000      1.000     -0.500      0.000      0.000      0.000      0.000      0.000 91506499
     3.000      1.000      1.168     -0.715      0.730      1.068     -0.762      0.910      0.500     -0.145     -0.965     -0.890      0.545     -0.556     -0.813     -0.693     -0.381      0.110      0.735      0.381      0.000      0.000      0.000      1.000      1.000     -0.500      0.000      1.000      0.000      0.000      0.000 91506694
     3.000      2.000      0.399      0.828      0.776     -1.967     -0.723      1.660      0.500      0.350     -0.465     -0.288     -0.598     -0.561      1.422     -1.200     -0.361     -0.253      0.337      0.361      0.000      0.000      0.000      1.000      1.000     -0.500      0.000      0.000      0.000      0.000      0.000 91506727
     3.000      2.000      1.134      0.802     -0.903     -0.259     -1.136      1.910     -0.500      0.465     -1.965     -1.288     -0.910      1.026      0.295     -2.170      0.568     -0.528      2.232     -0.568      1.000      0.000      0.000      0.000      1.000      0.500      0.000      0.000      0.000      0.000      0.000 91506792
     3.000      2.000      1.168     -0.383      0.776      1.289      0.191      2.077     -0.500          *      0.035      0.224     -0.073      0.149      0.247      0.398     -0.096          *      0.007     -0.096      1.000      0.000      0.000      0.000      1.000     -0.500      0.000      0.000      0.000      0.000      0.000 91506894
     3.000      1.000      1.168     -0.998      1.735      1.289      0.133     -0.256     -0.500      0.661      1.535      0.155     -0.133      0.231      0.171     -0.034     -0.066      0.088      0.204     -0.066      1.000      0.000      0.000      0.000      1.000     -0.500      0.000      1.000      0.000      0.000      0.000 91506957
     3.000      2.000      0.097     -0.354     -0.434     -0.677      2.469     -0.006      0.500          *          *      0.240     -0.873     -1.072     -1.672     -0.015      1.235          *          *     -1.235      0.000      0.000      0.000      1.000      1.000     -0.500      0.000      0.000      0.000      0.000      0.000 91546295
     3.000      0.000      0.840      0.212     -0.206      0.847      0.403      1.327     -0.500      0.747      0.535      0.339      0.086     -0.083      0.341      0.535     -0.202      0.301      0.216     -0.202      1.000      0.000      0.000      0.000      0.000     -0.500      1.000      0.000      0.000      0.000      0.000 91546673
     3.000      1.000     -0.650      0.192      0.029      0.330     -0.025      3.494     -0.500          *     -1.965      0.017     -0.005     -0.001     -0.008     -0.089      0.013          *      0.050      0.013      1.000      0.000      0.000      0.000      1.000     -0.500      0.000      1.000      0.000      0.000      0.000 91570110
     3.000      0.000      0.233     -0.998      0.521     -1.229     -1.025      1.244     -0.500          *     -0.465     -0.239      1.023     -0.534      1.260     -1.275      0.513          *      0.477      0.513      1.000      0.000      0.000      0.000      1.000     -0.500      1.000      0.000      0.000      0.000      0.000 91570357
     3.000      2.000     -0.775      0.782     -1.394     -0.112     -0.294      0.327      0.500     -0.319     -1.965      0.228     -0.230      0.409      0.033     -0.096     -0.147      0.094      0.577      0.147      0.000      0.000      0.000      1.000      1.000     -0.500      0.000      0.000      0.000      0.000      0.000 91570378
     3.000      1.000      0.310     -0.374      1.272     -0.663      1.667     -1.340     -0.500     -1.061      0.035      0.516     -0.623      2.121     -1.105     -2.233     -0.834     -1.769      0.058      0.834      0.000      0.000      0.000      1.000      1.000      0.500      0.000      1.000      0.000      0.000      0.000 91571878
     2.000      0.000     -0.413     -0.374      0.581      1.289      0.854     -0.673     -0.500      1.241      0.035     -0.353     -0.319      0.497      1.101     -0.575     -0.427      1.060      0.030     -0.427      1.000      0.000      0.000      0.000      1.000     -0.500      1.000      0.000      0.000      0.000      1.000 91571909
     3.000      0.000      0.310     -0.784     -1.163     -0.104      0.884     -2.590     -0.500     -0.656     -1.965      0.274     -0.693     -1.028     -0.092     -2.290     -0.442     -0.580     -1.738      0.442      0.000      0.000      0.000      1.000      1.000      0.500      1.000      0.000      0.000      0.000      0.000 91572324
     3.000      2.000      0.484     -0.998      0.275      0.707      0.913     -2.923     -0.500     -0.966      1.035      0.442     -0.912      0.251      0.645     -2.670     -0.457     -0.882      0.945      0.457      0.000      0.000      0.000      1.000      1.000      0.500      0.000      0.000      0.000      0.000      0.000 91574106
     3.000      2.000     -0.627      0.262      0.526     -0.252      0.064      1.577      0.500      0.643     -0.465     -0.040      0.017      0.034     -0.016      0.102      0.032      0.041     -0.030     -0.032      0.000      0.000      0.000      1.000      1.000     -0.500      0.000      0.000      0.000      0.000      0.000 91574680
     2.000      0.000     -0.132      0.574     -0.922      0.809     -1.063      0.077     -0.500     -0.319      0.035      0.141     -0.610      0.980     -0.861     -0.082      0.532      0.340     -0.037     -0.532      1.000      0.000      0.000      0.000      1.000      0.500      1.000      0.000      0.000      0.000      1.000 91575002
     3.000      2.000     -0.119     -0.715     -0.508     -2.188      0.432      1.910     -0.500      0.070      0.035     -0.051     -0.309     -0.219     -0.944      0.825     -0.216      0.030      0.015     -0.216      0.000      0.000      1.000      0.000      0.000     -0.500      0.000      0.000      0.000      0.000      0.000 91575809
     3.000      1.000     -0.039     -0.432      1.491     -1.063      0.394     -0.340      0.500      0.350      0.035     -0.015     -0.170      0.587     -0.418     -0.134      0.197      0.138      0.014     -0.197      0.000      0.000      0.000      1.000      1.000     -0.500      0.000      1.000      0.000      0.000      0.000 91575839
     3.000      1.000      0.097      0.450     -0.689     -0.215     -0.303     -1.506     -0.500      0.350      0.035     -0.029     -0.136      0.209      0.065      0.456      0.151     -0.106     -0.010      0.151      0.000      0.000      0.000      1.000      0.000     -0.500      0.000      1.000      0.000      0.000      0.000 91575905
     3.000      0.000      0.501      1.065     -2.381     -0.252     -0.091      1.160      0.500      0.350      0.535     -0.046     -0.097      0.216      0.023     -0.106     -0.045     -0.032     -0.049      0.045      1.000      0.000      0.000      0.000      1.000     -0.500      1.000      0.000      0.000      0.000      0.000 91576072
     3.000      2.000      1.134      1.700     -0.685      0.707      1.477      0.910     -0.500     -0.591      1.035      1.676      2.511     -1.012      1.044      1.345     -0.739     -0.873      1.528      0.739      1.000      0.000      0.000      0.000      1.000      0.500      0.000      0.000      0.000      0.000      0.000 91576190
     3.000      1.000          *          *      0.526      1.030     -1.846     -0.340      0.500          *      3.035          *          *     -0.970     -1.902      0.627     -0.923          *     -5.600      0.923      0.000      0.000      1.000      0.000      0.000     -0.500      0.000      1.000      0.000      0.000      0.000 91576197
     2.000      2.000      1.042      1.957      0.994      0.006     -1.108      0.910     -0.500          *      1.535     -1.154     -2.169     -1.102     -0.007     -1.009      0.554          *     -1.700      0.554      1.000      0.000      0.000      0.000      1.000     -0.500      0.000      0.000      0.000      0.000      1.000 91576297
     3.000      0.000      0.691     -0.998     -0.926     -0.473      1.191     -1.756     -0.500     -0.531      1.035      0.823     -1.189     -1.103     -0.564     -2.092     -0.596     -0.632      1.232      0.596      0.000      0.000      1.000      1.000      0.000      0.500      1.000      0.000      0.000      0.000      0.000 91576348
     3.000      2.000      0.400      0.475     -0.203      1.030      0.910      0.244     -0.500      0.220      0.535      0.364      0.433     -0.185      0.938      0.222     -0.455      0.200      0.486     -0.455      1.000      0.000      0.000      1.000      1.000     -0.500      0.000      0.000      0.000      0.000      0.000 91576397
     3.000      2.000      1.134      0.574      0.061      1.068     -0.386     -0.256      0.500          *      0.035     -0.438     -0.222     -0.024     -0.412      0.099     -0.193          *     -0.013     -0.193      0.000      0.000      0.000      1.000      1.000      0.500      0.000      0.000      0.000      0.000      0.000 91576537
     3.000      1.000     -0.430     -0.432      1.022     -0.381     -0.592     -0.090      0.500      1.190      0.535      0.255      0.256     -0.605      0.226      0.053     -0.296     -0.705     -0.317      0.296      1.000      0.000      0.000      1.000      1.000     -0.500      0.000      1.000      0.000      0.000      0.000 91576592
     1.000      0.000      0.391      1.700      0.531     -0.057     -0.025      0.827     -0.500      0.967      0.035     -0.010     -0.043     -0.013      0.001     -0.021      0.013     -0.024     -0.001     -0.013      1.000      0.000      0.000      0.000      1.000      0.500      1.000      0.000      0.000      1.000      0.000 91576666
     3.000      1.000      0.442     -0.998     -1.168     -1.344     -1.581      0.910     -0.500     -0.106     -0.965     -0.699      1.578      1.847      2.125     -1.439      0.791      0.167      1.526      0.791      0.000      0.000      0.000      1.000      1.000     -0.500      0.000      1.000      0.000      0.000      0.000 91576691
     3.000      1.000      0.288     -0.051     -1.399      1.068     -0.653      0.160      0.500      0.397      1.035     -0.188      0.033      0.914     -0.698     -0.105     -0.327     -0.260     -0.676     -0.327      0.000      0.000      0.000      1.000      1.000      0.500      0.000      1.000      0.000      0.000      0.000 91576693
     3.000      0.000     -3.657     -0.383      0.029      0.486     -0.966      0.910      0.500     -0.186      0.535      3.533      0.370     -0.028     -0.469     -0.880     -0.483      0.180     -0.517      0.483      1.000      0.000      0.000      1.000      1.000     -0.500      1.000      0.000      0.000      0.000      0.000 91576757
     3.000      2.000     -1.674     -0.149     -1.404     -1.786     -1.224      0.077      0.500          *     -0.965      2.050      0.183      1.719      2.187     -0.094     -0.612          *      1.182      0.612      0.000      0.000      0.000      1.000      1.000     -0.500      0.000      0.000      0.000      0.000      0.000 91576994
     3.000      2.000      0.569     -0.715      1.735     -1.211      1.140      1.244      0.500      1.031      0.035      0.649     -0.815      1.978     -1.381      1.418      0.570      1.175      0.039     -0.570      0.000      1.000      0.000      0.000      1.000     -0.500      0.000      0.000      0.000      0.000      0.000 91577388
     2.000      0.000      1.168      1.368     -0.681      0.809      0.448      0.994     -0.500      0.300      0.535      0.523      0.613     -0.305      0.363      0.445     -0.224      0.134      0.239     -0.224      1.000      0.000      0.000      0.000      0.000     -0.500      1.000      0.000      0.000      0.000      1.000 91577412
     3.000      1.000      0.233      0.242      0.776     -0.001     -0.530      0.494     -0.500      0.070     -0.965     -0.123     -0.128     -0.411      0.000     -0.262      0.265     -0.037      0.512      0.265      0.000      1.000      0.000      1.000      1.000     -0.500      0.000      1.000      0.000      0.000      0.000 91577786
     3.000      2.000     -0.906      1.785     -1.655     -0.842     -1.038      1.910     -0.500     -1.284     -1.965      0.941     -1.852      1.718      0.874     -1.983      0.519      1.333      2.040      0.519      1.000      0.000      0.000      0.000      1.000     -0.500      0.000      0.000      0.000      0.000      0.000 91578660
     1.000      0.000     -1.083      1.377      0.267      0.809     -0.654      0.494     -0.500      0.070      0.035      0.708     -0.901     -0.174     -0.529     -0.323      0.327     -0.046     -0.023      0.327      1.000      0.000      0.000      0.000      1.000     -0.500      1.000      0.000      0.000      1.000      0.000 91579980
     3.000      1.000      1.168     -0.998     -0.926      0.054      1.061     -2.256      0.500      0.350      1.035      1.239     -1.059     -0.982      0.057     -2.394      0.531      0.371      1.098     -0.531      1.000      0.000      0.000      1.000      1.000     -0.500      0.000      1.000      0.000      0.000      0.000 91579991
     3.000      0.000     -0.258     -0.686     -0.174      0.330     -0.482      1.160     -0.500      0.465      0.035      0.124      0.331      0.084     -0.159     -0.559      0.241     -0.224     -0.017      0.241      1.000      0.000      0.000      0.000      0.000     -0.500      1.000      0.000      0.000      0.000      0.000 91619169
     3.000      1.000      1.050     -0.120      0.048      1.289     -0.045     -2.590      0.500          *     -1.965     -0.048      0.005     -0.002     -0.059      0.118     -0.023          *      0.089      0.023      0.000      0.000      0.000      1.000      1.000     -0.500      0.000      1.000      0.000      0.000      0.000 91710018
     3.000      2.000     -2.021     -0.666      1.245     -1.671      0.399     -2.006      0.500     -0.799     -0.965     -0.805     -0.265      0.496     -0.666     -0.800      0.199     -0.318     -0.385     -0.199      1.000      0.000      0.000      0.000      1.000     -0.500      0.000      0.000      0.000      0.000      0.000 91710358
     3.000      1.000      1.134     -0.998     -0.463     -0.938     -0.625     -3.423     -0.500      0.220      1.035     -0.709      0.624      0.289      0.586      2.138      0.312     -0.137     -0.646     -0.312      1.000      0.000      0.000      0.000      1.000      0.500      0.000      1.000      0.000      0.000      0.000 91710655
     1.000      0.000     -1.570     -0.354     -2.118      1.289     -0.548     -2.090     -0.500     -1.061      0.035      0.860      0.194      1.161     -0.706      1.145      0.274      0.582     -0.019     -0.274      1.000      0.000      0.000      0.000      1.000      0.500      1.000      0.000      0.000      1.000      0.000 91713006
     3.000      2.000      1.075     -0.998      0.284     -1.008     -0.272     -2.840      0.500      0.102      2.035     -0.292      0.271     -0.077      0.274      0.771     -0.136     -0.028     -0.553      0.136      0.000      0.000      0.000      1.000      0.000     -0.500      0.000      0.000      0.000      0.000      0.000 91714043
     3.000      0.000      0.926     -0.686      0.279     -0.684      0.790     -3.256     -0.500          *      0.035      0.732     -0.542      0.220     -0.541     -2.573     -0.395          *      0.027      0.395      1.000      0.000      0.000      0.000      0.000      0.500      1.000      0.000      0.000      0.000      0.000 91714144
     3.000      2.000      0.743     -0.432     -0.212      0.772     -0.203     -1.756     -0.500      0.967      0.535     -0.151      0.088      0.043     -0.156      0.356      0.101     -0.196     -0.108      0.101      0.000      0.000      0.000      1.000      1.000     -0.500      0.000      0.000      0.000      0.000      0.000 91714686
     0.000      0.000     -0.132      1.700      0.275      0.588     -0.532     -2.256     -0.500          *      0.035      0.070     -0.904     -0.146     -0.313      1.200      0.266          *     -0.018     -0.266      0.000      0.000      0.000      1.000      1.000      0.500      1.000      0.000      1.000      0.000      0.000 91714928
     3.000      1.000      1.168     -0.998      1.977      1.289     -1.393     -2.090      0.500      0.568     -0.965     -1.627      1.391     -2.755     -1.796      2.911     -0.697     -0.791      1.345      0.697      1.000      0.000      0.000      0.000      1.000     -0.500      0.000      1.000      0.000      0.000      0.000 91714987
     3.000      1.000     -1.027     -0.998     -0.475      1.289     -0.391     -2.173      0.500      0.162     -1.965      0.401      0.390      0.186     -0.504      0.849     -0.195     -0.063      0.768      0.195      1.000      0.000      0.000      0.000      1.000     -0.500      0.000      1.000      0.000      0.000      0.000 91716166
     3.000      2.000      0.313     -0.458     -0.180     -1.599      0.745     -1.090      0.500     -0.145     -0.965      0.233     -0.341     -0.134     -1.191     -0.812      0.373     -0.108     -0.719      0.373      1.000      0.000      0.000      0.000      1.000      0.500      0.000      0.000      0.000      0.000      0.000 91716623
     0.000      2.000      0.206      1.417      0.294     -0.473     -0.400     -0.840     -0.500      0.661      1.035     -0.082     -0.567     -0.118      0.189      0.336      0.200     -0.265     -0.414      0.200      0.000      0.000      0.000      1.000      1.000     -0.500      0.000      0.000      1.000      0.000      0.000 91716909
     3.000      2.000      1.168     -0.120      0.275      1.030      2.275     -0.173     -0.500      0.325     -0.465      2.657     -0.273      0.626      2.344     -0.393     -1.137      0.739     -1.059     -1.137      0.000      0.000      0.000      1.000      1.000     -0.500      0.000      0.000      0.000      0.000      0.000 91718368
     3.000      1.000     -1.756      0.365     -0.412     -1.344      1.047     -1.423      0.500      0.661     -0.965     -1.839      0.382     -0.431     -1.407     -1.490      0.524      0.693     -1.011     -0.524      1.000      0.000      0.000      0.000      1.000     -0.500      0.000      1.000      0.000      0.000      0.000 92500076
     3.000      2.000     -0.428      1.348      0.020     -0.238     -0.141     -1.006      0.500          *          *      0.060     -0.190     -0.003      0.033      0.141     -0.070          *          *      0.070      0.000      0.000      0.000      1.000      1.000     -0.500      0.000      0.000      0.000      0.000      0.000 92500119
     3.000      2.000          *      0.391          *      1.030      1.179      1.077      0.500      0.003          *          *      0.461          *      1.215      1.270      0.589      0.004          *     -0.589      1.000      0.000      0.000      0.000      1.000     -0.500      0.000      0.000      0.000      0.000      0.000 92500618
     3.000      1.000     -0.115     -0.998     -0.699     -1.487     -0.672      1.244      0.500     -0.319     -1.965      0.077      0.671      0.470      1.000     -0.836     -0.336      0.215      1.321      0.336      0.000      0.000      0.000      1.000      1.000     -0.500      0.000      1.000      0.000      0.000      0.000 92500951
     3.000      2.000     -1.385      1.243     -1.190     -0.112     -2.179     -0.673      0.500      0.826          *      3.019     -2.710      2.593      0.244      1.466     -1.090     -1.799          *      1.090      1.000      0.000      0.000      0.000      1.000     -0.500      0.000      0.000      0.000      0.000      0.000 92504687
     3.000      1.000      0.120     -0.998      0.998     -0.511      0.200      0.827     -0.500          *     -0.965      0.024     -0.199      0.199     -0.102      0.165     -0.100          *     -0.193     -0.100      0.000      0.000      0.000      1.000      1.000     -0.500      0.000      1.000      0.000      0.000      0.000 92506022
     3.000      2.000     -2.575      0.545     -0.221     -0.222      1.303      1.744      0.500      0.070      0.535     -3.355      0.710     -0.288     -0.289      2.272      0.651      0.091      0.696     -0.651      1.000      0.000      0.000      1.000      1.000     -0.500      0.000      0.000      0.000      0.000      0.000 92506027
     3.000      1.000      0.710     -0.383      0.526      0.006     -1.283      0.410     -0.500      0.247      0.035     -0.910      0.491     -0.674     -0.008     -0.527      0.641     -0.317     -0.044     -0.641      1.000      0.000      1.000      0.000      0.000      0.500      0.000      1.000      0.000      0.000      0.000 92506093
     3.000      1.000     -2.826      0.837      0.772      0.405      0.884     -1.340      0.500          *      2.035     -2.497      0.740      0.682      0.358     -1.184      0.442          *      1.798      0.442      1.000      0.000      1.000      0.000      0.000      0.500      0.000      1.000      0.000      0.000      0.000 92506242
     1.000      2.000     -1.402      0.848     -0.158     -0.902     -0.068     -0.423      0.500     -0.799      0.035      0.096     -0.058      0.011      0.062      0.029     -0.034      0.055     -0.002     -0.034      0.000      0.000      0.000      1.000      1.000      0.500      0.000      0.000      0.000      1.000      0.000 92506320
     3.000      1.000     -0.937     -0.998      0.521     -0.680     -0.961      0.244     -0.500          *     -1.965      0.901      0.960     -0.501      0.654     -0.234      0.481          *      1.889      0.481      0.000      0.000      0.000      1.000      1.000     -0.500      0.000      1.000      0.000      0.000      0.000 92506495
     3.000      2.000     -0.475     -0.666      1.481     -1.708     -1.093      2.077     -0.500      0.070     -1.965      0.519      0.728     -1.619      1.867     -2.270      0.546     -0.077      2.148      0.546      1.000      0.000      0.000      0.000      1.000     -0.500      0.000      0.000      0.000      0.000      0.000 92506693
     1.000      0.000     -0.134      0.281     -0.217     -0.001     -0.922      1.577      0.500          *     -1.965      0.123     -0.259      0.200      0.001     -1.454     -0.461          *      1.812     -0.461      0.000      0.000      0.000      1.000      1.000      0.500      1.000      0.000      0.000      1.000      0.000 92506957
     3.000      1.000      0.826     -0.715      0.034      1.289      1.187     -0.590     -0.500     -0.228      1.035      0.980     -0.849      0.040      1.529     -0.700     -0.593     -0.271      1.228     -0.593      1.000      0.000      0.000      0.000      1.000     -0.500      0.000      1.000      0.000      0.000      0.000 92508161
     2.000      1.000     -1.526      1.065     -0.212      0.072      1.885      1.410      0.500      0.465      2.535     -2.876      2.007     -0.400      0.135      2.659      0.942      0.876      4.777     -0.942      0.000      0.000      1.000      0.000      0.000     -0.500      0.000      1.000      0.000      0.000      1.000 92508538
     3.000      0.000      0.918      0.192     -0.699      0.330     -0.873      0.660     -0.500      0.191      2.035     -0.801     -0.168      0.610     -0.288     -0.577      0.437     -0.167     -1.777     -0.437      1.000      0.000      0.000      0.000      1.000      0.500      1.000      0.000      0.000      0.000      0.000 92508867
     3.000      0.000      0.460      1.354     -0.161      0.551      1.184     -0.423     -0.500     -0.145     -1.965      0.545      1.603     -0.190      0.652     -0.501     -0.592     -0.172     -2.326     -0.592      1.000      0.000      0.000      0.000      1.000     -0.500      1.000      0.000      0.000      0.000      0.000 92543504
     3.000      2.000     -0.849     -0.715     -0.208     -0.787     -0.846      1.077      0.500     -0.186     -1.965      0.718      0.605      0.176      0.666     -0.911     -0.423      0.157      1.662      0.423      0.000      0.000      0.000      1.000      1.000     -0.500      0.000      0.000      0.000      0.000      0.000 92546220
     3.000      2.000      1.168     -0.458      1.741      1.289     -0.580      0.244     -0.500     -0.531     -0.965     -0.677      0.266     -1.009     -0.747     -0.141      0.290      0.308      0.560      0.290      1.000      0.000      0.000      0.000      1.000     -0.500      0.000      0.000      0.000      0.000      0.000 92570850
     3.000      1.000      1.060     -0.998      1.477      1.068      0.112     -0.840     -0.500      0.528      1.535      0.119     -0.112      0.165      0.120     -0.094     -0.056      0.059      0.172     -0.056      1.000      0.000      0.000      1.000      1.000     -0.500      0.000      1.000      0.000      0.000      0.000 92570877
     3.000      0.000      0.340      0.475      0.271      0.109     -0.520     -1.840      0.500          *     -0.465     -0.177     -0.247     -0.141     -0.057      0.957     -0.260          *      0.242      0.260      1.000      0.000      0.000      0.000      0.000     -0.500      1.000      0.000      0.000      0.000      0.000 92571106
     3.000      0.000      0.426      1.785      0.503      0.227     -0.703     -0.256      0.500      1.147      0.035     -0.299     -1.254     -0.354     -0.160      0.180     -0.351     -0.806     -0.024     -0.351      0.000      0.000      0.000      1.000      1.000      0.500      1.000      0.000      0.000      0.000      0.000 92571269
     3.000      0.000      0.108      1.241     -0.174      0.405      0.863      1.327      0.500          *     -0.965      0.094      1.071     -0.150      0.350      1.146      0.432          *     -0.833     -0.432      1.000      1.000      0.000      0.000      1.000     -0.500      1.000      0.000      0.000      0.000      0.000 92572220
     3.000      1.000      1.060     -0.715      0.284     -0.473     -1.529      0.160      0.500          *     -1.965     -1.620      1.094     -0.434      0.724     -0.245     -0.765          *      3.005      0.765      1.000      0.000      0.000      0.000      1.000     -0.500      0.000      1.000      0.000      0.000      0.000 92572321
     3.000      1.000     -0.799     -0.998     -0.188     -0.017     -0.520     -2.590      0.500      0.397      0.035      0.415      0.519      0.098      0.009      1.346     -0.260     -0.207     -0.018      0.260      1.000      0.000      0.000      0.000      1.000     -0.500      0.000      1.000      0.000      0.000      0.000 92575003
     1.000      0.000     -0.125     -0.998     -1.863     -1.800      0.881     -3.673      0.500      0.191     -0.465     -0.110     -0.879     -1.640     -1.585     -3.234      0.440      0.169     -0.410     -0.440      0.000      0.000      0.000      1.000      1.000     -0.500      1.000      0.000      0.000      1.000      0.000 92575804
     2.000      0.000     -0.298      1.502      0.762      0.588      1.044      0.994      0.500     -0.319      1.035     -0.311      1.567      0.795      0.614      1.037      0.522     -0.333      1.080      0.522      1.000      0.000      0.000      0.000      1.000      0.500      1.000      0.000      0.000      0.000      1.000 92575809
     3.000      2.000     -1.091     -0.998     -0.944     -1.008     -0.718      1.660      0.500      1.939      3.035      0.784      0.717      0.678      0.724     -1.193     -0.359     -1.393     -2.180      0.359      0.000      0.000      1.000      0.000      0.000     -0.500      0.000      0.000      0.000      0.000      0.000 92575974
     3.000      2.000      1.134     -0.998      0.025      0.847     -1.479      0.577     -0.500          *      0.035     -1.677      1.476     -0.037     -1.252     -0.853      0.739          *     -0.051     -0.739      0.000      0.000      1.000      0.000      0.000      0.500      0.000      0.000      0.000      0.000      0.000 92576391
     3.000      2.000     -0.161     -0.998      0.753     -0.001     -0.315      1.994     -0.500          *     -0.965      0.051      0.314     -0.237      0.000     -0.628      0.157          *      0.304     -0.157      0.000      0.000      0.000      1.000      1.000      0.500      0.000      0.000      0.000      0.000      0.000 92576396
     3.000      2.000     -1.245      0.475     -1.422     -0.842      0.025      1.744      0.500      0.714      3.035     -0.031      0.012     -0.035     -0.021      0.043      0.012      0.017      0.074      0.012      1.000      1.000      0.000      1.000      1.000      0.500      0.000      0.000      0.000      0.000      0.000 92576435
     1.000      0.000      1.050     -0.403      0.290     -0.149     -0.305      1.160      0.500          *      1.535     -0.320      0.123     -0.089      0.046     -0.354     -0.153          *     -0.468      0.153      1.000      0.000      0.000      0.000      1.000     -0.500      1.000      0.000      0.000      1.000      0.000 92576691
     3.000      1.000     -1.233     -0.998     -0.194     -1.164      0.554      1.744      0.500      0.220      0.035     -0.682     -0.553     -0.107     -0.644      0.965      0.277      0.122      0.019      0.277      0.000      0.000      0.000      1.000      1.000      0.500      0.000      1.000      0.000      0.000      0.000 92576699
     1.000      2.000     -0.357     -0.458      0.293      0.588      2.897      0.494     -0.500     -0.879     -1.965     -1.034     -1.328      0.850      1.705      1.431     -1.449     -2.547     -5.695     -1.449      1.000      0.000      0.000      0.000      1.000     -0.500      0.000      0.000      0.000      1.000      0.000 92576791
     3.000      1.000     -0.145     -0.998      0.526      0.809     -1.084      0.160      0.500     -0.531     -1.965      0.158      1.083     -0.570     -0.878     -0.174     -0.542      0.576      2.131     -0.542      1.000      0.000      0.000      0.000      1.000      0.500      0.000      1.000      0.000      0.000      0.000 92576994
     3.000      2.000          *      0.192          *     -2.756      1.038      1.910      0.500     -1.061          *          *      0.200          *     -2.862      1.984      0.519     -1.102          *     -0.519      0.000      0.000      0.000      1.000      1.000     -0.500      0.000      0.000      0.000      0.000      0.000 92577384
     1.000      2.000      1.134     -0.998      1.258      0.700      0.122      2.660     -0.500     -1.572     -0.965      0.139     -0.122      0.154      0.086      0.326     -0.061     -0.193     -0.118      0.061      0.000      0.000      0.000      1.000      1.000      0.500      0.000      0.000      0.000      1.000      0.000 92577885
     3.000      0.000      0.085     -0.998      0.275     -1.487     -0.222      0.744     -0.500          *      0.035     -0.019      0.221     -0.061      0.330     -0.165      0.111          *     -0.008      0.111      1.000      0.000      0.000      0.000      0.000     -0.500      1.000      0.000      0.000      0.000      0.000 92578347
     3.000      1.000      0.009          *     -1.667      0.441     -1.803      1.660      0.500     -0.966      0.535     -0.016          *      3.006     -0.795     -2.994     -0.902      1.742     -0.964      0.902      0.000      0.000      0.000      1.000      1.000     -0.500      0.000      1.000      0.000      0.000      0.000 92578860
     3.000      1.000      0.233     -0.998      0.776     -0.316      0.241      0.244     -0.500      0.070     -1.965      0.056     -0.240      0.187     -0.076      0.059     -0.120      0.017     -0.473     -0.120      0.000      0.000      0.000      1.000      1.000     -0.500      0.000      1.000      0.000      0.000      0.000 92579959
     2.000      2.000     -2.191      0.186     -1.442     -0.865      2.176     -1.173      0.500     -0.591      1.035     -4.768      0.406     -3.137     -1.882     -2.552      1.088     -1.287      2.251      1.088      0.000      0.000      0.000      1.000      1.000      0.500      0.000      0.000      0.000      0.000      1.000 92590254
     3.000      1.000      1.168     -0.686      1.477      0.809     -2.275     -0.173     -0.500     -0.966     -1.965     -2.657      1.561     -3.360     -1.842      0.393      1.138      2.198      4.472      1.138      1.000      0.000      0.000      0.000      1.000     -0.500      0.000      1.000      0.000      0.000      0.000 92590259
     3.000      2.000      1.168      0.495      1.231      1.068     -0.712     -0.256     -0.500      0.070      2.535     -0.832     -0.353     -0.877     -0.761      0.182      0.356     -0.050     -1.805      0.356      0.000      0.000      0.000      1.000      1.000     -0.500      0.000      0.000      0.000      0.000      0.000 92606322
     3.000      1.000     -1.055     -0.715      0.030      1.030      0.232      1.994     -0.500      0.443      0.035     -0.245     -0.166      0.007      0.239      0.463     -0.116      0.103      0.008     -0.116      0.000      0.000      0.000      1.000      1.000     -0.500      0.000      1.000      0.000      0.000      0.000 92636159
     1.000      0.000      1.064     -0.998      0.999      0.220      0.653      0.744     -0.500      0.625      0.035      0.695     -0.652      0.652      0.144      0.486     -0.327      0.408      0.023     -0.327      1.000      0.000      0.000      1.000      1.000     -0.500      1.000      0.000      0.000      1.000      0.000 92676153
     1.000      2.000      0.544     -0.175      0.730      1.068     -0.245      1.077     -0.500      0.465      0.035     -0.133      0.043     -0.179     -0.262     -0.264      0.123     -0.114     -0.008     -0.123      0.000      0.000      0.000      1.000      0.000      0.500      0.000      0.000      0.000      1.000      0.000 92676159
     3.000      1.000      0.918     -0.888      0.057     -1.487     -1.502     -2.673     -0.500     -0.966     -0.965     -1.379      1.335     -0.085      2.235      4.016      0.751      1.451      1.451     -0.751      1.000      0.000      0.000      0.000      1.000      0.500      0.000      1.000      0.000      0.000      0.000 92710210
     3.000      2.000     -0.197      0.212      1.504      0.330     -0.434     -1.590      0.500     -1.418     -1.965      0.085     -0.092     -0.653     -0.143      0.690     -0.217      0.616      0.854      0.217      1.000      0.000      0.000      0.000      1.000     -0.500      0.000      0.000      0.000      0.000      0.000 92710212
     3.000      2.000      0.951      1.785      0.089      1.289      0.735     -3.506      0.500     -0.228      0.535      0.699      1.312      0.065      0.947     -2.577      0.367     -0.168      0.393     -0.367      0.000      0.000      0.000      1.000      1.000     -0.500      0.000      0.000      0.000      0.000      0.000 92710658
     3.000      2.000      1.050     -0.458      0.512      1.289     -0.636     -3.006      0.500     -1.284     -0.465     -0.668      0.292     -0.326     -0.820      1.913     -0.318      0.817      0.296      0.318      1.000      0.000      0.000      0.000      1.000     -0.500      0.000      0.000      0.000      0.000      0.000 92711071
     3.000      0.000      1.064      1.397      1.727      1.030     -0.545     -2.423      0.500      0.274      0.535     -0.580     -0.761     -0.941     -0.561      1.320     -0.272     -0.149     -0.291      0.272      1.000      0.000      0.000      1.000      1.000     -0.500      1.000      0.000      0.000      0.000      0.000 92712998
     1.000      1.000      0.731      0.137     -0.435      0.809      0.616     -3.173     -0.500     -0.273      0.035      0.450      0.084     -0.268      0.498     -1.953     -0.308     -0.168      0.021      0.308      0.000      0.000      0.000      1.000      1.000      0.500      0.000      1.000      0.000      1.000      0.000 92714042
     1.000      0.000      0.490      1.085     -0.194      0.448      1.181     -1.590     -0.500      0.826      1.035      0.579      1.281     -0.229      0.529     -1.877     -0.591      0.975      1.222     -0.591      0.000      0.000      0.000      1.000      1.000     -0.500      1.000      0.000      0.000      1.000      0.000 92714383
     3.000      2.000      1.060     -0.888      0.029     -0.602     -0.513     -3.506      0.500      0.870     -0.965     -0.544      0.456     -0.015      0.309      1.800     -0.257     -0.447      0.496      0.257      0.000      0.000      0.000      1.000      1.000     -0.500      0.000      0.000      0.000      0.000      0.000 92715998
     3.000      0.000      1.168     -0.998      1.254     -0.971     -1.326     -2.840     -0.500      0.162      0.035     -1.549      1.324     -1.663      1.287      3.766      0.663     -0.215     -0.046      0.663      1.000      0.000      0.000      0.000      0.000     -0.500      1.000      0.000      0.000      0.000      0.000 92716229
     3.000      2.000     -0.544      0.137      1.249     -0.677      0.711     -2.006      0.500     -0.106      0.535     -0.387      0.098      0.888     -0.482     -1.427      0.356     -0.075      0.380     -0.356      1.000      0.000      0.000      0.000      1.000     -0.500      0.000      0.000      0.000      0.000      0.000 92716339
     3.000      2.000      0.682      0.163     -0.207      0.117      2.051     -2.340      0.500     -0.145      1.035      1.399      0.334     -0.424      0.241     -4.798      1.025     -0.297      2.122      1.025      1.000      0.000      0.000      0.000      1.000      0.500      0.000      0.000      0.000      0.000      0.000 92716353
     1.000      2.000     -0.219     -0.998     -0.654      0.117     -1.154     -2.423     -0.500     -0.656      3.035      0.253      1.153      0.755     -0.135      2.797      0.577      0.757     -3.503      0.577      1.000      0.000      0.000      0.000      1.000     -0.500      0.000      0.000      0.000      1.000      0.000 92716936
     3.000      0.000     -0.263      0.762      0.067      1.030      1.525     -2.506     -0.500     -0.879     -0.465     -0.401      1.162      0.102      1.572     -3.823     -0.763     -1.341     -0.710     -0.763      1.000      0.000      0.000      0.000      0.000     -0.500      1.000      0.000      0.000      0.000      0.000 92718261
     3.000      2.000      0.519     -0.091      0.039      0.293      2.074     -2.173      0.500      1.571     -0.465      1.076     -0.188      0.081      0.607     -4.507      1.037      3.257     -0.965     -1.037      0.000      0.000      0.000      1.000      1.000     -0.500      0.000      0.000      0.000      0.000      0.000 93316052
     3.000      2.000     -0.128      0.752      0.534      0.588      0.081     -1.923     -0.500          *     -0.965     -0.010      0.061      0.043      0.048     -0.156     -0.041          *     -0.078      0.041      0.000      0.000      0.000      1.000      1.000      0.500      0.000      0.000      0.000      0.000      0.000 93316956
     3.000      2.000     -0.745     -0.715     -0.198     -0.370     -0.215     -0.840     -0.500     -0.531     -0.965      0.160      0.153      0.042      0.079      0.180      0.107      0.114      0.207     -0.107      1.000      0.000      0.000      0.000      1.000      0.500      0.000      0.000      0.000      0.000      0.000 93500250
     3.000      2.000      1.168      1.120      1.227     -0.976     -0.437     -0.506     -0.500      0.568      0.035     -0.511     -0.490     -0.536      0.427      0.221      0.219     -0.248     -0.015      0.219      0.000      0.000      0.000      1.000      1.000     -0.500      0.000      0.000      0.000      0.000      0.000 93500314
     3.000      2.000      0.097     -0.998      1.249      1.030      0.503      2.244      0.500          *      0.035      0.049     -0.502      0.628      0.518      1.128      0.251          *      0.017     -0.251      1.000      0.000      0.000      0.000      1.000     -0.500      0.000      0.000      0.000      0.000      0.000 93500452
     3.000      1.000     -0.384     -0.998     -0.198      1.068     -0.297      1.910     -0.500          *      0.035      0.114      0.297      0.059     -0.317     -0.568      0.149          *     -0.010      0.149      0.000      0.000      0.000      1.000      1.000     -0.500      0.000      1.000      0.000      0.000      0.000 93500658
     3.000      2.000          *          *     -0.198     -2.497     -1.261      2.327      0.500          *     -1.965          *          *      0.249      3.150     -2.935     -0.631          *      2.479      0.631      1.000      0.000      0.000      0.000      1.000     -0.500      0.000      0.000      0.000      0.000      0.000 93500915
     3.000      2.000     -0.986      0.262     -0.454     -0.898     -0.033      1.327     -0.500      0.220      0.035      0.033     -0.009      0.015      0.030     -0.044      0.017     -0.007     -0.001     -0.017      1.000      0.000      0.000      0.000      1.000      0.500      0.000      0.000      0.000      0.000      0.000 93500956
     1.000      0.000     -0.889      0.525     -2.137     -2.351      0.897      1.910     -0.500          *      0.035     -0.797      0.471     -1.917     -2.109      1.714     -0.449          *      0.031     -0.449      1.000      0.000      0.000      1.000      1.000     -0.500      1.000      0.000      0.000      1.000      0.000 93506097
     3.000      1.000      0.889     -0.998      0.526      0.588     -0.191      0.827     -0.500     -0.145     -0.465     -0.170      0.191     -0.100     -0.112     -0.158      0.095      0.028      0.089      0.095      1.000      0.000      0.000      0.000      1.000     -0.500      0.000      1.000      0.000      0.000      0.000 93506193
     3.000      2.000     -0.674     -0.998      0.503      0.258     -1.751     -0.256     -0.500     -1.418     -0.965      1.181      1.748     -0.881     -0.451      0.449      0.876      2.483      1.691     -0.876      1.000      0.000      0.000      0.000      1.000      0.500      0.000      0.000      0.000      0.000      0.000 93506222
     3.000      2.000      1.168      0.772      1.727      1.030      0.505     -0.256      0.500     -0.145     -0.965      0.590      0.390      0.873      0.521     -0.130      0.253     -0.073     -0.488     -0.253      0.000      0.000      0.000      1.000      1.000     -0.500      0.000      0.000      0.000      0.000      0.000 93506290
     3.000      1.000      0.458     -0.998      0.753      0.054     -0.240      1.577      0.500     -0.319     -1.965     -0.110      0.240     -0.181     -0.013     -0.379     -0.120      0.077      0.473      0.120      0.000      0.000      0.000      1.000      1.000     -0.500      0.000      1.000      0.000      0.000      0.000 93506291
     3.000      0.000      0.730      0.703     -1.168      0.551      0.323     -0.256     -0.500      0.350      1.535      0.235      0.227     -0.377      0.178     -0.083     -0.161      0.113      0.495     -0.161      1.000      0.000      0.000      0.000      1.000     -0.500      1.000      0.000      0.000      0.000      0.000 93506496
     3.000      1.000     -1.363      0.192      0.489     -0.787      0.884      2.994      0.500          *     -0.965     -1.204      0.170      0.433     -0.696      2.646      0.442          *     -0.853     -0.442      1.000      0.000      0.000      0.000      1.000     -0.500      0.000      1.000      0.000      0.000      0.000 93506891
     3.000      2.000      0.732      0.183     -0.699     -0.473     -0.832      2.160      0.500     -0.656     -0.965     -0.609     -0.152      0.581      0.394     -1.797     -0.416      0.546      0.803      0.416      1.000      0.000      0.000      0.000      1.000     -0.500      0.000      0.000      0.000      0.000      0.000 93506898
     3.000      0.000      0.080      0.489      1.249      1.289      0.133      0.577     -0.500          *      0.035      0.011      0.065      0.166      0.171      0.077     -0.066          *      0.005      0.066      0.000      0.000      0.000      1.000      1.000      0.500      1.000      0.000      0.000      0.000      0.000 93506930
     1.000      2.000     -0.109      2.012          *     -1.119      0.838      3.660     -0.500          *      1.035     -0.091      1.687          *     -0.938      3.069     -0.419          *      0.867     -0.419      0.000      1.000      0.000      1.000      1.000     -0.500      0.000      0.000      0.000      1.000      0.000 93506953
     1.000      1.000      0.695     -0.998     -0.230      1.289     -2.704     -1.590     -0.500     -0.106          *     -1.879      2.700      0.623     -3.485      4.298      1.352      0.286          *      1.352      0.000      0.000      0.000      1.000      1.000     -0.500      0.000      1.000      0.000      1.000      0.000 93507981
     3.000      2.000      0.918     -1.028      0.747     -0.104      0.439     -1.090     -0.500     -0.591      2.035      0.403     -0.452      0.328     -0.046     -0.479     -0.220     -0.260      0.894      0.220      0.000      0.000      0.000      1.000      1.000      0.500      0.000      0.000      0.000      0.000      0.000 93540151
     3.000      1.000      0.655     -0.715     -0.967      1.289     -1.498      1.994     -0.500      0.070      0.535     -0.981      1.072      1.450     -1.931     -2.988      0.749     -0.105     -0.801      0.749      1.000      0.000      0.000      0.000      1.000     -0.500      0.000      1.000      0.000      0.000      0.000 93540450
     3.000      1.000      0.699      0.192      0.058      1.030      0.434      1.577     -0.500          *      1.035      0.304      0.084      0.025      0.448      0.685     -0.217          *      0.449     -0.217      0.000      0.000      0.000      1.000      1.000     -0.500      0.000      1.000      0.000      0.000      0.000 93540950
     2.000      1.000      0.147      1.785     -0.189      1.289      0.410      1.994     -0.500      0.070     -0.965      0.060      0.731     -0.077      0.528      0.817     -0.205      0.029     -0.396     -0.205      1.000      0.000      0.000      0.000      1.000     -0.500      0.000      1.000      0.000      0.000      1.000 93543909
     1.000      0.000     -0.230      0.808     -0.193     -1.298     -0.349     -1.340     -0.500     -0.656      0.035      0.080     -0.282      0.067      0.452      0.467      0.174      0.229     -0.012      0.174      1.000      0.000      0.000      0.000      1.000     -0.500      1.000      0.000      0.000      1.000      0.000 93570257
     3.000      1.000     -2.363     -0.383      0.994     -0.362      0.564      2.077     -0.500      0.528     -0.465     -1.334     -0.216      0.561     -0.204      1.172     -0.282      0.298     -0.263     -0.282      1.000      0.000      0.000      0.000      0.000     -0.500      0.000      1.000      0.000      0.000      0.000 93570375
     3.000      2.000     -0.342     -0.403      0.526      1.289      1.146     -2.590      0.500          *      2.035     -0.392     -0.462      0.602      1.477     -2.968      0.573          *      2.332      0.573      1.000      0.000      0.000      0.000      0.000      0.500      0.000      0.000      0.000      0.000      0.000 93571703
     1.000      0.000      0.630      0.242      0.539      0.626     -0.400      0.077     -0.500          *      3.035     -0.252     -0.097     -0.216     -0.251     -0.031      0.200          *     -1.215      0.200      1.000      0.000      0.000      0.000      1.000     -0.500      1.000      0.000      0.000      1.000      0.000 93571952
     3.000      2.000      1.050     -0.149          *     -0.252     -0.708      2.160     -0.500          *      0.035     -0.743      0.106          *      0.178     -1.529      0.354          *     -0.024      0.354      0.000      0.000      0.000      1.000      1.000     -0.500      0.000      0.000      0.000      0.000      0.000 93571972
     3.000      0.000     -0.317      0.192      1.287     -1.708      0.318      1.577     -0.500      0.714     -0.965     -0.101      0.061      0.409     -0.543      0.501     -0.159      0.227     -0.307     -0.159      1.000      0.000      0.000      0.000      1.000     -0.500      1.000      0.000      0.000      0.000      0.000 93572322
     3.000      0.000      1.168      0.163      1.250      0.258     -0.439      1.660     -0.500     -3.364      0.035     -0.513     -0.072     -0.549     -0.113     -0.729      0.220      1.478     -0.015      0.220      1.000      0.000      0.000      0.000      0.000     -0.500      1.000      0.000      0.000      0.000      0.000 93572668
     3.000      2.000      0.074          *      0.771      0.847      0.010      2.410     -0.500          *     -0.965      0.001          *      0.008      0.009      0.025     -0.005          *     -0.010      0.005      1.000      0.000      0.000      0.000      1.000      0.500      0.000      0.000      0.000      0.000      0.000 93572926
     3.000      1.000      0.926     -0.998      0.767     -0.823     -0.248      1.827      0.500      0.350          *     -0.230      0.248     -0.190      0.204     -0.454     -0.124     -0.087          *     -0.124      1.000      0.000      0.000      0.000      1.000      0.500      0.000      1.000      0.000      0.000      0.000 93573327
     3.000      2.000      0.663     -0.998      0.262      1.068     -0.951     -0.756      0.500          *      0.035     -0.630      0.949     -0.249     -1.015      0.719     -0.475          *     -0.033     -0.475      1.000      1.000      0.000      0.000      1.000      0.500      0.000      0.000      0.000      0.000      0.000 93573539
     3.000      2.000     -0.115     -0.100     -1.181      0.330     -0.752      1.160     -0.500      0.967      0.035      0.086      0.075      0.888     -0.248     -0.873      0.376     -0.727     -0.026      0.376      1.000      0.000      0.000      0.000      0.000     -0.500      0.000      0.000      0.000      0.000      0.000 93574385
     0.000      2.000      0.280     -0.175      0.763      0.847      0.174     -3.256     -0.500      0.350      3.035      0.049     -0.031      0.133      0.148     -0.568     -0.087      0.061      0.529      0.087      0.000      0.000      0.000      1.000      1.000      0.500      0.000      0.000      1.000      0.000      0.000 93574903
     1.000      0.000      1.168          *      0.758      1.289      0.464     -1.173     -0.500          *      2.035      0.542          *      0.352      0.598     -0.545     -0.232          *      0.945     -0.232      1.000      0.000      0.000      0.000      1.000     -0.500      1.000      0.000      0.000      1.000      0.000 93575304
     3.000      0.000     -0.801      0.808     -1.384     -0.684      1.663      0.410      0.500      0.397      0.035     -1.332      1.343     -2.301     -1.138      0.683      0.831      0.661      0.057      0.831      1.000      0.000      0.000      0.000      1.000      0.500      1.000      0.000      0.000      0.000      0.000 93575309
     1.000      2.000      0.474     -0.149      1.491      0.006      1.209      0.994     -0.500      0.191      0.035      0.573     -0.181      1.802      0.008      1.202     -0.605      0.231      0.042      0.605      0.000      0.000      0.000      1.000      1.000      0.500      0.000      0.000      0.000      1.000      0.000 93575998
     3.000      2.000      0.933     -0.403      1.727      1.289     -0.943     -0.590     -0.500      0.568     -0.965     -0.880      0.380     -1.629     -1.216      0.556      0.472     -0.536      0.911      0.472      0.000      0.000      0.000      1.000      1.000     -0.500      0.000      0.000      0.000      0.000      0.000 93576090
     1.000      0.000     -0.021      0.936     -0.477     -1.229     -1.367     -0.590     -0.500     -0.319      0.035      0.029     -1.279      0.652      1.679      0.806      0.683      0.436     -0.047      0.683      0.000      0.000      0.000      1.000      1.000     -0.500      1.000      0.000      0.000      1.000      0.000 93576191
     3.000      1.000      0.933     -0.715      0.535      1.068     -1.118      1.494      0.500          *     -1.465     -1.044      0.800     -0.598     -1.194     -1.671     -0.559          *      1.639      0.559      1.000      0.000      0.000      0.000      1.000     -0.500      0.000      1.000      0.000      0.000      0.000 93576193
     3.000      2.000      0.247      0.723     -0.443      1.030     -2.041      2.994     -0.500     -1.418     -1.465     -0.503     -1.476      0.905     -2.103     -6.111      1.021      2.895      2.991      1.021      0.000      0.000      0.000      1.000      1.000     -0.500      0.000      0.000      0.000      0.000      0.000 93576199
     3.000      0.000     -0.682     -0.091     -1.640      0.707      0.310      0.577      0.500     -0.145     -0.465     -0.211     -0.028     -0.508      0.219      0.179      0.155     -0.045     -0.144     -0.155      0.000      0.000      0.000      1.000      1.000     -0.500      1.000      0.000      0.000      0.000      0.000 93576290
     3.000      2.000      0.665     -0.383     -1.149      1.030     -0.637      1.744     -0.500     -0.145     -1.965     -0.423      0.244      0.731     -0.656     -1.110      0.318      0.092      1.251      0.318      0.000      0.000      0.000      1.000      1.000     -0.500      0.000      0.000      0.000      0.000      0.000 93576293
     3.000      2.000      0.847     -0.998     -0.461      1.068      0.758     -2.173      0.500          *      0.035      0.642     -0.757     -0.350      0.809     -1.647      0.379          *      0.026     -0.379      0.000      0.000      1.000      0.000      1.000     -0.500      0.000      0.000      0.000      0.000      0.000 93576348
     1.000      2.000      0.427     -0.403      0.976     -0.456      0.893      0.327     -0.500     -0.474      1.035      0.381     -0.360      0.872     -0.408      0.292     -0.447     -0.423      0.924      0.447      0.000      0.000      0.000      1.000      1.000      0.500      0.000      0.000      0.000      1.000      0.000 93576596
     3.000      2.000     -1.156      1.368     -0.940     -0.534      1.510      0.244     -0.500      0.070      2.035     -1.746      2.066     -1.419     -0.806      0.368     -0.755      0.106      3.073     -0.755      1.000      0.000      0.000      1.000      1.000     -0.500      0.000      0.000      0.000      0.000      0.000 93576599
     1.000      0.000     -1.091      2.325     -0.699      1.289      0.238     -0.673     -0.500      0.133      0.535     -0.259      0.553     -0.166      0.307     -0.160     -0.119      0.032      0.127     -0.119      1.000      0.000      0.000      0.000      0.000     -0.500      1.000      0.000      0.000      1.000      0.000 93576696
     2.000      0.000     -0.153      1.079     -1.408      0.006      0.688      1.410      0.500      0.568      1.035     -0.106      0.743     -0.970      0.004      0.971      0.344      0.391      0.712     -0.344      1.000      0.000      0.000      0.000      1.000     -0.500      1.000      0.000      0.000      0.000      1.000 93576702
     3.000      2.000      0.188     -0.998      1.250     -1.929      1.536     -0.173      0.500          *      0.535      0.289     -1.534      1.920     -2.964     -0.266      0.768          *      0.821     -0.768      0.000      0.000      0.000      1.000      1.000     -0.500      0.000      0.000      0.000      0.000      0.000 93576836
     1.000      0.000     -1.320      0.108     -1.674     -0.259      1.113     -1.006      0.500     -0.591     -0.965     -1.469      0.120     -1.862     -0.289     -1.120      0.556     -0.658     -1.074     -0.556      0.000      0.000      0.000      1.000      1.000     -0.500      1.000      0.000      0.000      1.000      0.000 93577287
     3.000      0.000      0.576     -0.354     -1.403     -0.141      1.173      0.994      0.500      0.661      0.035      0.676     -0.415     -1.646     -0.166      1.166      0.587      0.776      0.041     -0.587      0.000      0.000      0.000      1.000      1.000     -0.500      1.000      0.000      0.000      0.000      0.000 93577989
     3.000      0.000     -0.140     -0.120      0.062     -1.668      0.109      0.577      0.500          *      1.535     -0.015     -0.013      0.007     -0.182      0.063      0.054          *      0.167     -0.054      1.000      0.000      0.000      0.000      0.000     -0.500      1.000      0.000      0.000      0.000      0.000 93578543
     3.000      2.000      1.064     -0.149      0.289     -0.215      0.787      1.327     -0.500          *      1.035      0.837     -0.117      0.227     -0.169      1.044     -0.393          *      0.814     -0.393      0.000      0.000      0.000      1.000      1.000     -0.500      0.000      0.000      0.000      0.000      0.000 93578865
     3.000      2.000      0.222     -0.998     -0.221      0.809     -0.409      0.744      0.500      1.653      1.535     -0.091      0.408      0.090     -0.331     -0.304     -0.205     -0.676     -0.628      0.205      1.000      0.000      0.000      0.000      0.000     -0.500      0.000      0.000      0.000      0.000      0.000 93578944
     3.000      1.000     -0.147      0.311     -0.217     -0.938      2.032     -1.423     -0.500     -0.228      0.035     -0.299      0.632     -0.440     -1.907     -2.892     -1.016     -0.464      0.070     -1.016      0.000      0.000      0.000      1.000      1.000     -0.500      0.000      1.000      0.000      0.000      0.000 93579950
     3.000      1.000     -1.556     -0.715      1.491     -1.321     -0.440      2.577      0.500     -0.799      0.035      0.685      0.315     -0.656      0.581     -1.134     -0.220      0.352     -0.015     -0.220      1.000      0.000      0.000      0.000      1.000      0.500      0.000      1.000      0.000      0.000      0.000 93590952
     3.000      2.000     -2.889      2.325     -0.906     -0.976     -2.255      0.077      0.500      0.070     -1.965      6.515     -5.243      2.043      2.201     -0.174     -1.128     -0.158      4.432     -1.128      1.000      0.000      0.000      0.000      1.000      0.500      0.000      0.000      0.000      0.000      0.000 93606726
     3.000      1.000      1.168     -0.354      0.526      1.289      1.003     -1.173      0.500      1.251      2.035      1.172     -0.355      0.527      1.293     -1.177      0.502      1.255      2.041     -0.502      0.000      0.000      0.000      1.000      0.000     -0.500      0.000      1.000      0.000      0.000      0.000 93646228
     3.000      1.000     -0.506     -0.666      0.252      1.068      0.130      1.410     -0.500      0.486      1.035     -0.066     -0.087      0.033      0.139      0.184     -0.065      0.063      0.135      0.065      1.000      0.000      0.000      0.000      0.000      0.500      0.000      1.000      0.000      0.000      0.000 93676754
     3.000      2.000      0.233     -0.998      1.003      1.289     -1.738     -2.923     -0.500      0.747      0.035     -0.405      1.735     -1.743     -2.239      5.079      0.869     -1.298     -0.060      0.869      0.000      0.000      0.000      1.000      1.000     -0.500      0.000      0.000      0.000      0.000      0.000 93710319
     1.000      0.000      1.060     -0.998      0.785      0.147      1.404     -2.423     -0.500     -0.145      2.035      1.488     -1.402      1.103      0.206     -3.402     -0.702     -0.204      2.857     -0.702      1.000      0.000      0.000      0.000      1.000     -0.500      1.000      0.000      0.000      1.000      0.000 93710356
     3.000      2.000      0.619     -0.998      0.285      0.330     -0.597     -2.173     -0.500     -0.591     -0.965     -0.369      0.596     -0.170     -0.197      1.297      0.299      0.353      0.576      0.299      1.000      0.000      0.000      0.000      1.000     -0.500      0.000      0.000      0.000      0.000      0.000 93710853
     3.000      2.000     -0.021     -0.458      0.284      0.227     -0.145     -2.090      0.500      0.300      1.035      0.003      0.066     -0.041     -0.033      0.302     -0.072     -0.043     -0.150      0.072      1.000      0.000      0.000      0.000      1.000     -0.500      0.000      0.000      0.000      0.000      0.000 93710986
     3.000      2.000      0.523     -0.998      0.526     -1.229      1.019     -2.006      0.500      0.070      0.035      0.533     -1.017      0.536     -1.252     -2.044      0.510      0.071      0.035      0.510      1.000      0.000      0.000      0.000      1.000      0.500      0.000      0.000      0.000      0.000      0.000 93712295
     3.000      1.000     -0.488     -0.998      0.247      0.809     -0.706     -0.840     -0.500     -0.273      1.035      0.345      0.705     -0.174     -0.571      0.592      0.353      0.193     -0.730      0.353      1.000      0.000      0.000      0.000      1.000     -0.500      0.000      1.000      0.000      0.000      0.000 93712912
     3.000      0.000     -0.443      3.093     -2.608      0.772      0.297     -2.423     -0.500     -0.106          *     -0.132      0.919     -0.775      0.229     -0.720     -0.149     -0.031          *      0.149      1.000      0.000      0.000      0.000      0.000      0.500      1.000      0.000      0.000      0.000      0.000 93712915
     3.000      2.000      0.523     -0.998     -0.485     -0.456     -0.822     -4.923     -0.500     -0.273      0.035     -0.430      0.821      0.398      0.375      4.048      0.411      0.224     -0.028     -0.411      0.000      0.000      0.000      1.000      1.000      0.500      0.000      0.000      0.000      0.000      0.000 93713602
     3.000      2.000     -0.600     -0.100      0.990      0.385      1.191     -2.506      0.500          *      0.535     -0.715     -0.119      1.179      0.458     -2.985      0.595          *      0.637     -0.595      1.000      0.000      0.000      0.000      1.000     -0.500      0.000      0.000      0.000      0.000      0.000 93716214
     3.000      0.000      0.946     -0.354      0.275      0.588     -1.573     -2.923     -0.500          *      0.535     -1.489      0.556     -0.433     -0.926      4.598      0.787          *     -0.841      0.787      0.000      0.000      0.000      1.000      1.000     -0.500      1.000      0.000      0.000      0.000      0.000 93716334
     3.000      2.000      0.121     -0.715     -0.662      0.588      0.953     -1.340     -0.500      0.133      1.035      0.115     -0.681     -0.631      0.561     -1.276     -0.476      0.126      0.985     -0.476      1.000      0.000      0.000      0.000      1.000     -0.500      0.000      0.000      0.000      0.000      0.000 93716423
     3.000      2.000      1.168     -0.998      1.741      0.847     -0.145     -1.756      0.500      0.967      1.035     -0.170      0.145     -0.253     -0.123      0.255     -0.073     -0.141     -0.150      0.073      1.000      0.000      0.000      0.000      1.000     -0.500      0.000      0.000      0.000      0.000      0.000 93716909
     3.000      1.000      0.465     -0.998      0.989      0.847     -1.079     -2.923      0.500      0.350      1.535     -0.502      1.077     -1.067     -0.914      3.154     -0.540     -0.377     -1.656      0.540      1.000      0.000      0.000      0.000      0.000     -0.500      0.000      1.000      0.000      0.000      0.000 93716921
     3.000      0.000      0.215     -0.998      0.053      0.809      0.024     -2.590     -0.500      0.465      0.535      0.005     -0.024      0.001      0.019     -0.062     -0.012      0.011      0.013     -0.012      1.000      0.000      0.000      0.000      0.000     -0.500      1.000      0.000      0.000      0.000      0.000 94316553
     3.000      2.000      0.695     -0.998      1.031     -0.795     -0.732     -0.756      0.500          *          *     -0.509      0.731     -0.755      0.583      0.554     -0.366          *          *      0.366      0.000      0.000      0.000      1.000      1.000     -0.500      0.000      0.000      0.000      0.000      0.000 94316950
     3.000      2.000      0.074     -0.998      0.753      0.227      0.317      1.077     -0.500     -1.284      0.035      0.024     -0.316      0.238      0.072      0.341     -0.158     -0.407      0.011      0.158      1.000      0.000      0.000      0.000      1.000      0.500      0.000      0.000      0.000      0.000      0.000 94500055
     3.000      1.000      0.966     -0.715      0.020      1.289      0.053     -0.756      0.500     -0.591     -0.965      0.051     -0.038      0.001      0.069     -0.040      0.027     -0.031     -0.051     -0.027      1.000      0.000      0.000      0.000      1.000     -0.500      0.000      1.000      0.000      0.000      0.000 94500153
     1.000      1.000     -1.136     -0.120      0.271      0.809     -0.432      2.077     -0.500          *      1.035      0.491      0.052     -0.117     -0.350     -0.898      0.216          *     -0.447     -0.216      1.000      0.000      0.000      0.000      0.000      0.500      0.000      1.000      0.000      1.000      0.000 94500619
     3.000      2.000     -1.362      0.525          *      0.847     -0.691      0.077      0.500      0.070     -1.965      0.941     -0.363          *     -0.585     -0.053     -0.345     -0.048      1.358      0.345      0.000      0.000      0.000      1.000      1.000     -0.500      0.000      0.000      0.000      0.000      0.000 94503909
     3.000      2.000      0.295      0.420      0.293      0.847      1.534     -0.506     -0.500      0.587      2.535      0.453      0.645      0.450      1.299     -0.777     -0.767      0.901      3.889     -0.767      1.000      1.000      0.000      0.000      0.000     -0.500      0.000      0.000      0.000      0.000      0.000 94504422
     3.000      2.000      0.125     -0.998     -0.207     -0.684     -1.468     -0.256     -0.500      0.747          *     -0.183      1.466      0.304      1.005      0.376      0.734     -1.097          *      0.734      1.000      0.000      0.000      0.000      1.000     -0.500      0.000      0.000      0.000      0.000      0.000 94504483
     3.000      1.000     -2.686     -0.383      0.794     -2.690      0.941      2.160      0.500     -0.799      0.035     -2.527     -0.361      0.747     -2.532      2.033      0.471     -0.752      0.033      0.471      1.000      0.000      0.000      0.000      1.000      0.500      0.000      1.000      0.000      0.000      0.000 94504645
     3.000      2.000      0.756      0.495     -0.200     -0.629     -1.219      0.577     -0.500          *     -1.965     -0.921     -0.604      0.243      0.767     -0.704      0.610          *      2.396      0.610      0.000      0.000      0.000      1.000      1.000     -0.500      0.000      0.000      0.000      0.000      0.000 94506096
     1.000      2.000      0.093      1.674     -0.663      0.700      0.602     -1.423      0.500     -0.879      1.035      0.056      1.008     -0.399      0.421     -0.857      0.301     -0.529      0.623      0.301      0.000      0.000      0.000      1.000      1.000      0.500      0.000      0.000      0.000      1.000      0.000 94506254
     2.000      2.000      1.075      1.937      0.034      0.588     -0.415      0.827     -0.500     -0.228     -1.965     -0.446     -0.803     -0.014     -0.244     -0.343      0.207      0.095      0.815      0.207      0.000      0.000      0.000      1.000      1.000     -0.500      0.000      0.000      0.000      0.000      1.000 94506295
     0.000      0.000      0.032      2.760     -2.856      1.289     -1.379      1.160     -0.500          *     -1.965     -0.044     -3.808      3.939     -1.778     -1.601      0.690          *      2.711      0.690      1.000      0.000      0.000      0.000      1.000     -0.500      1.000      0.000      1.000      0.000      0.000 94506298
     3.000      2.000     -0.824     -0.374      0.275      1.068     -1.733      1.160     -0.500          *     -1.965      1.429      0.648     -0.477     -1.851     -2.011      0.867          *      3.407      0.867      0.000      0.000      0.000      1.000      1.000     -0.500      0.000      0.000      0.000      0.000      0.000 94506398
     3.000      1.000     -0.135     -0.403      0.494     -1.450     -2.065      1.410      0.500          *     -0.965      0.280      0.832     -1.020      2.995     -2.913     -1.033          *      1.994      1.033      1.000      0.000      0.000      0.000      1.000     -0.500      0.000      1.000      0.000      0.000      0.000 94506494
     3.000      0.000     -2.033          *     -0.458     -0.132      1.273     -0.090     -0.500     -1.418     -1.965     -2.588          *     -0.583     -0.168     -0.114     -0.636     -1.805     -2.502     -0.636      0.000      0.000      0.000      1.000      1.000     -0.500      1.000      0.000      0.000      0.000      0.000 94506520
     1.000      2.000      0.392     -0.149     -0.921      0.006      0.535      0.327     -0.500     -0.186      2.035      0.210     -0.080     -0.493      0.003      0.175     -0.267     -0.099      1.088      0.267      0.000      0.000      0.000      1.000      1.000      0.500      0.000      0.000      0.000      1.000      0.000 94506575
     3.000      0.000     -3.488      1.700      0.039     -0.222      0.544      2.160      0.500      0.350      0.035     -1.897      0.924      0.021     -0.121      1.175      0.272      0.190      0.019      0.272      1.000      0.000      0.000      0.000      1.000      0.500      1.000      0.000      0.000      0.000      0.000 94506794
     3.000      1.000     -0.126     -0.998      0.539      0.385     -1.209      1.577      0.500     -0.186     -1.965      0.152      1.207     -0.652     -0.465     -1.906     -0.604      0.225      2.376      0.604      0.000      0.000      0.000      1.000      1.000     -0.500      0.000      1.000      0.000      0.000      0.000 94506897
     1.000      0.000      0.493     -0.002      0.024      0.330     -2.006      0.577     -0.500          *      0.035     -0.989      0.003     -0.049     -0.662     -1.158      1.003          *     -0.069     -1.003      0.000      1.000      0.000      0.000      1.000      0.500      1.000      0.000      0.000      1.000      0.000 94506956
     3.000      1.000      0.475     -0.715      0.275     -2.756     -0.152      1.744      0.500     -0.368      0.035     -0.072      0.109     -0.042      0.418     -0.265     -0.076      0.056     -0.005      0.076      0.000      1.000      0.000      0.000      1.000     -0.500      0.000      1.000      0.000      0.000      0.000 94508462
     3.000      1.000     -1.106     -0.715      0.019      0.772      0.170      0.327      0.500     -0.531      2.035     -0.188     -0.122      0.003      0.131      0.056      0.085     -0.090      0.346      0.085      1.000      0.000      0.000      0.000      1.000      0.500      0.000      1.000      0.000      0.000      0.000 94540155
     3.000      2.000     -0.287     -0.100     -0.457     -1.671     -0.751      1.327      0.500          *     -1.465      0.215      0.075      0.343      1.255     -0.997     -0.375          *      1.100      0.375      0.000      0.000      0.000      1.000      1.000     -0.500      0.000      0.000      0.000      0.000      0.000 94540350
     3.000      1.000      0.838     -0.686     -0.681      1.289     -1.998      0.660      0.500     -0.799      2.535     -1.674      1.370      1.360     -2.575     -1.319     -0.999      1.596     -5.063      0.999      0.000      0.000      0.000      1.000      1.000     -0.500      0.000      1.000      0.000      0.000      0.000 94540755
     3.000      2.000     -0.093     -0.998     -0.430      0.809     -1.384      1.410      0.500      0.397     -1.965      0.129      1.382      0.595     -1.120     -1.952     -0.692     -0.550      2.720      0.692      1.000      0.000      0.000      0.000      1.000     -0.500      0.000      0.000      0.000      0.000      0.000 94543002
     3.000      0.000     -0.894     -0.715      0.502      0.220      1.599     -1.756      0.500      0.507      1.035     -1.428     -1.144      0.803      0.352     -2.807      0.799      0.811      1.654     -0.799      1.000      0.000      0.000      0.000      1.000     -0.500      1.000      0.000      0.000      0.000      0.000 94544909
     2.000      0.000      0.291      1.472     -0.217      0.809      0.098      2.244     -0.500          *      0.035      0.028      0.144     -0.021      0.079      0.219     -0.049          *      0.003      0.049      1.000      0.000      0.000      0.000      1.000      0.500      1.000      0.000      0.000      0.000      1.000 94546990
     3.000      2.000      0.711      0.137     -0.207      0.551      0.389     -0.506     -0.500     -0.799      0.035      0.277      0.053     -0.081      0.214     -0.197     -0.195     -0.311      0.013      0.195      1.000      0.000      0.000      0.000      1.000      0.500      0.000      0.000      0.000      0.000      0.000 94570151
     3.000      1.000     -0.384     -0.784      0.071     -0.370     -0.600     -0.673     -0.500          *     -1.965      0.230      0.471     -0.043      0.222      0.404      0.300          *      1.180      0.300      0.000      0.000      0.000      1.000      1.000     -0.500      0.000      1.000      0.000      0.000      0.000 94570833
     3.000      0.000      0.389     -0.998      0.524     -1.011      1.300      0.160     -0.500     -0.591     -0.965      0.506     -1.297      0.681     -1.313      0.209     -0.650     -0.768     -1.255      0.650      0.000      0.000      0.000      1.000      1.000      0.500      1.000      0.000      0.000      0.000      0.000 94571079
     3.000      0.000      0.701     -0.998      1.226      0.201      0.123     -1.173      0.500      0.568      0.535      0.086     -0.122      0.150      0.025     -0.144      0.061      0.070      0.066     -0.061      1.000      0.000      0.000      0.000      1.000     -0.500      1.000      0.000      0.000      0.000      0.000 94571218
     3.000      1.000     -0.145     -0.998      0.298      1.068     -0.352     -2.506      0.500      0.568      2.035      0.051      0.352     -0.105     -0.376      0.883     -0.176     -0.200     -0.717      0.176      0.000      0.000      1.000      0.000      0.000     -0.500      0.000      1.000      0.000      0.000      0.000 94571405
     3.000      1.000      1.168     -0.998      0.025      0.847     -0.099     -1.173     -0.500      0.747      2.035     -0.116      0.099     -0.002     -0.084      0.116      0.049     -0.074     -0.201      0.049      1.000      0.000      0.000      0.000      1.000     -0.500      0.000      1.000      0.000      0.000      0.000 94571871
     1.000      0.000      0.734     -0.998     -0.917     -1.487     -0.414      0.744     -0.500          *     -0.965     -0.304      0.414      0.380      0.616     -0.308      0.207          *      0.400     -0.207      1.000      0.000      0.000      0.000      1.000      0.500      1.000      0.000      0.000      1.000      0.000 94571873
     3.000      1.000      0.074     -0.998      0.512      0.809      0.441      0.660      0.500      0.003     -1.965      0.033     -0.440      0.226      0.357      0.291      0.220      0.001     -0.867      0.220      1.000      0.000      0.000      0.000      1.000      0.500      0.000      1.000      0.000      0.000      0.000 94572928
     2.000      2.000     -0.651      0.788      0.753     -0.971      0.518      1.827      0.500     -0.799      0.035     -0.337      0.408      0.390     -0.503      0.947      0.259     -0.414      0.018     -0.259      0.000      0.000      0.000      1.000      1.000     -0.500      0.000      0.000      0.000      0.000      1.000 94573704
     1.000      2.000          *     -0.432          *     -1.347      0.677      2.494      0.500          *          *          *     -0.293          *     -0.912      1.688      0.339          *          *     -0.339      1.000      0.000      0.000      0.000      1.000     -0.500      0.000      0.000      0.000      1.000      0.000 94574949
     1.000      2.000     -0.145     -0.998      0.785      0.707      0.083      0.994     -0.500      1.390      3.035     -0.012     -0.083      0.066      0.059      0.083     -0.042      0.116      0.253     -0.042      1.000      0.000      0.000      1.000      1.000     -0.500      0.000      0.000      0.000      1.000      0.000 94575195
     3.000      1.000      1.168     -0.998      1.500     -1.687     -1.092     -0.923      0.500          *      0.035     -1.276      1.091     -1.639      1.843      1.008     -0.546          *     -0.038      0.546      0.000      0.000      0.000      1.000      1.000     -0.500      0.000      1.000      0.000      0.000      0.000 94575992
     3.000      1.000      0.060     -0.998     -0.188      0.809     -0.676     -0.340      0.500      0.568      0.035     -0.040      0.675      0.127     -0.547      0.230     -0.338     -0.384     -0.023      0.338      1.000      1.000      0.000      1.000      1.000     -0.500      0.000      1.000      0.000      0.000      0.000 94576165
     3.000      1.000      0.949     -0.998      1.026      1.068      1.568      1.577      0.500          *      2.535      1.487     -1.565      1.608      1.674      2.472      0.784          *      3.973     -0.784      1.000      0.000      0.000      0.000      0.000     -0.500      0.000      1.000      0.000      0.000      0.000 94576239
     1.000      0.000      1.168      0.782      0.007      0.220      2.701     -1.423      0.500      0.070      1.035      3.155      2.112      0.020      0.595     -3.844      1.351      0.189      2.795     -1.351      0.000      0.000      0.000      1.000      1.000     -0.500      1.000      0.000      0.000      1.000      0.000 94576257
     3.000      2.000     -0.201      1.472     -0.680     -0.238      1.225     -0.423     -0.500      0.220     -0.465     -0.246      1.804     -0.834     -0.292     -0.518     -0.613      0.269     -0.570     -0.613      1.000      1.000      0.000      0.000      1.000     -0.500      0.000      0.000      0.000      0.000      0.000 94576395
     3.000      2.000     -1.422      2.780     -1.399      0.588      1.256      0.744      0.500          *      1.035     -1.785      3.492     -1.757      0.739      0.934      0.628          *      1.299     -0.628      1.000      0.000      0.000      0.000      1.000     -0.500      0.000      0.000      0.000      0.000      0.000 94576433
     1.000      2.000      1.168      1.313     -1.395     -1.447     -0.978      1.160     -0.500     -1.978      1.035     -1.142     -1.284      1.365      1.415     -1.135      0.489      1.934     -1.012      0.489      0.000      0.000      0.000      1.000      1.000     -0.500      0.000      0.000      0.000      1.000      0.000 94576590
     1.000      2.000     -0.891     -0.998     -1.182     -0.787     -0.388     -1.173     -0.500      1.031      0.035      0.346      0.388      0.459      0.306      0.455      0.194     -0.400     -0.013      0.194      0.000      0.000      0.000      1.000      1.000     -0.500      0.000      0.000      0.000      1.000      0.000 94576636
     3.000      1.000      0.906     -0.715     -0.457     -1.208     -0.049      2.244      0.500          *     -1.965     -0.045      0.035      0.023      0.060     -0.111     -0.025          *      0.097      0.025      1.000      0.000      0.000      0.000      1.000     -0.500      0.000      1.000      0.000      0.000      0.000 94576693
     3.000      2.000     -2.772      0.554     -2.145     -1.307      0.006      0.244      0.500      0.568      1.035     -0.017      0.003     -0.013     -0.008      0.002      0.003      0.004      0.007      0.003      1.000      0.000      0.000      0.000      1.000      0.500      0.000      0.000      0.000      0.000      0.000 94576792
     3.000      2.000     -0.308     -0.998     -0.174      0.551     -0.762     -0.756      0.500          *     -1.965      0.235      0.761      0.133     -0.420      0.577     -0.381          *      1.499      0.381      1.000      0.000      0.000      0.000      1.000     -0.500      0.000      0.000      0.000      0.000      0.000 94576893
     3.000      1.000      0.627      0.857     -1.905      0.258      0.886      2.827      0.500      0.070      0.035      0.556      0.759     -1.688      0.228      2.505      0.443      0.062      0.031     -0.443      0.000      0.000      0.000      1.000      1.000     -0.500      0.000      1.000      0.000      0.000      0.000 94576992
     3.000      2.000     -1.577     -0.383     -0.675      0.809     -1.768      0.994      0.500          *     -0.965      2.789      0.677      1.194     -1.431     -1.757     -0.884          *      1.707      0.884      1.000      0.000      0.000      0.000      1.000     -0.500      0.000      0.000      0.000      0.000      0.000 94576995
     3.000      2.000      0.523     -0.998     -0.689      0.265     -0.835     -0.590      0.500      0.037      2.035     -0.437      0.833      0.576     -0.221      0.492     -0.417     -0.031     -1.698     -0.417      0.000      0.000      0.000      1.000      1.000      0.500      0.000      0.000      0.000      0.000      0.000 94577781
     1.000      0.000      0.465     -0.091      1.226      0.809     -0.585      1.910     -0.500          *     -0.965     -0.272      0.053     -0.717     -0.473     -1.118      0.292          *      0.565     -0.292      0.000      0.000      0.000      1.000      1.000      0.500      1.000      0.000      0.000      1.000      0.000 94577784
     3.000      0.000     -1.694      0.163     -0.953      1.030     -1.510      0.160     -0.500      0.747      0.035      2.559     -0.246      1.440     -1.556     -0.242      0.755     -1.128     -0.052      0.755      1.000      0.000      0.000      0.000      1.000     -0.500      1.000      0.000      0.000      0.000      0.000 94578874
     3.000      1.000      0.695      0.137      0.280     -2.314      0.119      1.744     -0.500     -0.799     -0.965      0.082      0.016      0.033     -0.274      0.207     -0.059     -0.095     -0.115     -0.059      1.000      0.000      0.000      0.000      1.000     -0.500      0.000      1.000      0.000      0.000      0.000 94590953
     3.000      1.000      1.168     -0.998      0.526      0.448      1.397      0.077      0.500     -0.966     -2.965      1.632     -1.395      0.734      0.626      0.108      0.698     -1.349     -4.142     -0.698      1.000      0.000      0.000      0.000      1.000     -0.500      0.000      1.000      0.000      0.000      0.000 94646225
     3.000      1.000      0.815     -0.998      1.235      0.707     -1.513     -2.256      0.500      0.070          *     -1.233      1.510     -1.868     -1.069      3.413     -0.756     -0.106          *      0.756      0.000      0.000      0.000      1.000      1.000     -0.500      0.000      1.000      0.000      0.000      0.000 94710318
     3.000      2.000      0.638     -0.666     -0.912     -0.001      0.980     -1.840     -0.500     -0.319      0.535      0.625     -0.653     -0.894     -0.001     -1.803     -0.490     -0.313      0.524     -0.490      1.000      0.000      0.000      0.000      1.000     -0.500      0.000      0.000      0.000      0.000      0.000 94710853
     3.000      0.000      0.294     -0.686      0.999      1.289     -0.083     -2.090     -0.500     -0.273      0.035     -0.025      0.057     -0.083     -0.107      0.174      0.042      0.023     -0.003      0.042      0.000      0.000      0.000      1.000      1.000     -0.500      1.000      0.000      0.000      0.000      0.000 94710912
     3.000      2.000      1.060     -0.686     -0.907     -0.599     -0.461     -1.756     -0.500      0.397      0.535     -0.488      0.316      0.418      0.276      0.809      0.230     -0.183     -0.246      0.230      1.000      1.000      0.000      0.000      1.000     -0.500      0.000      0.000      0.000      0.000      0.000 94712942
     3.000      2.000      0.434     -0.998      0.271      1.289      0.093     -3.006      0.500      1.251      2.035      0.040     -0.093      0.025      0.120     -0.280      0.047      0.117      0.190     -0.047      1.000      0.000      0.000      0.000      1.000     -0.500      0.000      0.000      0.000      0.000      0.000 94716055
     3.000      0.000      1.168     -0.998      0.274      1.289     -1.781     -2.173      0.500          *      0.035     -2.080      1.778     -0.488     -2.295      3.869     -0.890          *     -0.062      0.890      1.000      0.000      0.000      0.000      1.000     -0.500      1.000      0.000      0.000      0.000      0.000 94716295
     1.000      0.000     -0.354     -0.383     -0.689     -0.215     -1.292     -2.006     -0.500      0.220      1.035      0.458      0.495      0.891      0.278      2.592      0.646     -0.284     -1.337      0.646      1.000      0.000      1.000      0.000      0.000     -0.500      1.000      0.000      0.000      1.000      0.000 94716358
     3.000      2.000      0.392      0.262     -2.628      1.289     -0.174     -3.173     -0.500      1.031      2.035     -0.068     -0.046      0.458     -0.225      0.553      0.087     -0.180     -0.355     -0.087      1.000      0.000      0.000      0.000      1.000      0.500      0.000      0.000      0.000      0.000      0.000 94716522
     3.000      2.000      0.566      0.291      0.275      0.220      0.154     -3.423     -0.500     -0.106      1.535      0.087      0.045      0.042      0.034     -0.526     -0.077     -0.016      0.236     -0.077      0.000      0.000      0.000      1.000      1.000     -0.500      0.000      0.000      0.000      0.000      0.000 94716953
     1.000      2.000      0.654     -0.998      1.027      1.068      0.645     -1.840     -0.500      0.927      2.535      0.422     -0.643      0.662      0.688     -1.186     -0.322      0.597      1.634     -0.322      1.000      0.000      0.000      0.000      1.000     -0.500      0.000      0.000      0.000      1.000      0.000 95374973
     3.000      2.000     -0.537     -0.998     -0.449     -0.001      1.077     -0.590      0.500          *      1.035     -0.579     -1.076     -0.483     -0.001     -0.635      0.539          *      1.115     -0.539      0.000      0.000      0.000      1.000      1.000     -0.500      0.000      0.000      0.000      0.000      0.000 95500371
     3.000      2.000     -1.054     -0.175      0.288      0.006     -1.835     -0.340      0.500     -0.273     -1.465      1.935      0.322     -0.529     -0.011      0.623     -0.918      0.501      2.690      0.918      0.000      0.000      0.000      1.000      1.000     -0.500      0.000      0.000      0.000      0.000      0.000 95500710
     3.000      0.000     -0.775      0.848     -1.413      0.847     -0.705     -0.923     -0.500     -0.725     -0.965      0.547     -0.598      0.997     -0.597      0.651      0.353      0.511      0.681     -0.353      0.000      0.000      0.000      1.000      1.000      0.500      1.000      0.000      0.000      0.000      0.000 95504303
     3.000      2.000      0.823      1.502      0.275     -0.868      0.904      1.910     -0.500          *      0.035      0.744      1.357      0.249     -0.784      1.727     -0.452          *      0.031     -0.452      0.000      0.000      0.000      1.000      1.000     -0.500      0.000      0.000      0.000      0.000      0.000 95504402
     1.000      2.000     -0.151     -0.071      0.791     -1.671     -0.215      1.577      0.500      0.350      1.035      0.033      0.015     -0.170      0.359     -0.339     -0.108     -0.075     -0.223      0.108      0.000      0.000      0.000      1.000      1.000     -0.500      0.000      0.000      0.000      1.000      0.000 95504405
     3.000      2.000     -0.106      0.475     -2.341     -1.889     -0.266      0.077     -0.500      2.948      0.035      0.028     -0.126      0.622      0.502     -0.020      0.133     -0.783     -0.009     -0.133      0.000      0.000      0.000      1.000      1.000      0.500      0.000      0.000      0.000      0.000      0.000 95504786
     3.000      2.000      0.074     -0.383      0.772      0.164      1.080     -0.006      0.500      0.220     -0.965      0.080     -0.414      0.833      0.177     -0.007      0.540      0.237     -1.043      0.540      1.000      0.000      0.000      1.000      1.000      0.500      0.000      0.000      0.000      0.000      0.000 95504888
     1.000      2.000      0.510     -0.998      0.261     -0.750     -2.312     -1.590     -0.500      0.162     -0.965     -1.180      2.308     -0.603      1.733      3.675      1.156     -0.376      2.232      1.156      0.000      0.000      0.000      1.000      1.000     -0.500      0.000      0.000      0.000      1.000      0.000 95506022
     3.000      1.000      0.112     -0.998      0.508      0.700      1.464     -0.090     -0.500      1.251      0.035      0.163     -1.462      0.743      1.024     -0.131     -0.732      1.832      0.051     -0.732      1.000      0.000      0.000      0.000      0.000     -0.500      0.000      1.000      0.000      0.000      0.000 95506048
     3.000      1.000      1.060     -0.071      1.485      1.068     -0.917      0.244      0.500          *          *     -0.971      0.065     -1.361     -0.979     -0.223     -0.458          *          *      0.458      0.000      0.000      0.000      1.000      1.000     -0.500      0.000      1.000      0.000      0.000      0.000 95506196
     1.000      1.000      0.074     -0.998      0.042      0.448      0.739     -0.423     -0.500      0.465          *      0.055     -0.738      0.031      0.331     -0.313     -0.370      0.344          *      0.370      1.000      0.000      0.000      1.000      1.000      0.500      0.000      1.000      0.000      1.000      0.000 95506291
     3.000      2.000     -0.163     -0.432      0.275      0.809      0.777      2.244     -0.500      2.289      0.035     -0.126     -0.336      0.214      0.629      1.743     -0.388      1.778      0.027      0.388      1.000      0.000      0.000      0.000      1.000      0.500      0.000      0.000      0.000      0.000      0.000 95506393
     1.000      0.000     -1.577      2.042     -1.650     -0.905     -0.681      2.410     -0.500          *      1.035      1.074     -1.390      1.124      0.616     -1.642      0.341          *     -0.705      0.341      0.000      0.000      0.000      1.000      1.000     -0.500      1.000      0.000      0.000      1.000      0.000 95506491
     1.000      0.000      0.749      1.957     -0.704      0.462     -0.738      0.910     -0.500     -0.145     -1.965     -0.553     -1.445      0.520     -0.341     -0.672      0.369      0.107      1.451      0.369      1.000      0.000      0.000      0.000      1.000     -0.500      1.000      0.000      0.000      1.000      0.000 95506494
     3.000      2.000      0.294     -0.998     -1.395     -1.412     -1.481      1.244     -0.500      0.465      0.035     -0.436      1.479      2.066      2.092     -1.842      0.741     -0.688     -0.051      0.741      0.000      0.000      0.000      1.000      1.000     -0.500      0.000      0.000      0.000      0.000      0.000 95506496
     3.000      2.000      0.376     -0.354      0.512      0.220     -0.451     -0.423     -0.500          *     -1.965     -0.169      0.159     -0.231     -0.099      0.191      0.225          *      0.886      0.225      0.000      0.000      0.000      1.000      1.000     -0.500      0.000      0.000      0.000      0.000      0.000 95506499
     3.000      0.000      0.113     -0.686      0.999      0.441      0.287     -0.423     -0.500      0.885      0.035      0.032     -0.197      0.287      0.127     -0.121     -0.144      0.254      0.010     -0.144      0.000      0.000      1.000      0.000      1.000     -0.500      1.000      0.000      0.000      0.000      0.000 95506594
     3.000      0.000      0.785     -0.383      0.011      1.289     -0.378     -0.590      0.500     -1.418      0.535     -0.297      0.145     -0.004     -0.487      0.223     -0.189      0.536     -0.202      0.189      1.000      0.000      0.000      0.000      1.000     -0.500      1.000      0.000      0.000      0.000      0.000 95506690
     3.000      2.000      0.341      0.495      0.530     -0.755     -0.584      0.410     -0.500          *      0.035     -0.199     -0.289     -0.309      0.441     -0.240      0.292          *     -0.020      0.292      1.000      0.000      0.000      0.000      1.000     -0.500      0.000      0.000      0.000      0.000      0.000 95506692
     3.000      0.000     -2.692     -0.100      0.039      0.847      1.669      1.160      0.500     -0.799     -0.965     -4.493     -0.167      0.065      1.413      1.936      0.834     -1.333     -1.611      0.834      1.000      0.000      0.000      0.000      1.000      0.500      1.000      0.000      0.000      0.000      0.000 95506697
     3.000      2.000      0.475     -0.998     -0.221     -0.313     -0.092      0.827     -0.500          *      0.035     -0.044      0.092      0.020      0.029     -0.077      0.046          *     -0.003      0.046      1.000      0.000      0.000      0.000      1.000     -0.500      0.000      0.000      0.000      0.000      0.000 95506892
     1.000      1.000      0.074     -0.100     -0.198      0.255     -0.896      2.410      0.500     -1.418     -2.965     -0.066      0.090      0.178     -0.228     -2.159     -0.448      1.270      2.656     -0.448      1.000      0.000      0.000      0.000      1.000      0.500      0.000      1.000      0.000      1.000      0.000 95506897
     3.000      0.000          *      1.502      1.245      0.265      0.909      2.577     -0.500      0.899          *          *      1.366      1.132      0.241      2.343     -0.455      0.817          *     -0.455      1.000      0.000      0.000      0.000      1.000     -0.500      1.000      0.000      0.000      0.000      0.000 95506957
     3.000      2.000     -1.814      0.281     -0.936     -0.057     -0.748      1.160      0.500     -0.966      0.535      1.357     -0.211      0.700      0.043     -0.868     -0.374      0.723     -0.400      0.374      0.000      0.000      0.000      1.000      1.000     -0.500      0.000      0.000      0.000      0.000      0.000 95508667
     3.000      0.000     -1.035     -0.403      0.034     -0.252     -0.506      0.494      0.500      0.003      0.035      0.523      0.204     -0.017      0.128     -0.250     -0.253     -0.002     -0.017     -0.253      1.000      0.000      0.000      0.000      1.000      0.500      1.000      0.000      0.000      0.000      0.000 95540654
     3.000      0.000      0.239      0.545      0.298      0.109     -1.475      0.160      0.500      0.714      2.035     -0.353     -0.804     -0.440     -0.161     -0.237     -0.738     -1.053     -3.002      0.738      1.000      0.000      0.000      0.000      0.000     -0.500      1.000      0.000      0.000      0.000      0.000 95540915
     3.000      2.000      0.237     -0.715     -0.458     -0.842      0.210     -0.673     -0.500          *      0.035      0.050     -0.150     -0.096     -0.177     -0.141     -0.105          *      0.007      0.105      1.000      0.000      0.000      0.000      0.000      0.500      0.000      0.000      0.000      0.000      0.000 95546778
     3.000      2.000     -0.235     -0.998      0.039     -0.038     -1.666      0.660     -0.500     -3.364     -1.965      0.392      1.663     -0.065      0.064     -1.100      0.833      5.605      3.275      0.833      1.000      0.000      0.000      0.000      1.000     -0.500      0.000      0.000      0.000      0.000      0.000 95570259
     3.000      2.000     -0.146     -0.715      0.034      0.227     -0.780      0.994     -0.500     -0.591      1.035      0.114      0.558     -0.026     -0.177     -0.775      0.390      0.461     -0.807      0.390      1.000      0.000      0.000      0.000      1.000     -0.500      0.000      0.000      0.000      0.000      0.000 95570350
     3.000      1.000      0.233     -0.998      0.284      0.551      0.860      1.160      0.500          *     -2.465      0.200     -0.858      0.244      0.474      0.998      0.430          *     -2.120     -0.430      0.000      0.000      0.000      1.000      1.000     -0.500      0.000      1.000      0.000      0.000      0.000 95570376
     3.000      2.000      0.477     -0.715      0.767      1.289     -1.112      2.160     -0.500      0.899      1.535     -0.530      0.796     -0.853     -1.434     -2.403      0.556     -1.000     -1.707      0.556      1.000      0.000      0.000      0.000      0.000     -0.500      0.000      0.000      0.000      0.000      0.000 95570976
     3.000      0.000     -0.311      0.475      0.290      0.220      1.889      0.827      0.500          *      0.535     -0.587      0.898      0.548      0.416      1.563      0.945          *      1.010     -0.945      0.000      0.000      0.000      1.000      1.000     -0.500      1.000      0.000      0.000      0.000      0.000 95572111
     3.000      1.000      0.097     -0.666      0.762      0.588      0.269     -0.340     -0.500     -1.572     -1.965      0.026     -0.179      0.205      0.158     -0.091     -0.134     -0.423     -0.528     -0.134      1.000      0.000      0.000      0.000      1.000     -0.500      0.000      1.000      0.000      0.000      0.000 95572322
     3.000      0.000     -0.330     -0.149      0.052      1.030      0.359      1.077      0.500      0.070      0.035     -0.119     -0.054      0.019      0.370      0.387      0.179      0.025      0.012     -0.179      1.000      1.000      0.000      0.000      0.000     -0.500      1.000      0.000      0.000      0.000      0.000 95572343
     3.000      2.000      0.103     -0.149      0.284      0.330     -0.905      1.910      0.500     -0.273     -0.465     -0.093      0.135     -0.257     -0.299     -1.730     -0.453      0.247      0.421      0.453      0.000      0.000      0.000      1.000      1.000     -0.500      0.000      0.000      0.000      0.000      0.000 95573904
     3.000      2.000     -2.991      0.495      1.254     -2.389      0.237      1.327     -0.500      0.486      2.035     -0.708      0.117      0.297     -0.566      0.314     -0.118      0.115      0.482     -0.118      0.000      0.000      0.000      1.000      1.000     -0.500      0.000      0.000      0.000      0.000      0.000 95574408
     3.000      0.000      0.493      0.475      0.740      0.809     -0.167      2.827     -0.500      0.606      1.535     -0.082     -0.079     -0.124     -0.135     -0.472      0.084     -0.101     -0.256      0.084      1.000      0.000      0.000      0.000      1.000     -0.500      1.000      0.000      0.000      0.000      0.000 95574483
     2.000      0.000      0.785      2.780     -0.490     -0.496      0.023     -0.590     -0.500      0.507     -0.965      0.018      0.064     -0.011     -0.011     -0.014     -0.012      0.012     -0.022     -0.012      1.000      0.000      0.000      0.000      1.000     -0.500      1.000      0.000      0.000      0.000      1.000 95575005
     3.000      0.000      1.168     -0.998      1.018      1.068      0.854     -0.256      0.500      0.899      2.535      0.997     -0.852      0.869      0.912     -0.219      0.427      0.767      2.164     -0.427      1.000      0.000      0.000      0.000      1.000     -0.500      1.000      0.000      0.000      0.000      0.000 95575330
     3.000      0.000      0.484     -0.998      1.477      0.643     -1.125     -2.173      0.500     -0.273      0.035     -0.545      1.124     -1.662     -0.724      2.446     -0.563      0.307     -0.039     -0.563      1.000      0.000      0.000      0.000      1.000      0.500      1.000      0.000      0.000      0.000      0.000 95575940
     3.000      2.000      0.708     -0.666     -1.659     -0.362     -0.887     -0.506      0.500          *     -1.465     -0.628      0.591      1.471      0.321      0.449     -0.443          *      1.300      0.443      0.000      0.000      0.000      1.000      1.000     -0.500      0.000      0.000      0.000      0.000      0.000 95576034
     3.000      0.000     -0.872      0.469      0.531      0.809     -0.199     -0.506      0.500      0.826      0.035      0.173     -0.093     -0.105     -0.161      0.101     -0.099     -0.164     -0.007      0.099      0.000      0.000      0.000      1.000      1.000     -0.500      1.000      0.000      0.000      0.000      0.000 95576039
     3.000      2.000     -1.870      0.848     -0.904      0.441     -1.963      0.077     -0.500      0.661      1.535      3.672     -1.664      1.775     -0.866     -0.151      0.982     -1.299     -3.013      0.982      1.000      0.000      1.000      0.000      0.000     -0.500      0.000      0.000      0.000      0.000      0.000 95576052
     3.000      0.000     -0.609     -0.071     -1.665     -0.017      1.341      1.410     -0.500      0.967      0.035     -0.817     -0.095     -2.233     -0.023      1.892     -0.671      1.297      0.046     -0.671      0.000      0.000      0.000      1.000      1.000     -0.500      1.000      0.000      0.000      0.000      0.000 95576097
     1.000      0.000     -0.560      1.388      1.240      1.289      1.462      0.744     -0.500      0.967      1.035     -0.818      2.029      1.814      1.885      1.088     -0.731      1.414      1.513     -0.731      1.000      1.000      0.000      1.000      1.000     -0.500      1.000      0.000      0.000      1.000      0.000 95576255
     3.000      2.000      0.780     -0.432      0.056      0.882     -0.128     -0.590     -0.500     -1.572     -1.965     -0.100      0.055     -0.007     -0.113      0.075      0.064      0.201      0.251      0.064      1.000      0.000      0.000      0.000      1.000     -0.500      0.000      0.000      0.000      0.000      0.000 95576295
     3.000      2.000      1.134      1.120      0.021      1.030      0.377      3.077      0.500          *      0.035      0.428      0.423      0.008      0.389      1.161      0.189          *      0.013      0.189      1.000      0.000      0.000      0.000      1.000      0.500      0.000      0.000      0.000      0.000      0.000 95576296
     3.000      0.000     -0.248      2.012     -0.221      0.117      0.504      0.577     -0.500     -0.656      1.035     -0.125      1.014     -0.111      0.059      0.291     -0.252     -0.330      0.521     -0.252      1.000      0.000      0.000      0.000      1.000     -0.500      1.000      0.000      0.000      0.000      0.000 95576298
     3.000      1.000      0.278     -0.998      0.990     -0.362      0.317     -1.173      0.500      0.967      0.035      0.088     -0.316      0.314     -0.115     -0.372      0.158      0.306      0.011     -0.158      1.000      0.000      0.000      0.000      1.000     -0.500      0.000      1.000      0.000      0.000      0.000 95576323
     3.000      1.000     -0.993     -0.998          *     -0.001     -0.739      1.994      0.500      0.374     -0.965      0.734      0.738          *      0.001     -1.473     -0.369     -0.276      0.713      0.369      0.000      0.000      0.000      1.000      1.000     -0.500      0.000      1.000      0.000      0.000      0.000 95576594
     3.000      2.000      0.120      0.157      0.776      0.847      0.420      2.327     -0.500     -0.591          *      0.050      0.066      0.326      0.356      0.977     -0.210     -0.248          *      0.210      1.000      0.000      0.000      0.000      1.000      0.500      0.000      0.000      0.000      0.000      0.000 95576904
     2.000      0.000      0.083      0.262      0.289     -0.804     -1.250     -0.590     -0.500      0.003      2.035     -0.104     -0.327     -0.361      1.005      0.737      0.625     -0.004     -2.543     -0.625      1.000      0.000      0.000      0.000      1.000      0.500      1.000      0.000      0.000      0.000      1.000 95576905
     3.000      1.000      0.619     -0.715     -0.694      1.289      0.034      1.077      0.500          *          *      0.021     -0.024     -0.023      0.043      0.036      0.017          *          *     -0.017      1.000      0.000      0.000      0.000      1.000     -0.500      0.000      1.000      0.000      0.000      0.000 95576962
     3.000      2.000      0.197      0.677      0.275     -2.130     -0.264      2.077     -0.500      0.350      2.535     -0.052     -0.179     -0.073      0.563     -0.548      0.132     -0.092     -0.669      0.132      0.000      0.000      0.000      1.000      1.000     -0.500      0.000      0.000      0.000      0.000      0.000 95576992
     2.000      2.000      0.496      2.468     -0.435      0.809     -0.626      1.744     -0.500     -0.591      0.035     -0.311     -1.546      0.273     -0.507     -1.092      0.313      0.370     -0.022     -0.313      1.000      0.000      0.000      0.000      1.000      0.500      0.000      0.000      0.000      0.000      1.000 95576997
     3.000      0.000      0.129      2.325     -0.197      0.588     -0.069      0.744     -0.500      0.465     -0.965     -0.009     -0.161      0.014     -0.041     -0.052      0.035     -0.032      0.067      0.035      0.000      0.000      0.000      1.000      1.000     -0.500      1.000      0.000      0.000      0.000      0.000 95576999
     2.000      2.000      0.673      1.660      0.786      0.109      0.483      2.410     -0.500     -0.319     -0.465      0.325      0.802      0.380      0.053      1.164     -0.242     -0.154     -0.225     -0.242      1.000      0.000      0.000      0.000      1.000     -0.500      0.000      0.000      0.000      0.000      1.000 95577589
     3.000      1.000     -0.919     -0.998      0.776      0.201     -0.090      1.494      0.500      0.003      1.035      0.083      0.090     -0.070     -0.018     -0.134     -0.045      0.000     -0.093      0.045      1.000      0.000      0.000      0.000      1.000     -0.500      0.000      1.000      0.000      0.000      0.000 95579952
     3.000      0.000      0.233     -0.071      0.526      0.809      1.095     -0.173      0.500      0.747     -0.965      0.255     -0.077      0.575      0.886     -0.189      0.547      0.818     -1.057     -0.547      0.000      0.000      0.000      1.000      0.000     -0.500      1.000      0.000      0.000      0.000      0.000 95579973
     3.000      2.000      0.233     -0.374     -0.430      1.289      0.050      1.827      0.500      0.967          *      0.012     -0.019     -0.021      0.064      0.091      0.025      0.048          *     -0.025      0.000      0.000      0.000      1.000      1.000     -0.500      0.000      0.000      0.000      0.000      0.000 95606428
     1.000      0.000      0.948      1.502      0.526      1.068      1.012      1.744      0.500     -3.364      0.035      0.959      1.520      0.532      1.081      1.765      0.506     -3.404      0.035      0.506      0.000      0.000      0.000      1.000      1.000      0.500      1.000      0.000      0.000      1.000      0.000 95608371
     3.000      2.000      0.710     -0.715     -0.430     -1.487      1.387     -2.423     -0.500      0.568      0.035      0.984     -0.992     -0.596     -2.063     -3.361     -0.694      0.788      0.048      0.694      1.000      0.000      0.000      0.000      1.000      0.500      0.000      0.000      0.000      0.000      0.000 95710053
     1.000      0.000      1.168      0.271      0.776      1.068     -0.513     -1.923     -0.500      0.070      0.035     -0.599     -0.139     -0.398     -0.548      0.986      0.256     -0.036     -0.018      0.256      0.000      0.000      0.000      1.000      1.000     -0.500      1.000      0.000      0.000      1.000      0.000 95710178
     3.000      2.000      0.278     -0.998      0.275      0.462      1.349     -2.756     -0.500     -0.419      0.035      0.375     -1.347      0.371      0.624     -3.719     -0.675     -0.566      0.047     -0.675      0.000      0.000      0.000      1.000      1.000     -0.500      0.000      0.000      0.000      0.000      0.000 95710236
     3.000      2.000      0.918     -0.998     -0.212     -1.082      1.037     -3.173      0.500     -0.656      0.035      0.951     -1.035     -0.220     -1.121     -3.289      0.518     -0.680      0.036      0.518      1.000      0.000      0.000      0.000      1.000      0.500      0.000      0.000      0.000      0.000      0.000 95710355
     3.000      2.000      0.378     -0.403      1.226      0.809     -1.020     -2.673     -0.500          *     -1.965     -0.386      0.411     -1.251     -0.826      2.727      0.510          *      2.006      0.510      0.000      0.000      0.000      1.000      1.000     -0.500      0.000      0.000      0.000      0.000      0.000 95710916
     3.000      0.000     -2.464     -0.120      0.748      0.367     -0.705     -3.173      0.500     -0.319      0.035      1.737      0.085     -0.527     -0.259      2.236     -0.352      0.225     -0.024     -0.352      0.000      0.000      0.000      1.000      1.000      0.500      1.000      0.000      0.000      0.000      0.000 95711072
     3.000      2.000      0.707     -0.998     -0.718     -0.865     -0.193     -3.340     -0.500      0.133     -0.465     -0.136      0.193      0.138      0.167      0.644      0.096     -0.026      0.090      0.096      0.000      0.000      0.000      1.000      1.000     -0.500      0.000      0.000      0.000      0.000      0.000 95711077
     3.000      0.000     -0.774     -0.061     -1.836     -0.076     -0.819     -2.506      0.500     -1.572      0.035      0.634      0.050      1.503      0.062      2.052     -0.409      1.287     -0.028     -0.409      1.000      0.000      0.000      0.000      1.000      0.500      1.000      0.000      0.000      0.000      0.000 95711978
     3.000      0.000      1.168     -0.686      0.029      1.068     -0.010     -3.173      0.500      0.350      0.535     -0.011      0.007      0.000     -0.010      0.030     -0.005     -0.003     -0.005      0.005      1.000      1.000      1.000      0.000      0.000     -0.500      1.000      0.000      0.000      0.000      0.000 95714232
     3.000      2.000     -1.789      0.857      1.240      1.030     -0.090     -2.923      0.500      1.147      1.035      0.161     -0.077     -0.112     -0.093      0.263     -0.045     -0.103     -0.093      0.045      0.000      1.000      0.000      0.000      0.000     -0.500      0.000      0.000      0.000      0.000      0.000 95714323
     3.000      2.000      0.949     -0.998      0.999      1.030     -1.374     -1.673      0.500      0.191      0.035     -1.304      1.372     -1.372     -1.416      2.299     -0.687     -0.263     -0.047      0.687      1.000      0.000      0.000      0.000      1.000     -0.500      0.000      0.000      0.000      0.000      0.000 95716083
     3.000      2.000      1.060     -0.998      1.485     -0.104      0.522     -3.340      0.500      0.247      1.035      0.553     -0.521      0.775     -0.054     -1.743      0.261      0.129      0.540     -0.261      1.000      1.000      0.000      1.000      1.000     -0.500      0.000      0.000      0.000      0.000      0.000 95716339
     3.000      2.000      1.168     -0.998      0.549      0.588      2.165     -2.840     -0.500      0.350     -0.965      2.529     -2.162      1.188      1.274     -6.148     -1.083      0.757     -2.090     -1.083      0.000      1.000      0.000      1.000      1.000     -0.500      0.000      0.000      0.000      0.000      0.000 95716626
     1.000      0.000      0.494      0.212      0.053     -0.017      0.598     -3.673      0.500      0.070      0.035      0.296      0.127      0.032     -0.010     -2.198      0.299      0.042      0.021     -0.299      1.000      0.000      0.000      0.000      1.000     -0.500      1.000      0.000      0.000      1.000      0.000 95719977
     1.000      1.000     -0.711      0.752     -0.221     -1.746      1.523      3.327     -0.500     -0.656      0.035     -1.082      1.146     -0.336     -2.658      5.066     -0.761     -0.999      0.053     -0.761      0.000      0.000      0.000      1.000      1.000     -0.500      0.000      1.000      0.000      1.000      0.000 96500257
     1.000      2.000      0.125     -0.383     -0.472      0.479     -0.235     -1.006     -0.500      0.220     -1.965     -0.029      0.090      0.111     -0.112      0.236      0.117     -0.052      0.461      0.117      0.000      0.000      0.000      1.000      1.000     -0.500      0.000      0.000      0.000      1.000      0.000 96503800
     3.000      2.000      0.709     -0.998      0.503     -0.141      0.325      0.744     -0.500     -0.186      2.035      0.230     -0.324      0.163     -0.046      0.242     -0.162     -0.060      0.661     -0.162      1.000      0.000      0.000      0.000      1.000     -0.500      0.000      0.000      0.000      0.000      0.000 96504341
     3.000      0.000      0.628     -0.998      0.053      1.289     -0.438     -0.756     -0.500      0.070      1.035     -0.275      0.437     -0.023     -0.565      0.331      0.219     -0.031     -0.453      0.219      0.000      0.000      0.000      1.000      1.000     -0.500      1.000      0.000      0.000      0.000      0.000 96504782
     1.000      0.000     -0.106     -0.686     -0.198      0.204      1.707     -0.423      0.500          *      0.035     -0.182     -1.171     -0.337      0.348     -0.722      0.853          *      0.059      0.853      0.000      0.000      0.000      1.000      1.000      0.500      1.000      0.000      0.000      1.000      0.000 96506057
     3.000      0.000      0.946     -0.458     -0.198      0.588     -0.611     -0.256      0.500          *     -1.965     -0.578      0.280      0.121     -0.360      0.157     -0.305          *      1.201      0.305      0.000      0.000      0.000      1.000      1.000     -0.500      1.000      0.000      0.000      0.000      0.000 96506096
     3.000      0.000     -1.138      1.160      0.029     -2.793      0.334     -0.590      0.500      0.568      1.035     -0.380      0.387      0.010     -0.932     -0.197      0.167      0.190      0.345     -0.167      0.000      1.000      0.000      0.000      1.000     -0.500      1.000      0.000      0.000      0.000      0.000 96506255
     3.000      2.000      0.600     -0.458      0.530      1.289     -2.547     -0.256      0.500      0.714      0.035     -1.529      1.167     -1.349     -3.283      0.653     -1.274     -1.818     -0.088      1.274      1.000      0.000      0.000      0.000      1.000     -0.500      0.000      0.000      0.000      0.000      0.000 96506294
     3.000      2.000      0.221     -0.998     -0.690      0.367     -1.239     -0.506     -0.500      0.350      1.535     -0.274      1.237      0.854     -0.455      0.627      0.619     -0.433     -1.901      0.619      0.000      0.000      0.000      1.000      1.000     -0.500      0.000      0.000      0.000      0.000      0.000 96506296
     3.000      2.000      0.312      0.931     -0.694     -1.487     -0.028      2.077     -0.500      0.133      0.535     -0.009     -0.026      0.019      0.041     -0.058      0.014     -0.004     -0.015      0.014      0.000      0.000      0.000      1.000      1.000     -0.500      0.000      0.000      0.000      0.000      0.000 96506472
     3.000      2.000      0.831     -0.715      0.280     -0.529     -0.888      0.744     -0.500     -0.879     -1.965     -0.738      0.635     -0.248      0.470     -0.661      0.444      0.781      1.746      0.444      1.000      0.000      0.000      0.000      1.000     -0.500      0.000      0.000      0.000      0.000      0.000 96506598
     3.000      0.000      0.310      0.594     -2.888     -0.898     -0.254      1.994     -0.500     -0.879     -1.965     -0.079     -0.151      0.733      0.228     -0.506      0.127      0.223      0.499     -0.127      1.000      0.000      0.000      0.000      1.000      0.500      1.000      0.000      0.000      0.000      0.000 96506694
     3.000      1.000      1.134     -0.383      1.254      1.289     -1.418      0.910      0.500     -1.061     -0.965     -1.609      0.543     -1.779     -1.828     -1.291     -0.709      1.505      1.369     -0.709      0.000      0.000      0.000      1.000      1.000      0.500      0.000      1.000      0.000      0.000      0.000 96506926
     3.000      2.000     -0.981     -0.998     -0.170      1.030      0.056      0.160     -0.500     -0.319     -1.965     -0.055     -0.056     -0.010      0.058      0.009     -0.028     -0.018     -0.110     -0.028          *          *          *          *      1.000     -0.500      0.000      0.000      0.000      0.000      0.000 96506991
     3.000      2.000     -1.007      0.183      0.275     -1.668     -1.361      2.410     -0.500     -0.591     -1.965      1.370     -0.249     -0.375      2.271     -3.281      0.681      0.805      2.675      0.681      1.000      0.000      0.000      0.000      1.000     -0.500      0.000      0.000      0.000      0.000      0.000 96506992
     2.000      0.000     -1.697      3.093     -0.921     -1.565     -1.290      1.577     -0.500      0.763      0.535      2.189     -3.990      1.188      2.019     -2.035      0.645     -0.985     -0.690      0.645      1.000      0.000      0.000      1.000      1.000     -0.500      1.000      0.000      0.000      0.000      1.000 96506997
     3.000      0.000     -0.423     -0.403     -1.163      0.809      0.673      2.327     -0.500      0.220      0.535     -0.285     -0.271     -0.783      0.545      1.567     -0.337      0.148      0.360     -0.337      1.000      0.000      0.000      0.000      1.000     -0.500      1.000      0.000      0.000      0.000      0.000 96508068
     3.000      0.000          *     -0.998     -1.381     -1.487     -1.298      2.077     -0.500          *          *          *      1.296      1.793      1.931     -2.696      0.649          *          *      0.649      1.000      0.000      0.000      0.000      1.000     -0.500      1.000      0.000      0.000      0.000      0.000 96508169
     3.000      2.000      0.306     -0.100      0.271      0.486     -0.277     -0.423     -0.500          *      1.035     -0.085      0.028     -0.075     -0.134      0.117      0.138          *     -0.286     -0.138      1.000      0.000      0.000      0.000      1.000      0.500      0.000      0.000      0.000      0.000      0.000 96508464
     3.000      2.000      0.957      0.475      1.727      0.006      1.133      1.744      0.500      0.003      0.035      1.084      0.539      1.956      0.007      1.975      0.566      0.004      0.039     -0.566      0.000      0.000      0.000      1.000      1.000     -0.500      0.000      0.000      0.000      0.000      0.000 96540657
     3.000      2.000     -0.523     -0.715      0.275     -0.095     -1.487      1.827      0.500          *     -1.965      0.777      1.064     -0.409      0.141     -2.717     -0.743          *      2.922      0.743      0.000      0.000      0.000      1.000      1.000     -0.500      0.000      0.000      0.000      0.000      0.000 96546127
     2.000      2.000     -1.837      0.082     -0.689     -1.344     -1.586     -0.673      0.500      0.070      2.035      2.914     -0.130      1.093      2.133      1.067     -0.793     -0.111     -3.228      0.793      0.000      0.000      0.000      1.000      1.000     -0.500      0.000      0.000      0.000      0.000      1.000 96546225
     3.000      1.000      0.233     -0.998     -0.208      1.030     -0.421      1.327      0.500      0.397      0.035     -0.098      0.420      0.088     -0.434     -0.558     -0.210     -0.167     -0.015      0.210      1.000      0.000      0.000      0.000      1.000     -0.500      0.000      1.000      0.000      0.000      0.000 96546996
     3.000      1.000     -0.738     -0.458     -0.661     -0.717      1.469      0.327      0.500      0.350      0.535     -1.084     -0.673     -0.972     -1.054      0.481      0.735      0.514      0.785     -0.735      1.000      0.000      0.000      0.000      0.000     -0.500      0.000      1.000      0.000      0.000      0.000 96546999
     3.000      0.000     -0.905     -0.403      0.512     -1.300     -0.642      0.660      0.500      0.220     -0.465      0.580      0.259     -0.328      0.834     -0.424     -0.321     -0.141      0.299      0.321      0.000      0.000      0.000      1.000      1.000     -0.500      1.000      0.000      0.000      0.000      0.000 96570155
     3.000      1.000     -0.329     -0.998      0.284     -1.746      0.009     -1.590      0.500          *      1.035     -0.003     -0.009      0.003     -0.016     -0.014      0.005          *      0.009      0.005      1.000      0.000      0.000      0.000      1.000      0.500      0.000      1.000      0.000      0.000      0.000 96570455
     0.000      0.000      0.644     -0.120     -1.157      0.422      0.303      1.244     -0.500          *      2.035      0.195     -0.036     -0.350      0.128      0.376     -0.151          *      0.616      0.151      1.000      0.000      0.000      0.000      0.000      0.500      1.000      0.000      1.000      0.000      0.000 96570819
     1.000      2.000      1.168     -0.715      0.776      0.486      0.628      0.577     -0.500          *     -1.965      0.733     -0.449      0.487      0.305      0.362     -0.314          *     -1.234     -0.314      0.000      0.000      0.000      1.000      1.000     -0.500      0.000      0.000      0.000      1.000      0.000 96570870
     3.000      2.000      1.168     -0.998      1.254      1.289     -1.403     -0.506     -0.500          *      2.535     -1.639      1.401     -1.760     -1.808      0.710      0.702          *     -3.556      0.702      1.000      0.000      0.000      0.000      1.000     -0.500      0.000      0.000      0.000      0.000      0.000 96570989
     3.000      2.000     -2.423      0.212     -0.406      0.809     -0.350      1.910     -0.500      0.747      2.035      0.849     -0.074      0.142     -0.284     -0.669      0.175     -0.262     -0.713     -0.175      1.000      0.000      0.000      0.000      0.000      0.500      0.000      0.000      0.000      0.000      0.000 96572306
     1.000      0.000      0.457      0.703      0.535      1.030     -0.150      1.577     -0.500      0.870      1.035     -0.069     -0.105     -0.080     -0.154     -0.236      0.075     -0.130     -0.155      0.075      1.000      0.000      0.000      0.000      1.000     -0.500      1.000      0.000      0.000      1.000      0.000 96572904
     3.000      1.000          *      0.163      0.029     -0.827      0.138      1.827      0.500          *          *          *      0.023      0.004     -0.114      0.253      0.069          *          *     -0.069      1.000      0.000      0.000      0.000      1.000     -0.500      0.000      1.000      0.000      0.000      0.000 96572926
     1.000      2.000      0.847     -0.432     -0.147     -0.419     -1.515     -0.923     -0.500     -0.591      0.035     -1.284      0.655      0.223      0.634      1.398      0.758      0.896     -0.052      0.758      0.000      0.000      0.000      1.000      1.000     -0.500      0.000      0.000      0.000      1.000      0.000 96573403
     3.000      2.000      0.710     -0.998      0.744     -1.015      0.004     -0.923      0.500      0.003     -0.965      0.003     -0.004      0.003     -0.004     -0.003      0.002      0.000     -0.004      0.002      1.000      0.000      0.000      0.000      0.000      0.500      0.000      0.000      0.000      0.000      0.000 96575286
     2.000      2.000      0.480     -0.458      1.499      1.289     -0.995      0.744     -0.500     -0.799     -1.965     -0.478      0.456     -1.492     -1.283     -0.740      0.498      0.795      1.956      0.498      1.000      0.000      0.000      0.000      1.000     -0.500      0.000      0.000      0.000      0.000      1.000 96576195
     3.000      0.000          *      1.785     -0.690      1.068      2.786      2.660      0.500          *          *          *      4.972     -1.921      2.975      7.411      1.393          *          *     -1.393      1.000      0.000      0.000      0.000      1.000     -0.500      1.000      0.000      0.000      0.000      0.000 96576199
     0.000      0.000      0.663      2.533          *      1.068      0.850      0.910     -0.500          *      0.035      0.564      2.153          *      0.908      0.774     -0.425          *      0.029     -0.425      1.000      0.000      0.000      0.000      1.000     -0.500      1.000      0.000      1.000      0.000      0.000 96576501
     3.000      2.000      1.042      0.291      0.784     -0.599     -0.543      0.660      0.500          *     -0.465     -0.565     -0.158     -0.426      0.325     -0.358     -0.271          *      0.253      0.271      0.000      0.000      0.000      1.000      1.000     -0.500      0.000      0.000      0.000      0.000      0.000 96576693
     3.000      2.000     -0.671     -0.666     -0.695      1.289     -1.181      1.327      0.500     -0.319     -1.965      0.792      0.787      0.821     -1.522     -1.567     -0.591      0.377      2.321      0.591      1.000      0.000      0.000      0.000      1.000     -0.500      0.000      0.000      0.000      0.000      0.000 96576698
     3.000      1.000     -0.029     -0.715      1.249     -0.198     -0.311      2.577      0.500      0.747      0.035      0.009      0.222     -0.388      0.061     -0.801     -0.155     -0.232     -0.011      0.155      1.000      0.000      0.000      0.000      1.000     -0.500      0.000      1.000      0.000      0.000      0.000 96576720
     3.000      1.000     -1.114     -0.998     -0.686     -3.014      0.012      1.744      0.500          *      0.035     -0.014     -0.012     -0.008     -0.037      0.021      0.006          *      0.000     -0.006      1.000      0.000      0.000      0.000      1.000     -0.500      0.000      1.000      0.000      0.000      0.000 96576792
     2.000      0.000     -0.686      0.788     -0.661      0.441      2.619      0.077     -0.500      0.397      2.035     -1.796      2.064     -1.732      1.155      0.202     -1.310      1.041      5.329      1.310      1.000      0.000      0.000      0.000      0.000      0.500      1.000      0.000      0.000      0.000      1.000 96576910
     3.000      0.000     -0.596      0.440      0.280      1.030     -0.323      0.994      0.500      0.661      0.035      0.193     -0.142     -0.090     -0.333     -0.321     -0.162     -0.214     -0.011      0.162      0.000      0.000      0.000      1.000      1.000     -0.500      1.000      0.000      0.000      0.000      0.000 96576990
     3.000      2.000     -0.472      2.325     -0.708     -1.344      1.751      0.160     -0.500     -0.879     -1.465     -0.827      4.071     -1.239     -2.354      0.281     -0.876     -1.539     -2.566     -0.876      0.000      1.000      0.000      1.000      1.000     -0.500      0.000      0.000      0.000      0.000      0.000 96576992
     3.000      1.000      1.134      0.762      0.999      0.021     -0.106     -1.506     -0.500          *      0.035     -0.120     -0.080     -0.105     -0.002      0.159      0.053          *     -0.004     -0.053      0.000      0.000      0.000      1.000      1.000      0.500      0.000      1.000      0.000      0.000      0.000 96577184
     1.000      2.000      0.740      0.242      0.067     -0.879     -0.488     -0.173     -0.500     -0.319          *     -0.361     -0.118     -0.033      0.429      0.084      0.244      0.156          *     -0.244      1.000      0.000      0.000      0.000      1.000      0.500      0.000      0.000      0.000      1.000      0.000 96577189
     1.000      0.000     -0.419      1.472     -3.104     -0.621     -0.433     -0.256     -0.500      0.300      1.035      0.181     -0.638      1.345      0.269      0.111      0.217     -0.130     -0.448      0.217      1.000      0.000      0.000      1.000      1.000     -0.500      1.000      0.000      0.000      1.000      0.000 96577284
     3.000      2.000      0.312     -0.403     -0.972      0.847      0.548     -1.506     -0.500          *      3.035      0.171     -0.221     -0.533      0.464     -0.825     -0.274          *      1.662     -0.274      0.000      0.000      1.000      0.000      0.000     -0.500      0.000      0.000      0.000      0.000      0.000 96577323
     3.000      2.000      1.168     -0.998      1.004      0.707     -1.461     -0.423      0.500      1.147      2.035     -1.707      1.459     -1.467     -1.033      0.618     -0.731     -1.676     -2.973      0.731      0.000      0.000      1.000      0.000      0.000     -0.500      0.000      0.000      0.000      0.000      0.000 96577326
     3.000      2.000      0.620      0.163      1.249      0.006     -0.644     -0.590     -0.500      0.606      1.535     -0.399     -0.105     -0.804     -0.004      0.380      0.322     -0.390     -0.988      0.322      1.000      1.000      0.000      0.000      1.000     -0.500      0.000      0.000      0.000      0.000      0.000 96577489
     3.000      0.000     -0.213      0.469      0.029     -1.229     -0.419     -0.506     -0.500      0.070      0.035      0.089     -0.197     -0.012      0.515      0.212      0.210     -0.029     -0.014      0.210      0.000      0.000      0.000      1.000      1.000     -0.500      1.000      0.000      0.000      0.000      0.000 96577684
     3.000      1.000     -1.000     -0.715     -1.422      1.289     -1.157      0.410     -0.500          *     -0.965      1.157      0.828      1.646     -1.491     -0.475      0.579          *      1.117      0.579      0.000      0.000      0.000      1.000      1.000     -0.500      0.000      1.000      0.000      0.000      0.000 96578266
     2.000      0.000     -1.733      1.065     -2.147     -1.542     -0.469      1.327     -0.500      0.350      1.035      0.813     -0.499      1.006      0.723     -0.622      0.234     -0.164     -0.485      0.234      1.000      0.000      0.000      0.000      1.000     -0.500      1.000      0.000      0.000      0.000      1.000 96606524
     3.000      2.000      0.021      0.391     -1.177     -0.987      0.771      1.244     -0.500      0.826      1.035      0.016      0.301     -0.907     -0.761      0.959     -0.385      0.636      0.797     -0.385      0.000      0.000      1.000      0.000      0.000     -0.500      0.000      0.000      0.000      0.000      0.000 96676152
     3.000      0.000     -0.121      1.501      0.776      1.289      1.278      1.244      0.500      1.031      1.035     -0.155      1.918      0.992      1.648      1.590      0.639      1.317      1.323     -0.639      1.000      0.000      0.000      0.000      1.000     -0.500      1.000      0.000      0.000      0.000      0.000 96676727
     1.000      0.000      0.663      1.348      0.039     -1.229     -1.110      0.077     -0.500      1.346      1.035     -0.736     -1.496     -0.043      1.364     -0.086      0.555     -1.493     -1.148     -0.555      1.000      0.000      0.000      1.000      1.000      0.500      1.000      0.000      0.000      1.000      0.000 96678376
     1.000      2.000      1.050      0.733      0.275     -0.640      0.005     -1.006     -0.500     -0.725      0.035      0.005      0.004      0.001     -0.003     -0.005     -0.003     -0.004      0.000     -0.003      0.000      0.000      0.000      1.000      1.000     -0.500      0.000      0.000      0.000      1.000      0.000 96710053
     0.000      2.000     -3.551      0.157     -1.636      0.700      0.464     -2.340      0.500          *      0.535     -1.646      0.073     -0.759      0.324     -1.085      0.232          *      0.248     -0.232      1.000      0.000      0.000      0.000      1.000     -0.500      0.000      0.000      1.000      0.000      0.000 96714240
     2.000      2.000     -0.476      3.405     -1.594     -1.786      0.004     -2.256      0.500          *     -0.465     -0.002      0.014     -0.007     -0.008     -0.010      0.002          *     -0.002     -0.002      0.000      0.000      0.000      1.000      1.000     -0.500      0.000      0.000      0.000      0.000      1.000 96716334
     2.000      2.000      0.036      1.059      0.048     -0.842      1.434     -0.840     -0.500     -0.419     -1.465      0.051      1.518      0.069     -1.207     -1.204     -0.717     -0.601     -2.101     -0.717      1.000      0.000      0.000      0.000      1.000     -0.500      0.000      0.000      0.000      0.000      1.000 96716526
     3.000      2.000      0.428      0.703      1.491      1.289      0.245     -2.673      0.500      1.169      1.035      0.105      0.172      0.365      0.315     -0.654      0.122      0.286      0.253     -0.122      1.000      0.000      0.000      0.000      1.000     -0.500      0.000      0.000      0.000      0.000      0.000 97374972
     3.000      2.000      0.209      1.010      0.048     -2.497      0.016      2.494     -0.500      0.070     -0.465      0.003      0.016      0.001     -0.040      0.040     -0.008      0.001     -0.007     -0.008      1.000      0.000      0.000      0.000      1.000     -0.500      0.000      0.000      0.000      0.000      0.000 97500058
     3.000      2.000      0.897     -0.120      0.526      0.809      1.036      2.494     -0.500          *      0.035      0.929     -0.124      0.544      0.838      2.583     -0.518          *      0.036      0.518      1.000      0.000      0.000      0.000      1.000      0.500      0.000      0.000      0.000      0.000      0.000 97500757
     1.000      2.000     -0.631      0.391      0.025     -0.259      0.057     -0.673      0.500      0.465     -0.465     -0.036      0.022      0.001     -0.015     -0.038      0.029      0.027     -0.027     -0.029      1.000      0.000      1.000      0.000      0.000     -0.500      0.000      0.000      0.000      1.000      0.000 97500972
     3.000      0.000      0.233     -0.458      1.003     -1.705      1.260     -0.840     -0.500          *     -1.965      0.293     -0.577      1.264     -2.149     -1.058     -0.630          *     -2.476     -0.630      0.000      0.000      0.000      1.000      1.000     -0.500      1.000      0.000      0.000      0.000      0.000 97503407
     3.000      2.000     -1.315      0.157     -0.916     -1.724     -0.860      1.327     -0.500      0.507      1.535      1.131     -0.135      0.788      1.483     -1.142      0.430     -0.436     -1.320      0.430      0.000      0.000      0.000      1.000      1.000     -0.500      0.000      0.000      0.000      0.000      0.000 97503904
     3.000      1.000      0.233     -0.458      0.767      0.265     -0.800      0.577     -0.500      0.070      1.035     -0.186      0.367     -0.614     -0.212     -0.462      0.400     -0.056     -0.828      0.400      1.000      0.000      0.000      0.000      0.000     -0.500      0.000      1.000      0.000      0.000      0.000 97504208
     3.000      0.000     -2.479      2.865     -3.829     -0.973     -0.737     -0.590      0.500          *      1.035      1.828     -2.112      2.823      0.717      0.435     -0.369          *     -0.763     -0.369      1.000      0.000      0.000      0.000      1.000      0.500      1.000      0.000      0.000      0.000      0.000 97504342
     1.000      0.000     -1.986     -0.071     -1.398     -0.038     -1.284     -1.923      0.500     -0.474      1.035      2.551      0.091      1.796      0.049      2.470     -0.642      0.608     -1.329     -0.642      1.000      0.000      0.000      1.000      0.000      0.500      1.000      0.000      0.000      1.000      0.000 97506047
     3.000      1.000      1.032     -0.071      0.274     -1.197     -1.886      0.660      0.500     -0.656          *     -1.947      0.133     -0.516      2.257     -1.246     -0.943      1.237          *      0.943      0.000      0.000      0.000      1.000      1.000     -0.500      0.000      1.000      0.000      0.000      0.000 97506198
     3.000      0.000      0.105     -0.403      0.289      0.072      0.328      0.910     -0.500          *      0.035      0.034     -0.132      0.095      0.023      0.299     -0.164          *      0.011      0.164      0.000      0.000      0.000      1.000      1.000      0.500      1.000      0.000      0.000      0.000      0.000 97506394
     3.000      2.000      0.129     -0.998      0.034     -1.063     -0.870     -0.423     -0.500     -0.186     -1.965     -0.112      0.869     -0.029      0.925      0.368      0.435      0.162      1.711      0.435      0.000      0.000      0.000      1.000      1.000     -0.500      0.000      0.000      0.000      0.000      0.000 97506397
     3.000      1.000     -0.592     -0.998     -0.684     -0.031     -0.560     -0.673      0.500          *      0.535      0.331      0.559      0.383      0.018      0.377     -0.280          *     -0.299      0.280      0.000      0.000      0.000      1.000      1.000     -0.500      0.000      1.000      0.000      0.000      0.000 97506695
     2.000      2.000     -0.134      0.163     -0.917      0.809      0.794     -0.340     -0.500          *      0.035     -0.106      0.129     -0.728      0.642     -0.269     -0.397          *      0.027      0.397      0.000      0.000      0.000      1.000      1.000      0.500      0.000      0.000      0.000      0.000      1.000 97506993
     3.000      1.000      0.222     -0.998      0.512      1.289      0.158     -0.673      0.500     -0.531          *      0.035     -0.158      0.081      0.204     -0.106      0.079     -0.084          *     -0.079      0.000      1.000      0.000      0.000      1.000     -0.500      0.000      1.000      0.000      0.000      0.000 97540050
     3.000      2.000     -0.144      1.502     -1.159     -0.252      0.091      1.494      0.500          *      0.035     -0.013      0.137     -0.106     -0.023      0.136      0.046          *      0.003      0.046      1.000      0.000      0.000      0.000      1.000      0.500      0.000      0.000      0.000      0.000      0.000 97540051
     3.000      1.000      0.518     -0.998      0.284     -1.668     -1.105     -0.006     -0.500     -1.572     -1.965     -0.572      1.104     -0.314      1.844      0.007      0.553      1.738      2.172     -0.553      1.000      0.000      0.000      0.000      1.000      0.500      0.000      1.000      0.000      0.000      0.000 97540157
     3.000      1.000      0.074     -0.998     -0.667      1.289     -0.712     -0.423      0.500     -3.364     -0.965     -0.053      0.711      0.475     -0.918      0.301     -0.356      2.396      0.688     -0.356      0.000      0.000      0.000      1.000      1.000      0.500      0.000      1.000      0.000      0.000      0.000 97540352
     3.000      1.000     -1.195     -0.403      0.275     -1.724      1.570      3.077      0.500          *     -1.965     -1.877     -0.633      0.432     -2.708      4.832      0.785          *     -3.087     -0.785      0.000      0.000      0.000      1.000      1.000     -0.500      0.000      1.000      0.000      0.000      0.000 97543809
     3.000      0.000      0.181      1.472     -0.676     -1.300      0.419      2.160     -0.500      0.350     -1.965      0.076      0.617     -0.284     -0.545      0.906     -0.210      0.147     -0.824     -0.210      0.000      0.000      0.000      1.000      1.000     -0.500      1.000      0.000      0.000      0.000      0.000 97544900
     1.000      2.000      0.115     -0.715     -0.713     -0.141     -0.035      2.410     -0.500      0.220     -1.965     -0.004      0.025      0.025      0.005     -0.084      0.017     -0.008      0.069      0.017      1.000      0.000      0.000      0.000      1.000     -0.500      0.000      0.000      0.000      1.000      0.000 97546929
     3.000      1.000      0.027     -0.998      0.526      1.289      0.770      1.744      0.500      0.528      0.035      0.021     -0.769      0.405      0.992      1.343      0.385      0.406      0.027     -0.385      0.000      0.000      0.000      1.000      1.000     -0.500      0.000      1.000      0.000      0.000      0.000 97570089
     3.000      2.000     -0.384     -0.998      0.999      0.367      0.830      0.494      0.500      0.220      2.035     -0.319     -0.829      0.829      0.305      0.410      0.415      0.182      1.689     -0.415      1.000      0.000      0.000      0.000      1.000     -0.500      0.000      0.000      0.000      0.000      0.000 97570452
     3.000      1.000     -1.409     -0.998      0.044     -1.041     -0.457      2.410     -0.500          *     -1.965      0.643      0.456     -0.020      0.475     -1.101      0.228          *      0.898      0.228      1.000      0.000      0.000      0.000      1.000     -0.500      0.000      1.000      0.000      0.000      0.000 97570851
     1.000      0.000      1.168      0.167      0.289      0.707     -0.047     -2.506     -0.500      0.625      0.535     -0.055     -0.008     -0.014     -0.033      0.119      0.024     -0.030     -0.025      0.024      1.000      0.000      0.000      0.000      1.000     -0.500      1.000      0.000      0.000      1.000      0.000 97571407
     3.000      1.000      0.310     -0.432      1.022      0.809     -0.638      2.244      0.500      0.899      2.035     -0.197      0.276     -0.652     -0.516     -1.431     -0.319     -0.573     -1.298     -0.319      1.000      0.000      1.000      0.000      0.000      0.500      0.000      1.000      0.000      0.000      0.000 97571767
     3.000      0.000      0.627      1.348     -2.127      0.367      0.505     -2.340      0.500     -0.106      1.035      0.317      0.680     -1.074      0.186     -1.181      0.252     -0.053      0.522     -0.252      1.000      0.000      0.000      0.000      1.000     -0.500      1.000      0.000      0.000      0.000      0.000 97572284
     3.000      1.000     -0.598      0.495     -0.174     -0.647     -1.128      2.160      0.500      0.885      2.035      0.674     -0.559      0.197      0.729     -2.436     -0.564     -0.997     -2.294      0.564      0.000      0.000      0.000      1.000      1.000     -0.500      0.000      1.000      0.000      0.000      0.000 97572390
     1.000      2.000     -0.095      1.377      0.052     -0.537      1.413      1.077      0.500      0.486      0.535     -0.134      1.946      0.074     -0.758      1.522      0.706      0.687      0.755     -0.706      1.000      0.000      0.000      0.000      1.000     -0.500      0.000      0.000      0.000      1.000      0.000 97572993
     3.000      0.000     -0.701      0.808      1.013      0.109      0.519     -0.256     -0.500      1.090      0.035     -0.364      0.419      0.525      0.057     -0.133     -0.259      0.566      0.018     -0.259      1.000      0.000      0.000      0.000      0.000     -0.500      1.000      0.000      0.000      0.000      0.000 97572999
     3.000      2.000      1.168      0.828      0.030     -1.485      0.243      1.660     -0.500      0.133          *      0.284      0.201      0.007     -0.361      0.403     -0.121      0.032          *     -0.121      1.000      0.000      0.000      0.000      1.000     -0.500      0.000      0.000      0.000      0.000      0.000 97573509
     1.000      2.000      1.060     -0.403     -0.448     -0.865     -0.818     -1.756      0.500          *      1.535     -0.867      0.330      0.367      0.708      1.437     -0.409          *     -1.256      0.409      1.000      0.000      0.000      0.000      1.000     -0.500      0.000      0.000      0.000      1.000      0.000 97574003
     2.000      0.000      1.134      2.760     -0.713     -0.621     -0.586     -1.006     -0.500      0.070      0.035     -0.664     -1.617      0.417      0.363      0.589      0.293     -0.041     -0.020     -0.293          *          *          *          *      1.000      0.500      1.000      0.000      0.000      0.000      1.000 97574089
     2.000      2.000      0.074     -0.383      0.256      0.330     -0.264     -0.673     -0.500     -0.186     -0.965     -0.020      0.101     -0.068     -0.087      0.177      0.132      0.049      0.255     -0.132      1.000      0.000      0.000      0.000      1.000      0.500      0.000      0.000      0.000      0.000      1.000 97574785
     3.000      2.000      1.025     -0.888      0.025      1.289      0.880     -0.590      0.500      0.980      0.035      0.902     -0.782      0.022      1.135     -0.519      0.440      0.863      0.030     -0.440      0.000      0.000      0.000      1.000      1.000     -0.500      0.000      0.000      0.000      0.000      0.000 97574787
     2.000      2.000     -0.963      0.525     -3.329      0.551     -0.385     -1.756      0.500      0.568      1.035      0.371     -0.202      1.280     -0.212      0.676     -0.192     -0.218     -0.398      0.192      1.000      0.000      0.000      0.000      0.000     -0.500      0.000      0.000      0.000      0.000      1.000 97575096
     3.000      1.000     -0.006     -0.374      0.526     -0.001     -0.841     -0.006     -0.500      0.220      2.035      0.005      0.314     -0.442      0.001      0.005      0.420     -0.185     -1.710      0.420      1.000      0.000      0.000      0.000      1.000     -0.500      0.000      1.000      0.000      0.000      0.000 97575287
     3.000      1.000      0.915      0.808      0.539      0.626     -1.448      0.410     -0.500     -0.966     -1.965     -1.325     -1.170     -0.781     -0.906     -0.594      0.724      1.399      2.846     -0.724      0.000      0.000      1.000      0.000      1.000      0.500      0.000      1.000      0.000      0.000      0.000 97575300
     3.000      0.000     -0.298      2.325     -0.675      1.289      0.071      1.744      0.500          *      3.035     -0.021      0.165     -0.048      0.091      0.124      0.035          *      0.215      0.035      0.000      1.000      0.000      0.000      1.000      0.500      1.000      0.000      0.000      0.000      0.000 97575471
     3.000      1.000     -0.520      0.782      0.048     -0.496      0.370      2.160     -0.500          *     -1.465     -0.192      0.289      0.018     -0.184      0.799     -0.185          *     -0.542     -0.185      1.000      0.000      0.000      0.000      1.000     -0.500      0.000      1.000      0.000      0.000      0.000 97576090
     3.000      2.000      0.238     -0.686      1.003     -0.709     -0.187      1.744     -0.500          *     -1.965     -0.045      0.128     -0.187      0.132     -0.326      0.093          *      0.367      0.093      0.000      0.000      0.000      1.000      1.000     -0.500      0.000      0.000      0.000      0.000      0.000 97576091
     2.000      0.000     -0.386      0.183     -0.434     -0.419     -0.921      2.077     -0.500      1.432      2.535      0.356     -0.168      0.400      0.385     -1.913      0.460     -1.318     -2.334      0.460      0.000      0.000      1.000      0.000      0.000     -0.500      1.000      0.000      0.000      0.000      1.000 97576406
     1.000      0.000     -1.704      1.785     -1.414      0.330      0.717      1.327      0.500     -0.032      1.035     -1.222      1.280     -1.014      0.237      0.952      0.359     -0.023      0.742     -0.359      1.000      0.000      0.000      0.000      1.000     -0.500      1.000      0.000      0.000      1.000      0.000 97576562
     3.000      1.000     -0.226     -0.666     -1.176      0.809     -1.911      2.077     -0.500      0.763      0.035      0.432      1.273      2.248     -1.547     -3.969      0.955     -1.458     -0.066      0.955      1.000      0.000      0.000      0.000      0.000     -0.500      0.000      1.000      0.000      0.000      0.000 97576566
     3.000      0.000     -1.723     -0.998     -0.634     -2.389      0.750      1.744      0.500          *      1.035     -1.293     -0.749     -0.476     -1.792      1.308      0.375          *      0.776      0.375      0.000      1.000      0.000      0.000      1.000      0.500      1.000      0.000      0.000      0.000      0.000 97576695
     3.000      2.000     -0.738     -0.666      0.034      0.006      1.296      0.994      0.500      0.568      0.035     -0.956     -0.864      0.044      0.008      1.288      0.648      0.736      0.045     -0.648      0.000      0.000      0.000      1.000      1.000     -0.500      0.000      0.000      0.000      0.000      0.000 97576698
     3.000      2.000      0.266     -0.715          *      0.164      1.606      1.410     -0.500          *      1.035      0.426     -1.149          *      0.263      2.265     -0.803          *      1.661      0.803      1.000      0.000      0.000      0.000      0.000      0.500      0.000      0.000      0.000      0.000      0.000 97576750
     3.000      2.000      0.626     -0.432     -0.193      0.117      1.471      0.077      0.500          *      0.035      0.921     -0.636     -0.283      0.173      0.113      0.736          *      0.051     -0.736      0.000      1.000      0.000      0.000      1.000     -0.500      0.000      0.000      0.000      0.000      0.000 97576891
     3.000      2.000     -0.749     -0.432      0.312      0.164     -0.071      1.244      0.500          *      0.035      0.053      0.031     -0.022     -0.012     -0.088     -0.035          *     -0.002     -0.035      0.000      0.000      0.000      1.000      1.000      0.500      0.000      0.000      0.000      0.000      0.000 97576965
     3.000      1.000      0.365     -0.120     -0.184     -3.014      0.505     -0.673      0.500     -0.319     -1.465      0.185     -0.061     -0.093     -1.523     -0.340      0.253     -0.161     -0.741     -0.253      0.000      0.000      0.000      1.000      1.000     -0.500      0.000      1.000      0.000      0.000      0.000 97576991
     3.000      0.000     -0.744     -0.998     -0.703     -1.487     -0.546     -0.256      0.500      0.465          *      0.406      0.545      0.384      0.812      0.140     -0.273     -0.254          *      0.273      1.000      1.000      1.000      0.000      1.000     -0.500      1.000      0.000      0.000      0.000      0.000 97576999
     3.000      2.000     -0.858     -0.715      1.491     -0.583     -1.001     -0.756     -0.500      0.220      2.035      0.859      0.716     -1.491      0.583      0.757      0.500     -0.220     -2.036     -0.500      1.000      0.000      1.000      0.000      0.000      0.500      0.000      0.000      0.000      0.000      0.000 97577229
     3.000      0.000      1.134     -0.998     -0.457      1.289     -1.082     -0.840     -0.500      0.070      3.035     -1.228      1.081      0.495     -1.395      0.909      0.541     -0.076     -3.285     -0.541      1.000      0.000      0.000      0.000      1.000      0.500      1.000      0.000      0.000      0.000      0.000 97577284
     3.000      0.000     -0.476     -0.002      0.999     -1.197      0.331      0.244     -0.500     -1.572     -1.965     -0.157     -0.001      0.330     -0.396      0.081     -0.165     -0.520     -0.650      0.165      0.000      0.000      0.000      1.000      1.000      0.500      1.000      0.000      0.000      0.000      0.000 97577588
     3.000      1.000     -0.314     -0.120     -1.409     -2.045     -0.310      2.077     -0.500     -1.418     -1.465      0.097      0.037      0.437      0.634     -0.644      0.155      0.440      0.454      0.155      1.000      0.000      0.000      0.000      1.000     -0.500      0.000      1.000      0.000      0.000      0.000 97577981
     3.000      2.000     -1.714      0.857     -0.921     -0.583     -0.353     -0.590      0.500          *      0.535      0.605     -0.302      0.325      0.206      0.208     -0.176          *     -0.189      0.176      1.000      0.000      0.000      0.000      0.000     -0.500      0.000      0.000      0.000      0.000      0.000 97578269
     3.000      0.000      0.090      2.012     -0.211      0.227     -0.206      1.494     -0.500      0.247     -0.965     -0.018     -0.415      0.044     -0.047     -0.308      0.103     -0.051      0.199     -0.103      1.000      0.000      0.000      0.000      1.000      0.500      1.000      0.000      0.000      0.000      0.000 97579973
     3.000      1.000      0.933     -0.458          *     -1.116     -0.815      0.160      0.500          *     -1.965     -0.760      0.373          *      0.909     -0.131     -0.407          *      1.601      0.407      1.000      0.000      0.000      0.000      1.000     -0.500      0.000      1.000      0.000      0.000      0.000 97593902
     3.000      0.000      0.942      1.785     -0.421      0.147      0.927     -0.423      0.500      0.350     -0.465      0.874      1.655     -0.390      0.136     -0.392      0.464      0.324     -0.432     -0.464      1.000      0.000      0.000      0.000      1.000     -0.500      1.000      0.000      0.000      0.000      0.000 97606429
     1.000      2.000      0.652     -0.071     -0.429      1.289      1.102      0.827     -0.500     -0.419      2.035      0.718     -0.078     -0.473      1.420      0.912     -0.551     -0.462      2.242     -0.551      1.000      0.000      0.000      0.000      1.000     -0.500      0.000      0.000      0.000      1.000      0.000 97646225
     3.000      1.000      1.075     -0.998      1.735     -0.275     -0.192     -1.256     -0.500          *     -0.965     -0.206      0.192     -0.333      0.053      0.241      0.096          *      0.185      0.096      0.000      0.000      0.000      1.000      1.000     -0.500      0.000      1.000      0.000      0.000      0.000 97676929
     3.000      0.000          *      0.788     -0.448      0.006      0.745     -1.256      0.500          *          *          *      0.587     -0.334      0.005     -0.936      0.373          *          *     -0.373      0.000      1.000      0.000      0.000      1.000     -0.500      1.000      0.000      0.000      0.000      0.000 97676956
     3.000      2.000     -0.176     -0.998     -0.138      0.072      0.092     -0.923      0.500     -0.531     -0.465     -0.016     -0.092     -0.013      0.007     -0.085      0.046     -0.049     -0.043     -0.046      1.000      0.000      0.000      0.000      1.000     -0.500      0.000      0.000      0.000      0.000      0.000 97710255
     3.000      2.000      1.168     -0.998      1.003     -0.529      0.668     -1.173      0.500          *      1.035      0.780     -0.667      0.670     -0.353     -0.783      0.334          *      0.691     -0.334      0.000      0.000      0.000      1.000      1.000     -0.500      0.000      0.000      0.000      0.000      0.000 97710455
     3.000      2.000      0.654     -0.998      0.776      0.201      1.793     -2.090      0.500          *      0.035      1.172     -1.790      1.391      0.361     -3.746      0.896          *      0.062     -0.896      0.000      0.000      0.000      1.000      1.000     -0.500      0.000      0.000      0.000      0.000      0.000 97710657
     2.000      2.000     -0.555     -0.998     -0.703          *      1.230     -2.340     -0.500          *      1.035     -0.682     -1.228     -0.865          *     -2.877     -0.615          *      1.272     -0.615      1.000      0.000      0.000      0.000      1.000     -0.500      0.000      0.000      0.000      0.000      1.000 97711070
     2.000      1.000      0.074      1.550      0.776     -0.677      0.773     -0.673      0.500     -0.068      1.035      0.057      1.198      0.600     -0.524     -0.520      0.387     -0.053      0.800      0.387      0.000      0.000      0.000      1.000      1.000      0.500      0.000      1.000      0.000      0.000      1.000 97711071
     1.000      2.000      0.471     -0.998      0.525      1.289      0.077     -1.840     -0.500      0.661      1.535      0.036     -0.077      0.041      0.100     -0.142     -0.039      0.051      0.118     -0.039      1.000      0.000      0.000      0.000      1.000     -0.500      0.000      0.000      0.000      1.000      0.000 97711966
     3.000      2.000      1.134     -0.998     -0.935     -1.008      0.441     -1.423     -0.500     -0.591          *      0.500     -0.440     -0.412     -0.444     -0.627     -0.220     -0.261          *      0.220      0.000      0.000      0.000      1.000      1.000      0.500      0.000      0.000      0.000      0.000      0.000 97713607
     3.000      0.000     -2.854     -0.888     -1.881     -2.153      0.604     -2.840      0.500          *     -0.465     -1.724     -0.536     -1.136     -1.300     -1.715      0.302          *     -0.281     -0.302      1.000      0.000      0.000      1.000      1.000     -0.500      1.000      0.000      0.000      0.000      0.000 97714084
     3.000      1.000     -0.812     -0.998      0.267     -0.147     -0.400     -2.840     -0.500          *      0.035      0.325      0.399     -0.107      0.059      1.136      0.200          *     -0.014     -0.200      0.000      1.000      0.000      0.000      1.000      0.500      0.000      1.000      0.000      0.000      0.000 97716153
     3.000      2.000      1.168     -0.998      1.977      0.242      1.820     -3.423      0.500      1.251      2.535      2.126     -1.817      3.599      0.440     -6.230      0.910      2.277      4.613     -0.910      1.000      0.000      0.000      0.000      1.000     -0.500      0.000      0.000      0.000      0.000      0.000 97716906
     3.000      0.000      1.075     -0.998      1.741     -0.212      0.627     -2.340      0.500      0.191      0.035      0.674     -0.626      1.092     -0.133     -1.468      0.314      0.120      0.022     -0.314      0.000      0.000      0.000      1.000      1.000     -0.500      1.000      0.000      0.000      0.000      0.000 97716952
     2.000      2.000      0.114     -0.998     -0.939     -0.987     -1.133     -3.423      0.500      0.350      2.035     -0.130      1.132      1.064      1.119      3.880     -0.567     -0.396     -2.306     -0.567      0.000      0.000      0.000      1.000      1.000      0.500      0.000      0.000      0.000      0.000      1.000 97716976
     3.000      1.000      1.134     -0.998      0.297     -2.627      0.799     -0.590      0.500     -1.572          *      0.906     -0.797      0.237     -2.098     -0.471      0.399     -1.256          *      0.399      1.000      0.000      0.000      0.000      1.000      0.500      0.000      1.000      0.000      0.000      0.000 98500058
     3.000      1.000     -2.227     -0.998     -1.891     -2.432      0.544      2.160      0.500          *     -1.965     -1.211     -0.543     -1.029     -1.323      1.175      0.272          *     -1.069     -0.272      1.000      0.000      0.000      0.000      1.000     -0.500      0.000      1.000      0.000      0.000      0.000 98500250
     3.000      2.000     -0.003     -0.175      0.298      0.809      0.700     -0.423     -0.500          *      0.035     -0.002     -0.123      0.209      0.567     -0.296     -0.350          *      0.024     -0.350      1.000      0.000      0.000      0.000      1.000     -0.500      0.000      0.000      0.000      0.000      0.000 98500350
     3.000      2.000      1.202     -0.998      1.239     -0.827     -1.061      0.994     -0.500     -1.061      2.035     -1.275      1.060     -1.315      0.878     -1.055      0.531      1.126     -2.159     -0.531      1.000      0.000      0.000      0.000      1.000      0.500      0.000      0.000      0.000      0.000      0.000 98500452
     3.000      2.000     -2.031     -0.715     -0.950     -1.945     -0.914      3.577      0.500     -1.572      1.035      1.857      0.654      0.869      1.779     -3.271     -0.457      1.438     -0.946      0.457      1.000      0.000      0.000      0.000      1.000     -0.500      0.000      0.000      0.000      0.000      0.000 98500755
     3.000      1.000      1.168      0.212      1.494      1.289     -0.960     -0.673      0.500      0.220      0.035     -1.121     -0.204     -1.434     -1.238      0.646     -0.480     -0.211     -0.033      0.480      0.000      0.000      0.000      1.000      1.000     -0.500      0.000      1.000      0.000      0.000      0.000 98503308
     3.000      2.000     -3.173      0.163     -0.407     -0.278     -0.183      1.827      0.500     -0.419          *      0.580     -0.030      0.074      0.051     -0.334     -0.091      0.077          *     -0.091      0.000      0.000      0.000      1.000      1.000      0.500      0.000      0.000      0.000      0.000      0.000 98503401
     3.000      1.000      0.215     -0.715     -0.449     -0.750     -0.902      2.327      0.500          *      0.535     -0.194      0.645      0.405      0.676     -2.100     -0.451          *     -0.482      0.451      1.000      0.000      0.000      0.000      1.000     -0.500      0.000      1.000      0.000      0.000      0.000 98504249
     3.000      1.000      0.489     -0.998      0.071      0.700     -2.289      1.244     -0.500      0.300      0.035     -1.120      2.286     -0.163     -1.602     -2.848      1.145     -0.686     -0.079      1.145      1.000      0.000      0.000      0.000      1.000     -0.500      0.000      1.000      0.000      0.000      0.000 98504681
     3.000      2.000      0.596     -0.666      0.284      0.258     -0.493      2.160      0.500          *     -1.965     -0.294      0.328     -0.140     -0.127     -1.065     -0.246          *      0.969      0.246      1.000      0.000      0.000      0.000      1.000     -0.500      0.000      0.000      0.000      0.000      0.000 98506093
     3.000      2.000      0.770      1.313     -0.211     -0.599     -2.378      1.994      0.500          *     -0.965     -1.832     -3.121      0.502      1.425     -4.741     -1.189          *      2.296      1.189      1.000      0.000      0.000      0.000      1.000     -0.500      0.000      0.000      0.000      0.000      0.000 98506104
     3.000      1.000     -0.342     -0.998      0.994      1.289      0.360     -0.256      0.500          *     -0.965     -0.123     -0.359      0.358      0.464     -0.092      0.180          *     -0.347     -0.180      0.000      0.000      0.000      1.000      1.000     -0.500      0.000      1.000      0.000      0.000      0.000 98506197
     3.000      2.000      1.025     -0.877     -0.676     -0.717     -0.463      0.494     -0.500          *     -1.965     -0.474      0.406      0.313      0.332     -0.229      0.231          *      0.910      0.231      0.000      0.000      0.000      1.000      1.000     -0.500      0.000      0.000      0.000      0.000      0.000 98506291
     1.000      0.000     -0.021     -0.071      0.048      0.809     -2.015      0.910     -0.500      0.350     -0.965      0.043      0.142     -0.096     -1.631     -1.834      1.007     -0.704      1.945      1.007      1.000      0.000      0.000      0.000      1.000     -0.500      1.000      0.000      0.000      1.000      0.000 98506590
     2.000      0.000     -3.705     -0.998     -0.871     -1.123      1.087      0.827     -0.500          *      0.035     -4.026     -1.085     -0.946     -1.221      0.899     -0.543          *      0.038      0.543      0.000      0.000      0.000      1.000      1.000      0.500      1.000      0.000      0.000      0.000      1.000 98506894
     3.000      2.000     -3.295          *     -1.372     -0.905      1.166     -1.256      0.500      0.568      1.035     -3.843          *     -1.600     -1.056     -1.465      0.583      0.662      1.206      0.583      1.000      0.000      0.000      0.000      0.000      0.500      0.000      0.000      0.000      0.000      0.000 98506902
     3.000      2.000     -0.269     -0.051     -0.211      1.289      0.094     -0.923      0.500     -0.531      0.035     -0.025     -0.005     -0.020      0.121     -0.087      0.047     -0.050      0.003     -0.047      1.000      0.000      0.000      0.000      0.000     -0.500      0.000      0.000      0.000      0.000      0.000 98508078
     3.000      2.000     -0.483     -0.998     -0.899     -0.443     -0.064      1.994      0.500      0.568      0.035      0.031      0.064      0.058      0.028     -0.128     -0.032     -0.037     -0.002      0.032      0.000      0.000      0.000      1.000      1.000     -0.500      0.000      0.000      0.000      0.000      0.000 98508924
     3.000      1.000      0.899      0.622     -0.730      1.068     -0.270      1.077     -0.500          *      2.035     -0.243     -0.168      0.197     -0.289     -0.291      0.135          *     -0.550     -0.135      1.000      0.000      0.000      0.000      1.000      0.500      0.000      1.000      0.000      0.000      0.000 98540257
     1.000      0.000      0.813      1.328     -0.174      1.289     -0.101      1.410     -0.500      0.747      0.035     -0.082     -0.135      0.018     -0.131     -0.143      0.051     -0.076     -0.004      0.051      1.000      0.000      0.000      0.000      1.000     -0.500      1.000      0.000      0.000      1.000      0.000 98540354
     1.000      0.000     -0.345     -0.686     -1.191      0.330      1.709     -0.756     -0.500      0.779      0.535     -0.589     -1.172     -2.035      0.564     -1.292     -0.854      1.332      0.914     -0.854      0.000      1.000      0.000      0.000      1.000     -0.500      1.000      0.000      0.000      1.000      0.000 98540959
     3.000      2.000      1.060     -0.998      0.776      0.061      1.200     -1.673      0.500          *     -0.465      1.272     -1.198      0.931      0.073     -2.008      0.600          *     -0.559     -0.600      1.000      0.000      0.000      0.000      1.000     -0.500      0.000      0.000      0.000      0.000      0.000 98570027
     3.000      1.000      1.050     -0.120      1.750      1.068      1.647      0.577      0.500     -0.032     -1.465      1.730     -0.198      2.883      1.759      0.951      0.824     -0.052     -2.414     -0.824      0.000      0.000      0.000      1.000      1.000     -0.500      0.000      1.000      0.000      0.000      0.000 98570115
     3.000      2.000      0.305     -0.715     -1.659     -0.621      0.953     -0.173      0.500      0.507     -0.465      0.290     -0.682     -1.581     -0.591     -0.165      0.476      0.483     -0.444     -0.476      0.000      0.000      0.000      1.000      1.000     -0.500      0.000      0.000      0.000      0.000      0.000 98570278
     3.000      0.000      0.443      0.469      1.499      1.068      1.752      0.994      0.500      2.162      2.535      0.776      0.822      2.626      1.871      1.741      0.876      3.786      4.440     -0.876      1.000      0.000      0.000      0.000      0.000     -0.500      1.000      0.000      0.000      0.000      0.000 98570378
     3.000      0.000      0.233      1.016      0.501     -0.362      2.309      1.410     -0.500      0.220      0.035      0.538      2.345      1.157     -0.836      3.256     -1.154      0.507      0.080     -1.154      0.000      0.000      0.000      1.000      1.000     -0.500      1.000      0.000      0.000      0.000      0.000 98570784
     3.000      1.000      0.799     -0.715     -0.217     -2.793      0.736      2.077     -0.500          *      1.535      0.588     -0.526     -0.160     -2.056      1.529     -0.368          *      1.129     -0.368      1.000      0.000      0.000      0.000      1.000     -0.500      0.000      1.000      0.000      0.000      0.000 98570955
     1.000      0.000     -0.225      1.605     -1.153     -0.976      1.920     -1.756     -0.500          *      0.035     -0.432      3.081     -2.214     -1.873     -3.372     -0.960          *      0.066     -0.960      1.000      0.000      0.000      0.000      0.000     -0.500      1.000      0.000      0.000      1.000      0.000 98571113
     3.000      2.000      0.721      1.502      0.526      1.030     -0.129     -0.173     -0.500      0.568      0.035     -0.093     -0.194     -0.068     -0.133      0.022      0.064     -0.073     -0.004      0.064      1.000      0.000      0.000      0.000      1.000     -0.500      0.000      0.000      0.000      0.000      0.000 98571472
     3.000      1.000      0.224     -0.175      0.284     -1.048     -0.871     -1.673     -0.500     -0.474      0.035     -0.195      0.153     -0.247      0.913      1.457      0.435      0.412     -0.030      0.435      0.000      0.000      0.000      1.000      1.000     -0.500      0.000      1.000      0.000      0.000      0.000 98571977
     2.000      2.000      0.080      1.055     -0.198     -2.627     -0.601     -0.090     -0.500     -0.591     -0.965     -0.048     -0.635      0.119      1.580      0.054      0.301      0.356      0.581     -0.301      1.000      0.000      0.000      0.000      0.000      0.500      0.000      0.000      0.000      0.000      1.000 98572220
     2.000      2.000     -1.842      0.281     -2.405     -0.842      0.793     -0.923      0.500     -0.879      0.035     -1.462      0.223     -1.908     -0.668     -0.732      0.397     -0.697      0.027      0.397      1.000      1.000      0.000      0.000      1.000      0.500      0.000      0.000      0.000      0.000      1.000 98572226
     3.000      1.000     -1.073          *     -1.627     -1.139     -1.278     -1.173      0.500     -1.167          *      1.372          *      2.080      1.455      1.499     -0.639      1.491          *     -0.639      0.000      0.000      0.000      1.000      1.000      0.500      0.000      1.000      0.000      0.000      0.000 98572228
     3.000      2.000      0.089     -0.998      1.491     -0.198      0.022      0.494     -0.500          *      0.535      0.002     -0.022      0.033     -0.004      0.011     -0.011          *      0.012     -0.011      1.000      0.000      0.000      0.000      1.000     -0.500      0.000      0.000      0.000      0.000      0.000 98572291
     3.000      2.000      1.168     -0.888      0.284     -0.677     -0.764      0.160     -0.500          *     -1.965     -0.893      0.679     -0.217      0.518     -0.123      0.382          *      1.502      0.382      1.000      0.000      0.000      0.000      1.000     -0.500      0.000      0.000      0.000      0.000      0.000 98572292
     3.000      2.000      0.537     -0.715      0.531      0.809      0.176     -0.256     -0.500          *     -1.465      0.095     -0.126      0.094      0.143     -0.045     -0.088          *     -0.259     -0.088      1.000      0.000      0.000      0.000      1.000     -0.500      0.000      0.000      0.000      0.000      0.000 98572999
     3.000      1.000      0.707     -0.175     -0.463     -0.381      0.093      1.827     -0.500      0.350      0.035      0.066     -0.016     -0.043     -0.035      0.169     -0.046      0.032      0.003     -0.046      1.000      0.000      0.000      0.000      1.000     -0.500      0.000      1.000      0.000      0.000      0.000 98573200
     3.000      1.000      0.918     -0.998     -0.364      0.700     -2.185     -0.590     -0.500          *          *     -2.005      2.182      0.796     -1.529      1.288      1.093          *          *     -1.093      0.000      0.000      0.000      1.000      1.000      0.500      0.000      1.000      0.000      0.000      0.000 98573903
     1.000      0.000      0.826      0.828      1.477     -0.717      0.386     -0.923     -0.500      0.350      1.035      0.319      0.319      0.570     -0.277     -0.356     -0.193      0.135      0.399     -0.193      1.000      0.000      0.000      0.000      1.000     -0.500      1.000      0.000      0.000      1.000      0.000 98574106
     3.000      1.000     -0.835     -0.715     -0.211     -0.511     -0.272      2.160      0.500     -0.591     -0.965      0.227      0.194      0.057      0.139     -0.587     -0.136      0.161      0.262      0.136      0.000      0.000      0.000      1.000      1.000     -0.500      0.000      1.000      0.000      0.000      0.000 98574806
     2.000      0.000      1.134     -0.149      0.740      1.030     -1.562     -0.923     -0.500      0.747          *     -1.772      0.233     -1.156     -1.609      1.441      0.781     -1.167          *     -0.781      0.000      0.000      0.000      1.000      1.000      0.500      1.000      0.000      0.000      0.000      1.000 98575205
     2.000      0.000      0.069      0.772      0.521     -0.001      0.198     -2.173     -0.500     -0.032      1.035      0.014      0.153      0.103      0.000     -0.429     -0.099     -0.006      0.204      0.099      0.000      0.000      0.000      1.000      1.000      0.500      1.000      0.000      0.000      0.000      1.000 98575245
     3.000      2.000      0.971     -0.021     -0.438     -0.480     -0.639      0.577     -0.500      0.747      2.535     -0.620      0.014      0.280      0.307     -0.369      0.319     -0.477     -1.619      0.319      1.000      0.000      1.000      0.000      0.000     -0.500      0.000      0.000      0.000      0.000      0.000 98576019
     3.000      0.000      1.060      1.472      0.048      0.441      2.505     -0.673     -0.500      0.826      1.535      2.655      3.689      0.121      1.105     -1.686     -1.253      2.069      3.845     -1.253      1.000      0.000      0.000      0.000      1.000     -0.500      1.000      0.000      0.000      0.000      0.000 98576248
     3.000      1.000     -1.247     -0.458     -0.426     -0.776      0.833      0.577      0.500     -0.319     -1.965     -1.038     -0.382     -0.354     -0.646      0.481      0.416     -0.266     -1.636     -0.416      1.000      0.000      0.000      0.000      1.000     -0.500      0.000      1.000      0.000      0.000      0.000 98576390
     3.000      2.000      1.168     -0.715      1.499      1.289      0.623     -0.923      0.500      0.568      0.535      0.728     -0.446      0.935      0.804     -0.575      0.312      0.354      0.333     -0.312      1.000      0.000      0.000      0.000      0.000     -0.500      0.000      0.000      0.000      0.000      0.000 98576421
     3.000      0.000      0.097     -0.354      0.526      0.441     -0.239     -0.423     -0.500      0.325      0.535     -0.023      0.085     -0.126     -0.106      0.101      0.120     -0.078     -0.128      0.120      0.000      0.000      0.000      1.000      1.000     -0.500      1.000      0.000      0.000      0.000      0.000 98576490
     3.000      2.000     -1.978     -0.715     -0.212      1.068     -0.597      1.077     -0.500      0.568      0.035      1.180      0.427      0.127     -0.637     -0.643      0.298     -0.339     -0.021     -0.298      0.000      0.000      0.000      1.000      1.000      0.500      0.000      0.000      0.000      0.000      0.000 98576494
     3.000      2.000      0.926      1.328      0.776      1.068      0.009      1.827     -0.500          *     -1.965      0.008      0.012      0.007      0.009      0.016     -0.004          *     -0.017      0.004      1.000      0.000      0.000      0.000      1.000      0.500      0.000      0.000      0.000      0.000      0.000 98576497
     3.000      2.000     -0.803      0.857     -0.217     -0.419     -0.428      2.077      0.500      0.967      2.535      0.344     -0.367      0.093      0.179     -0.889     -0.214     -0.414     -1.085      0.214      0.000      0.000      0.000      1.000      1.000     -0.500      0.000      0.000      0.000      0.000      0.000 98576553
     3.000      1.000     -1.231      0.857     -1.233      1.289      0.658      1.244      0.500      0.568      0.035     -0.810      0.564     -0.811      0.848      0.818      0.329      0.373      0.023     -0.329      1.000      0.000      0.000      0.000      1.000     -0.500      0.000      1.000      0.000      0.000      0.000 98576598
     1.000      1.000     -0.131      0.137      0.768     -0.149      0.042      2.494     -0.500     -0.725     -1.965     -0.006      0.006      0.032     -0.006      0.105     -0.021     -0.031     -0.083      0.021      1.000      0.000      0.000      0.000      1.000      0.500      0.000      1.000      0.000      1.000      0.000 98576629
     3.000      2.000      0.070     -0.100      0.527     -0.842     -0.365      0.660      0.500      0.568      0.035     -0.026      0.037     -0.192      0.307     -0.241     -0.183     -0.207     -0.013      0.183      0.000      0.000      0.000      1.000      1.000     -0.500      0.000      0.000      0.000      0.000      0.000 98576733
     1.000      0.000      0.829      0.183     -0.198      0.201      0.146      0.494     -0.500      0.747      2.035      0.121      0.027     -0.029      0.029      0.072     -0.073      0.109      0.297     -0.073      1.000      0.000      1.000      0.000      0.000     -0.500      1.000      0.000      0.000      1.000      0.000 98576746
     1.000      0.000      0.216     -0.998      0.526      0.367      1.293      1.494     -0.500     -0.319     -1.965      0.279     -1.291      0.680      0.475      1.932     -0.647     -0.413     -2.541     -0.647      0.000      0.000      0.000      1.000      1.000     -0.500      1.000      0.000      0.000      1.000      0.000 98576920
     1.000      0.000     -0.017     -0.998     -0.458      1.289      0.279     -3.256     -0.500     -0.186      1.035     -0.005     -0.279     -0.128      0.360     -0.910     -0.140     -0.052      0.289     -0.140      1.000      0.000      0.000      0.000      1.000     -0.500      1.000      0.000      0.000      1.000      0.000 98576949
     3.000      2.000     -0.572      0.703      1.750      0.486      0.528      2.410      0.500          *     -1.965     -0.302      0.371      0.924      0.256      1.273      0.264          *     -1.038     -0.264      0.000      0.000      0.000      1.000      1.000     -0.500      0.000      0.000      0.000      0.000      0.000 98578365
     2.000      0.000     -1.747      0.603     -1.394     -1.450     -0.301     -1.256      0.500      0.350      0.535      0.526     -0.182      0.420      0.437      0.379     -0.151     -0.105     -0.161      0.151      1.000      0.000      1.000      0.000      0.000     -0.500      1.000      0.000      0.000      0.000      1.000 98578747
     3.000      1.000      0.387     -0.666      1.741      1.289      0.754      1.827      0.500      0.350      0.035      0.292     -0.502      1.313      0.972      1.378      0.377      0.264      0.026     -0.377      0.000      0.000      0.000      1.000      1.000     -0.500      0.000      1.000      0.000      0.000      0.000 98579955
     1.000      0.000          *     -0.091     -1.905     -1.967      1.689      0.744      0.500          *          *          *     -0.153     -3.217     -3.322      1.256      0.844          *          *     -0.844      1.000      0.000      0.000      0.000      1.000     -0.500      1.000      0.000      0.000      1.000      0.000 98590257
     3.000      2.000      0.229     -0.686     -0.185      1.289     -0.102      1.410     -0.500          *      1.035     -0.023      0.070      0.019     -0.132     -0.144      0.051          *     -0.106      0.051      1.000      0.000      0.000      0.000      1.000     -0.500      0.000      0.000      0.000      0.000      0.000 98606820
     3.000      2.000      0.505          *      0.062      0.551      0.138     -3.256     -0.500          *     -0.965      0.070          *      0.009      0.076     -0.449     -0.069          *     -0.133      0.069      0.000      0.000      0.000      1.000      1.000      0.500      0.000      0.000      0.000      0.000      0.000 98710650
     3.000      1.000     -1.064     -0.458      0.048      0.700     -1.471     -3.506      0.500     -1.167     -1.965      1.565      0.674     -0.070     -1.029      5.159     -0.736      1.717      2.892      0.736      1.000      0.000      0.000      0.000      1.000     -0.500      0.000      1.000      0.000      0.000      0.000 98710850
     1.000      0.000     -0.579     -0.149      1.727      0.448     -0.394     -2.673     -0.500      0.420      1.535      0.228      0.059     -0.681     -0.177      1.053      0.197     -0.166     -0.605      0.197      0.000      0.000      0.000      1.000      1.000     -0.500      1.000      0.000      0.000      1.000      0.000 98714925
     3.000      1.000     -1.069     -0.458     -0.954      0.330     -0.037     -3.340      0.500     -0.656          *      0.040      0.017      0.035     -0.012      0.124     -0.019      0.024          *     -0.019      0.000      0.000      0.000      1.000      1.000      0.500      0.000      1.000      0.000      0.000      0.000 98716332
     3.000      2.000      0.502     -0.432     -0.439      0.190     -0.831     -1.256      0.500     -0.068     -0.965     -0.417      0.359      0.365     -0.158      1.044     -0.416      0.057      0.802     -0.416      0.000      1.000      0.000      0.000      1.000      0.500      0.000      0.000      0.000      0.000      0.000 98716359
     3.000      0.000      0.956     -0.998      1.036     -0.215     -0.559     -2.340      0.500     -0.106      0.035     -0.535      0.559     -0.580      0.120      1.309     -0.280      0.059     -0.019      0.280      1.000      0.000      0.000      0.000      1.000     -0.500      1.000      0.000      0.000      0.000      0.000 98716928
     3.000      0.000      0.918      0.808     -2.336      0.551      0.626     -2.006      0.500      0.747      0.035      0.575      0.506     -1.463      0.345     -1.256      0.313      0.468      0.022      0.313      1.000      0.000      0.000      0.000      0.000      0.500      1.000      0.000      0.000      0.000      0.000 98717959
     2.000      2.000      0.763      3.405     -0.389      0.109      0.467     -0.423     -0.500      0.568      1.535      0.356      1.591     -0.182      0.051     -0.198     -0.234      0.265      0.717     -0.234      0.000      0.000      0.000      1.000      1.000     -0.500      0.000      0.000      0.000      0.000      1.000 99500187
     3.000      2.000      1.202     -0.998      0.524      0.626     -0.711      1.744      0.500     -0.591      0.035     -0.854      0.710     -0.373     -0.445     -1.240     -0.356      0.420     -0.025     -0.356      0.000      0.000      0.000      1.000      1.000      0.500      0.000      0.000      0.000      0.000      0.000 99500713
     3.000      2.000      0.629      0.622     -2.629     -1.762      0.064      0.827     -0.500     -0.319     -1.965      0.040      0.040     -0.169     -0.113      0.053     -0.032     -0.021     -0.126      0.032      1.000      0.000      0.000      0.000      1.000      0.500      0.000      0.000      0.000      0.000      0.000 99503302
     3.000      2.000      0.282     -0.383      0.526      0.486      0.873      0.494      0.500      0.643      2.035      0.246     -0.334      0.459      0.424      0.431      0.436      0.562      1.776      0.436      0.000      0.000      0.000      1.000      1.000      0.500      0.000      0.000      0.000      0.000      0.000 99503707
     2.000      0.000     -1.377      3.093     -2.132      0.551     -1.710     -0.340     -0.500     -0.725      2.035      2.355     -5.290      3.647     -0.942      0.581      0.855      1.240     -3.480     -0.855      1.000      0.000      0.000      0.000      1.000      0.500      1.000      0.000      0.000      0.000      1.000 99504049
     3.000      1.000      1.168     -0.998      1.735      0.772     -1.803     -0.006      0.500     -3.364     -1.965     -2.107      1.801     -3.130     -1.392      0.011     -0.902      6.067      3.545      0.902      1.000      0.000      0.000      0.000      1.000     -0.500      0.000      1.000      0.000      0.000      0.000 99504144
     0.000      0.000     -0.491      0.848     -1.644      1.068      1.722      1.410     -0.500      0.220      0.035     -0.845      1.459     -2.831      1.839      2.429     -0.861      0.378      0.060     -0.861      1.000      0.000      1.000      1.000      0.000     -0.500      1.000      0.000      1.000      0.000      0.000 99506149
     3.000      0.000      0.710      1.388     -1.409     -1.548     -0.614      0.827     -0.500          *      0.035     -0.436     -0.852      0.865      0.951     -0.508      0.307          *     -0.021     -0.307      0.000      0.000      0.000      1.000      1.000      0.500      1.000      0.000      0.000      0.000      0.000 99506196
     3.000      2.000     -0.917     -0.998      0.280      0.385     -0.931      0.660      0.500     -0.656     -1.965      0.854      0.929     -0.260     -0.358     -0.615     -0.465      0.610      1.829      0.465      0.000      0.000      0.000      1.000      1.000     -0.500      0.000      0.000      0.000      0.000      0.000 99506297
     3.000      2.000     -0.227     -0.998      1.504      1.289     -1.090     -0.673      0.500     -0.419     -1.465      0.247      1.088     -1.639     -1.405      0.733     -0.545      0.457      1.597      0.545      0.000      0.000      0.000      1.000      1.000     -0.500      0.000      0.000      0.000      0.000      0.000 99506424
     3.000      0.000     -2.615      0.163     -0.444     -1.800      0.018     -0.173      0.500          *      0.035     -0.046      0.003     -0.008     -0.032     -0.003      0.009          *      0.001     -0.009      1.000      0.000      0.000      0.000      1.000     -0.500      1.000      0.000      0.000      0.000      0.000 99506491
     1.000      0.000      1.168      1.785     -0.185      1.289      0.017      2.410     -0.500      0.967      0.535      0.020      0.031     -0.003      0.022      0.042     -0.009      0.017      0.009     -0.009      0.000      0.000      0.000      1.000      1.000     -0.500      1.000      0.000      0.000      1.000      0.000 99506598
     3.000      1.000      0.283      0.212     -1.409     -0.732      1.085     -0.756      0.500      0.247      0.035      0.307      0.230     -1.528     -0.794     -0.820      0.543      0.268      0.038     -0.543      1.000      0.000      0.000      0.000      1.000     -0.500      0.000      1.000      0.000      0.000      0.000 99506893
     3.000      0.000     -0.769      0.262     -0.453      1.068      0.116     -0.423      0.500     -0.145     -0.965     -0.089      0.030     -0.052      0.123     -0.049      0.058     -0.017     -0.112      0.058      1.000      0.000      0.000      0.000      1.000      0.500      1.000      0.000      0.000      0.000      0.000 99506905
     3.000      2.000     -0.421     -0.998     -0.903     -1.708      2.225      0.827      0.500          *      1.035     -0.936     -2.221     -2.009     -3.801      1.840      1.112          *      2.302     -1.112      0.000      0.000      1.000      0.000      0.000     -0.500      0.000      0.000      0.000      0.000      0.000 99506993
     3.000      2.000     -0.246     -0.146     -0.936      1.030      0.446      0.994     -0.500          *      1.035     -0.110     -0.065     -0.418      0.460      0.444     -0.223          *      0.462     -0.223      0.000      0.000      0.000      1.000      1.000     -0.500      0.000      0.000      0.000      0.000      0.000 99507981
     3.000      1.000      1.134     -0.715     -0.434      1.030     -0.167     -0.590      0.500     -0.799      0.035     -0.190      0.120      0.073     -0.172      0.099     -0.084      0.134     -0.006     -0.084      1.000      0.000      0.000      0.000      1.000      0.500      0.000      1.000      0.000      0.000      0.000 99507989
     2.000      1.000      0.243      0.137      0.790      1.289     -0.053     -0.423     -0.500          *      3.035     -0.013     -0.007     -0.042     -0.069      0.023      0.027          *     -0.162      0.027      0.000      0.000      1.000      0.000      0.000     -0.500      0.000      1.000      0.000      0.000      1.000 99508271
     3.000      1.000      0.233      0.212      0.526      0.809     -2.036     -0.090      0.500     -0.106      0.035     -0.474     -0.432     -1.070     -1.648      0.182     -1.018      0.215     -0.070      1.018      0.000      0.000      0.000      1.000      1.000     -0.500      0.000      1.000      0.000      0.000      0.000 99508468
     2.000      2.000     -2.323     -0.998     -0.431      0.227     -0.688      2.494     -0.500     -0.319     -1.965      1.598      0.687      0.296     -0.156     -1.715      0.344      0.220      1.352     -0.344      1.000      0.000      0.000      0.000      1.000      0.500      0.000      0.000      0.000      0.000      1.000 99540251
     3.000      0.000      0.293      0.525          *     -0.112     -0.913      1.660      0.500     -1.284     -0.465     -0.268     -0.479          *      0.102     -1.516     -0.457      1.173      0.425      0.457      1.000      0.000      0.000      0.000      1.000     -0.500      1.000      0.000      0.000      0.000      0.000 99544881
     3.000      2.000     -2.469      0.545     -1.928     -0.767     -0.283      1.410      0.500     -0.966      0.035      0.698     -0.154      0.545      0.217     -0.399     -0.141      0.273     -0.010     -0.141      1.000      0.000      0.000      0.000      1.000      0.500      0.000      0.000      0.000      0.000      0.000 99548966
     1.000      2.000     -0.161     -0.091     -1.190      0.448      1.324      2.244     -0.500      0.548      0.035     -0.213     -0.120     -1.576      0.594      2.972     -0.662      0.726      0.046      0.662      0.000      0.000      0.000      1.000      1.000      0.500      0.000      0.000      0.000      1.000      0.000 99570450
     3.000      2.000     -0.112     -0.998      0.744      0.707      0.822     -0.590     -0.500     -0.368      2.035     -0.092     -0.821      0.612      0.581     -0.485     -0.411     -0.303      1.673     -0.411      1.000      0.000      0.000      0.000      1.000     -0.500      0.000      0.000      0.000      0.000      0.000 99570651
     3.000      2.000      0.494      0.525      0.534      1.289      0.089      1.410     -0.500          *     -1.965      0.044      0.047      0.047      0.115      0.125     -0.044          *     -0.175     -0.044      0.000      0.000      0.000      1.000      1.000     -0.500      0.000      0.000      0.000      0.000      0.000 99571271
     1.000      2.000     -0.109      2.299     -0.208      0.330      0.795      1.244     -0.500     -0.531     -0.965     -0.087      1.829     -0.165      0.262      0.989     -0.398     -0.422     -0.768     -0.398      1.000      0.000      0.000      0.000      1.000     -0.500      0.000      0.000      0.000      1.000      0.000 99571375
     2.000      0.000     -0.286      0.222     -0.197      1.289      1.967     -0.423     -0.500      1.432      2.035     -0.562      0.436     -0.388      2.535     -0.832     -0.983      2.816      4.002     -0.983      1.000      0.000      0.000      0.000      0.000     -0.500      1.000      0.000      0.000      0.000      1.000 99571556
     3.000      0.000      0.165     -0.403     -3.106     -2.314      0.050     -0.840      0.500      0.350     -0.965      0.008     -0.020     -0.155     -0.116     -0.042      0.025      0.017     -0.048     -0.025      1.000      0.000      0.000      1.000      1.000     -0.500      1.000      0.000      0.000      0.000      0.000 99572647
     3.000      2.000     -4.993     -0.432      0.743      0.809     -0.700     -0.340      0.500     -0.879          *      3.497      0.303     -0.520     -0.567      0.238     -0.350      0.616          *     -0.350      0.000      0.000      0.000      1.000      1.000      0.500      0.000      0.000      0.000      0.000      0.000 99572924
     3.000      0.000     -1.171      2.533     -1.162     -0.370     -0.010     -2.423      0.500     -0.032      2.035      0.012     -0.027      0.012      0.004      0.025     -0.005      0.000     -0.021     -0.005      0.000      0.000      0.000      1.000      1.000      0.500      1.000      0.000      0.000      0.000      0.000 99573254
     3.000      1.000     -1.663     -0.383     -0.922     -1.008     -0.212     -0.506      0.500     -0.531     -1.965      0.353      0.081      0.196      0.214      0.107     -0.106      0.113      0.417      0.106      0.000      0.000      0.000      1.000      1.000     -0.500      0.000      1.000      0.000      0.000      0.000 99575096
     3.000      1.000      0.430     -0.458     -0.449      0.109     -0.879     -1.590     -0.500      0.070     -0.965     -0.378      0.403      0.394     -0.096      1.397      0.439     -0.062      0.848      0.439      0.000      1.000      0.000      0.000      1.000     -0.500      0.000      1.000      0.000      0.000      0.000 99575301
     3.000      0.000      0.732     -0.715      0.284      1.030     -1.619     -1.506      0.500      0.350          *     -1.185      1.158     -0.460     -1.668      2.438     -0.809     -0.566          *      0.809      1.000      0.000      0.000      0.000      1.000     -0.500      1.000      0.000      0.000      0.000      0.000 99575901
     3.000      2.000      0.325     -0.715      0.275      1.289     -0.621     -0.423      0.500      0.826      0.535     -0.201      0.444     -0.171     -0.800      0.262     -0.310     -0.512     -0.332      0.310      1.000      0.000      0.000      1.000      1.000     -0.500      0.000      0.000      0.000      0.000      0.000 99576190
     3.000      2.000      0.921     -0.383      0.029      0.227     -0.091      1.160     -0.500      0.568      1.035     -0.084      0.035     -0.003     -0.021     -0.105      0.045     -0.052     -0.094      0.045      0.000      0.000      0.000      1.000      1.000     -0.500      0.000      0.000      0.000      0.000      0.000 99576195
     3.000      2.000     -0.164     -0.432      0.998      0.809     -0.191      0.577      0.500      0.568     -0.965      0.031      0.082     -0.190     -0.154     -0.110     -0.095     -0.108      0.184      0.095      1.000      0.000      0.000      0.000      1.000     -0.500      0.000      0.000      0.000      0.000      0.000 99576198
     3.000      1.000      1.134     -0.998      0.284      1.030      0.825     -0.423     -0.500      0.220     -0.965      0.936     -0.824      0.234      0.850     -0.349     -0.413      0.181     -0.797      0.413      1.000      0.000      0.000      0.000      1.000      0.500      0.000      1.000      0.000      0.000      0.000 99576199
     3.000      2.000      0.148     -0.998      0.544      0.809      1.291      1.077      0.500          *     -0.965      0.192     -1.288      0.703      1.045      1.390      0.645          *     -1.246     -0.645      1.000      0.000      0.000      0.000      1.000     -0.500      0.000      0.000      0.000      0.000      0.000 99576291
     3.000      1.000     -0.566     -0.998     -1.646     -0.112     -0.458      2.494     -0.500          *      0.035      0.259      0.457      0.754      0.051     -1.142      0.229          *     -0.016      0.229      1.000      0.000      0.000      0.000      1.000     -0.500      0.000      1.000      0.000      0.000      0.000 99576299
     1.000      2.000      0.798     -0.998      1.003      1.289      0.665     -0.423      0.500      0.133     -1.965      0.530     -0.664      0.667      0.857     -0.281      0.332      0.088     -1.307     -0.332      0.000      0.000      0.000      1.000      1.000     -0.500      0.000      0.000      0.000      1.000      0.000 99576497
     3.000      1.000      0.126     -0.998      1.727      1.068      0.257     -1.506      0.500      0.443      0.035      0.032     -0.256      0.443      0.274     -0.387      0.128      0.114      0.009     -0.128      1.000      0.000      0.000      0.000      1.000     -0.500      0.000      1.000      0.000      0.000      0.000 99576578
     3.000      2.000      0.328      0.495     -0.690     -0.905      0.937      1.410      0.500          *     -1.965      0.308      0.464     -0.647     -0.848      1.322      0.469          *     -1.842     -0.469      0.000      0.000      0.000      1.000      1.000     -0.500      0.000      0.000      0.000      0.000      0.000 99576595
     3.000      0.000     -0.929     -0.383     -0.448      0.164     -0.577      1.077     -0.500      0.568     -0.965      0.536      0.221      0.258     -0.094     -0.621      0.288     -0.327      0.557      0.288      0.000      0.000      0.000      1.000      1.000     -0.500      1.000      0.000      0.000      0.000      0.000 99576899
     1.000      0.000      0.918      0.848      0.748     -1.732      1.649      1.160     -0.500     -0.186      0.035      1.513      1.398      1.234     -2.856      1.914     -0.825     -0.307      0.057      0.825      1.000      0.000      0.000      1.000      1.000      0.500      1.000      0.000      0.000      1.000      0.000 99576938
     3.000      2.000     -1.446      0.212      0.293     -1.229     -0.751      0.994      0.500          *      1.035      1.086     -0.159     -0.220      0.923     -0.746     -0.375          *     -0.777      0.375      0.000      0.000      0.000      1.000      1.000     -0.500      0.000      0.000      0.000      0.000      0.000 99576953
     3.000      1.000     -1.806     -0.686     -2.154     -0.621      0.485      1.910      0.500      0.568      3.035     -0.876     -0.333     -1.045     -0.301      0.927      0.243      0.275      1.472      0.243      0.000      0.000      0.000      1.000      1.000      0.500      0.000      1.000      0.000      0.000      0.000 99577184
     3.000      0.000     -0.355      0.697     -1.167     -0.275      0.848      1.327      0.500      0.300      0.035     -0.301      0.591     -0.990     -0.234      1.126      0.424      0.254      0.029     -0.424      0.000      1.000      0.000      0.000      1.000     -0.500      1.000      0.000      0.000      0.000      0.000 99577481
     3.000      2.000     -0.234     -0.432      0.025      0.551     -1.354      1.077      0.500     -1.167      0.535      0.316      0.585     -0.034     -0.746     -1.458     -0.677      1.580     -0.724      0.677      0.000      0.000      0.000      1.000      1.000     -0.500      0.000      0.000      0.000      0.000      0.000 99577688
     3.000      2.000      0.971     -0.715      1.239     -0.275      0.002     -0.590     -0.500     -0.879      1.035      0.002     -0.001      0.002      0.000     -0.001     -0.001     -0.001      0.002     -0.001      1.000      0.000      0.000      1.000      1.000     -0.500      0.000      0.000      0.000      0.000      0.000 99577789
     2.000      0.000      0.096      1.502      0.048      0.220      0.043      0.494      0.500     -0.319      0.035      0.004      0.064      0.002      0.009      0.021      0.021     -0.014      0.001     -0.021      0.000      0.000      1.000      0.000      1.000     -0.500      1.000      0.000      0.000      0.000      1.000 99578047
     3.000      0.000      0.753      0.857      1.021     -0.259      1.491      1.994     -0.500     -0.725     -0.965      1.123      1.278      1.522     -0.387      2.972     -0.745     -1.081     -1.439     -0.745      1.000      0.000      0.000      0.000      1.000     -0.500      1.000      0.000      0.000      0.000      0.000 99590154
     3.000      2.000      0.016     -0.686      0.776     -0.529      0.641      1.827      0.500     -0.319      0.035      0.010     -0.440      0.497     -0.339      1.171      0.320     -0.205      0.022     -0.320      1.000      0.000      0.000      0.000      1.000     -0.500      0.000      0.000      0.000      0.000      0.000 99646023
     3.000      1.000      0.914     -0.998      1.231      0.847     -0.403     -1.340      0.500     -0.106      1.035     -0.368      0.402     -0.496     -0.341      0.540     -0.202      0.043     -0.417      0.202      1.000      0.000      0.000      0.000      1.000     -0.500      0.000      1.000      0.000      0.000      0.000 99676126
     3.000      2.000      0.114     -0.998      0.526      0.117     -1.304      1.910     -0.500          *     -1.465     -0.149      1.302     -0.685     -0.153     -2.491      0.652          *      1.911      0.652      0.000      0.000      0.000      1.000      1.000     -0.500      0.000      0.000      0.000      0.000      0.000 99676656
     2.000      0.000     -0.317      0.990     -0.197      0.809      1.198     -1.256     -0.500          *     -0.965     -0.380      1.186     -0.237      0.970     -1.505     -0.599          *     -1.157     -0.599      1.000      0.000      0.000      0.000      1.000     -0.500      1.000      0.000      0.000      0.000      1.000 99710018
     3.000      0.000      0.697      0.212      0.530     -0.275     -2.413     -1.756     -0.500      0.070     -0.965     -1.682     -0.512     -1.279      0.665      4.238      1.206     -0.169      2.330      1.206      0.000      0.000      0.000      1.000      1.000     -0.500      1.000      0.000      0.000      0.000      0.000 99710213
     3.000      2.000      0.623      0.157     -0.193     -0.095     -1.000     -3.006      0.500      0.661      1.035     -0.623     -0.157      0.193      0.095      3.008     -0.500     -0.662     -1.035      0.500      1.000      0.000      0.000      1.000      1.000     -0.500      0.000      0.000      0.000      0.000      0.000 99710281
     3.000      1.000      0.233     -0.998      0.776     -0.971      0.246     -1.423     -0.500     -0.106     -0.965      0.057     -0.246      0.191     -0.239     -0.350     -0.123     -0.026     -0.237     -0.123      0.000      0.000      0.000      1.000      1.000     -0.500      0.000      1.000      0.000      0.000      0.000 99710977
     3.000      0.000      0.523     -0.403     -0.164     -0.480      0.513     -1.256     -0.500      1.147      2.035      0.269     -0.207     -0.084     -0.247     -0.645     -0.257      0.589      1.045     -0.257      1.000      0.000      0.000      0.000      1.000     -0.500      1.000      0.000      0.000      0.000      0.000 99712390
     3.000      0.000     -0.130      0.525      0.539     -0.160     -0.386     -2.423      0.500      0.661      0.535      0.050     -0.203     -0.208      0.062      0.936     -0.193     -0.255     -0.206      0.193      0.000      1.000      0.000      0.000      0.000     -0.500      1.000      0.000      0.000      0.000      0.000 99714282
     3.000      1.000          *          *          *          *      0.875     -3.090     -0.500      0.350          *          *          *          *          *     -2.704     -0.438      0.306          *     -0.438      0.000      0.000      0.000      1.000      1.000     -0.500      0.000      1.000      0.000      0.000      0.000 99714317
     3.000      2.000      0.926     -0.998      1.022      0.109     -0.546     -0.673     -0.500     -0.419      0.035     -0.506      0.546     -0.558     -0.060      0.368      0.273      0.229     -0.019     -0.273      0.000      0.000      0.000      1.000      1.000      0.500      0.000      0.000      0.000      0.000      0.000 99714386
     3.000      0.000     -0.115      1.700     -0.660      1.289     -0.538     -2.506      0.500      0.420      3.035      0.062     -0.915      0.356     -0.694      1.349     -0.269     -0.226     -1.634     -0.269      1.000      0.000      0.000      0.000      1.000      0.500      1.000      0.000      0.000      0.000      0.000 99715990
     3.000      2.000      0.948     -0.998      0.039      1.068     -0.582     -3.340      0.500      0.247      2.035     -0.552      0.581     -0.023     -0.621      1.943     -0.291     -0.144     -1.184     -0.291      1.000      0.000      0.000      0.000      1.000      0.500      0.000      0.000      0.000      0.000      0.000 99715996
     3.000      2.000      1.032     -0.998      0.526      0.588     -2.699     -3.340      0.500      0.300      0.535     -2.786      2.695     -1.418     -1.588      9.014     -1.350     -0.809     -1.443      1.350      1.000      0.000      0.000      0.000      1.000     -0.500      0.000      0.000      0.000      0.000      0.000 99715999
     2.000      2.000      0.731     -0.071      1.249     -1.119      1.518     -2.090      0.500     -0.228      0.035      1.110     -0.107      1.895     -1.698     -3.171      0.759     -0.347      0.052      0.759      0.000      0.000      0.000      1.000      1.000      0.500      0.000      0.000      0.000      0.000      1.000 99716236
     3.000      2.000     -0.259     -0.686     -0.202      1.030      0.506     -3.090      0.500      0.274     -0.965     -0.131     -0.347     -0.102      0.522     -1.565      0.253      0.139     -0.489     -0.253      1.000      0.000      0.000      0.000      0.000     -0.500      0.000      0.000      0.000      0.000      0.000 99716352
     3.000      2.000      1.042     -0.998      1.231     -0.160     -0.061     -3.006      0.500     -0.879      1.035     -0.063      0.061     -0.075      0.010      0.183     -0.030      0.054     -0.063      0.030      1.000      0.000      0.000      0.000      1.000     -0.500      0.000      0.000      0.000      0.000      0.000 99716629
     3.000      1.000      1.060     -0.998      1.727      1.068      0.407     -1.923      0.500      0.465      1.535      0.431     -0.407      0.703      0.435     -0.783      0.204      0.189      0.625     -0.204      1.000      0.000      0.000      0.000      0.000     -0.500      0.000      1.000      0.000      0.000      0.000 99716902
     3.000      2.000      1.134     -0.432      1.231     -0.750     -1.059     -3.006      0.500      0.350      0.035     -1.202      0.458     -1.304      0.794      3.185     -0.530     -0.370     -0.037     -0.530      1.000      0.000      1.000      0.000      1.000      0.500      0.000      0.000      0.000      0.000      0.000 99716929
     3.000      2.000      0.580      0.525      0.289      0.061     -0.694     -1.423      0.500      0.465      0.035     -0.403     -0.364     -0.201     -0.042      0.987     -0.347     -0.322     -0.024      0.347      1.000      0.000      0.000      1.000      1.000     -0.500      0.000      0.000      0.000      0.000      0.000 99717911
     3.000      1.000      0.933     -0.998      1.495     -0.602      0.886     -2.090      0.500     -0.319     -1.965      0.827     -0.885      1.325     -0.534     -1.852      0.443     -0.283     -1.742     -0.443      0.000      0.000      0.000      1.000      1.000     -0.500      0.000      1.000      0.000      0.000      0.000 99718920
