Mplus VERSION 7.4
MUTHEN & MUTHEN
06/13/2025  12:23 AM

INPUT INSTRUCTIONS

  Data:
    File is "c:\Repo\data_local\gxe_ext_trajectory_wave.csv";
  Variable:
   Names are
      AID white african native asian other hispanic FAMID pgs
      ANCESTRY parent single_par peer school neighbor age sex asb sub
      income pared sub_hi_dum sub_lo_dum asb_hi_dum
      asb_mod_dum asb_ado_dum pgsparent pgspeer pgsschool
      pgsneighbor pgsage pgssex pgsinc pgspared pgssingpar
      pgsafrican pgsnative pgsasian pgsother pgshispanic
      w1asb w2asb w3asb w4asb w5asb
      w1sub w2sub w3sub w4sub w5sub;

   usevariables are
    pgs parent peer school neighbor age sex
    income pared
    sub_hi_dum sub_lo_dum
    asb_hi_dum asb_mod_dum asb_ado_dum
    pgsparent pgspeer pgsschool pgsneighbor
    pgsage pgssex pgsinc pgspared pgssingpar
    single_par
    w1asb w2asb w3asb w4asb w5asb
    w1sub w2sub w3sub w4sub w5sub
    ;

    COUNT ARE
     w1asb-w5sub;

    USEOBSERVATIONS ARE
      ancestry == 0 AND white == 1 AND hispanic == 0;

    IDVARIABLE IS AID;

    Missing are .;

  Analysis:
      process = 9;
      estimator = ML;
      Algorithm = INTEGRATION;
      INTEGRATION = MONTECARLO (1000);
      !LINK = PROBIT;
      !bootstrap=1000;

  Define:


  MODEL:

      !w5asb w5sub ON w4asb w4sub;
      !w4asb w4sub ON w3asb w3sub;
      !w3asb w3sub ON w2asb w2sub;
      !w2asb w2sub ON w1asb w1sub;

      parent peer school neighbor ON age sex income pared
      single_par;

      parent ON pgs(a1);
      peer ON pgs(a2);
      school ON pgs(a3);
      neighbor ON pgs(a4);


      w1asb-w5asb ON pgsparent pgspeer
      pgsschool pgsneighbor
      pgsage pgssex pgsinc pgspared pgssingpar
      sub_hi_dum sub_lo_dum age sex
      income pared
      single_par;

      w1asb ON pgs(cpasb1);
      w1asb ON parent(basb11);
      w1asb ON peer(basb12);
      w1asb ON school(basb13);
      w1asb ON neighbor(basb14);

      w2asb ON pgs(cpasb2);
      w2asb ON parent(basb21);
      w2asb ON peer(basb22);
      w2asb ON school(basb23);
      w2asb ON neighbor(basb24);

      w3asb ON pgs(cpasb3);
      w3asb ON parent(basb31);
      w3asb ON peer(basb32);
      w3asb ON school(basb33);
      w3asb ON neighbor(basb34);

      w4asb ON pgs(cpasb4);
      w4asb ON parent(basb41);
      w4asb ON peer(basb42);
      w4asb ON school(basb43);
      w4asb ON neighbor(basb44);

      w5asb ON pgs(cpasb5);
      w5asb ON parent(basb51);
      w5asb ON peer(basb52);
      w5asb ON school(basb53);
      w5asb ON neighbor(basb54);

      w1sub-w5sub ON pgsparent pgspeer pgsschool pgsneighbor
      pgsage pgssex pgsinc pgspared pgssingpar
      asb_hi_dum asb_mod_dum asb_ado_dum age sex
      income pared
      single_par;

      w1sub ON pgs(cpsub1);
      w1sub ON parent(bsub11);
      w1sub ON peer(bsub12);
      w1sub ON school(bsub13);
      w1sub ON neighbor(bsub14);

      w2sub ON pgs(cpsub2);
      w2sub ON parent(bsub21);
      w2sub ON peer(bsub22);
      w2sub ON school(bsub23);
      w2sub ON neighbor(bsub24);

      w3sub ON pgs(cpsub3);
      w3sub ON parent(bsub31);
      w3sub ON peer(bsub32);
      w3sub ON school(bsub33);
      w3sub ON neighbor(bsub34);

      w4sub ON pgs(cpsub4);
      w4sub ON parent(bsub41);
      w4sub ON peer(bsub42);
      w4sub ON school(bsub43);
      w4sub ON neighbor(bsub44);

      w5sub ON pgs(cpsub5);
      w5sub ON parent(bsub51);
      w5sub ON peer(bsub52);
      w5sub ON school(bsub53);
      w5sub ON neighbor(bsub54);

      parent WITH peer school neighbor;

      peer WITH parent school neighbor;

      school WITH parent peer neighbor;

      neighbor WITH parent peer school;

      [pgs parent peer school neighbor
      age sex income pared single_par
      pgsparent pgspeer
      pgsschool pgsneighbor
      pgsage pgssex pgsinc pgspared pgssingpar];

  MODEL CONSTRAINT:
      NEW (indasb11 indasb12 indasb13 indasb14 totalasb1
      indasb21 indasb22 indasb23 indasb24 totalasb2
      indasb31 indasb32 indasb33 indasb34 totalasb3
      indasb41 indasb42 indasb43 indasb44 totalasb4
      indasb51 indasb52 indasb53 indasb54 totalasb5
      indsub11 indsub12 indsub13 indsub14 totalsub1
      indsub21 indsub22 indsub23 indsub24 totalsub2
      indsub31 indsub32 indsub33 indsub34 totalsub3
      indsub41 indsub42 indsub43 indsub44 totalsub4
      indsub51 indsub52 indsub53 indsub54 totalsub5);

      indasb11 = a1*basb11;
      indasb12 = a2*basb12;
      indasb13 = a3*basb13;
      indasb14 = a4*basb14;
      totalasb1 = indasb11 + indasb12 + indasb13 +
          indasb14 + cpasb1;

      indasb21 = a1*basb21;
      indasb22 = a2*basb22;
      indasb23 = a3*basb23;
      indasb24 = a4*basb24;
      totalasb2 = indasb21 + indasb22 + indasb23 +
          indasb24 + cpasb2;

      indasb31 = a1*basb31;
      indasb32 = a2*basb32;
      indasb33 = a3*basb33;
      indasb34 = a4*basb34;
      totalasb3 = indasb31 + indasb32 + indasb33 +
          indasb34 + cpasb3;

      indasb41 = a1*basb41;
      indasb42 = a2*basb42;
      indasb43 = a3*basb43;
      indasb44 = a4*basb44;
      totalasb4 = indasb41 + indasb42 + indasb43 +
          indasb44 + cpasb4;

      indasb51 = a1*basb51;
      indasb52 = a2*basb52;
      indasb53 = a3*basb53;
      indasb54 = a4*basb54;
      totalasb5 = indasb51 + indasb52 + indasb53 +
          indasb54 + cpasb5;

      indsub11 = a1*bsub11;
      indsub12 = a2*bsub12;
      indsub13 = a3*bsub13;
      indsub14 = a4*bsub14;
      totalsub1 = indsub11 + indsub12 + indsub13 +
          indsub14 + cpsub1;

      indsub21 = a1*bsub21;
      indsub22 = a2*bsub22;
      indsub23 = a3*bsub23;
      indsub24 = a4*bsub24;
      totalsub2 = indsub21 + indsub22 + indsub23 +
          indsub24 + cpsub2;

      indsub31 = a1*bsub31;
      indsub32 = a2*bsub32;
      indsub33 = a3*bsub33;
      indsub34 = a4*bsub34;
      totalsub3 = indsub31 + indsub32 + indsub33 +
          indsub34 + cpsub3;

      indsub41 = a1*bsub41;
      indsub42 = a2*bsub42;
      indsub43 = a3*bsub43;
      indsub44 = a4*bsub44;
      totalsub4 = indsub41 + indsub42 + indsub43 +
          indsub44 + cpsub4;

      indsub51 = a1*bsub51;
      indsub52 = a2*bsub52;
      indsub53 = a3*bsub53;
      indsub54 = a4*bsub54;
      totalsub5 = indsub51 + indsub52 + indsub53 +
          indsub54 + cpsub5;

      OUTPUT:
      CINTERVAL(BOOTSTRAP)
      ;

      SAVEDATA:
      FILE is eur_wave_id.dat;
      FORMAT is free;



*** WARNING in VARIABLE command
  Note that only the first 8 characters of variable names are used in the output.
  Shorten variable names to avoid any confusion.
*** WARNING in OUTPUT command
  BOOTSTRAP and BCBOOTSTRAP confidence intervals require the specification
  of BOOTSTRAP in the ANALYSIS command.  Request for CINTERVAL is ignored.
   2 WARNING(S) FOUND IN THE INPUT INSTRUCTIONS




SUMMARY OF ANALYSIS

Number of groups                                                 1
Number of observations                                        5025

Number of dependent variables                                   14
Number of independent variables                                 20
Number of continuous latent variables                            0

Observed dependent variables

  Continuous
   PARENT      PEER        SCHOOL      NEIGHBOR

  Count
   W1ASB       W2ASB       W3ASB       W4ASB       W5ASB       W1SUB
   W2SUB       W3SUB       W4SUB       W5SUB

Observed independent variables
   PGS         AGE         SEX         INCOME      PARED       SUB_HI_D
   SUB_LO_D    ASB_HI_D    ASB_MOD_    ASB_ADO_    PGSPAREN    PGSPEER
   PGSSCHOO    PGSNEIGH    PGSAGE      PGSSEX      PGSINC      PGSPARED
   PGSSINGP    SINGLE_P

Variables with special functions

  ID variable           AID

Estimator                                                       ML
Information matrix                                        OBSERVED
Optimization Specifications for the Quasi-Newton Algorithm for
Continuous Outcomes
  Maximum number of iterations                                 100
  Convergence criterion                                  0.100D-05
Optimization Specifications for the EM Algorithm
  Maximum number of iterations                                 500
  Convergence criteria
    Loglikelihood change                                 0.100D-02
    Relative loglikelihood change                        0.100D-05
    Derivative                                           0.100D-02
Optimization Specifications for the M step of the EM Algorithm for
Categorical Latent variables
  Number of M step iterations                                    1
  M step convergence criterion                           0.100D-02
  Basis for M step termination                           ITERATION
Optimization Specifications for the M step of the EM Algorithm for
Censored, Binary or Ordered Categorical (Ordinal), Unordered
Categorical (Nominal) and Count Outcomes
  Number of M step iterations                                    1
  M step convergence criterion                           0.100D-02
  Basis for M step termination                           ITERATION
  Maximum value for logit thresholds                            15
  Minimum value for logit thresholds                           -15
  Minimum expected cell size for chi-square              0.100D-01
Maximum number of iterations for H1                           2000
Convergence criterion for H1                             0.100D-03
Optimization algorithm                                         EMA
Integration Specifications
  Type                                                  MONTECARLO
  Number of integration points                                1000
  Dimensions of numerical integration                           14
  Adaptive quadrature                                           ON
  Monte Carlo integration seed                                   0
Cholesky                                                       OFF

Input data file(s)
  c:\Repo\data_local\gxe_ext_trajectory_wave.csv
Input data format  FREE


SUMMARY OF DATA

     Number of missing data patterns            24


COVARIANCE COVERAGE OF DATA

Minimum covariance coverage value   0.100


     PROPORTION OF DATA PRESENT FOR Y


           Covariance Coverage
              PARENT        PEER          SCHOOL        NEIGHBOR      PGS
              ________      ________      ________      ________      ________
 PARENT         0.981
 PEER           0.977         0.995
 SCHOOL         0.964         0.977         0.982
 NEIGHBOR       0.979         0.993         0.979         0.997
 PGS            0.981         0.995         0.982         0.997         1.000
 AGE            0.980         0.994         0.981         0.997         1.000
 SEX            0.981         0.995         0.982         0.997         1.000
 INCOME         0.810         0.813         0.802         0.816         0.817
 PARED          0.959         0.955         0.943         0.957         0.959
 PGSPAREN       0.981         0.977         0.964         0.979         0.981
 PGSPEER        0.977         0.995         0.977         0.993         0.995
 PGSSCHOO       0.964         0.977         0.982         0.979         0.982
 PGSNEIGH       0.979         0.993         0.979         0.997         0.997
 PGSAGE         0.980         0.994         0.981         0.997         1.000
 PGSSEX         0.981         0.995         0.982         0.997         1.000
 PGSINC         0.810         0.813         0.802         0.816         0.817
 PGSPARED       0.959         0.955         0.943         0.957         0.959
 PGSSINGP       0.981         0.995         0.982         0.997         1.000
 SINGLE_P       0.981         0.995         0.982         0.997         1.000
 SUB_HI_D       0.981         0.995         0.982         0.997         1.000
 SUB_LO_D       0.981         0.995         0.982         0.997         1.000
 ASB_HI_D       0.981         0.995         0.982         0.997         1.000
 ASB_MOD_       0.981         0.995         0.982         0.997         1.000
 ASB_ADO_       0.981         0.995         0.982         0.997         1.000


           Covariance Coverage
              AGE           SEX           INCOME        PARED         PGSPAREN
              ________      ________      ________      ________      ________
 AGE            1.000
 SEX            1.000         1.000
 INCOME         0.817         0.817         0.817
 PARED          0.959         0.959         0.794         0.959
 PGSPAREN       0.980         0.981         0.810         0.959         0.981
 PGSPEER        0.994         0.995         0.813         0.955         0.977
 PGSSCHOO       0.981         0.982         0.802         0.943         0.964
 PGSNEIGH       0.997         0.997         0.816         0.957         0.979
 PGSAGE         1.000         1.000         0.817         0.959         0.980
 PGSSEX         1.000         1.000         0.817         0.959         0.981
 PGSINC         0.817         0.817         0.817         0.794         0.810
 PGSPARED       0.959         0.959         0.794         0.959         0.959
 PGSSINGP       1.000         1.000         0.817         0.959         0.981
 SINGLE_P       1.000         1.000         0.817         0.959         0.981
 SUB_HI_D       1.000         1.000         0.817         0.959         0.981
 SUB_LO_D       1.000         1.000         0.817         0.959         0.981
 ASB_HI_D       1.000         1.000         0.817         0.959         0.981
 ASB_MOD_       1.000         1.000         0.817         0.959         0.981
 ASB_ADO_       1.000         1.000         0.817         0.959         0.981


           Covariance Coverage
              PGSPEER       PGSSCHOO      PGSNEIGH      PGSAGE        PGSSEX
              ________      ________      ________      ________      ________
 PGSPEER        0.995
 PGSSCHOO       0.977         0.982
 PGSNEIGH       0.993         0.979         0.997
 PGSAGE         0.994         0.981         0.997         1.000
 PGSSEX         0.995         0.982         0.997         1.000         1.000
 PGSINC         0.813         0.802         0.816         0.817         0.817
 PGSPARED       0.955         0.943         0.957         0.959         0.959
 PGSSINGP       0.995         0.982         0.997         1.000         1.000
 SINGLE_P       0.995         0.982         0.997         1.000         1.000
 SUB_HI_D       0.995         0.982         0.997         1.000         1.000
 SUB_LO_D       0.995         0.982         0.997         1.000         1.000
 ASB_HI_D       0.995         0.982         0.997         1.000         1.000
 ASB_MOD_       0.995         0.982         0.997         1.000         1.000
 ASB_ADO_       0.995         0.982         0.997         1.000         1.000


           Covariance Coverage
              PGSINC        PGSPARED      PGSSINGP      SINGLE_P      SUB_HI_D
              ________      ________      ________      ________      ________
 PGSINC         0.817
 PGSPARED       0.794         0.959
 PGSSINGP       0.817         0.959         1.000
 SINGLE_P       0.817         0.959         1.000         1.000
 SUB_HI_D       0.817         0.959         1.000         1.000         1.000
 SUB_LO_D       0.817         0.959         1.000         1.000         1.000
 ASB_HI_D       0.817         0.959         1.000         1.000         1.000
 ASB_MOD_       0.817         0.959         1.000         1.000         1.000
 ASB_ADO_       0.817         0.959         1.000         1.000         1.000


           Covariance Coverage
              SUB_LO_D      ASB_HI_D      ASB_MOD_      ASB_ADO_
              ________      ________      ________      ________
 SUB_LO_D       1.000
 ASB_HI_D       1.000         1.000
 ASB_MOD_       1.000         1.000         1.000
 ASB_ADO_       1.000         1.000         1.000         1.000


COUNT PROPORTION OF ZERO, MINIMUM AND MAXIMUM VALUES

      W1ASB       0.757         0         5
      W2ASB       0.791         0         5
      W3ASB       0.830         0         5
      W4ASB       0.893         0         5
      W5ASB       0.963         0         5
      W1SUB       0.416         0        18
      W2SUB       0.390         0        18
      W3SUB       0.141         0        18
      W4SUB       0.123         0        18
      W5SUB       0.087         0        18


     THE STANDARD ERRORS OF THE MODEL PARAMETER ESTIMATES MAY NOT BE
     TRUSTWORTHY FOR SOME PARAMETERS DUE TO A NON-POSITIVE DEFINITE
     FIRST-ORDER DERIVATIVE PRODUCT MATRIX.  THIS MAY BE DUE TO THE STARTING
     VALUES BUT MAY ALSO BE AN INDICATION OF MODEL NONIDENTIFICATION.  THE
     CONDITION NUMBER IS      -0.248D-17.  PROBLEM INVOLVING THE FOLLOWING PARAMETER:
     Parameter 380, PGSSINGPAR WITH PGSSEX


THE MODEL ESTIMATION TERMINATED NORMALLY



MODEL FIT INFORMATION

Number of Free Parameters                      398

Loglikelihood

          H0 Value                     -187417.635

Information Criteria

          Akaike (AIC)                  375631.270
          Bayesian (BIC)                378227.098
          Sample-Size Adjusted BIC      376962.391
            (n* = (n + 2) / 24)



MODEL RESULTS

                                                    Two-Tailed
                    Estimate       S.E.  Est./S.E.    P-Value

 PARENT     ON
    AGE               -0.091      0.008    -11.129      0.000
    SEX               -0.170      0.028     -6.054      0.000
    INCOME             0.027      0.021      1.272      0.203
    PARED              0.026      0.014      1.812      0.070
    SINGLE_PAR        -0.090      0.035     -2.601      0.009
    PGS               -0.055      0.014     -3.901      0.000

 PEER       ON
    AGE                0.156      0.008     20.082      0.000
    SEX               -0.050      0.027     -1.864      0.062
    INCOME            -0.003      0.020     -0.148      0.883
    PARED             -0.086      0.014     -6.360      0.000
    SINGLE_PAR         0.214      0.033      6.518      0.000
    PGS                0.141      0.013     10.517      0.000

 SCHOOL     ON
    AGE               -0.059      0.008     -7.182      0.000
    SEX               -0.001      0.028     -0.050      0.960
    INCOME             0.025      0.021      1.201      0.230
    PARED              0.076      0.014      5.283      0.000
    SINGLE_PAR        -0.142      0.035     -4.094      0.000
    PGS               -0.106      0.014     -7.499      0.000

 NEIGHBOR   ON
    AGE               -0.052      0.008     -6.391      0.000
    SEX               -0.051      0.028     -1.829      0.067
    INCOME            -0.011      0.021     -0.522      0.601
    PARED             -0.002      0.014     -0.130      0.896
    SINGLE_PAR        -0.236      0.035     -6.811      0.000
    PGS               -0.045      0.014     -3.225      0.001

 W1ASB      ON
    PGSPARENT          0.022      0.024      0.938      0.348
    PGSPEER            0.015      0.021      0.715      0.475
    PGSSCHOOL         -0.012      0.027     -0.432      0.666
    PGSNEIGHBO        -0.023      0.025     -0.921      0.357
    PGSAGE            -0.003      0.015     -0.184      0.854
    PGSSEX             0.088      0.052      1.707      0.088
    PGSINC            -0.057      0.039     -1.480      0.139
    PGSPARED           0.022      0.026      0.871      0.384
    PGSSINGPAR         0.004      0.059      0.068      0.946
    SUB_HI_DUM         0.180      0.059      3.076      0.002
    SUB_LO_DUM        -0.430      0.119     -3.616      0.000
    AGE               -0.086      0.016     -5.480      0.000
    SEX               -0.790      0.053    -14.898      0.000
    INCOME             0.062      0.037      1.684      0.092
    PARED              0.077      0.025      3.054      0.002
    SINGLE_PAR         0.093      0.059      1.586      0.113
    PGS                0.020      0.036      0.556      0.578
    PARENT            -0.182      0.024     -7.680      0.000
    PEER               0.566      0.023     24.228      0.000
    SCHOOL            -0.181      0.027     -6.693      0.000
    NEIGHBOR           0.012      0.026      0.458      0.647

 W2ASB      ON
    PGSPARENT         -0.038      0.031     -1.226      0.220
    PGSPEER           -0.055      0.028     -1.994      0.046
    PGSSCHOOL         -0.014      0.035     -0.413      0.680
    PGSNEIGHBO         0.003      0.032      0.106      0.916
    PGSAGE             0.013      0.021      0.641      0.521
    PGSSEX             0.056      0.067      0.836      0.403
    PGSINC            -0.074      0.051     -1.449      0.147
    PGSPARED           0.019      0.032      0.570      0.569
    PGSSINGPAR        -0.050      0.076     -0.655      0.513
    SUB_HI_DUM         0.323      0.074      4.341      0.000
    SUB_LO_DUM        -0.531      0.155     -3.424      0.001
    AGE               -0.132      0.021     -6.215      0.000
    SEX               -0.837      0.068    -12.316      0.000
    INCOME             0.032      0.047      0.675      0.500
    PARED              0.055      0.032      1.708      0.088
    SINGLE_PAR         0.049      0.074      0.655      0.512
    PGS                0.068      0.044      1.550      0.121
    PARENT            -0.119      0.032     -3.682      0.000
    PEER               0.436      0.030     14.690      0.000
    SCHOOL            -0.142      0.035     -4.078      0.000
    NEIGHBOR          -0.012      0.033     -0.359      0.720

 W3ASB      ON
    PGSPARENT         -0.005      0.036     -0.139      0.890
    PGSPEER           -0.014      0.035     -0.399      0.690
    PGSSCHOOL          0.066      0.039      1.680      0.093
    PGSNEIGHBO        -0.035      0.036     -0.964      0.335
    PGSAGE             0.014      0.021      0.652      0.515
    PGSSEX            -0.020      0.076     -0.260      0.795
    PGSINC            -0.023      0.054     -0.420      0.674
    PGSPARED           0.046      0.036      1.271      0.204
    PGSSINGPAR        -0.118      0.083     -1.419      0.156
    SUB_HI_DUM         0.761      0.079      9.671      0.000
    SUB_LO_DUM        -0.871      0.194     -4.486      0.000
    AGE               -0.179      0.021     -8.372      0.000
    SEX               -1.092      0.075    -14.567      0.000
    INCOME             0.036      0.050      0.717      0.474
    PARED              0.178      0.034      5.208      0.000
    SINGLE_PAR         0.111      0.080      1.387      0.166
    PGS                0.001      0.047      0.022      0.983
    PARENT            -0.061      0.036     -1.689      0.091
    PEER               0.105      0.036      2.933      0.003
    SCHOOL            -0.083      0.038     -2.197      0.028
    NEIGHBOR          -0.003      0.036     -0.090      0.928

 W4ASB      ON
    PGSPARENT          0.080      0.044      1.823      0.068
    PGSPEER            0.010      0.039      0.257      0.797
    PGSSCHOOL         -0.019      0.046     -0.418      0.676
    PGSNEIGHBO        -0.019      0.042     -0.447      0.655
    PGSAGE             0.005      0.025      0.216      0.829
    PGSSEX             0.108      0.088      1.227      0.220
    PGSINC             0.107      0.059      1.832      0.067
    PGSPARED           0.000      0.042      0.001      0.999
    PGSSINGPAR        -0.105      0.095     -1.105      0.269
    SUB_HI_DUM         0.689      0.094      7.313      0.000
    SUB_LO_DUM        -0.598      0.199     -2.996      0.003
    AGE               -0.167      0.025     -6.547      0.000
    SEX               -1.016      0.092    -11.014      0.000
    INCOME            -0.149      0.054     -2.731      0.006
    PARED              0.040      0.042      0.950      0.342
    SINGLE_PAR         0.026      0.095      0.272      0.785
    PGS                0.176      0.054      3.282      0.001
    PARENT            -0.077      0.044     -1.751      0.080
    PEER               0.118      0.042      2.805      0.005
    SCHOOL            -0.141      0.046     -3.078      0.002
    NEIGHBOR          -0.007      0.043     -0.160      0.873

 W5ASB      ON
    PGSPARENT          0.092      0.077      1.197      0.231
    PGSPEER           -0.028      0.078     -0.363      0.717
    PGSSCHOOL          0.185      0.091      2.036      0.042
    PGSNEIGHBO        -0.117      0.082     -1.418      0.156
    PGSAGE            -0.026      0.048     -0.541      0.588
    PGSSEX             0.199      0.159      1.250      0.211
    PGSINC            -0.167      0.125     -1.336      0.182
    PGSPARED           0.129      0.086      1.487      0.137
    PGSSINGPAR        -0.328      0.204     -1.605      0.109
    SUB_HI_DUM         0.578      0.176      3.292      0.001
    SUB_LO_DUM        -1.480      0.521     -2.841      0.004
    AGE               -0.225      0.050     -4.468      0.000
    SEX               -0.888      0.167     -5.317      0.000
    INCOME            -0.347      0.094     -3.688      0.000
    PARED             -0.048      0.081     -0.593      0.553
    SINGLE_PAR        -0.197      0.186     -1.064      0.287
    PGS                0.121      0.111      1.086      0.277
    PARENT            -0.267      0.076     -3.520      0.000
    PEER               0.208      0.081      2.582      0.010
    SCHOOL            -0.076      0.089     -0.855      0.393
    NEIGHBOR           0.084      0.086      0.983      0.325

 W1SUB      ON
    PGSPARENT          0.014      0.008      1.671      0.095
    PGSPEER           -0.090      0.007    -12.041      0.000
    PGSSCHOOL         -0.005      0.010     -0.531      0.596
    PGSNEIGHBO        -0.010      0.009     -1.112      0.266
    PGSAGE            -0.004      0.005     -0.749      0.454
    PGSSEX             0.057      0.017      3.436      0.001
    PGSINC            -0.131      0.015     -8.632      0.000
    PGSPARED           0.061      0.009      6.614      0.000
    PGSSINGPAR        -0.046      0.020     -2.296      0.022
    ASB_HI_DUM         0.206      0.041      4.996      0.000
    ASB_MOD_DU         0.100      0.024      4.186      0.000
    ASB_ADO_DU         0.148      0.028      5.268      0.000
    AGE                0.142      0.006     25.629      0.000
    SEX                0.140      0.018      7.894      0.000
    INCOME             0.210      0.014     15.470      0.000
    PARED             -0.064      0.009     -7.154      0.000
    SINGLE_PAR         0.193      0.020      9.586      0.000
    PGS                0.154      0.012     13.023      0.000
    PARENT            -0.065      0.009     -7.482      0.000
    PEER               0.626      0.008     77.596      0.000
    SCHOOL            -0.100      0.009    -10.611      0.000
    NEIGHBOR           0.031      0.009      3.496      0.000

 W2SUB      ON
    PGSPARENT          0.012      0.009      1.291      0.197
    PGSPEER           -0.088      0.009    -10.242      0.000
    PGSSCHOOL         -0.018      0.011     -1.690      0.091
    PGSNEIGHBO         0.007      0.009      0.697      0.486
    PGSAGE             0.013      0.006      2.124      0.034
    PGSSEX             0.028      0.018      1.529      0.126
    PGSINC            -0.134      0.016     -8.164      0.000
    PGSPARED           0.047      0.010      4.777      0.000
    PGSSINGPAR        -0.065      0.023     -2.845      0.004
    ASB_HI_DUM         0.398      0.046      8.633      0.000
    ASB_MOD_DU         0.253      0.026      9.880      0.000
    ASB_ADO_DU         0.335      0.030     10.986      0.000
    AGE                0.118      0.006     18.561      0.000
    SEX                0.118      0.019      6.124      0.000
    INCOME             0.209      0.015     13.753      0.000
    PARED             -0.078      0.010     -7.978      0.000
    SINGLE_PAR         0.132      0.022      5.923      0.000
    PGS                0.130      0.012     11.163      0.000
    PARENT            -0.047      0.009     -4.947      0.000
    PEER               0.459      0.009     51.123      0.000
    SCHOOL            -0.091      0.010     -8.674      0.000
    NEIGHBOR           0.038      0.010      3.978      0.000

 W3SUB      ON
    PGSPARENT         -0.007      0.007     -0.960      0.337
    PGSPEER           -0.058      0.007     -8.341      0.000
    PGSSCHOOL          0.008      0.008      1.004      0.315
    PGSNEIGHBO         0.003      0.007      0.349      0.727
    PGSAGE             0.014      0.004      3.381      0.001
    PGSSEX             0.056      0.013      4.221      0.000
    PGSINC            -0.127      0.011    -11.381      0.000
    PGSPARED           0.061      0.007      8.426      0.000
    PGSSINGPAR        -0.039      0.017     -2.332      0.020
    ASB_HI_DUM         0.352      0.042      8.424      0.000
    ASB_MOD_DU         0.329      0.018     18.414      0.000
    ASB_ADO_DU         0.180      0.026      6.855      0.000
    AGE               -0.045      0.004    -10.717      0.000
    SEX               -0.165      0.014    -11.918      0.000
    INCOME             0.167      0.011     15.074      0.000
    PARED             -0.024      0.007     -3.434      0.001
    SINGLE_PAR         0.135      0.017      8.166      0.000
    PGS                0.079      0.008      9.615      0.000
    PARENT            -0.020      0.007     -2.792      0.005
    PEER               0.189      0.007     26.035      0.000
    SCHOOL            -0.037      0.008     -4.753      0.000
    NEIGHBOR           0.026      0.007      3.654      0.000

 W4SUB      ON
    PGSPARENT         -0.008      0.007     -1.210      0.226
    PGSPEER           -0.031      0.006     -4.852      0.000
    PGSSCHOOL          0.013      0.008      1.714      0.086
    PGSNEIGHBO         0.006      0.007      0.964      0.335
    PGSAGE             0.003      0.004      0.888      0.374
    PGSSEX             0.040      0.013      3.184      0.001
    PGSINC            -0.122      0.011    -11.471      0.000
    PGSPARED           0.044      0.007      6.448      0.000
    PGSSINGPAR        -0.047      0.015     -3.052      0.002
    ASB_HI_DUM         0.338      0.037      9.130      0.000
    ASB_MOD_DU         0.323      0.017     19.001      0.000
    ASB_ADO_DU         0.131      0.025      5.347      0.000
    AGE               -0.059      0.004    -15.143      0.000
    SEX               -0.217      0.013    -16.486      0.000
    INCOME             0.149      0.010     14.396      0.000
    PARED             -0.037      0.007     -5.517      0.000
    SINGLE_PAR         0.189      0.015     12.298      0.000
    PGS                0.093      0.008     12.283      0.000
    PARENT            -0.012      0.007     -1.767      0.077
    PEER               0.147      0.007     21.535      0.000
    SCHOOL            -0.035      0.007     -4.716      0.000
    NEIGHBOR           0.004      0.007      0.572      0.567

 W5SUB      ON
    PGSPARENT          0.001      0.008      0.109      0.914
    PGSPEER           -0.015      0.008     -1.917      0.055
    PGSSCHOOL         -0.010      0.009     -1.096      0.273
    PGSNEIGHBO         0.012      0.008      1.543      0.123
    PGSAGE             0.013      0.004      2.814      0.005
    PGSSEX             0.025      0.015      1.712      0.087
    PGSINC            -0.104      0.014     -7.397      0.000
    PGSPARED           0.021      0.008      2.594      0.009
    PGSSINGPAR        -0.040      0.019     -2.054      0.040
    ASB_HI_DUM         0.372      0.048      7.665      0.000
    ASB_MOD_DU         0.308      0.021     14.907      0.000
    ASB_ADO_DU         0.124      0.030      4.120      0.000
    AGE               -0.055      0.005    -11.877      0.000
    SEX               -0.129      0.015     -8.357      0.000
    INCOME             0.167      0.012     13.884      0.000
    PARED             -0.066      0.008     -8.452      0.000
    SINGLE_PAR         0.162      0.019      8.716      0.000
    PGS                0.079      0.009      8.626      0.000
    PARENT            -0.007      0.008     -0.786      0.432
    PEER               0.146      0.008     17.686      0.000
    SCHOOL            -0.033      0.009     -3.761      0.000
    NEIGHBOR           0.003      0.008      0.397      0.691

 PARENT   WITH
    PEER              -0.171      0.013    -12.861      0.000
    SCHOOL             0.325      0.015     22.167      0.000
    NEIGHBOR           0.194      0.014     13.754      0.000

 PEER     WITH
    SCHOOL            -0.231      0.014    -17.086      0.000
    NEIGHBOR          -0.060      0.013     -4.534      0.000

 SCHOOL   WITH
    NEIGHBOR           0.292      0.014     20.259      0.000

 AGE      WITH
    PGS                0.003      0.024      0.110      0.913

 SEX      WITH
    PGS                0.014      0.007      1.943      0.052
    AGE               -0.054      0.012     -4.448      0.000

 INCOME   WITH
    PGS               -0.064      0.012     -5.175      0.000
    AGE               -0.006      0.022     -0.299      0.765
    SEX                0.002      0.006      0.265      0.791

 PARED    WITH
    PGS               -0.127      0.016     -7.917      0.000
    AGE               -0.108      0.028     -3.925      0.000
    SEX               -0.007      0.008     -0.910      0.363
    INCOME             0.362      0.015     24.254      0.000

 PGSPAREN WITH
    PGS                0.018      0.014      1.273      0.203
    AGE                0.031      0.024      1.279      0.201
    SEX                0.010      0.007      1.373      0.170
    INCOME             0.003      0.013      0.278      0.781
    PARED             -0.030      0.016     -1.862      0.063

 PGSPEER  WITH
    PGS                0.001      0.014      0.060      0.952
    AGE                0.038      0.024      1.553      0.120
    SEX                0.001      0.007      0.170      0.865
    INCOME             0.006      0.012      0.513      0.608
    PARED              0.012      0.016      0.759      0.448
    PGSPARENT         -0.242      0.015    -16.605      0.000

 PGSSCHOO WITH
    PGS                0.006      0.014      0.423      0.672
    AGE                0.016      0.024      0.684      0.494
    SEX                0.007      0.007      1.006      0.315
    INCOME             0.028      0.012      2.336      0.019
    PARED              0.021      0.016      1.362      0.173
    PGSPARENT          0.367      0.015     24.703      0.000
    PGSPEER           -0.310      0.015    -21.243      0.000

 PGSNEIGH WITH
    PGS                0.004      0.014      0.264      0.792
    AGE               -0.014      0.024     -0.565      0.572
    SEX               -0.009      0.007     -1.323      0.186
    INCOME             0.015      0.012      1.183      0.237
    PARED             -0.007      0.016     -0.441      0.659
    PGSPARENT          0.223      0.014     15.393      0.000
    PGSPEER           -0.097      0.014     -6.819      0.000
    PGSSCHOOL          0.316      0.015     21.670      0.000

 PGSAGE   WITH
    PGS                0.066      0.024      2.709      0.007
    AGE                0.036      0.042      0.871      0.384
    SEX               -0.001      0.012     -0.066      0.947
    INCOME             0.024      0.022      1.115      0.265
    PARED              0.035      0.028      1.281      0.200
    PGSPARENT         -0.258      0.025    -10.465      0.000
    PGSPEER            0.455      0.025     18.079      0.000
    PGSSCHOOL         -0.160      0.024     -6.655      0.000
    PGSNEIGHBO        -0.099      0.024     -4.083      0.000

 PGSSEX   WITH
    PGS                0.030      0.007      4.221      0.000
    AGE               -0.001      0.012     -0.077      0.939
    SEX                0.000      0.004     -0.099      0.921
    INCOME             0.000      0.006     -0.072      0.943
    PARED              0.004      0.008      0.463      0.644
    PGSPARENT         -0.031      0.007     -4.385      0.000
    PGSPEER           -0.015      0.007     -2.174      0.030
    PGSSCHOOL          0.007      0.007      1.019      0.308
    PGSNEIGHBO        -0.004      0.007     -0.587      0.557
    PGSAGE            -0.047      0.012     -3.867      0.000

 PGSINC   WITH
    PGS                0.011      0.012      0.945      0.344
    AGE                0.029      0.020      1.431      0.152
    SEX               -0.001      0.006     -0.158      0.875
    INCOME            -0.008      0.010     -0.752      0.452
    PARED             -0.012      0.013     -0.942      0.346
    PGSPARENT          0.049      0.012      4.142      0.000
    PGSPEER           -0.054      0.012     -4.672      0.000
    PGSSCHOOL          0.076      0.011      6.629      0.000
    PGSNEIGHBO         0.059      0.012      5.054      0.000
    PGSAGE             0.027      0.020      1.328      0.184
    PGSSEX             0.000      0.006      0.049      0.961

 PGSPARED WITH
    PGS                0.035      0.016      2.206      0.027
    AGE                0.033      0.027      1.219      0.223
    SEX                0.007      0.008      0.924      0.356
    INCOME            -0.006      0.014     -0.442      0.659
    PARED             -0.028      0.017     -1.608      0.108
    PGSPARENT          0.075      0.016      4.733      0.000
    PGSPEER           -0.132      0.016     -8.316      0.000
    PGSSCHOOL          0.101      0.016      6.451      0.000
    PGSNEIGHBO         0.006      0.016      0.377      0.706
    PGSAGE            -0.142      0.027     -5.220      0.000
    PGSSEX            -0.007      0.008     -0.936      0.349
    PGSINC             0.348      0.014     25.380      0.000

 PGSSINGP WITH
    PGS               -0.277      0.008    -34.498      0.000
    AGE               -0.004      0.012     -0.360      0.719
    SEX               -0.002      0.004     -0.545      0.585
    INCOME             0.007      0.006      1.104      0.270
    PARED              0.042      0.008      5.304      0.000
    PGSPARENT         -0.032      0.007     -4.615      0.000
    PGSPEER            0.042      0.007      5.994      0.000
    PGSSCHOOL         -0.026      0.007     -3.740      0.000
    PGSNEIGHBO        -0.051      0.007     -7.156      0.000
    PGSAGE            -0.013      0.012     -1.106      0.269
    PGSSEX            -0.013      0.004     -3.682      0.000
    PGSINC            -0.101      0.006    -16.839      0.000
    PGSPARED          -0.039      0.008     -4.993      0.000

 SINGLE_P WITH
    PGS                0.036      0.006      5.896      0.000
    AGE                0.013      0.010      1.255      0.209
    SEX                0.001      0.003      0.329      0.742
    INCOME            -0.109      0.006    -19.754      0.000
    PARED             -0.044      0.007     -6.401      0.000
    PGSPARENT          0.001      0.006      0.119      0.905
    PGSPEER           -0.003      0.006     -0.461      0.645
    PGSSCHOOL          0.006      0.006      0.935      0.350
    PGSNEIGHBO         0.000      0.006      0.062      0.951
    PGSAGE            -0.003      0.010     -0.327      0.744
    PGSSEX             0.003      0.003      0.901      0.368
    PGSINC            -0.009      0.005     -1.736      0.083
    PGSPARED           0.009      0.007      1.409      0.159
    PGSSINGPAR         0.009      0.003      3.084      0.002

 Means
    PGS                0.000      0.014      0.020      0.984
    AGE               -0.005      0.024     -0.209      0.834
    SEX                0.031      0.007      4.339      0.000
    INCOME            -0.010      0.012     -0.825      0.409
    PARED             -0.003      0.016     -0.198      0.843
    PGSPARENT         -0.066      0.014     -4.656      0.000
    PGSPEER            0.161      0.014     11.339      0.000
    PGSSCHOOL         -0.121      0.014     -8.724      0.000
    PGSNEIGHBO        -0.054      0.014     -3.800      0.000
    PGSAGE             0.003      0.024      0.134      0.894
    PGSSEX             0.014      0.007      1.942      0.052
    PGSINC            -0.059      0.012     -5.085      0.000
    PGSPARED          -0.128      0.016     -8.191      0.000
    PGSSINGPAR         0.036      0.007      5.065      0.000
    SINGLE_PAR        -0.259      0.006    -42.884      0.000

 Intercepts
    PARENT            -0.023      0.017     -1.363      0.173
    PEER               0.054      0.016      3.414      0.001
    SCHOOL            -0.039      0.017     -2.331      0.020
    NEIGHBOR          -0.055      0.017     -3.293      0.001
    W1ASB             -1.460      0.049    -29.559      0.000
    W2ASB             -1.634      0.063    -25.770      0.000
    W3ASB             -2.007      0.070    -28.846      0.000
    W4ASB             -2.469      0.084    -29.459      0.000
    W5ASB             -3.526      0.158    -22.312      0.000
    W1SUB              0.807      0.013     64.540      0.000
    W2SUB              1.096      0.013     86.735      0.000
    W3SUB              1.685      0.009    189.024      0.000
    W4SUB              1.623      0.008    195.645      0.000
    W5SUB              1.604      0.010    162.131      0.000

 Variances
    PGS                0.998      0.020     50.125      0.000
    AGE                2.951      0.059     50.103      0.000
    SEX                0.249      0.005     50.125      0.000
    INCOME             0.680      0.016     41.443      0.000
    PARED              1.227      0.025     48.910      0.000
    PGSPARENT          0.981      0.020     49.601      0.000
    PGSPEER            1.005      0.020     50.020      0.000
    PGSSCHOOL          0.946      0.019     49.627      0.000
    PGSNEIGHBO         1.002      0.020     50.060      0.000
    PGSAGE             2.953      0.059     50.116      0.000
    PGSSEX             0.249      0.005     50.125      0.000
    PGSINC             0.593      0.014     43.074      0.000
    PGSPARED           1.189      0.024     48.783      0.000
    PGSSINGPAR         0.248      0.005     50.125      0.000
    SINGLE_PAR         0.183      0.004     50.125      0.000

 Residual Variances
    PARENT             0.961      0.019     49.589      0.000
    PEER               0.879      0.018     49.917      0.000
    SCHOOL             0.959      0.019     49.436      0.000
    NEIGHBOR           0.976      0.020     50.054      0.000

New/Additional Parameters
    INDASB11           0.010      0.003      3.476      0.001
    INDASB12           0.080      0.008      9.649      0.000
    INDASB13           0.019      0.004      4.991      0.000
    INDASB14          -0.001      0.001     -0.453      0.650
    TOTALASB           0.128      0.037      3.454      0.001
    INDASB21           0.007      0.002      2.676      0.007
    INDASB22           0.061      0.007      8.550      0.000
    INDASB23           0.015      0.004      3.580      0.000
    INDASB24           0.001      0.001      0.357      0.721
    TOTALASB           0.152      0.045      3.375      0.001
    INDASB31           0.003      0.002      1.550      0.121
    INDASB32           0.015      0.005      2.826      0.005
    INDASB33           0.009      0.004      2.108      0.035
    INDASB34           0.000      0.002      0.090      0.928
    TOTALASB           0.028      0.047      0.598      0.550
    INDASB41           0.004      0.003      1.597      0.110
    INDASB42           0.017      0.006      2.709      0.007
    INDASB43           0.015      0.005      2.844      0.004
    INDASB44           0.000      0.002      0.159      0.873
    TOTALASB           0.212      0.054      3.908      0.000
    INDASB51           0.015      0.006      2.615      0.009
    INDASB52           0.029      0.012      2.508      0.012
    INDASB53           0.008      0.009      0.849      0.396
    INDASB54          -0.004      0.004     -0.941      0.347
    TOTALASB           0.169      0.113      1.494      0.135
    INDSUB11           0.004      0.001      3.463      0.001
    INDSUB12           0.088      0.008     10.422      0.000
    INDSUB13           0.011      0.002      6.102      0.000
    INDSUB14          -0.001      0.001     -2.370      0.018
    TOTALSUB           0.255      0.015     17.011      0.000
    INDSUB21           0.003      0.001      3.065      0.002
    INDSUB22           0.065      0.006     10.303      0.000
    INDSUB23           0.010      0.002      5.671      0.000
    INDSUB24          -0.002      0.001     -2.505      0.012
    TOTALSUB           0.205      0.014     15.162      0.000
    INDSUB31           0.001      0.000      2.266      0.023
    INDSUB32           0.027      0.003      9.754      0.000
    INDSUB33           0.004      0.001      4.022      0.000
    INDSUB34          -0.001      0.000     -2.417      0.016
    TOTALSUB           0.109      0.009     12.598      0.000
    INDSUB41           0.001      0.000      1.613      0.107
    INDSUB42           0.021      0.002      9.449      0.000
    INDSUB43           0.004      0.001      3.995      0.000
    INDSUB44           0.000      0.000     -0.564      0.573
    TOTALSUB           0.117      0.008     14.931      0.000
    INDSUB51           0.000      0.000      0.771      0.441
    INDSUB52           0.020      0.002      9.043      0.000
    INDSUB53           0.003      0.001      3.361      0.001
    INDSUB54           0.000      0.000     -0.394      0.693
    TOTALSUB           0.103      0.009     11.006      0.000


QUALITY OF NUMERICAL RESULTS

     Condition Number for the Information Matrix             -0.248E-17
       (ratio of smallest to largest eigenvalue)


TECHNICAL 1 OUTPUT


     PARAMETER SPECIFICATION


           NU
              W1ASB#1       W1ASB         W2ASB#1       W2ASB         W3ASB#1
              ________      ________      ________      ________      ________
 1                  0             0             0             0             0


           NU
              W3ASB         W4ASB#1       W4ASB         W5ASB#1       W5ASB
              ________      ________      ________      ________      ________
 1                  0             0             0             0             0


           NU
              W1SUB#1       W1SUB         W2SUB#1       W2SUB         W3SUB#1
              ________      ________      ________      ________      ________
 1                  0             0             0             0             0


           NU
              W3SUB         W4SUB#1       W4SUB         W5SUB#1       W5SUB
              ________      ________      ________      ________      ________
 1                  0             0             0             0             0


           NU
              PARENT        PEER          SCHOOL        NEIGHBOR      PGS
              ________      ________      ________      ________      ________
 1                  0             0             0             0             0


           NU
              AGE           SEX           INCOME        PARED         PGSPAREN
              ________      ________      ________      ________      ________
 1                  0             0             0             0             0


           NU
              PGSPEER       PGSSCHOO      PGSNEIGH      PGSAGE        PGSSEX
              ________      ________      ________      ________      ________
 1                  0             0             0             0             0


           NU
              PGSINC        PGSPARED      PGSSINGP      SINGLE_P      SUB_HI_D
              ________      ________      ________      ________      ________
 1                  0             0             0             0             0


           NU
              SUB_LO_D      ASB_HI_D      ASB_MOD_      ASB_ADO_
              ________      ________      ________      ________
 1                  0             0             0             0


           LAMBDA
              W1ASB#1       W1ASB         W2ASB#1       W2ASB         W3ASB#1
              ________      ________      ________      ________      ________
 W1ASB#1            0             0             0             0             0
 W1ASB              0             0             0             0             0
 W2ASB#1            0             0             0             0             0
 W2ASB              0             0             0             0             0
 W3ASB#1            0             0             0             0             0
 W3ASB              0             0             0             0             0
 W4ASB#1            0             0             0             0             0
 W4ASB              0             0             0             0             0
 W5ASB#1            0             0             0             0             0
 W5ASB              0             0             0             0             0
 W1SUB#1            0             0             0             0             0
 W1SUB              0             0             0             0             0
 W2SUB#1            0             0             0             0             0
 W2SUB              0             0             0             0             0
 W3SUB#1            0             0             0             0             0
 W3SUB              0             0             0             0             0
 W4SUB#1            0             0             0             0             0
 W4SUB              0             0             0             0             0
 W5SUB#1            0             0             0             0             0
 W5SUB              0             0             0             0             0
 PARENT             0             0             0             0             0
 PEER               0             0             0             0             0
 SCHOOL             0             0             0             0             0
 NEIGHBOR           0             0             0             0             0
 PGS                0             0             0             0             0
 AGE                0             0             0             0             0
 SEX                0             0             0             0             0
 INCOME             0             0             0             0             0
 PARED              0             0             0             0             0
 PGSPAREN           0             0             0             0             0
 PGSPEER            0             0             0             0             0
 PGSSCHOO           0             0             0             0             0
 PGSNEIGH           0             0             0             0             0
 PGSAGE             0             0             0             0             0
 PGSSEX             0             0             0             0             0
 PGSINC             0             0             0             0             0
 PGSPARED           0             0             0             0             0
 PGSSINGP           0             0             0             0             0
 SINGLE_P           0             0             0             0             0
 SUB_HI_D           0             0             0             0             0
 SUB_LO_D           0             0             0             0             0
 ASB_HI_D           0             0             0             0             0
 ASB_MOD_           0             0             0             0             0
 ASB_ADO_           0             0             0             0             0


           LAMBDA
              W3ASB         W4ASB#1       W4ASB         W5ASB#1       W5ASB
              ________      ________      ________      ________      ________
 W1ASB#1            0             0             0             0             0
 W1ASB              0             0             0             0             0
 W2ASB#1            0             0             0             0             0
 W2ASB              0             0             0             0             0
 W3ASB#1            0             0             0             0             0
 W3ASB              0             0             0             0             0
 W4ASB#1            0             0             0             0             0
 W4ASB              0             0             0             0             0
 W5ASB#1            0             0             0             0             0
 W5ASB              0             0             0             0             0
 W1SUB#1            0             0             0             0             0
 W1SUB              0             0             0             0             0
 W2SUB#1            0             0             0             0             0
 W2SUB              0             0             0             0             0
 W3SUB#1            0             0             0             0             0
 W3SUB              0             0             0             0             0
 W4SUB#1            0             0             0             0             0
 W4SUB              0             0             0             0             0
 W5SUB#1            0             0             0             0             0
 W5SUB              0             0             0             0             0
 PARENT             0             0             0             0             0
 PEER               0             0             0             0             0
 SCHOOL             0             0             0             0             0
 NEIGHBOR           0             0             0             0             0
 PGS                0             0             0             0             0
 AGE                0             0             0             0             0
 SEX                0             0             0             0             0
 INCOME             0             0             0             0             0
 PARED              0             0             0             0             0
 PGSPAREN           0             0             0             0             0
 PGSPEER            0             0             0             0             0
 PGSSCHOO           0             0             0             0             0
 PGSNEIGH           0             0             0             0             0
 PGSAGE             0             0             0             0             0
 PGSSEX             0             0             0             0             0
 PGSINC             0             0             0             0             0
 PGSPARED           0             0             0             0             0
 PGSSINGP           0             0             0             0             0
 SINGLE_P           0             0             0             0             0
 SUB_HI_D           0             0             0             0             0
 SUB_LO_D           0             0             0             0             0
 ASB_HI_D           0             0             0             0             0
 ASB_MOD_           0             0             0             0             0
 ASB_ADO_           0             0             0             0             0


           LAMBDA
              W1SUB#1       W1SUB         W2SUB#1       W2SUB         W3SUB#1
              ________      ________      ________      ________      ________
 W1ASB#1            0             0             0             0             0
 W1ASB              0             0             0             0             0
 W2ASB#1            0             0             0             0             0
 W2ASB              0             0             0             0             0
 W3ASB#1            0             0             0             0             0
 W3ASB              0             0             0             0             0
 W4ASB#1            0             0             0             0             0
 W4ASB              0             0             0             0             0
 W5ASB#1            0             0             0             0             0
 W5ASB              0             0             0             0             0
 W1SUB#1            0             0             0             0             0
 W1SUB              0             0             0             0             0
 W2SUB#1            0             0             0             0             0
 W2SUB              0             0             0             0             0
 W3SUB#1            0             0             0             0             0
 W3SUB              0             0             0             0             0
 W4SUB#1            0             0             0             0             0
 W4SUB              0             0             0             0             0
 W5SUB#1            0             0             0             0             0
 W5SUB              0             0             0             0             0
 PARENT             0             0             0             0             0
 PEER               0             0             0             0             0
 SCHOOL             0             0             0             0             0
 NEIGHBOR           0             0             0             0             0
 PGS                0             0             0             0             0
 AGE                0             0             0             0             0
 SEX                0             0             0             0             0
 INCOME             0             0             0             0             0
 PARED              0             0             0             0             0
 PGSPAREN           0             0             0             0             0
 PGSPEER            0             0             0             0             0
 PGSSCHOO           0             0             0             0             0
 PGSNEIGH           0             0             0             0             0
 PGSAGE             0             0             0             0             0
 PGSSEX             0             0             0             0             0
 PGSINC             0             0             0             0             0
 PGSPARED           0             0             0             0             0
 PGSSINGP           0             0             0             0             0
 SINGLE_P           0             0             0             0             0
 SUB_HI_D           0             0             0             0             0
 SUB_LO_D           0             0             0             0             0
 ASB_HI_D           0             0             0             0             0
 ASB_MOD_           0             0             0             0             0
 ASB_ADO_           0             0             0             0             0


           LAMBDA
              W3SUB         W4SUB#1       W4SUB         W5SUB#1       W5SUB
              ________      ________      ________      ________      ________
 W1ASB#1            0             0             0             0             0
 W1ASB              0             0             0             0             0
 W2ASB#1            0             0             0             0             0
 W2ASB              0             0             0             0             0
 W3ASB#1            0             0             0             0             0
 W3ASB              0             0             0             0             0
 W4ASB#1            0             0             0             0             0
 W4ASB              0             0             0             0             0
 W5ASB#1            0             0             0             0             0
 W5ASB              0             0             0             0             0
 W1SUB#1            0             0             0             0             0
 W1SUB              0             0             0             0             0
 W2SUB#1            0             0             0             0             0
 W2SUB              0             0             0             0             0
 W3SUB#1            0             0             0             0             0
 W3SUB              0             0             0             0             0
 W4SUB#1            0             0             0             0             0
 W4SUB              0             0             0             0             0
 W5SUB#1            0             0             0             0             0
 W5SUB              0             0             0             0             0
 PARENT             0             0             0             0             0
 PEER               0             0             0             0             0
 SCHOOL             0             0             0             0             0
 NEIGHBOR           0             0             0             0             0
 PGS                0             0             0             0             0
 AGE                0             0             0             0             0
 SEX                0             0             0             0             0
 INCOME             0             0             0             0             0
 PARED              0             0             0             0             0
 PGSPAREN           0             0             0             0             0
 PGSPEER            0             0             0             0             0
 PGSSCHOO           0             0             0             0             0
 PGSNEIGH           0             0             0             0             0
 PGSAGE             0             0             0             0             0
 PGSSEX             0             0             0             0             0
 PGSINC             0             0             0             0             0
 PGSPARED           0             0             0             0             0
 PGSSINGP           0             0             0             0             0
 SINGLE_P           0             0             0             0             0
 SUB_HI_D           0             0             0             0             0
 SUB_LO_D           0             0             0             0             0
 ASB_HI_D           0             0             0             0             0
 ASB_MOD_           0             0             0             0             0
 ASB_ADO_           0             0             0             0             0


           LAMBDA
              PARENT        PEER          SCHOOL        NEIGHBOR      PGS
              ________      ________      ________      ________      ________
 W1ASB#1            0             0             0             0             0
 W1ASB              0             0             0             0             0
 W2ASB#1            0             0             0             0             0
 W2ASB              0             0             0             0             0
 W3ASB#1            0             0             0             0             0
 W3ASB              0             0             0             0             0
 W4ASB#1            0             0             0             0             0
 W4ASB              0             0             0             0             0
 W5ASB#1            0             0             0             0             0
 W5ASB              0             0             0             0             0
 W1SUB#1            0             0             0             0             0
 W1SUB              0             0             0             0             0
 W2SUB#1            0             0             0             0             0
 W2SUB              0             0             0             0             0
 W3SUB#1            0             0             0             0             0
 W3SUB              0             0             0             0             0
 W4SUB#1            0             0             0             0             0
 W4SUB              0             0             0             0             0
 W5SUB#1            0             0             0             0             0
 W5SUB              0             0             0             0             0
 PARENT             0             0             0             0             0
 PEER               0             0             0             0             0
 SCHOOL             0             0             0             0             0
 NEIGHBOR           0             0             0             0             0
 PGS                0             0             0             0             0
 AGE                0             0             0             0             0
 SEX                0             0             0             0             0
 INCOME             0             0             0             0             0
 PARED              0             0             0             0             0
 PGSPAREN           0             0             0             0             0
 PGSPEER            0             0             0             0             0
 PGSSCHOO           0             0             0             0             0
 PGSNEIGH           0             0             0             0             0
 PGSAGE             0             0             0             0             0
 PGSSEX             0             0             0             0             0
 PGSINC             0             0             0             0             0
 PGSPARED           0             0             0             0             0
 PGSSINGP           0             0             0             0             0
 SINGLE_P           0             0             0             0             0
 SUB_HI_D           0             0             0             0             0
 SUB_LO_D           0             0             0             0             0
 ASB_HI_D           0             0             0             0             0
 ASB_MOD_           0             0             0             0             0
 ASB_ADO_           0             0             0             0             0


           LAMBDA
              AGE           SEX           INCOME        PARED         PGSPAREN
              ________      ________      ________      ________      ________
 W1ASB#1            0             0             0             0             0
 W1ASB              0             0             0             0             0
 W2ASB#1            0             0             0             0             0
 W2ASB              0             0             0             0             0
 W3ASB#1            0             0             0             0             0
 W3ASB              0             0             0             0             0
 W4ASB#1            0             0             0             0             0
 W4ASB              0             0             0             0             0
 W5ASB#1            0             0             0             0             0
 W5ASB              0             0             0             0             0
 W1SUB#1            0             0             0             0             0
 W1SUB              0             0             0             0             0
 W2SUB#1            0             0             0             0             0
 W2SUB              0             0             0             0             0
 W3SUB#1            0             0             0             0             0
 W3SUB              0             0             0             0             0
 W4SUB#1            0             0             0             0             0
 W4SUB              0             0             0             0             0
 W5SUB#1            0             0             0             0             0
 W5SUB              0             0             0             0             0
 PARENT             0             0             0             0             0
 PEER               0             0             0             0             0
 SCHOOL             0             0             0             0             0
 NEIGHBOR           0             0             0             0             0
 PGS                0             0             0             0             0
 AGE                0             0             0             0             0
 SEX                0             0             0             0             0
 INCOME             0             0             0             0             0
 PARED              0             0             0             0             0
 PGSPAREN           0             0             0             0             0
 PGSPEER            0             0             0             0             0
 PGSSCHOO           0             0             0             0             0
 PGSNEIGH           0             0             0             0             0
 PGSAGE             0             0             0             0             0
 PGSSEX             0             0             0             0             0
 PGSINC             0             0             0             0             0
 PGSPARED           0             0             0             0             0
 PGSSINGP           0             0             0             0             0
 SINGLE_P           0             0             0             0             0
 SUB_HI_D           0             0             0             0             0
 SUB_LO_D           0             0             0             0             0
 ASB_HI_D           0             0             0             0             0
 ASB_MOD_           0             0             0             0             0
 ASB_ADO_           0             0             0             0             0


           LAMBDA
              PGSPEER       PGSSCHOO      PGSNEIGH      PGSAGE        PGSSEX
              ________      ________      ________      ________      ________
 W1ASB#1            0             0             0             0             0
 W1ASB              0             0             0             0             0
 W2ASB#1            0             0             0             0             0
 W2ASB              0             0             0             0             0
 W3ASB#1            0             0             0             0             0
 W3ASB              0             0             0             0             0
 W4ASB#1            0             0             0             0             0
 W4ASB              0             0             0             0             0
 W5ASB#1            0             0             0             0             0
 W5ASB              0             0             0             0             0
 W1SUB#1            0             0             0             0             0
 W1SUB              0             0             0             0             0
 W2SUB#1            0             0             0             0             0
 W2SUB              0             0             0             0             0
 W3SUB#1            0             0             0             0             0
 W3SUB              0             0             0             0             0
 W4SUB#1            0             0             0             0             0
 W4SUB              0             0             0             0             0
 W5SUB#1            0             0             0             0             0
 W5SUB              0             0             0             0             0
 PARENT             0             0             0             0             0
 PEER               0             0             0             0             0
 SCHOOL             0             0             0             0             0
 NEIGHBOR           0             0             0             0             0
 PGS                0             0             0             0             0
 AGE                0             0             0             0             0
 SEX                0             0             0             0             0
 INCOME             0             0             0             0             0
 PARED              0             0             0             0             0
 PGSPAREN           0             0             0             0             0
 PGSPEER            0             0             0             0             0
 PGSSCHOO           0             0             0             0             0
 PGSNEIGH           0             0             0             0             0
 PGSAGE             0             0             0             0             0
 PGSSEX             0             0             0             0             0
 PGSINC             0             0             0             0             0
 PGSPARED           0             0             0             0             0
 PGSSINGP           0             0             0             0             0
 SINGLE_P           0             0             0             0             0
 SUB_HI_D           0             0             0             0             0
 SUB_LO_D           0             0             0             0             0
 ASB_HI_D           0             0             0             0             0
 ASB_MOD_           0             0             0             0             0
 ASB_ADO_           0             0             0             0             0


           LAMBDA
              PGSINC        PGSPARED      PGSSINGP      SINGLE_P      SUB_HI_D
              ________      ________      ________      ________      ________
 W1ASB#1            0             0             0             0             0
 W1ASB              0             0             0             0             0
 W2ASB#1            0             0             0             0             0
 W2ASB              0             0             0             0             0
 W3ASB#1            0             0             0             0             0
 W3ASB              0             0             0             0             0
 W4ASB#1            0             0             0             0             0
 W4ASB              0             0             0             0             0
 W5ASB#1            0             0             0             0             0
 W5ASB              0             0             0             0             0
 W1SUB#1            0             0             0             0             0
 W1SUB              0             0             0             0             0
 W2SUB#1            0             0             0             0             0
 W2SUB              0             0             0             0             0
 W3SUB#1            0             0             0             0             0
 W3SUB              0             0             0             0             0
 W4SUB#1            0             0             0             0             0
 W4SUB              0             0             0             0             0
 W5SUB#1            0             0             0             0             0
 W5SUB              0             0             0             0             0
 PARENT             0             0             0             0             0
 PEER               0             0             0             0             0
 SCHOOL             0             0             0             0             0
 NEIGHBOR           0             0             0             0             0
 PGS                0             0             0             0             0
 AGE                0             0             0             0             0
 SEX                0             0             0             0             0
 INCOME             0             0             0             0             0
 PARED              0             0             0             0             0
 PGSPAREN           0             0             0             0             0
 PGSPEER            0             0             0             0             0
 PGSSCHOO           0             0             0             0             0
 PGSNEIGH           0             0             0             0             0
 PGSAGE             0             0             0             0             0
 PGSSEX             0             0             0             0             0
 PGSINC             0             0             0             0             0
 PGSPARED           0             0             0             0             0
 PGSSINGP           0             0             0             0             0
 SINGLE_P           0             0             0             0             0
 SUB_HI_D           0             0             0             0             0
 SUB_LO_D           0             0             0             0             0
 ASB_HI_D           0             0             0             0             0
 ASB_MOD_           0             0             0             0             0
 ASB_ADO_           0             0             0             0             0


           LAMBDA
              SUB_LO_D      ASB_HI_D      ASB_MOD_      ASB_ADO_
              ________      ________      ________      ________
 W1ASB#1            0             0             0             0
 W1ASB              0             0             0             0
 W2ASB#1            0             0             0             0
 W2ASB              0             0             0             0
 W3ASB#1            0             0             0             0
 W3ASB              0             0             0             0
 W4ASB#1            0             0             0             0
 W4ASB              0             0             0             0
 W5ASB#1            0             0             0             0
 W5ASB              0             0             0             0
 W1SUB#1            0             0             0             0
 W1SUB              0             0             0             0
 W2SUB#1            0             0             0             0
 W2SUB              0             0             0             0
 W3SUB#1            0             0             0             0
 W3SUB              0             0             0             0
 W4SUB#1            0             0             0             0
 W4SUB              0             0             0             0
 W5SUB#1            0             0             0             0
 W5SUB              0             0             0             0
 PARENT             0             0             0             0
 PEER               0             0             0             0
 SCHOOL             0             0             0             0
 NEIGHBOR           0             0             0             0
 PGS                0             0             0             0
 AGE                0             0             0             0
 SEX                0             0             0             0
 INCOME             0             0             0             0
 PARED              0             0             0             0
 PGSPAREN           0             0             0             0
 PGSPEER            0             0             0             0
 PGSSCHOO           0             0             0             0
 PGSNEIGH           0             0             0             0
 PGSAGE             0             0             0             0
 PGSSEX             0             0             0             0
 PGSINC             0             0             0             0
 PGSPARED           0             0             0             0
 PGSSINGP           0             0             0             0
 SINGLE_P           0             0             0             0
 SUB_HI_D           0             0             0             0
 SUB_LO_D           0             0             0             0
 ASB_HI_D           0             0             0             0
 ASB_MOD_           0             0             0             0
 ASB_ADO_           0             0             0             0


           THETA
              W1ASB#1       W1ASB         W2ASB#1       W2ASB         W3ASB#1
              ________      ________      ________      ________      ________
 W1ASB#1            0
 W1ASB              0             0
 W2ASB#1            0             0             0
 W2ASB              0             0             0             0
 W3ASB#1            0             0             0             0             0
 W3ASB              0             0             0             0             0
 W4ASB#1            0             0             0             0             0
 W4ASB              0             0             0             0             0
 W5ASB#1            0             0             0             0             0
 W5ASB              0             0             0             0             0
 W1SUB#1            0             0             0             0             0
 W1SUB              0             0             0             0             0
 W2SUB#1            0             0             0             0             0
 W2SUB              0             0             0             0             0
 W3SUB#1            0             0             0             0             0
 W3SUB              0             0             0             0             0
 W4SUB#1            0             0             0             0             0
 W4SUB              0             0             0             0             0
 W5SUB#1            0             0             0             0             0
 W5SUB              0             0             0             0             0
 PARENT             0             0             0             0             0
 PEER               0             0             0             0             0
 SCHOOL             0             0             0             0             0
 NEIGHBOR           0             0             0             0             0
 PGS                0             0             0             0             0
 AGE                0             0             0             0             0
 SEX                0             0             0             0             0
 INCOME             0             0             0             0             0
 PARED              0             0             0             0             0
 PGSPAREN           0             0             0             0             0
 PGSPEER            0             0             0             0             0
 PGSSCHOO           0             0             0             0             0
 PGSNEIGH           0             0             0             0             0
 PGSAGE             0             0             0             0             0
 PGSSEX             0             0             0             0             0
 PGSINC             0             0             0             0             0
 PGSPARED           0             0             0             0             0
 PGSSINGP           0             0             0             0             0
 SINGLE_P           0             0             0             0             0
 SUB_HI_D           0             0             0             0             0
 SUB_LO_D           0             0             0             0             0
 ASB_HI_D           0             0             0             0             0
 ASB_MOD_           0             0             0             0             0
 ASB_ADO_           0             0             0             0             0


           THETA
              W3ASB         W4ASB#1       W4ASB         W5ASB#1       W5ASB
              ________      ________      ________      ________      ________
 W3ASB              0
 W4ASB#1            0             0
 W4ASB              0             0             0
 W5ASB#1            0             0             0             0
 W5ASB              0             0             0             0             0
 W1SUB#1            0             0             0             0             0
 W1SUB              0             0             0             0             0
 W2SUB#1            0             0             0             0             0
 W2SUB              0             0             0             0             0
 W3SUB#1            0             0             0             0             0
 W3SUB              0             0             0             0             0
 W4SUB#1            0             0             0             0             0
 W4SUB              0             0             0             0             0
 W5SUB#1            0             0             0             0             0
 W5SUB              0             0             0             0             0
 PARENT             0             0             0             0             0
 PEER               0             0             0             0             0
 SCHOOL             0             0             0             0             0
 NEIGHBOR           0             0             0             0             0
 PGS                0             0             0             0             0
 AGE                0             0             0             0             0
 SEX                0             0             0             0             0
 INCOME             0             0             0             0             0
 PARED              0             0             0             0             0
 PGSPAREN           0             0             0             0             0
 PGSPEER            0             0             0             0             0
 PGSSCHOO           0             0             0             0             0
 PGSNEIGH           0             0             0             0             0
 PGSAGE             0             0             0             0             0
 PGSSEX             0             0             0             0             0
 PGSINC             0             0             0             0             0
 PGSPARED           0             0             0             0             0
 PGSSINGP           0             0             0             0             0
 SINGLE_P           0             0             0             0             0
 SUB_HI_D           0             0             0             0             0
 SUB_LO_D           0             0             0             0             0
 ASB_HI_D           0             0             0             0             0
 ASB_MOD_           0             0             0             0             0
 ASB_ADO_           0             0             0             0             0


           THETA
              W1SUB#1       W1SUB         W2SUB#1       W2SUB         W3SUB#1
              ________      ________      ________      ________      ________
 W1SUB#1            0
 W1SUB              0             0
 W2SUB#1            0             0             0
 W2SUB              0             0             0             0
 W3SUB#1            0             0             0             0             0
 W3SUB              0             0             0             0             0
 W4SUB#1            0             0             0             0             0
 W4SUB              0             0             0             0             0
 W5SUB#1            0             0             0             0             0
 W5SUB              0             0             0             0             0
 PARENT             0             0             0             0             0
 PEER               0             0             0             0             0
 SCHOOL             0             0             0             0             0
 NEIGHBOR           0             0             0             0             0
 PGS                0             0             0             0             0
 AGE                0             0             0             0             0
 SEX                0             0             0             0             0
 INCOME             0             0             0             0             0
 PARED              0             0             0             0             0
 PGSPAREN           0             0             0             0             0
 PGSPEER            0             0             0             0             0
 PGSSCHOO           0             0             0             0             0
 PGSNEIGH           0             0             0             0             0
 PGSAGE             0             0             0             0             0
 PGSSEX             0             0             0             0             0
 PGSINC             0             0             0             0             0
 PGSPARED           0             0             0             0             0
 PGSSINGP           0             0             0             0             0
 SINGLE_P           0             0             0             0             0
 SUB_HI_D           0             0             0             0             0
 SUB_LO_D           0             0             0             0             0
 ASB_HI_D           0             0             0             0             0
 ASB_MOD_           0             0             0             0             0
 ASB_ADO_           0             0             0             0             0


           THETA
              W3SUB         W4SUB#1       W4SUB         W5SUB#1       W5SUB
              ________      ________      ________      ________      ________
 W3SUB              0
 W4SUB#1            0             0
 W4SUB              0             0             0
 W5SUB#1            0             0             0             0
 W5SUB              0             0             0             0             0
 PARENT             0             0             0             0             0
 PEER               0             0             0             0             0
 SCHOOL             0             0             0             0             0
 NEIGHBOR           0             0             0             0             0
 PGS                0             0             0             0             0
 AGE                0             0             0             0             0
 SEX                0             0             0             0             0
 INCOME             0             0             0             0             0
 PARED              0             0             0             0             0
 PGSPAREN           0             0             0             0             0
 PGSPEER            0             0             0             0             0
 PGSSCHOO           0             0             0             0             0
 PGSNEIGH           0             0             0             0             0
 PGSAGE             0             0             0             0             0
 PGSSEX             0             0             0             0             0
 PGSINC             0             0             0             0             0
 PGSPARED           0             0             0             0             0
 PGSSINGP           0             0             0             0             0
 SINGLE_P           0             0             0             0             0
 SUB_HI_D           0             0             0             0             0
 SUB_LO_D           0             0             0             0             0
 ASB_HI_D           0             0             0             0             0
 ASB_MOD_           0             0             0             0             0
 ASB_ADO_           0             0             0             0             0


           THETA
              PARENT        PEER          SCHOOL        NEIGHBOR      PGS
              ________      ________      ________      ________      ________
 PARENT             0
 PEER               0             0
 SCHOOL             0             0             0
 NEIGHBOR           0             0             0             0
 PGS                0             0             0             0             0
 AGE                0             0             0             0             0
 SEX                0             0             0             0             0
 INCOME             0             0             0             0             0
 PARED              0             0             0             0             0
 PGSPAREN           0             0             0             0             0
 PGSPEER            0             0             0             0             0
 PGSSCHOO           0             0             0             0             0
 PGSNEIGH           0             0             0             0             0
 PGSAGE             0             0             0             0             0
 PGSSEX             0             0             0             0             0
 PGSINC             0             0             0             0             0
 PGSPARED           0             0             0             0             0
 PGSSINGP           0             0             0             0             0
 SINGLE_P           0             0             0             0             0
 SUB_HI_D           0             0             0             0             0
 SUB_LO_D           0             0             0             0             0
 ASB_HI_D           0             0             0             0             0
 ASB_MOD_           0             0             0             0             0
 ASB_ADO_           0             0             0             0             0


           THETA
              AGE           SEX           INCOME        PARED         PGSPAREN
              ________      ________      ________      ________      ________
 AGE                0
 SEX                0             0
 INCOME             0             0             0
 PARED              0             0             0             0
 PGSPAREN           0             0             0             0             0
 PGSPEER            0             0             0             0             0
 PGSSCHOO           0             0             0             0             0
 PGSNEIGH           0             0             0             0             0
 PGSAGE             0             0             0             0             0
 PGSSEX             0             0             0             0             0
 PGSINC             0             0             0             0             0
 PGSPARED           0             0             0             0             0
 PGSSINGP           0             0             0             0             0
 SINGLE_P           0             0             0             0             0
 SUB_HI_D           0             0             0             0             0
 SUB_LO_D           0             0             0             0             0
 ASB_HI_D           0             0             0             0             0
 ASB_MOD_           0             0             0             0             0
 ASB_ADO_           0             0             0             0             0


           THETA
              PGSPEER       PGSSCHOO      PGSNEIGH      PGSAGE        PGSSEX
              ________      ________      ________      ________      ________
 PGSPEER            0
 PGSSCHOO           0             0
 PGSNEIGH           0             0             0
 PGSAGE             0             0             0             0
 PGSSEX             0             0             0             0             0
 PGSINC             0             0             0             0             0
 PGSPARED           0             0             0             0             0
 PGSSINGP           0             0             0             0             0
 SINGLE_P           0             0             0             0             0
 SUB_HI_D           0             0             0             0             0
 SUB_LO_D           0             0             0             0             0
 ASB_HI_D           0             0             0             0             0
 ASB_MOD_           0             0             0             0             0
 ASB_ADO_           0             0             0             0             0


           THETA
              PGSINC        PGSPARED      PGSSINGP      SINGLE_P      SUB_HI_D
              ________      ________      ________      ________      ________
 PGSINC             0
 PGSPARED           0             0
 PGSSINGP           0             0             0
 SINGLE_P           0             0             0             0
 SUB_HI_D           0             0             0             0             0
 SUB_LO_D           0             0             0             0             0
 ASB_HI_D           0             0             0             0             0
 ASB_MOD_           0             0             0             0             0
 ASB_ADO_           0             0             0             0             0


           THETA
              SUB_LO_D      ASB_HI_D      ASB_MOD_      ASB_ADO_
              ________      ________      ________      ________
 SUB_LO_D           0
 ASB_HI_D           0             0
 ASB_MOD_           0             0             0
 ASB_ADO_           0             0             0             0


           ALPHA
              W1ASB#1       W1ASB         W2ASB#1       W2ASB         W3ASB#1
              ________      ________      ________      ________      ________
 1                  0             1             0             2             0


           ALPHA
              W3ASB         W4ASB#1       W4ASB         W5ASB#1       W5ASB
              ________      ________      ________      ________      ________
 1                  3             0             4             0             5


           ALPHA
              W1SUB#1       W1SUB         W2SUB#1       W2SUB         W3SUB#1
              ________      ________      ________      ________      ________
 1                  0             6             0             7             0


           ALPHA
              W3SUB         W4SUB#1       W4SUB         W5SUB#1       W5SUB
              ________      ________      ________      ________      ________
 1                  8             0             9             0            10


           ALPHA
              PARENT        PEER          SCHOOL        NEIGHBOR      PGS
              ________      ________      ________      ________      ________
 1                 11            12            13            14            15


           ALPHA
              AGE           SEX           INCOME        PARED         PGSPAREN
              ________      ________      ________      ________      ________
 1                 16            17            18            19            20


           ALPHA
              PGSPEER       PGSSCHOO      PGSNEIGH      PGSAGE        PGSSEX
              ________      ________      ________      ________      ________
 1                 21            22            23            24            25


           ALPHA
              PGSINC        PGSPARED      PGSSINGP      SINGLE_P      SUB_HI_D
              ________      ________      ________      ________      ________
 1                 26            27            28            29             0


           ALPHA
              SUB_LO_D      ASB_HI_D      ASB_MOD_      ASB_ADO_
              ________      ________      ________      ________
 1                  0             0             0             0


           BETA
              W1ASB#1       W1ASB         W2ASB#1       W2ASB         W3ASB#1
              ________      ________      ________      ________      ________
 W1ASB#1            0             0             0             0             0
 W1ASB              0             0             0             0             0
 W2ASB#1            0             0             0             0             0
 W2ASB              0             0             0             0             0
 W3ASB#1            0             0             0             0             0
 W3ASB              0             0             0             0             0
 W4ASB#1            0             0             0             0             0
 W4ASB              0             0             0             0             0
 W5ASB#1            0             0             0             0             0
 W5ASB              0             0             0             0             0
 W1SUB#1            0             0             0             0             0
 W1SUB              0             0             0             0             0
 W2SUB#1            0             0             0             0             0
 W2SUB              0             0             0             0             0
 W3SUB#1            0             0             0             0             0
 W3SUB              0             0             0             0             0
 W4SUB#1            0             0             0             0             0
 W4SUB              0             0             0             0             0
 W5SUB#1            0             0             0             0             0
 W5SUB              0             0             0             0             0
 PARENT             0             0             0             0             0
 PEER               0             0             0             0             0
 SCHOOL             0             0             0             0             0
 NEIGHBOR           0             0             0             0             0
 PGS                0             0             0             0             0
 AGE                0             0             0             0             0
 SEX                0             0             0             0             0
 INCOME             0             0             0             0             0
 PARED              0             0             0             0             0
 PGSPAREN           0             0             0             0             0
 PGSPEER            0             0             0             0             0
 PGSSCHOO           0             0             0             0             0
 PGSNEIGH           0             0             0             0             0
 PGSAGE             0             0             0             0             0
 PGSSEX             0             0             0             0             0
 PGSINC             0             0             0             0             0
 PGSPARED           0             0             0             0             0
 PGSSINGP           0             0             0             0             0
 SINGLE_P           0             0             0             0             0
 SUB_HI_D           0             0             0             0             0
 SUB_LO_D           0             0             0             0             0
 ASB_HI_D           0             0             0             0             0
 ASB_MOD_           0             0             0             0             0
 ASB_ADO_           0             0             0             0             0


           BETA
              W3ASB         W4ASB#1       W4ASB         W5ASB#1       W5ASB
              ________      ________      ________      ________      ________
 W1ASB#1            0             0             0             0             0
 W1ASB              0             0             0             0             0
 W2ASB#1            0             0             0             0             0
 W2ASB              0             0             0             0             0
 W3ASB#1            0             0             0             0             0
 W3ASB              0             0             0             0             0
 W4ASB#1            0             0             0             0             0
 W4ASB              0             0             0             0             0
 W5ASB#1            0             0             0             0             0
 W5ASB              0             0             0             0             0
 W1SUB#1            0             0             0             0             0
 W1SUB              0             0             0             0             0
 W2SUB#1            0             0             0             0             0
 W2SUB              0             0             0             0             0
 W3SUB#1            0             0             0             0             0
 W3SUB              0             0             0             0             0
 W4SUB#1            0             0             0             0             0
 W4SUB              0             0             0             0             0
 W5SUB#1            0             0             0             0             0
 W5SUB              0             0             0             0             0
 PARENT             0             0             0             0             0
 PEER               0             0             0             0             0
 SCHOOL             0             0             0             0             0
 NEIGHBOR           0             0             0             0             0
 PGS                0             0             0             0             0
 AGE                0             0             0             0             0
 SEX                0             0             0             0             0
 INCOME             0             0             0             0             0
 PARED              0             0             0             0             0
 PGSPAREN           0             0             0             0             0
 PGSPEER            0             0             0             0             0
 PGSSCHOO           0             0             0             0             0
 PGSNEIGH           0             0             0             0             0
 PGSAGE             0             0             0             0             0
 PGSSEX             0             0             0             0             0
 PGSINC             0             0             0             0             0
 PGSPARED           0             0             0             0             0
 PGSSINGP           0             0             0             0             0
 SINGLE_P           0             0             0             0             0
 SUB_HI_D           0             0             0             0             0
 SUB_LO_D           0             0             0             0             0
 ASB_HI_D           0             0             0             0             0
 ASB_MOD_           0             0             0             0             0
 ASB_ADO_           0             0             0             0             0


           BETA
              W1SUB#1       W1SUB         W2SUB#1       W2SUB         W3SUB#1
              ________      ________      ________      ________      ________
 W1ASB#1            0             0             0             0             0
 W1ASB              0             0             0             0             0
 W2ASB#1            0             0             0             0             0
 W2ASB              0             0             0             0             0
 W3ASB#1            0             0             0             0             0
 W3ASB              0             0             0             0             0
 W4ASB#1            0             0             0             0             0
 W4ASB              0             0             0             0             0
 W5ASB#1            0             0             0             0             0
 W5ASB              0             0             0             0             0
 W1SUB#1            0             0             0             0             0
 W1SUB              0             0             0             0             0
 W2SUB#1            0             0             0             0             0
 W2SUB              0             0             0             0             0
 W3SUB#1            0             0             0             0             0
 W3SUB              0             0             0             0             0
 W4SUB#1            0             0             0             0             0
 W4SUB              0             0             0             0             0
 W5SUB#1            0             0             0             0             0
 W5SUB              0             0             0             0             0
 PARENT             0             0             0             0             0
 PEER               0             0             0             0             0
 SCHOOL             0             0             0             0             0
 NEIGHBOR           0             0             0             0             0
 PGS                0             0             0             0             0
 AGE                0             0             0             0             0
 SEX                0             0             0             0             0
 INCOME             0             0             0             0             0
 PARED              0             0             0             0             0
 PGSPAREN           0             0             0             0             0
 PGSPEER            0             0             0             0             0
 PGSSCHOO           0             0             0             0             0
 PGSNEIGH           0             0             0             0             0
 PGSAGE             0             0             0             0             0
 PGSSEX             0             0             0             0             0
 PGSINC             0             0             0             0             0
 PGSPARED           0             0             0             0             0
 PGSSINGP           0             0             0             0             0
 SINGLE_P           0             0             0             0             0
 SUB_HI_D           0             0             0             0             0
 SUB_LO_D           0             0             0             0             0
 ASB_HI_D           0             0             0             0             0
 ASB_MOD_           0             0             0             0             0
 ASB_ADO_           0             0             0             0             0


           BETA
              W3SUB         W4SUB#1       W4SUB         W5SUB#1       W5SUB
              ________      ________      ________      ________      ________
 W1ASB#1            0             0             0             0             0
 W1ASB              0             0             0             0             0
 W2ASB#1            0             0             0             0             0
 W2ASB              0             0             0             0             0
 W3ASB#1            0             0             0             0             0
 W3ASB              0             0             0             0             0
 W4ASB#1            0             0             0             0             0
 W4ASB              0             0             0             0             0
 W5ASB#1            0             0             0             0             0
 W5ASB              0             0             0             0             0
 W1SUB#1            0             0             0             0             0
 W1SUB              0             0             0             0             0
 W2SUB#1            0             0             0             0             0
 W2SUB              0             0             0             0             0
 W3SUB#1            0             0             0             0             0
 W3SUB              0             0             0             0             0
 W4SUB#1            0             0             0             0             0
 W4SUB              0             0             0             0             0
 W5SUB#1            0             0             0             0             0
 W5SUB              0             0             0             0             0
 PARENT             0             0             0             0             0
 PEER               0             0             0             0             0
 SCHOOL             0             0             0             0             0
 NEIGHBOR           0             0             0             0             0
 PGS                0             0             0             0             0
 AGE                0             0             0             0             0
 SEX                0             0             0             0             0
 INCOME             0             0             0             0             0
 PARED              0             0             0             0             0
 PGSPAREN           0             0             0             0             0
 PGSPEER            0             0             0             0             0
 PGSSCHOO           0             0             0             0             0
 PGSNEIGH           0             0             0             0             0
 PGSAGE             0             0             0             0             0
 PGSSEX             0             0             0             0             0
 PGSINC             0             0             0             0             0
 PGSPARED           0             0             0             0             0
 PGSSINGP           0             0             0             0             0
 SINGLE_P           0             0             0             0             0
 SUB_HI_D           0             0             0             0             0
 SUB_LO_D           0             0             0             0             0
 ASB_HI_D           0             0             0             0             0
 ASB_MOD_           0             0             0             0             0
 ASB_ADO_           0             0             0             0             0


           BETA
              PARENT        PEER          SCHOOL        NEIGHBOR      PGS
              ________      ________      ________      ________      ________
 W1ASB#1            0             0             0             0             0
 W1ASB             30            31            32            33            34
 W2ASB#1            0             0             0             0             0
 W2ASB             51            52            53            54            55
 W3ASB#1            0             0             0             0             0
 W3ASB             72            73            74            75            76
 W4ASB#1            0             0             0             0             0
 W4ASB             93            94            95            96            97
 W5ASB#1            0             0             0             0             0
 W5ASB            114           115           116           117           118
 W1SUB#1            0             0             0             0             0
 W1SUB            135           136           137           138           139
 W2SUB#1            0             0             0             0             0
 W2SUB            157           158           159           160           161
 W3SUB#1            0             0             0             0             0
 W3SUB            179           180           181           182           183
 W4SUB#1            0             0             0             0             0
 W4SUB            201           202           203           204           205
 W5SUB#1            0             0             0             0             0
 W5SUB            223           224           225           226           227
 PARENT             0             0             0             0           245
 PEER               0             0             0             0           251
 SCHOOL             0             0             0             0           257
 NEIGHBOR           0             0             0             0           263
 PGS                0             0             0             0             0
 AGE                0             0             0             0             0
 SEX                0             0             0             0             0
 INCOME             0             0             0             0             0
 PARED              0             0             0             0             0
 PGSPAREN           0             0             0             0             0
 PGSPEER            0             0             0             0             0
 PGSSCHOO           0             0             0             0             0
 PGSNEIGH           0             0             0             0             0
 PGSAGE             0             0             0             0             0
 PGSSEX             0             0             0             0             0
 PGSINC             0             0             0             0             0
 PGSPARED           0             0             0             0             0
 PGSSINGP           0             0             0             0             0
 SINGLE_P           0             0             0             0             0
 SUB_HI_D           0             0             0             0             0
 SUB_LO_D           0             0             0             0             0
 ASB_HI_D           0             0             0             0             0
 ASB_MOD_           0             0             0             0             0
 ASB_ADO_           0             0             0             0             0


           BETA
              AGE           SEX           INCOME        PARED         PGSPAREN
              ________      ________      ________      ________      ________
 W1ASB#1            0             0             0             0             0
 W1ASB             35            36            37            38            39
 W2ASB#1            0             0             0             0             0
 W2ASB             56            57            58            59            60
 W3ASB#1            0             0             0             0             0
 W3ASB             77            78            79            80            81
 W4ASB#1            0             0             0             0             0
 W4ASB             98            99           100           101           102
 W5ASB#1            0             0             0             0             0
 W5ASB            119           120           121           122           123
 W1SUB#1            0             0             0             0             0
 W1SUB            140           141           142           143           144
 W2SUB#1            0             0             0             0             0
 W2SUB            162           163           164           165           166
 W3SUB#1            0             0             0             0             0
 W3SUB            184           185           186           187           188
 W4SUB#1            0             0             0             0             0
 W4SUB            206           207           208           209           210
 W5SUB#1            0             0             0             0             0
 W5SUB            228           229           230           231           232
 PARENT           246           247           248           249             0
 PEER             252           253           254           255             0
 SCHOOL           258           259           260           261             0
 NEIGHBOR         264           265           266           267             0
 PGS                0             0             0             0             0
 AGE                0             0             0             0             0
 SEX                0             0             0             0             0
 INCOME             0             0             0             0             0
 PARED              0             0             0             0             0
 PGSPAREN           0             0             0             0             0
 PGSPEER            0             0             0             0             0
 PGSSCHOO           0             0             0             0             0
 PGSNEIGH           0             0             0             0             0
 PGSAGE             0             0             0             0             0
 PGSSEX             0             0             0             0             0
 PGSINC             0             0             0             0             0
 PGSPARED           0             0             0             0             0
 PGSSINGP           0             0             0             0             0
 SINGLE_P           0             0             0             0             0
 SUB_HI_D           0             0             0             0             0
 SUB_LO_D           0             0             0             0             0
 ASB_HI_D           0             0             0             0             0
 ASB_MOD_           0             0             0             0             0
 ASB_ADO_           0             0             0             0             0


           BETA
              PGSPEER       PGSSCHOO      PGSNEIGH      PGSAGE        PGSSEX
              ________      ________      ________      ________      ________
 W1ASB#1            0             0             0             0             0
 W1ASB             40            41            42            43            44
 W2ASB#1            0             0             0             0             0
 W2ASB             61            62            63            64            65
 W3ASB#1            0             0             0             0             0
 W3ASB             82            83            84            85            86
 W4ASB#1            0             0             0             0             0
 W4ASB            103           104           105           106           107
 W5ASB#1            0             0             0             0             0
 W5ASB            124           125           126           127           128
 W1SUB#1            0             0             0             0             0
 W1SUB            145           146           147           148           149
 W2SUB#1            0             0             0             0             0
 W2SUB            167           168           169           170           171
 W3SUB#1            0             0             0             0             0
 W3SUB            189           190           191           192           193
 W4SUB#1            0             0             0             0             0
 W4SUB            211           212           213           214           215
 W5SUB#1            0             0             0             0             0
 W5SUB            233           234           235           236           237
 PARENT             0             0             0             0             0
 PEER               0             0             0             0             0
 SCHOOL             0             0             0             0             0
 NEIGHBOR           0             0             0             0             0
 PGS                0             0             0             0             0
 AGE                0             0             0             0             0
 SEX                0             0             0             0             0
 INCOME             0             0             0             0             0
 PARED              0             0             0             0             0
 PGSPAREN           0             0             0             0             0
 PGSPEER            0             0             0             0             0
 PGSSCHOO           0             0             0             0             0
 PGSNEIGH           0             0             0             0             0
 PGSAGE             0             0             0             0             0
 PGSSEX             0             0             0             0             0
 PGSINC             0             0             0             0             0
 PGSPARED           0             0             0             0             0
 PGSSINGP           0             0             0             0             0
 SINGLE_P           0             0             0             0             0
 SUB_HI_D           0             0             0             0             0
 SUB_LO_D           0             0             0             0             0
 ASB_HI_D           0             0             0             0             0
 ASB_MOD_           0             0             0             0             0
 ASB_ADO_           0             0             0             0             0


           BETA
              PGSINC        PGSPARED      PGSSINGP      SINGLE_P      SUB_HI_D
              ________      ________      ________      ________      ________
 W1ASB#1            0             0             0             0             0
 W1ASB             45            46            47            48            49
 W2ASB#1            0             0             0             0             0
 W2ASB             66            67            68            69            70
 W3ASB#1            0             0             0             0             0
 W3ASB             87            88            89            90            91
 W4ASB#1            0             0             0             0             0
 W4ASB            108           109           110           111           112
 W5ASB#1            0             0             0             0             0
 W5ASB            129           130           131           132           133
 W1SUB#1            0             0             0             0             0
 W1SUB            150           151           152           153             0
 W2SUB#1            0             0             0             0             0
 W2SUB            172           173           174           175             0
 W3SUB#1            0             0             0             0             0
 W3SUB            194           195           196           197             0
 W4SUB#1            0             0             0             0             0
 W4SUB            216           217           218           219             0
 W5SUB#1            0             0             0             0             0
 W5SUB            238           239           240           241             0
 PARENT             0             0             0           250             0
 PEER               0             0             0           256             0
 SCHOOL             0             0             0           262             0
 NEIGHBOR           0             0             0           268             0
 PGS                0             0             0             0             0
 AGE                0             0             0             0             0
 SEX                0             0             0             0             0
 INCOME             0             0             0             0             0
 PARED              0             0             0             0             0
 PGSPAREN           0             0             0             0             0
 PGSPEER            0             0             0             0             0
 PGSSCHOO           0             0             0             0             0
 PGSNEIGH           0             0             0             0             0
 PGSAGE             0             0             0             0             0
 PGSSEX             0             0             0             0             0
 PGSINC             0             0             0             0             0
 PGSPARED           0             0             0             0             0
 PGSSINGP           0             0             0             0             0
 SINGLE_P           0             0             0             0             0
 SUB_HI_D           0             0             0             0             0
 SUB_LO_D           0             0             0             0             0
 ASB_HI_D           0             0             0             0             0
 ASB_MOD_           0             0             0             0             0
 ASB_ADO_           0             0             0             0             0


           BETA
              SUB_LO_D      ASB_HI_D      ASB_MOD_      ASB_ADO_
              ________      ________      ________      ________
 W1ASB#1            0             0             0             0
 W1ASB             50             0             0             0
 W2ASB#1            0             0             0             0
 W2ASB             71             0             0             0
 W3ASB#1            0             0             0             0
 W3ASB             92             0             0             0
 W4ASB#1            0             0             0             0
 W4ASB            113             0             0             0
 W5ASB#1            0             0             0             0
 W5ASB            134             0             0             0
 W1SUB#1            0             0             0             0
 W1SUB              0           154           155           156
 W2SUB#1            0             0             0             0
 W2SUB              0           176           177           178
 W3SUB#1            0             0             0             0
 W3SUB              0           198           199           200
 W4SUB#1            0             0             0             0
 W4SUB              0           220           221           222
 W5SUB#1            0             0             0             0
 W5SUB              0           242           243           244
 PARENT             0             0             0             0
 PEER               0             0             0             0
 SCHOOL             0             0             0             0
 NEIGHBOR           0             0             0             0
 PGS                0             0             0             0
 AGE                0             0             0             0
 SEX                0             0             0             0
 INCOME             0             0             0             0
 PARED              0             0             0             0
 PGSPAREN           0             0             0             0
 PGSPEER            0             0             0             0
 PGSSCHOO           0             0             0             0
 PGSNEIGH           0             0             0             0
 PGSAGE             0             0             0             0
 PGSSEX             0             0             0             0
 PGSINC             0             0             0             0
 PGSPARED           0             0             0             0
 PGSSINGP           0             0             0             0
 SINGLE_P           0             0             0             0
 SUB_HI_D           0             0             0             0
 SUB_LO_D           0             0             0             0
 ASB_HI_D           0             0             0             0
 ASB_MOD_           0             0             0             0
 ASB_ADO_           0             0             0             0


           PSI
              W1ASB#1       W1ASB         W2ASB#1       W2ASB         W3ASB#1
              ________      ________      ________      ________      ________
 W1ASB#1            0
 W1ASB              0             0
 W2ASB#1            0             0             0
 W2ASB              0             0             0             0
 W3ASB#1            0             0             0             0             0
 W3ASB              0             0             0             0             0
 W4ASB#1            0             0             0             0             0
 W4ASB              0             0             0             0             0
 W5ASB#1            0             0             0             0             0
 W5ASB              0             0             0             0             0
 W1SUB#1            0             0             0             0             0
 W1SUB              0             0             0             0             0
 W2SUB#1            0             0             0             0             0
 W2SUB              0             0             0             0             0
 W3SUB#1            0             0             0             0             0
 W3SUB              0             0             0             0             0
 W4SUB#1            0             0             0             0             0
 W4SUB              0             0             0             0             0
 W5SUB#1            0             0             0             0             0
 W5SUB              0             0             0             0             0
 PARENT             0             0             0             0             0
 PEER               0             0             0             0             0
 SCHOOL             0             0             0             0             0
 NEIGHBOR           0             0             0             0             0
 PGS                0             0             0             0             0
 AGE                0             0             0             0             0
 SEX                0             0             0             0             0
 INCOME             0             0             0             0             0
 PARED              0             0             0             0             0
 PGSPAREN           0             0             0             0             0
 PGSPEER            0             0             0             0             0
 PGSSCHOO           0             0             0             0             0
 PGSNEIGH           0             0             0             0             0
 PGSAGE             0             0             0             0             0
 PGSSEX             0             0             0             0             0
 PGSINC             0             0             0             0             0
 PGSPARED           0             0             0             0             0
 PGSSINGP           0             0             0             0             0
 SINGLE_P           0             0             0             0             0
 SUB_HI_D           0             0             0             0             0
 SUB_LO_D           0             0             0             0             0
 ASB_HI_D           0             0             0             0             0
 ASB_MOD_           0             0             0             0             0
 ASB_ADO_           0             0             0             0             0


           PSI
              W3ASB         W4ASB#1       W4ASB         W5ASB#1       W5ASB
              ________      ________      ________      ________      ________
 W3ASB              0
 W4ASB#1            0             0
 W4ASB              0             0             0
 W5ASB#1            0             0             0             0
 W5ASB              0             0             0             0             0
 W1SUB#1            0             0             0             0             0
 W1SUB              0             0             0             0             0
 W2SUB#1            0             0             0             0             0
 W2SUB              0             0             0             0             0
 W3SUB#1            0             0             0             0             0
 W3SUB              0             0             0             0             0
 W4SUB#1            0             0             0             0             0
 W4SUB              0             0             0             0             0
 W5SUB#1            0             0             0             0             0
 W5SUB              0             0             0             0             0
 PARENT             0             0             0             0             0
 PEER               0             0             0             0             0
 SCHOOL             0             0             0             0             0
 NEIGHBOR           0             0             0             0             0
 PGS                0             0             0             0             0
 AGE                0             0             0             0             0
 SEX                0             0             0             0             0
 INCOME             0             0             0             0             0
 PARED              0             0             0             0             0
 PGSPAREN           0             0             0             0             0
 PGSPEER            0             0             0             0             0
 PGSSCHOO           0             0             0             0             0
 PGSNEIGH           0             0             0             0             0
 PGSAGE             0             0             0             0             0
 PGSSEX             0             0             0             0             0
 PGSINC             0             0             0             0             0
 PGSPARED           0             0             0             0             0
 PGSSINGP           0             0             0             0             0
 SINGLE_P           0             0             0             0             0
 SUB_HI_D           0             0             0             0             0
 SUB_LO_D           0             0             0             0             0
 ASB_HI_D           0             0             0             0             0
 ASB_MOD_           0             0             0             0             0
 ASB_ADO_           0             0             0             0             0


           PSI
              W1SUB#1       W1SUB         W2SUB#1       W2SUB         W3SUB#1
              ________      ________      ________      ________      ________
 W1SUB#1            0
 W1SUB              0             0
 W2SUB#1            0             0             0
 W2SUB              0             0             0             0
 W3SUB#1            0             0             0             0             0
 W3SUB              0             0             0             0             0
 W4SUB#1            0             0             0             0             0
 W4SUB              0             0             0             0             0
 W5SUB#1            0             0             0             0             0
 W5SUB              0             0             0             0             0
 PARENT             0             0             0             0             0
 PEER               0             0             0             0             0
 SCHOOL             0             0             0             0             0
 NEIGHBOR           0             0             0             0             0
 PGS                0             0             0             0             0
 AGE                0             0             0             0             0
 SEX                0             0             0             0             0
 INCOME             0             0             0             0             0
 PARED              0             0             0             0             0
 PGSPAREN           0             0             0             0             0
 PGSPEER            0             0             0             0             0
 PGSSCHOO           0             0             0             0             0
 PGSNEIGH           0             0             0             0             0
 PGSAGE             0             0             0             0             0
 PGSSEX             0             0             0             0             0
 PGSINC             0             0             0             0             0
 PGSPARED           0             0             0             0             0
 PGSSINGP           0             0             0             0             0
 SINGLE_P           0             0             0             0             0
 SUB_HI_D           0             0             0             0             0
 SUB_LO_D           0             0             0             0             0
 ASB_HI_D           0             0             0             0             0
 ASB_MOD_           0             0             0             0             0
 ASB_ADO_           0             0             0             0             0


           PSI
              W3SUB         W4SUB#1       W4SUB         W5SUB#1       W5SUB
              ________      ________      ________      ________      ________
 W3SUB              0
 W4SUB#1            0             0
 W4SUB              0             0             0
 W5SUB#1            0             0             0             0
 W5SUB              0             0             0             0             0
 PARENT             0             0             0             0             0
 PEER               0             0             0             0             0
 SCHOOL             0             0             0             0             0
 NEIGHBOR           0             0             0             0             0
 PGS                0             0             0             0             0
 AGE                0             0             0             0             0
 SEX                0             0             0             0             0
 INCOME             0             0             0             0             0
 PARED              0             0             0             0             0
 PGSPAREN           0             0             0             0             0
 PGSPEER            0             0             0             0             0
 PGSSCHOO           0             0             0             0             0
 PGSNEIGH           0             0             0             0             0
 PGSAGE             0             0             0             0             0
 PGSSEX             0             0             0             0             0
 PGSINC             0             0             0             0             0
 PGSPARED           0             0             0             0             0
 PGSSINGP           0             0             0             0             0
 SINGLE_P           0             0             0             0             0
 SUB_HI_D           0             0             0             0             0
 SUB_LO_D           0             0             0             0             0
 ASB_HI_D           0             0             0             0             0
 ASB_MOD_           0             0             0             0             0
 ASB_ADO_           0             0             0             0             0


           PSI
              PARENT        PEER          SCHOOL        NEIGHBOR      PGS
              ________      ________      ________      ________      ________
 PARENT           269
 PEER             270           271
 SCHOOL           272           273           274
 NEIGHBOR         275           276           277           278
 PGS                0             0             0             0           279
 AGE                0             0             0             0           280
 SEX                0             0             0             0           282
 INCOME             0             0             0             0           285
 PARED              0             0             0             0           289
 PGSPAREN           0             0             0             0           294
 PGSPEER            0             0             0             0           300
 PGSSCHOO           0             0             0             0           307
 PGSNEIGH           0             0             0             0           315
 PGSAGE             0             0             0             0           324
 PGSSEX             0             0             0             0           334
 PGSINC             0             0             0             0           345
 PGSPARED           0             0             0             0           357
 PGSSINGP           0             0             0             0           370
 SINGLE_P           0             0             0             0           384
 SUB_HI_D           0             0             0             0             0
 SUB_LO_D           0             0             0             0             0
 ASB_HI_D           0             0             0             0             0
 ASB_MOD_           0             0             0             0             0
 ASB_ADO_           0             0             0             0             0


           PSI
              AGE           SEX           INCOME        PARED         PGSPAREN
              ________      ________      ________      ________      ________
 AGE              281
 SEX              283           284
 INCOME           286           287           288
 PARED            290           291           292           293
 PGSPAREN         295           296           297           298           299
 PGSPEER          301           302           303           304           305
 PGSSCHOO         308           309           310           311           312
 PGSNEIGH         316           317           318           319           320
 PGSAGE           325           326           327           328           329
 PGSSEX           335           336           337           338           339
 PGSINC           346           347           348           349           350
 PGSPARED         358           359           360           361           362
 PGSSINGP         371           372           373           374           375
 SINGLE_P         385           386           387           388           389
 SUB_HI_D           0             0             0             0             0
 SUB_LO_D           0             0             0             0             0
 ASB_HI_D           0             0             0             0             0
 ASB_MOD_           0             0             0             0             0
 ASB_ADO_           0             0             0             0             0


           PSI
              PGSPEER       PGSSCHOO      PGSNEIGH      PGSAGE        PGSSEX
              ________      ________      ________      ________      ________
 PGSPEER          306
 PGSSCHOO         313           314
 PGSNEIGH         321           322           323
 PGSAGE           330           331           332           333
 PGSSEX           340           341           342           343           344
 PGSINC           351           352           353           354           355
 PGSPARED         363           364           365           366           367
 PGSSINGP         376           377           378           379           380
 SINGLE_P         390           391           392           393           394
 SUB_HI_D           0             0             0             0             0
 SUB_LO_D           0             0             0             0             0
 ASB_HI_D           0             0             0             0             0
 ASB_MOD_           0             0             0             0             0
 ASB_ADO_           0             0             0             0             0


           PSI
              PGSINC        PGSPARED      PGSSINGP      SINGLE_P      SUB_HI_D
              ________      ________      ________      ________      ________
 PGSINC           356
 PGSPARED         368           369
 PGSSINGP         381           382           383
 SINGLE_P         395           396           397           398
 SUB_HI_D           0             0             0             0             0
 SUB_LO_D           0             0             0             0             0
 ASB_HI_D           0             0             0             0             0
 ASB_MOD_           0             0             0             0             0
 ASB_ADO_           0             0             0             0             0


           PSI
              SUB_LO_D      ASB_HI_D      ASB_MOD_      ASB_ADO_
              ________      ________      ________      ________
 SUB_LO_D           0
 ASB_HI_D           0             0
 ASB_MOD_           0             0             0
 ASB_ADO_           0             0             0             0


     PARAMETER SPECIFICATION FOR THE ADDITIONAL PARAMETERS


           NEW/ADDITIONAL PARAMETERS
              INDASB11      INDASB12      INDASB13      INDASB14      TOTALASB
              ________      ________      ________      ________      ________
 1                399           400           401           402           403


           NEW/ADDITIONAL PARAMETERS
              INDASB21      INDASB22      INDASB23      INDASB24      INDASB31
              ________      ________      ________      ________      ________
 1                404           405           406           407           408


           NEW/ADDITIONAL PARAMETERS
              INDASB32      INDASB33      INDASB34      INDASB41      INDASB42
              ________      ________      ________      ________      ________
 1                409           410           411           412           413


           NEW/ADDITIONAL PARAMETERS
              INDASB43      INDASB44      INDASB51      INDASB52      INDASB53
              ________      ________      ________      ________      ________
 1                414           415           416           417           418


           NEW/ADDITIONAL PARAMETERS
              INDASB54      INDSUB11      INDSUB12      INDSUB13      INDSUB14
              ________      ________      ________      ________      ________
 1                419           420           421           422           423


           NEW/ADDITIONAL PARAMETERS
              TOTALSUB      INDSUB21      INDSUB22      INDSUB23      INDSUB24
              ________      ________      ________      ________      ________
 1                424           425           426           427           428


           NEW/ADDITIONAL PARAMETERS
              INDSUB31      INDSUB32      INDSUB33      INDSUB34      INDSUB41
              ________      ________      ________      ________      ________
 1                429           430           431           432           433


           NEW/ADDITIONAL PARAMETERS
              INDSUB42      INDSUB43      INDSUB44      INDSUB51      INDSUB52
              ________      ________      ________      ________      ________
 1                434           435           436           437           438


           NEW/ADDITIONAL PARAMETERS
              INDSUB53      INDSUB54
              ________      ________
 1                439           440           441           442           443


           NEW/ADDITIONAL PARAMETERS
 1                444           445           446           447           448


     STARTING VALUES


           NU
              W1ASB#1       W1ASB         W2ASB#1       W2ASB         W3ASB#1
              ________      ________      ________      ________      ________
 1              0.000         0.000         0.000         0.000         0.000


           NU
              W3ASB         W4ASB#1       W4ASB         W5ASB#1       W5ASB
              ________      ________      ________      ________      ________
 1              0.000         0.000         0.000         0.000         0.000


           NU
              W1SUB#1       W1SUB         W2SUB#1       W2SUB         W3SUB#1
              ________      ________      ________      ________      ________
 1              0.000         0.000         0.000         0.000         0.000


           NU
              W3SUB         W4SUB#1       W4SUB         W5SUB#1       W5SUB
              ________      ________      ________      ________      ________
 1              0.000         0.000         0.000         0.000         0.000


           NU
              PARENT        PEER          SCHOOL        NEIGHBOR      PGS
              ________      ________      ________      ________      ________
 1              0.000         0.000         0.000         0.000         0.000


           NU
              AGE           SEX           INCOME        PARED         PGSPAREN
              ________      ________      ________      ________      ________
 1              0.000         0.000         0.000         0.000         0.000


           NU
              PGSPEER       PGSSCHOO      PGSNEIGH      PGSAGE        PGSSEX
              ________      ________      ________      ________      ________
 1              0.000         0.000         0.000         0.000         0.000


           NU
              PGSINC        PGSPARED      PGSSINGP      SINGLE_P      SUB_HI_D
              ________      ________      ________      ________      ________
 1              0.000         0.000         0.000         0.000         0.000


           NU
              SUB_LO_D      ASB_HI_D      ASB_MOD_      ASB_ADO_
              ________      ________      ________      ________
 1              0.000         0.000         0.000         0.000


           LAMBDA
              W1ASB#1       W1ASB         W2ASB#1       W2ASB         W3ASB#1
              ________      ________      ________      ________      ________
 W1ASB#1        1.000         0.000         0.000         0.000         0.000
 W1ASB          0.000         1.000         0.000         0.000         0.000
 W2ASB#1        0.000         0.000         1.000         0.000         0.000
 W2ASB          0.000         0.000         0.000         1.000         0.000
 W3ASB#1        0.000         0.000         0.000         0.000         1.000
 W3ASB          0.000         0.000         0.000         0.000         0.000
 W4ASB#1        0.000         0.000         0.000         0.000         0.000
 W4ASB          0.000         0.000         0.000         0.000         0.000
 W5ASB#1        0.000         0.000         0.000         0.000         0.000
 W5ASB          0.000         0.000         0.000         0.000         0.000
 W1SUB#1        0.000         0.000         0.000         0.000         0.000
 W1SUB          0.000         0.000         0.000         0.000         0.000
 W2SUB#1        0.000         0.000         0.000         0.000         0.000
 W2SUB          0.000         0.000         0.000         0.000         0.000
 W3SUB#1        0.000         0.000         0.000         0.000         0.000
 W3SUB          0.000         0.000         0.000         0.000         0.000
 W4SUB#1        0.000         0.000         0.000         0.000         0.000
 W4SUB          0.000         0.000         0.000         0.000         0.000
 W5SUB#1        0.000         0.000         0.000         0.000         0.000
 W5SUB          0.000         0.000         0.000         0.000         0.000
 PARENT         0.000         0.000         0.000         0.000         0.000
 PEER           0.000         0.000         0.000         0.000         0.000
 SCHOOL         0.000         0.000         0.000         0.000         0.000
 NEIGHBOR       0.000         0.000         0.000         0.000         0.000
 PGS            0.000         0.000         0.000         0.000         0.000
 AGE            0.000         0.000         0.000         0.000         0.000
 SEX            0.000         0.000         0.000         0.000         0.000
 INCOME         0.000         0.000         0.000         0.000         0.000
 PARED          0.000         0.000         0.000         0.000         0.000
 PGSPAREN       0.000         0.000         0.000         0.000         0.000
 PGSPEER        0.000         0.000         0.000         0.000         0.000
 PGSSCHOO       0.000         0.000         0.000         0.000         0.000
 PGSNEIGH       0.000         0.000         0.000         0.000         0.000
 PGSAGE         0.000         0.000         0.000         0.000         0.000
 PGSSEX         0.000         0.000         0.000         0.000         0.000
 PGSINC         0.000         0.000         0.000         0.000         0.000
 PGSPARED       0.000         0.000         0.000         0.000         0.000
 PGSSINGP       0.000         0.000         0.000         0.000         0.000
 SINGLE_P       0.000         0.000         0.000         0.000         0.000
 SUB_HI_D       0.000         0.000         0.000         0.000         0.000
 SUB_LO_D       0.000         0.000         0.000         0.000         0.000
 ASB_HI_D       0.000         0.000         0.000         0.000         0.000
 ASB_MOD_       0.000         0.000         0.000         0.000         0.000
 ASB_ADO_       0.000         0.000         0.000         0.000         0.000


           LAMBDA
              W3ASB         W4ASB#1       W4ASB         W5ASB#1       W5ASB
              ________      ________      ________      ________      ________
 W1ASB#1        0.000         0.000         0.000         0.000         0.000
 W1ASB          0.000         0.000         0.000         0.000         0.000
 W2ASB#1        0.000         0.000         0.000         0.000         0.000
 W2ASB          0.000         0.000         0.000         0.000         0.000
 W3ASB#1        0.000         0.000         0.000         0.000         0.000
 W3ASB          1.000         0.000         0.000         0.000         0.000
 W4ASB#1        0.000         1.000         0.000         0.000         0.000
 W4ASB          0.000         0.000         1.000         0.000         0.000
 W5ASB#1        0.000         0.000         0.000         1.000         0.000
 W5ASB          0.000         0.000         0.000         0.000         1.000
 W1SUB#1        0.000         0.000         0.000         0.000         0.000
 W1SUB          0.000         0.000         0.000         0.000         0.000
 W2SUB#1        0.000         0.000         0.000         0.000         0.000
 W2SUB          0.000         0.000         0.000         0.000         0.000
 W3SUB#1        0.000         0.000         0.000         0.000         0.000
 W3SUB          0.000         0.000         0.000         0.000         0.000
 W4SUB#1        0.000         0.000         0.000         0.000         0.000
 W4SUB          0.000         0.000         0.000         0.000         0.000
 W5SUB#1        0.000         0.000         0.000         0.000         0.000
 W5SUB          0.000         0.000         0.000         0.000         0.000
 PARENT         0.000         0.000         0.000         0.000         0.000
 PEER           0.000         0.000         0.000         0.000         0.000
 SCHOOL         0.000         0.000         0.000         0.000         0.000
 NEIGHBOR       0.000         0.000         0.000         0.000         0.000
 PGS            0.000         0.000         0.000         0.000         0.000
 AGE            0.000         0.000         0.000         0.000         0.000
 SEX            0.000         0.000         0.000         0.000         0.000
 INCOME         0.000         0.000         0.000         0.000         0.000
 PARED          0.000         0.000         0.000         0.000         0.000
 PGSPAREN       0.000         0.000         0.000         0.000         0.000
 PGSPEER        0.000         0.000         0.000         0.000         0.000
 PGSSCHOO       0.000         0.000         0.000         0.000         0.000
 PGSNEIGH       0.000         0.000         0.000         0.000         0.000
 PGSAGE         0.000         0.000         0.000         0.000         0.000
 PGSSEX         0.000         0.000         0.000         0.000         0.000
 PGSINC         0.000         0.000         0.000         0.000         0.000
 PGSPARED       0.000         0.000         0.000         0.000         0.000
 PGSSINGP       0.000         0.000         0.000         0.000         0.000
 SINGLE_P       0.000         0.000         0.000         0.000         0.000
 SUB_HI_D       0.000         0.000         0.000         0.000         0.000
 SUB_LO_D       0.000         0.000         0.000         0.000         0.000
 ASB_HI_D       0.000         0.000         0.000         0.000         0.000
 ASB_MOD_       0.000         0.000         0.000         0.000         0.000
 ASB_ADO_       0.000         0.000         0.000         0.000         0.000


           LAMBDA
              W1SUB#1       W1SUB         W2SUB#1       W2SUB         W3SUB#1
              ________      ________      ________      ________      ________
 W1ASB#1        0.000         0.000         0.000         0.000         0.000
 W1ASB          0.000         0.000         0.000         0.000         0.000
 W2ASB#1        0.000         0.000         0.000         0.000         0.000
 W2ASB          0.000         0.000         0.000         0.000         0.000
 W3ASB#1        0.000         0.000         0.000         0.000         0.000
 W3ASB          0.000         0.000         0.000         0.000         0.000
 W4ASB#1        0.000         0.000         0.000         0.000         0.000
 W4ASB          0.000         0.000         0.000         0.000         0.000
 W5ASB#1        0.000         0.000         0.000         0.000         0.000
 W5ASB          0.000         0.000         0.000         0.000         0.000
 W1SUB#1        1.000         0.000         0.000         0.000         0.000
 W1SUB          0.000         1.000         0.000         0.000         0.000
 W2SUB#1        0.000         0.000         1.000         0.000         0.000
 W2SUB          0.000         0.000         0.000         1.000         0.000
 W3SUB#1        0.000         0.000         0.000         0.000         1.000
 W3SUB          0.000         0.000         0.000         0.000         0.000
 W4SUB#1        0.000         0.000         0.000         0.000         0.000
 W4SUB          0.000         0.000         0.000         0.000         0.000
 W5SUB#1        0.000         0.000         0.000         0.000         0.000
 W5SUB          0.000         0.000         0.000         0.000         0.000
 PARENT         0.000         0.000         0.000         0.000         0.000
 PEER           0.000         0.000         0.000         0.000         0.000
 SCHOOL         0.000         0.000         0.000         0.000         0.000
 NEIGHBOR       0.000         0.000         0.000         0.000         0.000
 PGS            0.000         0.000         0.000         0.000         0.000
 AGE            0.000         0.000         0.000         0.000         0.000
 SEX            0.000         0.000         0.000         0.000         0.000
 INCOME         0.000         0.000         0.000         0.000         0.000
 PARED          0.000         0.000         0.000         0.000         0.000
 PGSPAREN       0.000         0.000         0.000         0.000         0.000
 PGSPEER        0.000         0.000         0.000         0.000         0.000
 PGSSCHOO       0.000         0.000         0.000         0.000         0.000
 PGSNEIGH       0.000         0.000         0.000         0.000         0.000
 PGSAGE         0.000         0.000         0.000         0.000         0.000
 PGSSEX         0.000         0.000         0.000         0.000         0.000
 PGSINC         0.000         0.000         0.000         0.000         0.000
 PGSPARED       0.000         0.000         0.000         0.000         0.000
 PGSSINGP       0.000         0.000         0.000         0.000         0.000
 SINGLE_P       0.000         0.000         0.000         0.000         0.000
 SUB_HI_D       0.000         0.000         0.000         0.000         0.000
 SUB_LO_D       0.000         0.000         0.000         0.000         0.000
 ASB_HI_D       0.000         0.000         0.000         0.000         0.000
 ASB_MOD_       0.000         0.000         0.000         0.000         0.000
 ASB_ADO_       0.000         0.000         0.000         0.000         0.000


           LAMBDA
              W3SUB         W4SUB#1       W4SUB         W5SUB#1       W5SUB
              ________      ________      ________      ________      ________
 W1ASB#1        0.000         0.000         0.000         0.000         0.000
 W1ASB          0.000         0.000         0.000         0.000         0.000
 W2ASB#1        0.000         0.000         0.000         0.000         0.000
 W2ASB          0.000         0.000         0.000         0.000         0.000
 W3ASB#1        0.000         0.000         0.000         0.000         0.000
 W3ASB          0.000         0.000         0.000         0.000         0.000
 W4ASB#1        0.000         0.000         0.000         0.000         0.000
 W4ASB          0.000         0.000         0.000         0.000         0.000
 W5ASB#1        0.000         0.000         0.000         0.000         0.000
 W5ASB          0.000         0.000         0.000         0.000         0.000
 W1SUB#1        0.000         0.000         0.000         0.000         0.000
 W1SUB          0.000         0.000         0.000         0.000         0.000
 W2SUB#1        0.000         0.000         0.000         0.000         0.000
 W2SUB          0.000         0.000         0.000         0.000         0.000
 W3SUB#1        0.000         0.000         0.000         0.000         0.000
 W3SUB          1.000         0.000         0.000         0.000         0.000
 W4SUB#1        0.000         1.000         0.000         0.000         0.000
 W4SUB          0.000         0.000         1.000         0.000         0.000
 W5SUB#1        0.000         0.000         0.000         1.000         0.000
 W5SUB          0.000         0.000         0.000         0.000         1.000
 PARENT         0.000         0.000         0.000         0.000         0.000
 PEER           0.000         0.000         0.000         0.000         0.000
 SCHOOL         0.000         0.000         0.000         0.000         0.000
 NEIGHBOR       0.000         0.000         0.000         0.000         0.000
 PGS            0.000         0.000         0.000         0.000         0.000
 AGE            0.000         0.000         0.000         0.000         0.000
 SEX            0.000         0.000         0.000         0.000         0.000
 INCOME         0.000         0.000         0.000         0.000         0.000
 PARED          0.000         0.000         0.000         0.000         0.000
 PGSPAREN       0.000         0.000         0.000         0.000         0.000
 PGSPEER        0.000         0.000         0.000         0.000         0.000
 PGSSCHOO       0.000         0.000         0.000         0.000         0.000
 PGSNEIGH       0.000         0.000         0.000         0.000         0.000
 PGSAGE         0.000         0.000         0.000         0.000         0.000
 PGSSEX         0.000         0.000         0.000         0.000         0.000
 PGSINC         0.000         0.000         0.000         0.000         0.000
 PGSPARED       0.000         0.000         0.000         0.000         0.000
 PGSSINGP       0.000         0.000         0.000         0.000         0.000
 SINGLE_P       0.000         0.000         0.000         0.000         0.000
 SUB_HI_D       0.000         0.000         0.000         0.000         0.000
 SUB_LO_D       0.000         0.000         0.000         0.000         0.000
 ASB_HI_D       0.000         0.000         0.000         0.000         0.000
 ASB_MOD_       0.000         0.000         0.000         0.000         0.000
 ASB_ADO_       0.000         0.000         0.000         0.000         0.000


           LAMBDA
              PARENT        PEER          SCHOOL        NEIGHBOR      PGS
              ________      ________      ________      ________      ________
 W1ASB#1        0.000         0.000         0.000         0.000         0.000
 W1ASB          0.000         0.000         0.000         0.000         0.000
 W2ASB#1        0.000         0.000         0.000         0.000         0.000
 W2ASB          0.000         0.000         0.000         0.000         0.000
 W3ASB#1        0.000         0.000         0.000         0.000         0.000
 W3ASB          0.000         0.000         0.000         0.000         0.000
 W4ASB#1        0.000         0.000         0.000         0.000         0.000
 W4ASB          0.000         0.000         0.000         0.000         0.000
 W5ASB#1        0.000         0.000         0.000         0.000         0.000
 W5ASB          0.000         0.000         0.000         0.000         0.000
 W1SUB#1        0.000         0.000         0.000         0.000         0.000
 W1SUB          0.000         0.000         0.000         0.000         0.000
 W2SUB#1        0.000         0.000         0.000         0.000         0.000
 W2SUB          0.000         0.000         0.000         0.000         0.000
 W3SUB#1        0.000         0.000         0.000         0.000         0.000
 W3SUB          0.000         0.000         0.000         0.000         0.000
 W4SUB#1        0.000         0.000         0.000         0.000         0.000
 W4SUB          0.000         0.000         0.000         0.000         0.000
 W5SUB#1        0.000         0.000         0.000         0.000         0.000
 W5SUB          0.000         0.000         0.000         0.000         0.000
 PARENT         1.000         0.000         0.000         0.000         0.000
 PEER           0.000         1.000         0.000         0.000         0.000
 SCHOOL         0.000         0.000         1.000         0.000         0.000
 NEIGHBOR       0.000         0.000         0.000         1.000         0.000
 PGS            0.000         0.000         0.000         0.000         1.000
 AGE            0.000         0.000         0.000         0.000         0.000
 SEX            0.000         0.000         0.000         0.000         0.000
 INCOME         0.000         0.000         0.000         0.000         0.000
 PARED          0.000         0.000         0.000         0.000         0.000
 PGSPAREN       0.000         0.000         0.000         0.000         0.000
 PGSPEER        0.000         0.000         0.000         0.000         0.000
 PGSSCHOO       0.000         0.000         0.000         0.000         0.000
 PGSNEIGH       0.000         0.000         0.000         0.000         0.000
 PGSAGE         0.000         0.000         0.000         0.000         0.000
 PGSSEX         0.000         0.000         0.000         0.000         0.000
 PGSINC         0.000         0.000         0.000         0.000         0.000
 PGSPARED       0.000         0.000         0.000         0.000         0.000
 PGSSINGP       0.000         0.000         0.000         0.000         0.000
 SINGLE_P       0.000         0.000         0.000         0.000         0.000
 SUB_HI_D       0.000         0.000         0.000         0.000         0.000
 SUB_LO_D       0.000         0.000         0.000         0.000         0.000
 ASB_HI_D       0.000         0.000         0.000         0.000         0.000
 ASB_MOD_       0.000         0.000         0.000         0.000         0.000
 ASB_ADO_       0.000         0.000         0.000         0.000         0.000


           LAMBDA
              AGE           SEX           INCOME        PARED         PGSPAREN
              ________      ________      ________      ________      ________
 W1ASB#1        0.000         0.000         0.000         0.000         0.000
 W1ASB          0.000         0.000         0.000         0.000         0.000
 W2ASB#1        0.000         0.000         0.000         0.000         0.000
 W2ASB          0.000         0.000         0.000         0.000         0.000
 W3ASB#1        0.000         0.000         0.000         0.000         0.000
 W3ASB          0.000         0.000         0.000         0.000         0.000
 W4ASB#1        0.000         0.000         0.000         0.000         0.000
 W4ASB          0.000         0.000         0.000         0.000         0.000
 W5ASB#1        0.000         0.000         0.000         0.000         0.000
 W5ASB          0.000         0.000         0.000         0.000         0.000
 W1SUB#1        0.000         0.000         0.000         0.000         0.000
 W1SUB          0.000         0.000         0.000         0.000         0.000
 W2SUB#1        0.000         0.000         0.000         0.000         0.000
 W2SUB          0.000         0.000         0.000         0.000         0.000
 W3SUB#1        0.000         0.000         0.000         0.000         0.000
 W3SUB          0.000         0.000         0.000         0.000         0.000
 W4SUB#1        0.000         0.000         0.000         0.000         0.000
 W4SUB          0.000         0.000         0.000         0.000         0.000
 W5SUB#1        0.000         0.000         0.000         0.000         0.000
 W5SUB          0.000         0.000         0.000         0.000         0.000
 PARENT         0.000         0.000         0.000         0.000         0.000
 PEER           0.000         0.000         0.000         0.000         0.000
 SCHOOL         0.000         0.000         0.000         0.000         0.000
 NEIGHBOR       0.000         0.000         0.000         0.000         0.000
 PGS            0.000         0.000         0.000         0.000         0.000
 AGE            1.000         0.000         0.000         0.000         0.000
 SEX            0.000         1.000         0.000         0.000         0.000
 INCOME         0.000         0.000         1.000         0.000         0.000
 PARED          0.000         0.000         0.000         1.000         0.000
 PGSPAREN       0.000         0.000         0.000         0.000         1.000
 PGSPEER        0.000         0.000         0.000         0.000         0.000
 PGSSCHOO       0.000         0.000         0.000         0.000         0.000
 PGSNEIGH       0.000         0.000         0.000         0.000         0.000
 PGSAGE         0.000         0.000         0.000         0.000         0.000
 PGSSEX         0.000         0.000         0.000         0.000         0.000
 PGSINC         0.000         0.000         0.000         0.000         0.000
 PGSPARED       0.000         0.000         0.000         0.000         0.000
 PGSSINGP       0.000         0.000         0.000         0.000         0.000
 SINGLE_P       0.000         0.000         0.000         0.000         0.000
 SUB_HI_D       0.000         0.000         0.000         0.000         0.000
 SUB_LO_D       0.000         0.000         0.000         0.000         0.000
 ASB_HI_D       0.000         0.000         0.000         0.000         0.000
 ASB_MOD_       0.000         0.000         0.000         0.000         0.000
 ASB_ADO_       0.000         0.000         0.000         0.000         0.000


           LAMBDA
              PGSPEER       PGSSCHOO      PGSNEIGH      PGSAGE        PGSSEX
              ________      ________      ________      ________      ________
 W1ASB#1        0.000         0.000         0.000         0.000         0.000
 W1ASB          0.000         0.000         0.000         0.000         0.000
 W2ASB#1        0.000         0.000         0.000         0.000         0.000
 W2ASB          0.000         0.000         0.000         0.000         0.000
 W3ASB#1        0.000         0.000         0.000         0.000         0.000
 W3ASB          0.000         0.000         0.000         0.000         0.000
 W4ASB#1        0.000         0.000         0.000         0.000         0.000
 W4ASB          0.000         0.000         0.000         0.000         0.000
 W5ASB#1        0.000         0.000         0.000         0.000         0.000
 W5ASB          0.000         0.000         0.000         0.000         0.000
 W1SUB#1        0.000         0.000         0.000         0.000         0.000
 W1SUB          0.000         0.000         0.000         0.000         0.000
 W2SUB#1        0.000         0.000         0.000         0.000         0.000
 W2SUB          0.000         0.000         0.000         0.000         0.000
 W3SUB#1        0.000         0.000         0.000         0.000         0.000
 W3SUB          0.000         0.000         0.000         0.000         0.000
 W4SUB#1        0.000         0.000         0.000         0.000         0.000
 W4SUB          0.000         0.000         0.000         0.000         0.000
 W5SUB#1        0.000         0.000         0.000         0.000         0.000
 W5SUB          0.000         0.000         0.000         0.000         0.000
 PARENT         0.000         0.000         0.000         0.000         0.000
 PEER           0.000         0.000         0.000         0.000         0.000
 SCHOOL         0.000         0.000         0.000         0.000         0.000
 NEIGHBOR       0.000         0.000         0.000         0.000         0.000
 PGS            0.000         0.000         0.000         0.000         0.000
 AGE            0.000         0.000         0.000         0.000         0.000
 SEX            0.000         0.000         0.000         0.000         0.000
 INCOME         0.000         0.000         0.000         0.000         0.000
 PARED          0.000         0.000         0.000         0.000         0.000
 PGSPAREN       0.000         0.000         0.000         0.000         0.000
 PGSPEER        1.000         0.000         0.000         0.000         0.000
 PGSSCHOO       0.000         1.000         0.000         0.000         0.000
 PGSNEIGH       0.000         0.000         1.000         0.000         0.000
 PGSAGE         0.000         0.000         0.000         1.000         0.000
 PGSSEX         0.000         0.000         0.000         0.000         1.000
 PGSINC         0.000         0.000         0.000         0.000         0.000
 PGSPARED       0.000         0.000         0.000         0.000         0.000
 PGSSINGP       0.000         0.000         0.000         0.000         0.000
 SINGLE_P       0.000         0.000         0.000         0.000         0.000
 SUB_HI_D       0.000         0.000         0.000         0.000         0.000
 SUB_LO_D       0.000         0.000         0.000         0.000         0.000
 ASB_HI_D       0.000         0.000         0.000         0.000         0.000
 ASB_MOD_       0.000         0.000         0.000         0.000         0.000
 ASB_ADO_       0.000         0.000         0.000         0.000         0.000


           LAMBDA
              PGSINC        PGSPARED      PGSSINGP      SINGLE_P      SUB_HI_D
              ________      ________      ________      ________      ________
 W1ASB#1        0.000         0.000         0.000         0.000         0.000
 W1ASB          0.000         0.000         0.000         0.000         0.000
 W2ASB#1        0.000         0.000         0.000         0.000         0.000
 W2ASB          0.000         0.000         0.000         0.000         0.000
 W3ASB#1        0.000         0.000         0.000         0.000         0.000
 W3ASB          0.000         0.000         0.000         0.000         0.000
 W4ASB#1        0.000         0.000         0.000         0.000         0.000
 W4ASB          0.000         0.000         0.000         0.000         0.000
 W5ASB#1        0.000         0.000         0.000         0.000         0.000
 W5ASB          0.000         0.000         0.000         0.000         0.000
 W1SUB#1        0.000         0.000         0.000         0.000         0.000
 W1SUB          0.000         0.000         0.000         0.000         0.000
 W2SUB#1        0.000         0.000         0.000         0.000         0.000
 W2SUB          0.000         0.000         0.000         0.000         0.000
 W3SUB#1        0.000         0.000         0.000         0.000         0.000
 W3SUB          0.000         0.000         0.000         0.000         0.000
 W4SUB#1        0.000         0.000         0.000         0.000         0.000
 W4SUB          0.000         0.000         0.000         0.000         0.000
 W5SUB#1        0.000         0.000         0.000         0.000         0.000
 W5SUB          0.000         0.000         0.000         0.000         0.000
 PARENT         0.000         0.000         0.000         0.000         0.000
 PEER           0.000         0.000         0.000         0.000         0.000
 SCHOOL         0.000         0.000         0.000         0.000         0.000
 NEIGHBOR       0.000         0.000         0.000         0.000         0.000
 PGS            0.000         0.000         0.000         0.000         0.000
 AGE            0.000         0.000         0.000         0.000         0.000
 SEX            0.000         0.000         0.000         0.000         0.000
 INCOME         0.000         0.000         0.000         0.000         0.000
 PARED          0.000         0.000         0.000         0.000         0.000
 PGSPAREN       0.000         0.000         0.000         0.000         0.000
 PGSPEER        0.000         0.000         0.000         0.000         0.000
 PGSSCHOO       0.000         0.000         0.000         0.000         0.000
 PGSNEIGH       0.000         0.000         0.000         0.000         0.000
 PGSAGE         0.000         0.000         0.000         0.000         0.000
 PGSSEX         0.000         0.000         0.000         0.000         0.000
 PGSINC         1.000         0.000         0.000         0.000         0.000
 PGSPARED       0.000         1.000         0.000         0.000         0.000
 PGSSINGP       0.000         0.000         1.000         0.000         0.000
 SINGLE_P       0.000         0.000         0.000         1.000         0.000
 SUB_HI_D       0.000         0.000         0.000         0.000         1.000
 SUB_LO_D       0.000         0.000         0.000         0.000         0.000
 ASB_HI_D       0.000         0.000         0.000         0.000         0.000
 ASB_MOD_       0.000         0.000         0.000         0.000         0.000
 ASB_ADO_       0.000         0.000         0.000         0.000         0.000


           LAMBDA
              SUB_LO_D      ASB_HI_D      ASB_MOD_      ASB_ADO_
              ________      ________      ________      ________
 W1ASB#1        0.000         0.000         0.000         0.000
 W1ASB          0.000         0.000         0.000         0.000
 W2ASB#1        0.000         0.000         0.000         0.000
 W2ASB          0.000         0.000         0.000         0.000
 W3ASB#1        0.000         0.000         0.000         0.000
 W3ASB          0.000         0.000         0.000         0.000
 W4ASB#1        0.000         0.000         0.000         0.000
 W4ASB          0.000         0.000         0.000         0.000
 W5ASB#1        0.000         0.000         0.000         0.000
 W5ASB          0.000         0.000         0.000         0.000
 W1SUB#1        0.000         0.000         0.000         0.000
 W1SUB          0.000         0.000         0.000         0.000
 W2SUB#1        0.000         0.000         0.000         0.000
 W2SUB          0.000         0.000         0.000         0.000
 W3SUB#1        0.000         0.000         0.000         0.000
 W3SUB          0.000         0.000         0.000         0.000
 W4SUB#1        0.000         0.000         0.000         0.000
 W4SUB          0.000         0.000         0.000         0.000
 W5SUB#1        0.000         0.000         0.000         0.000
 W5SUB          0.000         0.000         0.000         0.000
 PARENT         0.000         0.000         0.000         0.000
 PEER           0.000         0.000         0.000         0.000
 SCHOOL         0.000         0.000         0.000         0.000
 NEIGHBOR       0.000         0.000         0.000         0.000
 PGS            0.000         0.000         0.000         0.000
 AGE            0.000         0.000         0.000         0.000
 SEX            0.000         0.000         0.000         0.000
 INCOME         0.000         0.000         0.000         0.000
 PARED          0.000         0.000         0.000         0.000
 PGSPAREN       0.000         0.000         0.000         0.000
 PGSPEER        0.000         0.000         0.000         0.000
 PGSSCHOO       0.000         0.000         0.000         0.000
 PGSNEIGH       0.000         0.000         0.000         0.000
 PGSAGE         0.000         0.000         0.000         0.000
 PGSSEX         0.000         0.000         0.000         0.000
 PGSINC         0.000         0.000         0.000         0.000
 PGSPARED       0.000         0.000         0.000         0.000
 PGSSINGP       0.000         0.000         0.000         0.000
 SINGLE_P       0.000         0.000         0.000         0.000
 SUB_HI_D       0.000         0.000         0.000         0.000
 SUB_LO_D       1.000         0.000         0.000         0.000
 ASB_HI_D       0.000         1.000         0.000         0.000
 ASB_MOD_       0.000         0.000         1.000         0.000
 ASB_ADO_       0.000         0.000         0.000         1.000


           THETA
              W1ASB#1       W1ASB         W2ASB#1       W2ASB         W3ASB#1
              ________      ________      ________      ________      ________
 W1ASB#1        0.000
 W1ASB          0.000         0.000
 W2ASB#1        0.000         0.000         0.000
 W2ASB          0.000         0.000         0.000         0.000
 W3ASB#1        0.000         0.000         0.000         0.000         0.000
 W3ASB          0.000         0.000         0.000         0.000         0.000
 W4ASB#1        0.000         0.000         0.000         0.000         0.000
 W4ASB          0.000         0.000         0.000         0.000         0.000
 W5ASB#1        0.000         0.000         0.000         0.000         0.000
 W5ASB          0.000         0.000         0.000         0.000         0.000
 W1SUB#1        0.000         0.000         0.000         0.000         0.000
 W1SUB          0.000         0.000         0.000         0.000         0.000
 W2SUB#1        0.000         0.000         0.000         0.000         0.000
 W2SUB          0.000         0.000         0.000         0.000         0.000
 W3SUB#1        0.000         0.000         0.000         0.000         0.000
 W3SUB          0.000         0.000         0.000         0.000         0.000
 W4SUB#1        0.000         0.000         0.000         0.000         0.000
 W4SUB          0.000         0.000         0.000         0.000         0.000
 W5SUB#1        0.000         0.000         0.000         0.000         0.000
 W5SUB          0.000         0.000         0.000         0.000         0.000
 PARENT         0.000         0.000         0.000         0.000         0.000
 PEER           0.000         0.000         0.000         0.000         0.000
 SCHOOL         0.000         0.000         0.000         0.000         0.000
 NEIGHBOR       0.000         0.000         0.000         0.000         0.000
 PGS            0.000         0.000         0.000         0.000         0.000
 AGE            0.000         0.000         0.000         0.000         0.000
 SEX            0.000         0.000         0.000         0.000         0.000
 INCOME         0.000         0.000         0.000         0.000         0.000
 PARED          0.000         0.000         0.000         0.000         0.000
 PGSPAREN       0.000         0.000         0.000         0.000         0.000
 PGSPEER        0.000         0.000         0.000         0.000         0.000
 PGSSCHOO       0.000         0.000         0.000         0.000         0.000
 PGSNEIGH       0.000         0.000         0.000         0.000         0.000
 PGSAGE         0.000         0.000         0.000         0.000         0.000
 PGSSEX         0.000         0.000         0.000         0.000         0.000
 PGSINC         0.000         0.000         0.000         0.000         0.000
 PGSPARED       0.000         0.000         0.000         0.000         0.000
 PGSSINGP       0.000         0.000         0.000         0.000         0.000
 SINGLE_P       0.000         0.000         0.000         0.000         0.000
 SUB_HI_D       0.000         0.000         0.000         0.000         0.000
 SUB_LO_D       0.000         0.000         0.000         0.000         0.000
 ASB_HI_D       0.000         0.000         0.000         0.000         0.000
 ASB_MOD_       0.000         0.000         0.000         0.000         0.000
 ASB_ADO_       0.000         0.000         0.000         0.000         0.000


           THETA
              W3ASB         W4ASB#1       W4ASB         W5ASB#1       W5ASB
              ________      ________      ________      ________      ________
 W3ASB          0.000
 W4ASB#1        0.000         0.000
 W4ASB          0.000         0.000         0.000
 W5ASB#1        0.000         0.000         0.000         0.000
 W5ASB          0.000         0.000         0.000         0.000         0.000
 W1SUB#1        0.000         0.000         0.000         0.000         0.000
 W1SUB          0.000         0.000         0.000         0.000         0.000
 W2SUB#1        0.000         0.000         0.000         0.000         0.000
 W2SUB          0.000         0.000         0.000         0.000         0.000
 W3SUB#1        0.000         0.000         0.000         0.000         0.000
 W3SUB          0.000         0.000         0.000         0.000         0.000
 W4SUB#1        0.000         0.000         0.000         0.000         0.000
 W4SUB          0.000         0.000         0.000         0.000         0.000
 W5SUB#1        0.000         0.000         0.000         0.000         0.000
 W5SUB          0.000         0.000         0.000         0.000         0.000
 PARENT         0.000         0.000         0.000         0.000         0.000
 PEER           0.000         0.000         0.000         0.000         0.000
 SCHOOL         0.000         0.000         0.000         0.000         0.000
 NEIGHBOR       0.000         0.000         0.000         0.000         0.000
 PGS            0.000         0.000         0.000         0.000         0.000
 AGE            0.000         0.000         0.000         0.000         0.000
 SEX            0.000         0.000         0.000         0.000         0.000
 INCOME         0.000         0.000         0.000         0.000         0.000
 PARED          0.000         0.000         0.000         0.000         0.000
 PGSPAREN       0.000         0.000         0.000         0.000         0.000
 PGSPEER        0.000         0.000         0.000         0.000         0.000
 PGSSCHOO       0.000         0.000         0.000         0.000         0.000
 PGSNEIGH       0.000         0.000         0.000         0.000         0.000
 PGSAGE         0.000         0.000         0.000         0.000         0.000
 PGSSEX         0.000         0.000         0.000         0.000         0.000
 PGSINC         0.000         0.000         0.000         0.000         0.000
 PGSPARED       0.000         0.000         0.000         0.000         0.000
 PGSSINGP       0.000         0.000         0.000         0.000         0.000
 SINGLE_P       0.000         0.000         0.000         0.000         0.000
 SUB_HI_D       0.000         0.000         0.000         0.000         0.000
 SUB_LO_D       0.000         0.000         0.000         0.000         0.000
 ASB_HI_D       0.000         0.000         0.000         0.000         0.000
 ASB_MOD_       0.000         0.000         0.000         0.000         0.000
 ASB_ADO_       0.000         0.000         0.000         0.000         0.000


           THETA
              W1SUB#1       W1SUB         W2SUB#1       W2SUB         W3SUB#1
              ________      ________      ________      ________      ________
 W1SUB#1        0.000
 W1SUB          0.000         0.000
 W2SUB#1        0.000         0.000         0.000
 W2SUB          0.000         0.000         0.000         0.000
 W3SUB#1        0.000         0.000         0.000         0.000         0.000
 W3SUB          0.000         0.000         0.000         0.000         0.000
 W4SUB#1        0.000         0.000         0.000         0.000         0.000
 W4SUB          0.000         0.000         0.000         0.000         0.000
 W5SUB#1        0.000         0.000         0.000         0.000         0.000
 W5SUB          0.000         0.000         0.000         0.000         0.000
 PARENT         0.000         0.000         0.000         0.000         0.000
 PEER           0.000         0.000         0.000         0.000         0.000
 SCHOOL         0.000         0.000         0.000         0.000         0.000
 NEIGHBOR       0.000         0.000         0.000         0.000         0.000
 PGS            0.000         0.000         0.000         0.000         0.000
 AGE            0.000         0.000         0.000         0.000         0.000
 SEX            0.000         0.000         0.000         0.000         0.000
 INCOME         0.000         0.000         0.000         0.000         0.000
 PARED          0.000         0.000         0.000         0.000         0.000
 PGSPAREN       0.000         0.000         0.000         0.000         0.000
 PGSPEER        0.000         0.000         0.000         0.000         0.000
 PGSSCHOO       0.000         0.000         0.000         0.000         0.000
 PGSNEIGH       0.000         0.000         0.000         0.000         0.000
 PGSAGE         0.000         0.000         0.000         0.000         0.000
 PGSSEX         0.000         0.000         0.000         0.000         0.000
 PGSINC         0.000         0.000         0.000         0.000         0.000
 PGSPARED       0.000         0.000         0.000         0.000         0.000
 PGSSINGP       0.000         0.000         0.000         0.000         0.000
 SINGLE_P       0.000         0.000         0.000         0.000         0.000
 SUB_HI_D       0.000         0.000         0.000         0.000         0.000
 SUB_LO_D       0.000         0.000         0.000         0.000         0.000
 ASB_HI_D       0.000         0.000         0.000         0.000         0.000
 ASB_MOD_       0.000         0.000         0.000         0.000         0.000
 ASB_ADO_       0.000         0.000         0.000         0.000         0.000


           THETA
              W3SUB         W4SUB#1       W4SUB         W5SUB#1       W5SUB
              ________      ________      ________      ________      ________
 W3SUB          0.000
 W4SUB#1        0.000         0.000
 W4SUB          0.000         0.000         0.000
 W5SUB#1        0.000         0.000         0.000         0.000
 W5SUB          0.000         0.000         0.000         0.000         0.000
 PARENT         0.000         0.000         0.000         0.000         0.000
 PEER           0.000         0.000         0.000         0.000         0.000
 SCHOOL         0.000         0.000         0.000         0.000         0.000
 NEIGHBOR       0.000         0.000         0.000         0.000         0.000
 PGS            0.000         0.000         0.000         0.000         0.000
 AGE            0.000         0.000         0.000         0.000         0.000
 SEX            0.000         0.000         0.000         0.000         0.000
 INCOME         0.000         0.000         0.000         0.000         0.000
 PARED          0.000         0.000         0.000         0.000         0.000
 PGSPAREN       0.000         0.000         0.000         0.000         0.000
 PGSPEER        0.000         0.000         0.000         0.000         0.000
 PGSSCHOO       0.000         0.000         0.000         0.000         0.000
 PGSNEIGH       0.000         0.000         0.000         0.000         0.000
 PGSAGE         0.000         0.000         0.000         0.000         0.000
 PGSSEX         0.000         0.000         0.000         0.000         0.000
 PGSINC         0.000         0.000         0.000         0.000         0.000
 PGSPARED       0.000         0.000         0.000         0.000         0.000
 PGSSINGP       0.000         0.000         0.000         0.000         0.000
 SINGLE_P       0.000         0.000         0.000         0.000         0.000
 SUB_HI_D       0.000         0.000         0.000         0.000         0.000
 SUB_LO_D       0.000         0.000         0.000         0.000         0.000
 ASB_HI_D       0.000         0.000         0.000         0.000         0.000
 ASB_MOD_       0.000         0.000         0.000         0.000         0.000
 ASB_ADO_       0.000         0.000         0.000         0.000         0.000


           THETA
              PARENT        PEER          SCHOOL        NEIGHBOR      PGS
              ________      ________      ________      ________      ________
 PARENT         0.000
 PEER           0.000         0.000
 SCHOOL         0.000         0.000         0.000
 NEIGHBOR       0.000         0.000         0.000         0.000
 PGS            0.000         0.000         0.000         0.000         0.000
 AGE            0.000         0.000         0.000         0.000         0.000
 SEX            0.000         0.000         0.000         0.000         0.000
 INCOME         0.000         0.000         0.000         0.000         0.000
 PARED          0.000         0.000         0.000         0.000         0.000
 PGSPAREN       0.000         0.000         0.000         0.000         0.000
 PGSPEER        0.000         0.000         0.000         0.000         0.000
 PGSSCHOO       0.000         0.000         0.000         0.000         0.000
 PGSNEIGH       0.000         0.000         0.000         0.000         0.000
 PGSAGE         0.000         0.000         0.000         0.000         0.000
 PGSSEX         0.000         0.000         0.000         0.000         0.000
 PGSINC         0.000         0.000         0.000         0.000         0.000
 PGSPARED       0.000         0.000         0.000         0.000         0.000
 PGSSINGP       0.000         0.000         0.000         0.000         0.000
 SINGLE_P       0.000         0.000         0.000         0.000         0.000
 SUB_HI_D       0.000         0.000         0.000         0.000         0.000
 SUB_LO_D       0.000         0.000         0.000         0.000         0.000
 ASB_HI_D       0.000         0.000         0.000         0.000         0.000
 ASB_MOD_       0.000         0.000         0.000         0.000         0.000
 ASB_ADO_       0.000         0.000         0.000         0.000         0.000


           THETA
              AGE           SEX           INCOME        PARED         PGSPAREN
              ________      ________      ________      ________      ________
 AGE            0.000
 SEX            0.000         0.000
 INCOME         0.000         0.000         0.000
 PARED          0.000         0.000         0.000         0.000
 PGSPAREN       0.000         0.000         0.000         0.000         0.000
 PGSPEER        0.000         0.000         0.000         0.000         0.000
 PGSSCHOO       0.000         0.000         0.000         0.000         0.000
 PGSNEIGH       0.000         0.000         0.000         0.000         0.000
 PGSAGE         0.000         0.000         0.000         0.000         0.000
 PGSSEX         0.000         0.000         0.000         0.000         0.000
 PGSINC         0.000         0.000         0.000         0.000         0.000
 PGSPARED       0.000         0.000         0.000         0.000         0.000
 PGSSINGP       0.000         0.000         0.000         0.000         0.000
 SINGLE_P       0.000         0.000         0.000         0.000         0.000
 SUB_HI_D       0.000         0.000         0.000         0.000         0.000
 SUB_LO_D       0.000         0.000         0.000         0.000         0.000
 ASB_HI_D       0.000         0.000         0.000         0.000         0.000
 ASB_MOD_       0.000         0.000         0.000         0.000         0.000
 ASB_ADO_       0.000         0.000         0.000         0.000         0.000


           THETA
              PGSPEER       PGSSCHOO      PGSNEIGH      PGSAGE        PGSSEX
              ________      ________      ________      ________      ________
 PGSPEER        0.000
 PGSSCHOO       0.000         0.000
 PGSNEIGH       0.000         0.000         0.000
 PGSAGE         0.000         0.000         0.000         0.000
 PGSSEX         0.000         0.000         0.000         0.000         0.000
 PGSINC         0.000         0.000         0.000         0.000         0.000
 PGSPARED       0.000         0.000         0.000         0.000         0.000
 PGSSINGP       0.000         0.000         0.000         0.000         0.000
 SINGLE_P       0.000         0.000         0.000         0.000         0.000
 SUB_HI_D       0.000         0.000         0.000         0.000         0.000
 SUB_LO_D       0.000         0.000         0.000         0.000         0.000
 ASB_HI_D       0.000         0.000         0.000         0.000         0.000
 ASB_MOD_       0.000         0.000         0.000         0.000         0.000
 ASB_ADO_       0.000         0.000         0.000         0.000         0.000


           THETA
              PGSINC        PGSPARED      PGSSINGP      SINGLE_P      SUB_HI_D
              ________      ________      ________      ________      ________
 PGSINC         0.000
 PGSPARED       0.000         0.000
 PGSSINGP       0.000         0.000         0.000
 SINGLE_P       0.000         0.000         0.000         0.000
 SUB_HI_D       0.000         0.000         0.000         0.000         0.000
 SUB_LO_D       0.000         0.000         0.000         0.000         0.000
 ASB_HI_D       0.000         0.000         0.000         0.000         0.000
 ASB_MOD_       0.000         0.000         0.000         0.000         0.000
 ASB_ADO_       0.000         0.000         0.000         0.000         0.000


           THETA
              SUB_LO_D      ASB_HI_D      ASB_MOD_      ASB_ADO_
              ________      ________      ________      ________
 SUB_LO_D       0.000
 ASB_HI_D       0.000         0.000
 ASB_MOD_       0.000         0.000         0.000
 ASB_ADO_       0.000         0.000         0.000         0.000


           ALPHA
              W1ASB#1       W1ASB         W2ASB#1       W2ASB         W3ASB#1
              ________      ________      ________      ________      ________
 1            -20.000        -0.155       -20.000        -0.204       -20.000


           ALPHA
              W3ASB         W4ASB#1       W4ASB         W5ASB#1       W5ASB
              ________      ________      ________      ________      ________
 1             -0.484       -20.000        -0.327       -20.000        -0.434


           ALPHA
              W1SUB#1       W1SUB         W2SUB#1       W2SUB         W3SUB#1
              ________      ________      ________      ________      ________
 1            -20.000         2.016       -20.000         2.051       -20.000


           ALPHA
              W3SUB         W4SUB#1       W4SUB         W5SUB#1       W5SUB
              ________      ________      ________      ________      ________
 1              2.129       -20.000         2.015       -20.000         1.962


           ALPHA
              PARENT        PEER          SCHOOL        NEIGHBOR      PGS
              ________      ________      ________      ________      ________
 1              0.002        -0.002         0.004         0.005         0.000


           ALPHA
              AGE           SEX           INCOME        PARED         PGSPAREN
              ________      ________      ________      ________      ________
 1             -0.005         0.031         0.002         0.001        -0.064


           ALPHA
              PGSPEER       PGSSCHOO      PGSNEIGH      PGSAGE        PGSSEX
              ________      ________      ________      ________      ________
 1              0.160        -0.120        -0.054         0.003         0.014


           ALPHA
              PGSINC        PGSPARED      PGSSINGP      SINGLE_P      SUB_HI_D
              ________      ________      ________      ________      ________
 1             -0.064        -0.127         0.036        -0.259         0.000


           ALPHA
              SUB_LO_D      ASB_HI_D      ASB_MOD_      ASB_ADO_
              ________      ________      ________      ________
 1              0.000         0.000         0.000         0.000


           BETA
              W1ASB#1       W1ASB         W2ASB#1       W2ASB         W3ASB#1
              ________      ________      ________      ________      ________
 W1ASB#1        0.000         0.000         0.000         0.000         0.000
 W1ASB          0.000         0.000         0.000         0.000         0.000
 W2ASB#1        0.000         0.000         0.000         0.000         0.000
 W2ASB          0.000         0.000         0.000         0.000         0.000
 W3ASB#1        0.000         0.000         0.000         0.000         0.000
 W3ASB          0.000         0.000         0.000         0.000         0.000
 W4ASB#1        0.000         0.000         0.000         0.000         0.000
 W4ASB          0.000         0.000         0.000         0.000         0.000
 W5ASB#1        0.000         0.000         0.000         0.000         0.000
 W5ASB          0.000         0.000         0.000         0.000         0.000
 W1SUB#1        0.000         0.000         0.000         0.000         0.000
 W1SUB          0.000         0.000         0.000         0.000         0.000
 W2SUB#1        0.000         0.000         0.000         0.000         0.000
 W2SUB          0.000         0.000         0.000         0.000         0.000
 W3SUB#1        0.000         0.000         0.000         0.000         0.000
 W3SUB          0.000         0.000         0.000         0.000         0.000
 W4SUB#1        0.000         0.000         0.000         0.000         0.000
 W4SUB          0.000         0.000         0.000         0.000         0.000
 W5SUB#1        0.000         0.000         0.000         0.000         0.000
 W5SUB          0.000         0.000         0.000         0.000         0.000
 PARENT         0.000         0.000         0.000         0.000         0.000
 PEER           0.000         0.000         0.000         0.000         0.000
 SCHOOL         0.000         0.000         0.000         0.000         0.000
 NEIGHBOR       0.000         0.000         0.000         0.000         0.000
 PGS            0.000         0.000         0.000         0.000         0.000
 AGE            0.000         0.000         0.000         0.000         0.000
 SEX            0.000         0.000         0.000         0.000         0.000
 INCOME         0.000         0.000         0.000         0.000         0.000
 PARED          0.000         0.000         0.000         0.000         0.000
 PGSPAREN       0.000         0.000         0.000         0.000         0.000
 PGSPEER        0.000         0.000         0.000         0.000         0.000
 PGSSCHOO       0.000         0.000         0.000         0.000         0.000
 PGSNEIGH       0.000         0.000         0.000         0.000         0.000
 PGSAGE         0.000         0.000         0.000         0.000         0.000
 PGSSEX         0.000         0.000         0.000         0.000         0.000
 PGSINC         0.000         0.000         0.000         0.000         0.000
 PGSPARED       0.000         0.000         0.000         0.000         0.000
 PGSSINGP       0.000         0.000         0.000         0.000         0.000
 SINGLE_P       0.000         0.000         0.000         0.000         0.000
 SUB_HI_D       0.000         0.000         0.000         0.000         0.000
 SUB_LO_D       0.000         0.000         0.000         0.000         0.000
 ASB_HI_D       0.000         0.000         0.000         0.000         0.000
 ASB_MOD_       0.000         0.000         0.000         0.000         0.000
 ASB_ADO_       0.000         0.000         0.000         0.000         0.000


           BETA
              W3ASB         W4ASB#1       W4ASB         W5ASB#1       W5ASB
              ________      ________      ________      ________      ________
 W1ASB#1        0.000         0.000         0.000         0.000         0.000
 W1ASB          0.000         0.000         0.000         0.000         0.000
 W2ASB#1        0.000         0.000         0.000         0.000         0.000
 W2ASB          0.000         0.000         0.000         0.000         0.000
 W3ASB#1        0.000         0.000         0.000         0.000         0.000
 W3ASB          0.000         0.000         0.000         0.000         0.000
 W4ASB#1        0.000         0.000         0.000         0.000         0.000
 W4ASB          0.000         0.000         0.000         0.000         0.000
 W5ASB#1        0.000         0.000         0.000         0.000         0.000
 W5ASB          0.000         0.000         0.000         0.000         0.000
 W1SUB#1        0.000         0.000         0.000         0.000         0.000
 W1SUB          0.000         0.000         0.000         0.000         0.000
 W2SUB#1        0.000         0.000         0.000         0.000         0.000
 W2SUB          0.000         0.000         0.000         0.000         0.000
 W3SUB#1        0.000         0.000         0.000         0.000         0.000
 W3SUB          0.000         0.000         0.000         0.000         0.000
 W4SUB#1        0.000         0.000         0.000         0.000         0.000
 W4SUB          0.000         0.000         0.000         0.000         0.000
 W5SUB#1        0.000         0.000         0.000         0.000         0.000
 W5SUB          0.000         0.000         0.000         0.000         0.000
 PARENT         0.000         0.000         0.000         0.000         0.000
 PEER           0.000         0.000         0.000         0.000         0.000
 SCHOOL         0.000         0.000         0.000         0.000         0.000
 NEIGHBOR       0.000         0.000         0.000         0.000         0.000
 PGS            0.000         0.000         0.000         0.000         0.000
 AGE            0.000         0.000         0.000         0.000         0.000
 SEX            0.000         0.000         0.000         0.000         0.000
 INCOME         0.000         0.000         0.000         0.000         0.000
 PARED          0.000         0.000         0.000         0.000         0.000
 PGSPAREN       0.000         0.000         0.000         0.000         0.000
 PGSPEER        0.000         0.000         0.000         0.000         0.000
 PGSSCHOO       0.000         0.000         0.000         0.000         0.000
 PGSNEIGH       0.000         0.000         0.000         0.000         0.000
 PGSAGE         0.000         0.000         0.000         0.000         0.000
 PGSSEX         0.000         0.000         0.000         0.000         0.000
 PGSINC         0.000         0.000         0.000         0.000         0.000
 PGSPARED       0.000         0.000         0.000         0.000         0.000
 PGSSINGP       0.000         0.000         0.000         0.000         0.000
 SINGLE_P       0.000         0.000         0.000         0.000         0.000
 SUB_HI_D       0.000         0.000         0.000         0.000         0.000
 SUB_LO_D       0.000         0.000         0.000         0.000         0.000
 ASB_HI_D       0.000         0.000         0.000         0.000         0.000
 ASB_MOD_       0.000         0.000         0.000         0.000         0.000
 ASB_ADO_       0.000         0.000         0.000         0.000         0.000


           BETA
              W1SUB#1       W1SUB         W2SUB#1       W2SUB         W3SUB#1
              ________      ________      ________      ________      ________
 W1ASB#1        0.000         0.000         0.000         0.000         0.000
 W1ASB          0.000         0.000         0.000         0.000         0.000
 W2ASB#1        0.000         0.000         0.000         0.000         0.000
 W2ASB          0.000         0.000         0.000         0.000         0.000
 W3ASB#1        0.000         0.000         0.000         0.000         0.000
 W3ASB          0.000         0.000         0.000         0.000         0.000
 W4ASB#1        0.000         0.000         0.000         0.000         0.000
 W4ASB          0.000         0.000         0.000         0.000         0.000
 W5ASB#1        0.000         0.000         0.000         0.000         0.000
 W5ASB          0.000         0.000         0.000         0.000         0.000
 W1SUB#1        0.000         0.000         0.000         0.000         0.000
 W1SUB          0.000         0.000         0.000         0.000         0.000
 W2SUB#1        0.000         0.000         0.000         0.000         0.000
 W2SUB          0.000         0.000         0.000         0.000         0.000
 W3SUB#1        0.000         0.000         0.000         0.000         0.000
 W3SUB          0.000         0.000         0.000         0.000         0.000
 W4SUB#1        0.000         0.000         0.000         0.000         0.000
 W4SUB          0.000         0.000         0.000         0.000         0.000
 W5SUB#1        0.000         0.000         0.000         0.000         0.000
 W5SUB          0.000         0.000         0.000         0.000         0.000
 PARENT         0.000         0.000         0.000         0.000         0.000
 PEER           0.000         0.000         0.000         0.000         0.000
 SCHOOL         0.000         0.000         0.000         0.000         0.000
 NEIGHBOR       0.000         0.000         0.000         0.000         0.000
 PGS            0.000         0.000         0.000         0.000         0.000
 AGE            0.000         0.000         0.000         0.000         0.000
 SEX            0.000         0.000         0.000         0.000         0.000
 INCOME         0.000         0.000         0.000         0.000         0.000
 PARED          0.000         0.000         0.000         0.000         0.000
 PGSPAREN       0.000         0.000         0.000         0.000         0.000
 PGSPEER        0.000         0.000         0.000         0.000         0.000
 PGSSCHOO       0.000         0.000         0.000         0.000         0.000
 PGSNEIGH       0.000         0.000         0.000         0.000         0.000
 PGSAGE         0.000         0.000         0.000         0.000         0.000
 PGSSEX         0.000         0.000         0.000         0.000         0.000
 PGSINC         0.000         0.000         0.000         0.000         0.000
 PGSPARED       0.000         0.000         0.000         0.000         0.000
 PGSSINGP       0.000         0.000         0.000         0.000         0.000
 SINGLE_P       0.000         0.000         0.000         0.000         0.000
 SUB_HI_D       0.000         0.000         0.000         0.000         0.000
 SUB_LO_D       0.000         0.000         0.000         0.000         0.000
 ASB_HI_D       0.000         0.000         0.000         0.000         0.000
 ASB_MOD_       0.000         0.000         0.000         0.000         0.000
 ASB_ADO_       0.000         0.000         0.000         0.000         0.000


           BETA
              W3SUB         W4SUB#1       W4SUB         W5SUB#1       W5SUB
              ________      ________      ________      ________      ________
 W1ASB#1        0.000         0.000         0.000         0.000         0.000
 W1ASB          0.000         0.000         0.000         0.000         0.000
 W2ASB#1        0.000         0.000         0.000         0.000         0.000
 W2ASB          0.000         0.000         0.000         0.000         0.000
 W3ASB#1        0.000         0.000         0.000         0.000         0.000
 W3ASB          0.000         0.000         0.000         0.000         0.000
 W4ASB#1        0.000         0.000         0.000         0.000         0.000
 W4ASB          0.000         0.000         0.000         0.000         0.000
 W5ASB#1        0.000         0.000         0.000         0.000         0.000
 W5ASB          0.000         0.000         0.000         0.000         0.000
 W1SUB#1        0.000         0.000         0.000         0.000         0.000
 W1SUB          0.000         0.000         0.000         0.000         0.000
 W2SUB#1        0.000         0.000         0.000         0.000         0.000
 W2SUB          0.000         0.000         0.000         0.000         0.000
 W3SUB#1        0.000         0.000         0.000         0.000         0.000
 W3SUB          0.000         0.000         0.000         0.000         0.000
 W4SUB#1        0.000         0.000         0.000         0.000         0.000
 W4SUB          0.000         0.000         0.000         0.000         0.000
 W5SUB#1        0.000         0.000         0.000         0.000         0.000
 W5SUB          0.000         0.000         0.000         0.000         0.000
 PARENT         0.000         0.000         0.000         0.000         0.000
 PEER           0.000         0.000         0.000         0.000         0.000
 SCHOOL         0.000         0.000         0.000         0.000         0.000
 NEIGHBOR       0.000         0.000         0.000         0.000         0.000
 PGS            0.000         0.000         0.000         0.000         0.000
 AGE            0.000         0.000         0.000         0.000         0.000
 SEX            0.000         0.000         0.000         0.000         0.000
 INCOME         0.000         0.000         0.000         0.000         0.000
 PARED          0.000         0.000         0.000         0.000         0.000
 PGSPAREN       0.000         0.000         0.000         0.000         0.000
 PGSPEER        0.000         0.000         0.000         0.000         0.000
 PGSSCHOO       0.000         0.000         0.000         0.000         0.000
 PGSNEIGH       0.000         0.000         0.000         0.000         0.000
 PGSAGE         0.000         0.000         0.000         0.000         0.000
 PGSSEX         0.000         0.000         0.000         0.000         0.000
 PGSINC         0.000         0.000         0.000         0.000         0.000
 PGSPARED       0.000         0.000         0.000         0.000         0.000
 PGSSINGP       0.000         0.000         0.000         0.000         0.000
 SINGLE_P       0.000         0.000         0.000         0.000         0.000
 SUB_HI_D       0.000         0.000         0.000         0.000         0.000
 SUB_LO_D       0.000         0.000         0.000         0.000         0.000
 ASB_HI_D       0.000         0.000         0.000         0.000         0.000
 ASB_MOD_       0.000         0.000         0.000         0.000         0.000
 ASB_ADO_       0.000         0.000         0.000         0.000         0.000


           BETA
              PARENT        PEER          SCHOOL        NEIGHBOR      PGS
              ________      ________      ________      ________      ________
 W1ASB#1        0.000         0.000         0.000         0.000         0.000
 W1ASB          0.000         0.000         0.000         0.000         0.000
 W2ASB#1        0.000         0.000         0.000         0.000         0.000
 W2ASB          0.000         0.000         0.000         0.000         0.000
 W3ASB#1        0.000         0.000         0.000         0.000         0.000
 W3ASB          0.000         0.000         0.000         0.000         0.000
 W4ASB#1        0.000         0.000         0.000         0.000         0.000
 W4ASB          0.000         0.000         0.000         0.000         0.000
 W5ASB#1        0.000         0.000         0.000         0.000         0.000
 W5ASB          0.000         0.000         0.000         0.000         0.000
 W1SUB#1        0.000         0.000         0.000         0.000         0.000
 W1SUB          0.000         0.000         0.000         0.000         0.000
 W2SUB#1        0.000         0.000         0.000         0.000         0.000
 W2SUB          0.000         0.000         0.000         0.000         0.000
 W3SUB#1        0.000         0.000         0.000         0.000         0.000
 W3SUB          0.000         0.000         0.000         0.000         0.000
 W4SUB#1        0.000         0.000         0.000         0.000         0.000
 W4SUB          0.000         0.000         0.000         0.000         0.000
 W5SUB#1        0.000         0.000         0.000         0.000         0.000
 W5SUB          0.000         0.000         0.000         0.000         0.000
 PARENT         0.000         0.000         0.000         0.000         0.000
 PEER           0.000         0.000         0.000         0.000         0.000
 SCHOOL         0.000         0.000         0.000         0.000         0.000
 NEIGHBOR       0.000         0.000         0.000         0.000         0.000
 PGS            0.000         0.000         0.000         0.000         0.000
 AGE            0.000         0.000         0.000         0.000         0.000
 SEX            0.000         0.000         0.000         0.000         0.000
 INCOME         0.000         0.000         0.000         0.000         0.000
 PARED          0.000         0.000         0.000         0.000         0.000
 PGSPAREN       0.000         0.000         0.000         0.000         0.000
 PGSPEER        0.000         0.000         0.000         0.000         0.000
 PGSSCHOO       0.000         0.000         0.000         0.000         0.000
 PGSNEIGH       0.000         0.000         0.000         0.000         0.000
 PGSAGE         0.000         0.000         0.000         0.000         0.000
 PGSSEX         0.000         0.000         0.000         0.000         0.000
 PGSINC         0.000         0.000         0.000         0.000         0.000
 PGSPARED       0.000         0.000         0.000         0.000         0.000
 PGSSINGP       0.000         0.000         0.000         0.000         0.000
 SINGLE_P       0.000         0.000         0.000         0.000         0.000
 SUB_HI_D       0.000         0.000         0.000         0.000         0.000
 SUB_LO_D       0.000         0.000         0.000         0.000         0.000
 ASB_HI_D       0.000         0.000         0.000         0.000         0.000
 ASB_MOD_       0.000         0.000         0.000         0.000         0.000
 ASB_ADO_       0.000         0.000         0.000         0.000         0.000


           BETA
              AGE           SEX           INCOME        PARED         PGSPAREN
              ________      ________      ________      ________      ________
 W1ASB#1        0.000         0.000         0.000         0.000         0.000
 W1ASB          0.000         0.000         0.000         0.000         0.000
 W2ASB#1        0.000         0.000         0.000         0.000         0.000
 W2ASB          0.000         0.000         0.000         0.000         0.000
 W3ASB#1        0.000         0.000         0.000         0.000         0.000
 W3ASB          0.000         0.000         0.000         0.000         0.000
 W4ASB#1        0.000         0.000         0.000         0.000         0.000
 W4ASB          0.000         0.000         0.000         0.000         0.000
 W5ASB#1        0.000         0.000         0.000         0.000         0.000
 W5ASB          0.000         0.000         0.000         0.000         0.000
 W1SUB#1        0.000         0.000         0.000         0.000         0.000
 W1SUB          0.000         0.000         0.000         0.000         0.000
 W2SUB#1        0.000         0.000         0.000         0.000         0.000
 W2SUB          0.000         0.000         0.000         0.000         0.000
 W3SUB#1        0.000         0.000         0.000         0.000         0.000
 W3SUB          0.000         0.000         0.000         0.000         0.000
 W4SUB#1        0.000         0.000         0.000         0.000         0.000
 W4SUB          0.000         0.000         0.000         0.000         0.000
 W5SUB#1        0.000         0.000         0.000         0.000         0.000
 W5SUB          0.000         0.000         0.000         0.000         0.000
 PARENT         0.000         0.000         0.000         0.000         0.000
 PEER           0.000         0.000         0.000         0.000         0.000
 SCHOOL         0.000         0.000         0.000         0.000         0.000
 NEIGHBOR       0.000         0.000         0.000         0.000         0.000
 PGS            0.000         0.000         0.000         0.000         0.000
 AGE            0.000         0.000         0.000         0.000         0.000
 SEX            0.000         0.000         0.000         0.000         0.000
 INCOME         0.000         0.000         0.000         0.000         0.000
 PARED          0.000         0.000         0.000         0.000         0.000
 PGSPAREN       0.000         0.000         0.000         0.000         0.000
 PGSPEER        0.000         0.000         0.000         0.000         0.000
 PGSSCHOO       0.000         0.000         0.000         0.000         0.000
 PGSNEIGH       0.000         0.000         0.000         0.000         0.000
 PGSAGE         0.000         0.000         0.000         0.000         0.000
 PGSSEX         0.000         0.000         0.000         0.000         0.000
 PGSINC         0.000         0.000         0.000         0.000         0.000
 PGSPARED       0.000         0.000         0.000         0.000         0.000
 PGSSINGP       0.000         0.000         0.000         0.000         0.000
 SINGLE_P       0.000         0.000         0.000         0.000         0.000
 SUB_HI_D       0.000         0.000         0.000         0.000         0.000
 SUB_LO_D       0.000         0.000         0.000         0.000         0.000
 ASB_HI_D       0.000         0.000         0.000         0.000         0.000
 ASB_MOD_       0.000         0.000         0.000         0.000         0.000
 ASB_ADO_       0.000         0.000         0.000         0.000         0.000


           BETA
              PGSPEER       PGSSCHOO      PGSNEIGH      PGSAGE        PGSSEX
              ________      ________      ________      ________      ________
 W1ASB#1        0.000         0.000         0.000         0.000         0.000
 W1ASB          0.000         0.000         0.000         0.000         0.000
 W2ASB#1        0.000         0.000         0.000         0.000         0.000
 W2ASB          0.000         0.000         0.000         0.000         0.000
 W3ASB#1        0.000         0.000         0.000         0.000         0.000
 W3ASB          0.000         0.000         0.000         0.000         0.000
 W4ASB#1        0.000         0.000         0.000         0.000         0.000
 W4ASB          0.000         0.000         0.000         0.000         0.000
 W5ASB#1        0.000         0.000         0.000         0.000         0.000
 W5ASB          0.000         0.000         0.000         0.000         0.000
 W1SUB#1        0.000         0.000         0.000         0.000         0.000
 W1SUB          0.000         0.000         0.000         0.000         0.000
 W2SUB#1        0.000         0.000         0.000         0.000         0.000
 W2SUB          0.000         0.000         0.000         0.000         0.000
 W3SUB#1        0.000         0.000         0.000         0.000         0.000
 W3SUB          0.000         0.000         0.000         0.000         0.000
 W4SUB#1        0.000         0.000         0.000         0.000         0.000
 W4SUB          0.000         0.000         0.000         0.000         0.000
 W5SUB#1        0.000         0.000         0.000         0.000         0.000
 W5SUB          0.000         0.000         0.000         0.000         0.000
 PARENT         0.000         0.000         0.000         0.000         0.000
 PEER           0.000         0.000         0.000         0.000         0.000
 SCHOOL         0.000         0.000         0.000         0.000         0.000
 NEIGHBOR       0.000         0.000         0.000         0.000         0.000
 PGS            0.000         0.000         0.000         0.000         0.000
 AGE            0.000         0.000         0.000         0.000         0.000
 SEX            0.000         0.000         0.000         0.000         0.000
 INCOME         0.000         0.000         0.000         0.000         0.000
 PARED          0.000         0.000         0.000         0.000         0.000
 PGSPAREN       0.000         0.000         0.000         0.000         0.000
 PGSPEER        0.000         0.000         0.000         0.000         0.000
 PGSSCHOO       0.000         0.000         0.000         0.000         0.000
 PGSNEIGH       0.000         0.000         0.000         0.000         0.000
 PGSAGE         0.000         0.000         0.000         0.000         0.000
 PGSSEX         0.000         0.000         0.000         0.000         0.000
 PGSINC         0.000         0.000         0.000         0.000         0.000
 PGSPARED       0.000         0.000         0.000         0.000         0.000
 PGSSINGP       0.000         0.000         0.000         0.000         0.000
 SINGLE_P       0.000         0.000         0.000         0.000         0.000
 SUB_HI_D       0.000         0.000         0.000         0.000         0.000
 SUB_LO_D       0.000         0.000         0.000         0.000         0.000
 ASB_HI_D       0.000         0.000         0.000         0.000         0.000
 ASB_MOD_       0.000         0.000         0.000         0.000         0.000
 ASB_ADO_       0.000         0.000         0.000         0.000         0.000


           BETA
              PGSINC        PGSPARED      PGSSINGP      SINGLE_P      SUB_HI_D
              ________      ________      ________      ________      ________
 W1ASB#1        0.000         0.000         0.000         0.000         0.000
 W1ASB          0.000         0.000         0.000         0.000         0.000
 W2ASB#1        0.000         0.000         0.000         0.000         0.000
 W2ASB          0.000         0.000         0.000         0.000         0.000
 W3ASB#1        0.000         0.000         0.000         0.000         0.000
 W3ASB          0.000         0.000         0.000         0.000         0.000
 W4ASB#1        0.000         0.000         0.000         0.000         0.000
 W4ASB          0.000         0.000         0.000         0.000         0.000
 W5ASB#1        0.000         0.000         0.000         0.000         0.000
 W5ASB          0.000         0.000         0.000         0.000         0.000
 W1SUB#1        0.000         0.000         0.000         0.000         0.000
 W1SUB          0.000         0.000         0.000         0.000         0.000
 W2SUB#1        0.000         0.000         0.000         0.000         0.000
 W2SUB          0.000         0.000         0.000         0.000         0.000
 W3SUB#1        0.000         0.000         0.000         0.000         0.000
 W3SUB          0.000         0.000         0.000         0.000         0.000
 W4SUB#1        0.000         0.000         0.000         0.000         0.000
 W4SUB          0.000         0.000         0.000         0.000         0.000
 W5SUB#1        0.000         0.000         0.000         0.000         0.000
 W5SUB          0.000         0.000         0.000         0.000         0.000
 PARENT         0.000         0.000         0.000         0.000         0.000
 PEER           0.000         0.000         0.000         0.000         0.000
 SCHOOL         0.000         0.000         0.000         0.000         0.000
 NEIGHBOR       0.000         0.000         0.000         0.000         0.000
 PGS            0.000         0.000         0.000         0.000         0.000
 AGE            0.000         0.000         0.000         0.000         0.000
 SEX            0.000         0.000         0.000         0.000         0.000
 INCOME         0.000         0.000         0.000         0.000         0.000
 PARED          0.000         0.000         0.000         0.000         0.000
 PGSPAREN       0.000         0.000         0.000         0.000         0.000
 PGSPEER        0.000         0.000         0.000         0.000         0.000
 PGSSCHOO       0.000         0.000         0.000         0.000         0.000
 PGSNEIGH       0.000         0.000         0.000         0.000         0.000
 PGSAGE         0.000         0.000         0.000         0.000         0.000
 PGSSEX         0.000         0.000         0.000         0.000         0.000
 PGSINC         0.000         0.000         0.000         0.000         0.000
 PGSPARED       0.000         0.000         0.000         0.000         0.000
 PGSSINGP       0.000         0.000         0.000         0.000         0.000
 SINGLE_P       0.000         0.000         0.000         0.000         0.000
 SUB_HI_D       0.000         0.000         0.000         0.000         0.000
 SUB_LO_D       0.000         0.000         0.000         0.000         0.000
 ASB_HI_D       0.000         0.000         0.000         0.000         0.000
 ASB_MOD_       0.000         0.000         0.000         0.000         0.000
 ASB_ADO_       0.000         0.000         0.000         0.000         0.000


           BETA
              SUB_LO_D      ASB_HI_D      ASB_MOD_      ASB_ADO_
              ________      ________      ________      ________
 W1ASB#1        0.000         0.000         0.000         0.000
 W1ASB          0.000         0.000         0.000         0.000
 W2ASB#1        0.000         0.000         0.000         0.000
 W2ASB          0.000         0.000         0.000         0.000
 W3ASB#1        0.000         0.000         0.000         0.000
 W3ASB          0.000         0.000         0.000         0.000
 W4ASB#1        0.000         0.000         0.000         0.000
 W4ASB          0.000         0.000         0.000         0.000
 W5ASB#1        0.000         0.000         0.000         0.000
 W5ASB          0.000         0.000         0.000         0.000
 W1SUB#1        0.000         0.000         0.000         0.000
 W1SUB          0.000         0.000         0.000         0.000
 W2SUB#1        0.000         0.000         0.000         0.000
 W2SUB          0.000         0.000         0.000         0.000
 W3SUB#1        0.000         0.000         0.000         0.000
 W3SUB          0.000         0.000         0.000         0.000
 W4SUB#1        0.000         0.000         0.000         0.000
 W4SUB          0.000         0.000         0.000         0.000
 W5SUB#1        0.000         0.000         0.000         0.000
 W5SUB          0.000         0.000         0.000         0.000
 PARENT         0.000         0.000         0.000         0.000
 PEER           0.000         0.000         0.000         0.000
 SCHOOL         0.000         0.000         0.000         0.000
 NEIGHBOR       0.000         0.000         0.000         0.000
 PGS            0.000         0.000         0.000         0.000
 AGE            0.000         0.000         0.000         0.000
 SEX            0.000         0.000         0.000         0.000
 INCOME         0.000         0.000         0.000         0.000
 PARED          0.000         0.000         0.000         0.000
 PGSPAREN       0.000         0.000         0.000         0.000
 PGSPEER        0.000         0.000         0.000         0.000
 PGSSCHOO       0.000         0.000         0.000         0.000
 PGSNEIGH       0.000         0.000         0.000         0.000
 PGSAGE         0.000         0.000         0.000         0.000
 PGSSEX         0.000         0.000         0.000         0.000
 PGSINC         0.000         0.000         0.000         0.000
 PGSPARED       0.000         0.000         0.000         0.000
 PGSSINGP       0.000         0.000         0.000         0.000
 SINGLE_P       0.000         0.000         0.000         0.000
 SUB_HI_D       0.000         0.000         0.000         0.000
 SUB_LO_D       0.000         0.000         0.000         0.000
 ASB_HI_D       0.000         0.000         0.000         0.000
 ASB_MOD_       0.000         0.000         0.000         0.000
 ASB_ADO_       0.000         0.000         0.000         0.000


           PSI
              W1ASB#1       W1ASB         W2ASB#1       W2ASB         W3ASB#1
              ________      ________      ________      ________      ________
 W1ASB#1        0.000
 W1ASB          0.000         0.000
 W2ASB#1        0.000         0.000         0.000
 W2ASB          0.000         0.000         0.000         0.000
 W3ASB#1        0.000         0.000         0.000         0.000         0.000
 W3ASB          0.000         0.000         0.000         0.000         0.000
 W4ASB#1        0.000         0.000         0.000         0.000         0.000
 W4ASB          0.000         0.000         0.000         0.000         0.000
 W5ASB#1        0.000         0.000         0.000         0.000         0.000
 W5ASB          0.000         0.000         0.000         0.000         0.000
 W1SUB#1        0.000         0.000         0.000         0.000         0.000
 W1SUB          0.000         0.000         0.000         0.000         0.000
 W2SUB#1        0.000         0.000         0.000         0.000         0.000
 W2SUB          0.000         0.000         0.000         0.000         0.000
 W3SUB#1        0.000         0.000         0.000         0.000         0.000
 W3SUB          0.000         0.000         0.000         0.000         0.000
 W4SUB#1        0.000         0.000         0.000         0.000         0.000
 W4SUB          0.000         0.000         0.000         0.000         0.000
 W5SUB#1        0.000         0.000         0.000         0.000         0.000
 W5SUB          0.000         0.000         0.000         0.000         0.000
 PARENT         0.000         0.000         0.000         0.000         0.000
 PEER           0.000         0.000         0.000         0.000         0.000
 SCHOOL         0.000         0.000         0.000         0.000         0.000
 NEIGHBOR       0.000         0.000         0.000         0.000         0.000
 PGS            0.000         0.000         0.000         0.000         0.000
 AGE            0.000         0.000         0.000         0.000         0.000
 SEX            0.000         0.000         0.000         0.000         0.000
 INCOME         0.000         0.000         0.000         0.000         0.000
 PARED          0.000         0.000         0.000         0.000         0.000
 PGSPAREN       0.000         0.000         0.000         0.000         0.000
 PGSPEER        0.000         0.000         0.000         0.000         0.000
 PGSSCHOO       0.000         0.000         0.000         0.000         0.000
 PGSNEIGH       0.000         0.000         0.000         0.000         0.000
 PGSAGE         0.000         0.000         0.000         0.000         0.000
 PGSSEX         0.000         0.000         0.000         0.000         0.000
 PGSINC         0.000         0.000         0.000         0.000         0.000
 PGSPARED       0.000         0.000         0.000         0.000         0.000
 PGSSINGP       0.000         0.000         0.000         0.000         0.000
 SINGLE_P       0.000         0.000         0.000         0.000         0.000
 SUB_HI_D       0.000         0.000         0.000         0.000         0.000
 SUB_LO_D       0.000         0.000         0.000         0.000         0.000
 ASB_HI_D       0.000         0.000         0.000         0.000         0.000
 ASB_MOD_       0.000         0.000         0.000         0.000         0.000
 ASB_ADO_       0.000         0.000         0.000         0.000         0.000


           PSI
              W3ASB         W4ASB#1       W4ASB         W5ASB#1       W5ASB
              ________      ________      ________      ________      ________
 W3ASB          0.000
 W4ASB#1        0.000         0.000
 W4ASB          0.000         0.000         0.000
 W5ASB#1        0.000         0.000         0.000         0.000
 W5ASB          0.000         0.000         0.000         0.000         0.000
 W1SUB#1        0.000         0.000         0.000         0.000         0.000
 W1SUB          0.000         0.000         0.000         0.000         0.000
 W2SUB#1        0.000         0.000         0.000         0.000         0.000
 W2SUB          0.000         0.000         0.000         0.000         0.000
 W3SUB#1        0.000         0.000         0.000         0.000         0.000
 W3SUB          0.000         0.000         0.000         0.000         0.000
 W4SUB#1        0.000         0.000         0.000         0.000         0.000
 W4SUB          0.000         0.000         0.000         0.000         0.000
 W5SUB#1        0.000         0.000         0.000         0.000         0.000
 W5SUB          0.000         0.000         0.000         0.000         0.000
 PARENT         0.000         0.000         0.000         0.000         0.000
 PEER           0.000         0.000         0.000         0.000         0.000
 SCHOOL         0.000         0.000         0.000         0.000         0.000
 NEIGHBOR       0.000         0.000         0.000         0.000         0.000
 PGS            0.000         0.000         0.000         0.000         0.000
 AGE            0.000         0.000         0.000         0.000         0.000
 SEX            0.000         0.000         0.000         0.000         0.000
 INCOME         0.000         0.000         0.000         0.000         0.000
 PARED          0.000         0.000         0.000         0.000         0.000
 PGSPAREN       0.000         0.000         0.000         0.000         0.000
 PGSPEER        0.000         0.000         0.000         0.000         0.000
 PGSSCHOO       0.000         0.000         0.000         0.000         0.000
 PGSNEIGH       0.000         0.000         0.000         0.000         0.000
 PGSAGE         0.000         0.000         0.000         0.000         0.000
 PGSSEX         0.000         0.000         0.000         0.000         0.000
 PGSINC         0.000         0.000         0.000         0.000         0.000
 PGSPARED       0.000         0.000         0.000         0.000         0.000
 PGSSINGP       0.000         0.000         0.000         0.000         0.000
 SINGLE_P       0.000         0.000         0.000         0.000         0.000
 SUB_HI_D       0.000         0.000         0.000         0.000         0.000
 SUB_LO_D       0.000         0.000         0.000         0.000         0.000
 ASB_HI_D       0.000         0.000         0.000         0.000         0.000
 ASB_MOD_       0.000         0.000         0.000         0.000         0.000
 ASB_ADO_       0.000         0.000         0.000         0.000         0.000


           PSI
              W1SUB#1       W1SUB         W2SUB#1       W2SUB         W3SUB#1
              ________      ________      ________      ________      ________
 W1SUB#1        0.000
 W1SUB          0.000         0.000
 W2SUB#1        0.000         0.000         0.000
 W2SUB          0.000         0.000         0.000         0.000
 W3SUB#1        0.000         0.000         0.000         0.000         0.000
 W3SUB          0.000         0.000         0.000         0.000         0.000
 W4SUB#1        0.000         0.000         0.000         0.000         0.000
 W4SUB          0.000         0.000         0.000         0.000         0.000
 W5SUB#1        0.000         0.000         0.000         0.000         0.000
 W5SUB          0.000         0.000         0.000         0.000         0.000
 PARENT         0.000         0.000         0.000         0.000         0.000
 PEER           0.000         0.000         0.000         0.000         0.000
 SCHOOL         0.000         0.000         0.000         0.000         0.000
 NEIGHBOR       0.000         0.000         0.000         0.000         0.000
 PGS            0.000         0.000         0.000         0.000         0.000
 AGE            0.000         0.000         0.000         0.000         0.000
 SEX            0.000         0.000         0.000         0.000         0.000
 INCOME         0.000         0.000         0.000         0.000         0.000
 PARED          0.000         0.000         0.000         0.000         0.000
 PGSPAREN       0.000         0.000         0.000         0.000         0.000
 PGSPEER        0.000         0.000         0.000         0.000         0.000
 PGSSCHOO       0.000         0.000         0.000         0.000         0.000
 PGSNEIGH       0.000         0.000         0.000         0.000         0.000
 PGSAGE         0.000         0.000         0.000         0.000         0.000
 PGSSEX         0.000         0.000         0.000         0.000         0.000
 PGSINC         0.000         0.000         0.000         0.000         0.000
 PGSPARED       0.000         0.000         0.000         0.000         0.000
 PGSSINGP       0.000         0.000         0.000         0.000         0.000
 SINGLE_P       0.000         0.000         0.000         0.000         0.000
 SUB_HI_D       0.000         0.000         0.000         0.000         0.000
 SUB_LO_D       0.000         0.000         0.000         0.000         0.000
 ASB_HI_D       0.000         0.000         0.000         0.000         0.000
 ASB_MOD_       0.000         0.000         0.000         0.000         0.000
 ASB_ADO_       0.000         0.000         0.000         0.000         0.000


           PSI
              W3SUB         W4SUB#1       W4SUB         W5SUB#1       W5SUB
              ________      ________      ________      ________      ________
 W3SUB          0.000
 W4SUB#1        0.000         0.000
 W4SUB          0.000         0.000         0.000
 W5SUB#1        0.000         0.000         0.000         0.000
 W5SUB          0.000         0.000         0.000         0.000         0.000
 PARENT         0.000         0.000         0.000         0.000         0.000
 PEER           0.000         0.000         0.000         0.000         0.000
 SCHOOL         0.000         0.000         0.000         0.000         0.000
 NEIGHBOR       0.000         0.000         0.000         0.000         0.000
 PGS            0.000         0.000         0.000         0.000         0.000
 AGE            0.000         0.000         0.000         0.000         0.000
 SEX            0.000         0.000         0.000         0.000         0.000
 INCOME         0.000         0.000         0.000         0.000         0.000
 PARED          0.000         0.000         0.000         0.000         0.000
 PGSPAREN       0.000         0.000         0.000         0.000         0.000
 PGSPEER        0.000         0.000         0.000         0.000         0.000
 PGSSCHOO       0.000         0.000         0.000         0.000         0.000
 PGSNEIGH       0.000         0.000         0.000         0.000         0.000
 PGSAGE         0.000         0.000         0.000         0.000         0.000
 PGSSEX         0.000         0.000         0.000         0.000         0.000
 PGSINC         0.000         0.000         0.000         0.000         0.000
 PGSPARED       0.000         0.000         0.000         0.000         0.000
 PGSSINGP       0.000         0.000         0.000         0.000         0.000
 SINGLE_P       0.000         0.000         0.000         0.000         0.000
 SUB_HI_D       0.000         0.000         0.000         0.000         0.000
 SUB_LO_D       0.000         0.000         0.000         0.000         0.000
 ASB_HI_D       0.000         0.000         0.000         0.000         0.000
 ASB_MOD_       0.000         0.000         0.000         0.000         0.000
 ASB_ADO_       0.000         0.000         0.000         0.000         0.000


           PSI
              PARENT        PEER          SCHOOL        NEIGHBOR      PGS
              ________      ________      ________      ________      ________
 PARENT         0.499
 PEER           0.000         0.499
 SCHOOL         0.000         0.000         0.496
 NEIGHBOR       0.000         0.000         0.000         0.499
 PGS            0.000         0.000         0.000         0.000         0.499
 AGE            0.000         0.000         0.000         0.000         0.000
 SEX            0.000         0.000         0.000         0.000         0.000
 INCOME         0.000         0.000         0.000         0.000         0.000
 PARED          0.000         0.000         0.000         0.000         0.000
 PGSPAREN       0.000         0.000         0.000         0.000         0.000
 PGSPEER        0.000         0.000         0.000         0.000         0.000
 PGSSCHOO       0.000         0.000         0.000         0.000         0.000
 PGSNEIGH       0.000         0.000         0.000         0.000         0.000
 PGSAGE         0.000         0.000         0.000         0.000         0.000
 PGSSEX         0.000         0.000         0.000         0.000         0.000
 PGSINC         0.000         0.000         0.000         0.000         0.000
 PGSPARED       0.000         0.000         0.000         0.000         0.000
 PGSSINGP       0.000         0.000         0.000         0.000         0.000
 SINGLE_P       0.000         0.000         0.000         0.000         0.000
 SUB_HI_D       0.000         0.000         0.000         0.000         0.000
 SUB_LO_D       0.000         0.000         0.000         0.000         0.000
 ASB_HI_D       0.000         0.000         0.000         0.000         0.000
 ASB_MOD_       0.000         0.000         0.000         0.000         0.000
 ASB_ADO_       0.000         0.000         0.000         0.000         0.000


           PSI
              AGE           SEX           INCOME        PARED         PGSPAREN
              ________      ________      ________      ________      ________
 AGE            1.475
 SEX            0.000         0.125
 INCOME         0.000         0.000         0.298
 PARED          0.000         0.000         0.000         0.610
 PGSPAREN       0.000         0.000         0.000         0.000         0.489
 PGSPEER        0.000         0.000         0.000         0.000         0.000
 PGSSCHOO       0.000         0.000         0.000         0.000         0.000
 PGSNEIGH       0.000         0.000         0.000         0.000         0.000
 PGSAGE         0.000         0.000         0.000         0.000         0.000
 PGSSEX         0.000         0.000         0.000         0.000         0.000
 PGSINC         0.000         0.000         0.000         0.000         0.000
 PGSPARED       0.000         0.000         0.000         0.000         0.000
 PGSSINGP       0.000         0.000         0.000         0.000         0.000
 SINGLE_P       0.000         0.000         0.000         0.000         0.000
 SUB_HI_D       0.000         0.000         0.000         0.000         0.000
 SUB_LO_D       0.000         0.000         0.000         0.000         0.000
 ASB_HI_D       0.000         0.000         0.000         0.000         0.000
 ASB_MOD_       0.000         0.000         0.000         0.000         0.000
 ASB_ADO_       0.000         0.000         0.000         0.000         0.000


           PSI
              PGSPEER       PGSSCHOO      PGSNEIGH      PGSAGE        PGSSEX
              ________      ________      ________      ________      ________
 PGSPEER        0.503
 PGSSCHOO       0.000         0.472
 PGSNEIGH       0.000         0.000         0.501
 PGSAGE         0.000         0.000         0.000         1.476
 PGSSEX         0.000         0.000         0.000         0.000         0.125
 PGSINC         0.000         0.000         0.000         0.000         0.000
 PGSPARED       0.000         0.000         0.000         0.000         0.000
 PGSSINGP       0.000         0.000         0.000         0.000         0.000
 SINGLE_P       0.000         0.000         0.000         0.000         0.000
 SUB_HI_D       0.000         0.000         0.000         0.000         0.000
 SUB_LO_D       0.000         0.000         0.000         0.000         0.000
 ASB_HI_D       0.000         0.000         0.000         0.000         0.000
 ASB_MOD_       0.000         0.000         0.000         0.000         0.000
 ASB_ADO_       0.000         0.000         0.000         0.000         0.000


           PSI
              PGSINC        PGSPARED      PGSSINGP      SINGLE_P      SUB_HI_D
              ________      ________      ________      ________      ________
 PGSINC         0.284
 PGSPARED       0.000         0.590
 PGSSINGP       0.000         0.000         0.124
 SINGLE_P       0.000         0.000         0.000         0.092
 SUB_HI_D       0.000         0.000         0.000         0.000         0.123
 SUB_LO_D       0.000         0.000         0.000         0.000         0.000
 ASB_HI_D       0.000         0.000         0.000         0.000         0.000
 ASB_MOD_       0.000         0.000         0.000         0.000         0.000
 ASB_ADO_       0.000         0.000         0.000         0.000         0.000


           PSI
              SUB_LO_D      ASB_HI_D      ASB_MOD_      ASB_ADO_
              ________      ________      ________      ________
 SUB_LO_D       0.063
 ASB_HI_D       0.000         0.009
 ASB_MOD_       0.000         0.000         0.056
 ASB_ADO_       0.000         0.000         0.000         0.028


     STARTING VALUES FOR THE ADDITIONAL PARAMETERS


           NEW/ADDITIONAL PARAMETERS
              INDASB11      INDASB12      INDASB13      INDASB14      TOTALASB
              ________      ________      ________      ________      ________
 1              0.500         0.500         0.500         0.500         0.500


           NEW/ADDITIONAL PARAMETERS
              INDASB21      INDASB22      INDASB23      INDASB24      INDASB31
              ________      ________      ________      ________      ________
 1              0.500         0.500         0.500         0.500         0.500


           NEW/ADDITIONAL PARAMETERS
              INDASB32      INDASB33      INDASB34      INDASB41      INDASB42
              ________      ________      ________      ________      ________
 1              0.500         0.500         0.500         0.500         0.500


           NEW/ADDITIONAL PARAMETERS
              INDASB43      INDASB44      INDASB51      INDASB52      INDASB53
              ________      ________      ________      ________      ________
 1              0.500         0.500         0.500         0.500         0.500


           NEW/ADDITIONAL PARAMETERS
              INDASB54      INDSUB11      INDSUB12      INDSUB13      INDSUB14
              ________      ________      ________      ________      ________
 1              0.500         0.500         0.500         0.500         0.500


           NEW/ADDITIONAL PARAMETERS
              TOTALSUB      INDSUB21      INDSUB22      INDSUB23      INDSUB24
              ________      ________      ________      ________      ________
 1              0.500         0.500         0.500         0.500         0.500


           NEW/ADDITIONAL PARAMETERS
              INDSUB31      INDSUB32      INDSUB33      INDSUB34      INDSUB41
              ________      ________      ________      ________      ________
 1              0.500         0.500         0.500         0.500         0.500


           NEW/ADDITIONAL PARAMETERS
              INDSUB42      INDSUB43      INDSUB44      INDSUB51      INDSUB52
              ________      ________      ________      ________      ________
 1              0.500         0.500         0.500         0.500         0.500


           NEW/ADDITIONAL PARAMETERS
              INDSUB53      INDSUB54
              ________      ________
 1              0.500         0.500         0.500         0.500         0.500


           NEW/ADDITIONAL PARAMETERS
 1              0.500         0.500         0.500         0.500         0.500


SAVEDATA INFORMATION


  Save file
    eur_wave_id.dat

  Order of variables

    W1ASB
    W2ASB
    W3ASB
    W4ASB
    W5ASB
    W1SUB
    W2SUB
    W3SUB
    W4SUB
    W5SUB
    PARENT
    PEER
    SCHOOL
    NEIGHBOR
    PGS
    AGE
    SEX
    INCOME
    PARED
    PGSPAREN
    PGSPEER
    PGSSCHOO
    PGSNEIGH
    PGSAGE
    PGSSEX
    PGSINC
    PGSPARED
    PGSSINGP
    SINGLE_P
    SUB_HI_D
    SUB_LO_D
    ASB_HI_D
    ASB_MOD_
    ASB_ADO_
    AID

  Save file format           Free

  Save file record length    10000


DIAGRAM INFORMATION

  Use View Diagram under the Diagram menu in the Mplus Editor to view the diagram.
  If running Mplus from the Mplus Diagrammer, the diagram opens automatically.

  Diagram output
    c:\repo\2024_ge_interplay_ext_trajectory\analysis\rnr_eur_sens_by_wave.dgm

     Beginning Time:  00:23:58
        Ending Time:  00:30:02
       Elapsed Time:  00:06:04



MUTHEN & MUTHEN
3463 Stoner Ave.
Los Angeles, CA  90066

Tel: (310) 391-9971
Fax: (310) 391-8971
Web: www.StatModel.com
Support: Support@StatModel.com

Copyright (c) 1998-2015 Muthen & Muthen
