Mplus VERSION 8.6
MUTHEN & MUTHEN
12/05/2025  12:03 PM

INPUT INSTRUCTIONS

  Data:
    File is "c:\Repo\data_local\gxe_ext_trajectory_no_item_miss.csv";
  Variable:
   Names are
      AID white african native asian other hispanic FAMID pgs
      ANCESTRY parent single_par peer school neighbor age sex asb sub
      income pared sub_hi_dum sub_lo_dum asb_hi_dum
      asb_mod_dum asb_ado_dum pgsparent pgspeer pgsschool
      pgsneighbor pgsage pgssex pgsinc pgspared pgssingpar
      pgsafrican pgsnative pgsasian pgsother pgshispanic;

   usevariables are
    sub asb
    pgs parent peer school neighbor age sex
    income pared
    sub_hi_dum sub_lo_dum
    asb_hi_dum asb_mod_dum asb_ado_dum
    pgsparent pgspeer pgsschool pgsneighbor
    pgsage pgssex pgsinc pgspared pgssingpar
    single_par
    ;

    NOMINAL ARE
     asb sub;

    USEOBSERVATIONS ARE
      ancestry == 0 AND white == 1 AND hispanic == 0;

    IDVARIABLE IS AID;

    Missing are .;

  Analysis:
      process = 18;
      estimator = ML;
      Algorithm = INTEGRATION;
      INTEGRATION = MONTECARLO (2000);
      !LINK = PROBIT;
      !bootstrap=1500;

  Define:


  MODEL:

      parent peer school neighbor ON age sex income pared
      single_par;

      parent ON pgs(a1);
      peer ON pgs(a2);
      school ON pgs(a3);
      neighbor ON pgs(a4);


      asb ON pgsparent pgspeer
      pgsschool pgsneighbor
      pgsage pgssex pgsinc pgspared pgssingpar
      sub_hi_dum sub_lo_dum age sex
      income pared
      single_par;

      asb#1 ON pgs(cpasb1);
      asb#1 ON parent(basb11);
      asb#1 ON peer(basb12);
      asb#1 ON school(basb13);
      asb#1 ON neighbor(basb14);

      asb#2 ON pgs(cpasb2);
      asb#2 ON parent(basb21);
      asb#2 ON peer(basb22);
      asb#2 ON school(basb23);
      asb#2 ON neighbor(basb24);

      asb#3 ON pgs(cpasb3);
      asb#3 ON parent(basb31);
      asb#3 ON peer(basb32);
      asb#3 ON school(basb33);
      asb#3 ON neighbor(basb34);


      sub ON pgsparent pgspeer pgsschool pgsneighbor
      pgsage pgssex pgsinc pgspared pgssingpar
      asb_hi_dum asb_mod_dum asb_ado_dum age sex
      income pared
      single_par;

      sub#1 ON pgs(cpsub1);
      sub#1 ON parent(bsub11);
      sub#1 ON peer(bsub12);
      sub#1 ON school(bsub13);
      sub#1 ON neighbor(bsub14);

      sub#2 ON pgs(cpsub2);
      sub#2 ON parent(bsub21);
      sub#2 ON peer(bsub22);
      sub#2 ON school(bsub23);
      sub#2 ON neighbor(bsub24);


      parent WITH peer school neighbor;

      peer WITH parent school neighbor;

      school WITH parent peer neighbor;

      neighbor WITH parent peer school;

      [pgs parent peer school neighbor
      age sex income pared single_par
      pgsparent pgspeer
      pgsschool pgsneighbor
      pgsage pgssex pgsinc pgspared pgssingpar];

  MODEL CONSTRAINT:
      NEW (indasb11 indasb12 indasb13 indasb14 totalasb1
      indasb21 indasb22 indasb23 indasb24 totalasb2
      indasb31 indasb32 indasb33 indasb34 totalasb3
      indsub11 indsub12 indsub13 indsub14 totalsub1
      indsub21 indsub22 indsub23 indsub24 totalsub2);

      indasb11 = a1*basb11;
      indasb12 = a2*basb12;
      indasb13 = a3*basb13;
      indasb14 = a4*basb14;
      totalasb1 = indasb11 + indasb12 + indasb13 +
          indasb14 + cpasb1;

      indasb21 = a1*basb21;
      indasb22 = a2*basb22;
      indasb23 = a3*basb23;
      indasb24 = a4*basb24;
      totalasb2 = indasb21 + indasb22 + indasb23 +
          indasb24 + cpasb2;

      indasb31 = a1*basb31;
      indasb32 = a2*basb32;
      indasb33 = a3*basb33;
      indasb34 = a4*basb34;
      totalasb3 = indasb31 + indasb32 + indasb33 +
          indasb34 + cpasb3;

      indsub11 = a1*bsub11;
      indsub12 = a2*bsub12;
      indsub13 = a3*bsub13;
      indsub14 = a4*bsub14;
      totalsub1 = indsub11 + indsub12 + indsub13 +
          indsub14 + cpsub1;

      indsub21 = a1*bsub21;
      indsub22 = a2*bsub22;
      indsub23 = a3*bsub23;
      indsub24 = a4*bsub24;
      totalsub2 = indsub21 + indsub22 + indsub23 +
          indsub24 + cpsub2;


      OUTPUT:
      CINTERVAL(BOOTSTRAP)
      ;

      SAVEDATA:
      FILE is eur_id.dat;
      FORMAT is free;



*** WARNING in VARIABLE command
  Note that only the first 8 characters of variable names are used in the output.
  Shorten variable names to avoid any confusion.
*** WARNING in OUTPUT command
  BOOTSTRAP and BCBOOTSTRAP confidence intervals require the specification
  of BOOTSTRAP in the ANALYSIS command.  Request for CINTERVAL is ignored.
   2 WARNING(S) FOUND IN THE INPUT INSTRUCTIONS




SUMMARY OF ANALYSIS

Number of groups                                                 1
Number of observations                                        5025

Number of dependent variables                                    6
Number of independent variables                                 20
Number of continuous latent variables                            0

Observed dependent variables

  Continuous
   PARENT      PEER        SCHOOL      NEIGHBOR

  Unordered categorical (nominal)
   ASB         SUB

Observed independent variables
   PGS         AGE         SEX         INCOME      PARED       SUB_HI_D
   SUB_LO_D    ASB_HI_D    ASB_MOD_    ASB_ADO_    PGSPAREN    PGSPEER
   PGSSCHOO    PGSNEIGH    PGSAGE      PGSSEX      PGSINC      PGSPARED
   PGSSINGP    SINGLE_P

Variables with special functions

  ID variable           AID

Estimator                                                       ML
Information matrix                                        OBSERVED
Optimization Specifications for the Quasi-Newton Algorithm for
Continuous Outcomes
  Maximum number of iterations                                 100
  Convergence criterion                                  0.100D-05
Optimization Specifications for the EM Algorithm
  Maximum number of iterations                                 500
  Convergence criteria
    Loglikelihood change                                 0.100D-02
    Relative loglikelihood change                        0.100D-05
    Derivative                                           0.100D-02
Optimization Specifications for the M step of the EM Algorithm for
Categorical Latent variables
  Number of M step iterations                                    1
  M step convergence criterion                           0.100D-02
  Basis for M step termination                           ITERATION
Optimization Specifications for the M step of the EM Algorithm for
Censored, Binary or Ordered Categorical (Ordinal), Unordered
Categorical (Nominal) and Count Outcomes
  Number of M step iterations                                    1
  M step convergence criterion                           0.100D-02
  Basis for M step termination                           ITERATION
  Maximum value for logit thresholds                            15
  Minimum value for logit thresholds                           -15
  Minimum expected cell size for chi-square              0.100D-01
Maximum number of iterations for H1                           2000
Convergence criterion for H1                             0.100D-03
Optimization algorithm                                         EMA
Integration Specifications
  Type                                                  MONTECARLO
  Number of integration points                                2000
  Dimensions of numerical integration                           14
  Adaptive quadrature                                           ON
  Monte Carlo integration seed                                   0
Cholesky                                                       OFF

Input data file(s)
  c:\Repo\data_local\gxe_ext_trajectory_no_item_miss.csv
Input data format  FREE


SUMMARY OF DATA

     Number of missing data patterns            33


COVARIANCE COVERAGE OF DATA

Minimum covariance coverage value   0.100


     PROPORTION OF DATA PRESENT FOR Y


           Covariance Coverage
              PARENT        PEER          SCHOOL        NEIGHBOR      PGS
              ________      ________      ________      ________      ________
 PARENT         0.980
 PEER           0.961         0.980
 SCHOOL         0.958         0.957         0.975
 NEIGHBOR       0.961         0.962         0.956         0.979
 PGS            0.980         0.980         0.975         0.979         1.000
 AGE            0.980         0.980         0.974         0.979         1.000
 SEX            0.980         0.980         0.975         0.979         1.000
 INCOME         0.810         0.801         0.798         0.800         0.817
 PARED          0.959         0.941         0.938         0.941         0.959
 PGSPAREN       0.980         0.961         0.958         0.961         0.980
 PGSPEER        0.961         0.980         0.957         0.962         0.980
 PGSSCHOO       0.958         0.957         0.975         0.956         0.975
 PGSNEIGH       0.961         0.962         0.956         0.979         0.979
 PGSAGE         0.980         0.980         0.974         0.979         1.000
 PGSSEX         0.980         0.980         0.975         0.979         1.000
 PGSINC         0.810         0.801         0.798         0.800         0.817
 PGSPARED       0.959         0.941         0.938         0.941         0.959
 PGSSINGP       0.980         0.980         0.975         0.979         1.000
 SINGLE_P       0.980         0.980         0.975         0.979         1.000
 SUB_HI_D       0.980         0.980         0.975         0.979         1.000
 SUB_LO_D       0.980         0.980         0.975         0.979         1.000
 ASB_HI_D       0.980         0.980         0.975         0.979         1.000
 ASB_MOD_       0.980         0.980         0.975         0.979         1.000
 ASB_ADO_       0.980         0.980         0.975         0.979         1.000


           Covariance Coverage
              AGE           SEX           INCOME        PARED         PGSPAREN
              ________      ________      ________      ________      ________
 AGE            1.000
 SEX            1.000         1.000
 INCOME         0.817         0.817         0.817
 PARED          0.959         0.959         0.794         0.959
 PGSPAREN       0.980         0.980         0.810         0.959         0.980
 PGSPEER        0.980         0.980         0.801         0.941         0.961
 PGSSCHOO       0.974         0.975         0.798         0.938         0.958
 PGSNEIGH       0.979         0.979         0.800         0.941         0.961
 PGSAGE         1.000         1.000         0.817         0.959         0.980
 PGSSEX         1.000         1.000         0.817         0.959         0.980
 PGSINC         0.817         0.817         0.817         0.794         0.810
 PGSPARED       0.959         0.959         0.794         0.959         0.959
 PGSSINGP       1.000         1.000         0.817         0.959         0.980
 SINGLE_P       1.000         1.000         0.817         0.959         0.980
 SUB_HI_D       1.000         1.000         0.817         0.959         0.980
 SUB_LO_D       1.000         1.000         0.817         0.959         0.980
 ASB_HI_D       1.000         1.000         0.817         0.959         0.980
 ASB_MOD_       1.000         1.000         0.817         0.959         0.980
 ASB_ADO_       1.000         1.000         0.817         0.959         0.980


           Covariance Coverage
              PGSPEER       PGSSCHOO      PGSNEIGH      PGSAGE        PGSSEX
              ________      ________      ________      ________      ________
 PGSPEER        0.980
 PGSSCHOO       0.957         0.975
 PGSNEIGH       0.962         0.956         0.979
 PGSAGE         0.980         0.974         0.979         1.000
 PGSSEX         0.980         0.975         0.979         1.000         1.000
 PGSINC         0.801         0.798         0.800         0.817         0.817
 PGSPARED       0.941         0.938         0.941         0.959         0.959
 PGSSINGP       0.980         0.975         0.979         1.000         1.000
 SINGLE_P       0.980         0.975         0.979         1.000         1.000
 SUB_HI_D       0.980         0.975         0.979         1.000         1.000
 SUB_LO_D       0.980         0.975         0.979         1.000         1.000
 ASB_HI_D       0.980         0.975         0.979         1.000         1.000
 ASB_MOD_       0.980         0.975         0.979         1.000         1.000
 ASB_ADO_       0.980         0.975         0.979         1.000         1.000


           Covariance Coverage
              PGSINC        PGSPARED      PGSSINGP      SINGLE_P      SUB_HI_D
              ________      ________      ________      ________      ________
 PGSINC         0.817
 PGSPARED       0.794         0.959
 PGSSINGP       0.817         0.959         1.000
 SINGLE_P       0.817         0.959         1.000         1.000
 SUB_HI_D       0.817         0.959         1.000         1.000         1.000
 SUB_LO_D       0.817         0.959         1.000         1.000         1.000
 ASB_HI_D       0.817         0.959         1.000         1.000         1.000
 ASB_MOD_       0.817         0.959         1.000         1.000         1.000
 ASB_ADO_       0.817         0.959         1.000         1.000         1.000


           Covariance Coverage
              SUB_LO_D      ASB_HI_D      ASB_MOD_      ASB_ADO_
              ________      ________      ________      ________
 SUB_LO_D       1.000
 ASB_HI_D       1.000         1.000
 ASB_MOD_       1.000         1.000         1.000
 ASB_ADO_       1.000         1.000         1.000         1.000


UNIVARIATE PROPORTIONS AND COUNTS FOR CATEGORICAL VARIABLES

    ASB
      Category 1    0.018           91.000
      Category 2    0.128          643.000
      Category 3    0.060          304.000
      Category 4    0.793         3987.000
    SUB
      Category 1    0.432         2171.000
      Category 2    0.148          746.000
      Category 3    0.420         2108.000



UNIVARIATE SAMPLE STATISTICS


     UNIVARIATE HIGHER-ORDER MOMENT DESCRIPTIVE STATISTICS

         Variable/         Mean/     Skewness/   Minimum/ % with                Percentiles
        Sample Size      Variance    Kurtosis    Maximum  Min/Max      20%/60%    40%/80%    Median

     PARENT                0.002      -1.374      -5.854    0.02%      -0.655     -0.052      0.159
            4924.000       0.997       2.614       1.186    0.75%       0.408      0.886
     PEER                 -0.002       0.892      -1.017   27.94%      -1.017     -0.441     -0.330
            4924.000       0.997       0.099       3.678    0.28%      -0.018      0.909
     SCHOOL                0.004      -0.598      -3.734    0.06%      -0.738     -0.046      0.185
            4897.000       0.992       0.240       1.815    1.84%       0.411      0.880
     NEIGHBOR              0.005      -0.967      -3.916    0.14%      -0.840     -0.016      0.254
            4920.000       0.997       0.488       1.177   12.91%       0.456      0.930
     PGS                   0.000       0.007      -3.534    0.02%      -0.853     -0.251      0.007
            5025.000       0.998       0.016       3.646    0.02%       0.243      0.834
     AGE                  -0.005      -0.072      -4.017    0.02%      -1.684     -0.517     -0.017
            5023.000       2.950      -0.940       5.316    0.02%       0.566      1.733
     SEX                   0.031      -0.122      -0.500   46.95%      -0.500     -0.500      0.500
            5025.000       0.249      -1.985       0.500   53.05%       0.500      0.500
     INCOME                0.002      -1.177      -3.702    0.90%      -0.483     -0.038      0.127
            4106.000       0.596       4.455       3.206    0.05%       0.230      0.561
     PARED                 0.001       0.153      -2.742    1.16%      -0.742     -0.742     -0.242
            4821.000       1.220      -0.484       2.258    4.96%       0.258      1.258
     PGSPARENT            -0.064      -1.245     -10.031    0.02%      -0.521     -0.093     -0.006
            4924.000       0.978      11.708       5.525    0.02%       0.062      0.443
     PGSPEER               0.161       0.680      -5.904    0.02%      -0.419     -0.031      0.041
            4924.000       0.996       6.828      11.266    0.02%       0.196      0.747
     PGSSCHOOL            -0.120      -0.713      -7.357    0.02%      -0.606     -0.127     -0.021
            4897.000       0.955       4.777       4.967    0.02%       0.033      0.391
     PGSNEIGHBOR          -0.061      -0.482     -10.287    0.02%      -0.606     -0.146     -0.023
            4920.000       0.999       9.132       7.589    0.02%       0.062      0.486
     PGSAGE                0.003       0.155      -8.774    0.02%      -1.039     -0.174     -0.006
            5023.000       2.953       3.275      11.316    0.02%       0.168      0.999
     PGSSEX                0.014       0.027      -1.767    0.02%      -0.413     -0.109      0.022
            5025.000       0.249       0.013       1.823    0.02%       0.135      0.429
     PGSINC               -0.064      -0.956      -9.811    0.02%      -0.386     -0.086     -0.011
            4106.000       0.568      20.229       5.937    0.02%       0.025      0.273
     PGSPARED             -0.127      -0.439      -6.137    0.02%      -0.735     -0.200     -0.048
            4821.000       1.181       3.991       5.656    0.02%       0.079      0.494
     PGSSINGPAR            0.036       0.015      -1.823    0.02%      -0.391     -0.083      0.036
            5025.000       0.248       0.012       1.767    0.02%       0.160      0.453
     SINGLE_PAR           -0.258       1.206      -0.500   75.82%      -0.500     -0.500     -0.500
            5025.000       0.183      -0.545       0.500   24.18%      -0.500      0.500
     SUB_HI_DUM            0.432       0.274       0.000   56.80%       0.000      0.000      0.000
            5025.000       0.245      -1.925       1.000   43.20%       1.000      1.000
     SUB_LO_DUM            0.148       1.977       0.000   85.15%       0.000      0.000      0.000
            5025.000       0.126       1.910       1.000   14.85%       0.000      0.000
     ASB_HI_DUM            0.018       7.228       0.000   98.19%       0.000      0.000      0.000
            5025.000       0.018      50.238       1.000    1.81%       0.000      0.000
     ASB_MOD_DUM           0.128       2.227       0.000   87.20%       0.000      0.000      0.000
            5025.000       0.112       2.962       1.000   12.80%       0.000      0.000
     ASB_ADO_DUM           0.060       3.687       0.000   93.95%       0.000      0.000      0.000
            5025.000       0.057      11.594       1.000    6.05%       0.000      0.000

     THE STANDARD ERRORS OF THE MODEL PARAMETER ESTIMATES MAY NOT BE
     TRUSTWORTHY FOR SOME PARAMETERS DUE TO A NON-POSITIVE DEFINITE
     FIRST-ORDER DERIVATIVE PRODUCT MATRIX.  THIS MAY BE DUE TO THE STARTING
     VALUES BUT MAY ALSO BE AN INDICATION OF MODEL NONIDENTIFICATION.  THE
     CONDITION NUMBER IS       0.864D-18.  PROBLEM INVOLVING THE FOLLOWING PARAMETER:
     Parameter 267, PGSSINGPAR WITH PGSSEX


THE MODEL ESTIMATION TERMINATED NORMALLY



MODEL FIT INFORMATION

Number of Free Parameters                      285

Loglikelihood

          H0 Value                     -122502.605

Information Criteria

          Akaike (AIC)                  245575.210
          Bayesian (BIC)                247434.031
          Sample-Size Adjusted BIC      246528.399
            (n* = (n + 2) / 24)



MODEL RESULTS

                                                    Two-Tailed
                    Estimate       S.E.  Est./S.E.    P-Value

 PARENT     ON
    AGE               -0.092      0.008    -11.174      0.000
    SEX               -0.168      0.028     -5.980      0.000
    INCOME             0.046      0.024      1.942      0.052
    PARED              0.020      0.015      1.391      0.164
    SINGLE_PAR        -0.088      0.035     -2.530      0.011
    PGS               -0.055      0.014     -3.892      0.000

 PEER       ON
    AGE                0.155      0.008     19.896      0.000
    SEX               -0.047      0.027     -1.765      0.078
    INCOME            -0.001      0.022     -0.034      0.973
    PARED             -0.090      0.014     -6.484      0.000
    SINGLE_PAR         0.207      0.033      6.184      0.000
    PGS                0.143      0.013     10.643      0.000

 SCHOOL     ON
    AGE               -0.059      0.008     -7.224      0.000
    SEX               -0.001      0.028     -0.023      0.981
    INCOME             0.038      0.023      1.647      0.100
    PARED              0.071      0.015      4.828      0.000
    SINGLE_PAR        -0.141      0.035     -4.026      0.000
    PGS               -0.103      0.014     -7.359      0.000

 NEIGHBOR   ON
    AGE               -0.054      0.008     -6.559      0.000
    SEX               -0.056      0.028     -1.980      0.048
    INCOME             0.009      0.024      0.371      0.711
    PARED             -0.009      0.015     -0.598      0.550
    SINGLE_PAR        -0.216      0.035     -6.117      0.000
    PGS               -0.052      0.014     -3.650      0.000

 ASB#1      ON
    PGSPARENT         -0.060      0.118     -0.506      0.613
    PGSPEER           -0.183      0.114     -1.599      0.110
    PGSSCHOOL          0.064      0.126      0.508      0.612
    PGSNEIGHBO        -0.204      0.119     -1.710      0.087
    PGSAGE             0.009      0.075      0.125      0.900
    PGSSEX             0.032      0.358      0.089      0.929
    PGSINC             0.132      0.187      0.705      0.481
    PGSPARED          -0.146      0.125     -1.172      0.241
    PGSSINGPAR         0.037      0.289      0.130      0.897
    SUB_HI_DUM         1.591      0.373      4.264      0.000
    SUB_LO_DUM        -9.230     69.902     -0.132      0.895
    AGE               -0.371      0.080     -4.621      0.000
    SEX               -2.817      0.393     -7.172      0.000
    INCOME            -0.125      0.188     -0.663      0.507
    PARED              0.299      0.129      2.316      0.021
    SINGLE_PAR        -0.211      0.294     -0.718      0.473
    PGS                0.410      0.253      1.619      0.105
    PARENT            -0.190      0.128     -1.487      0.137
    PEER               1.240      0.121     10.218      0.000
    SCHOOL            -0.386      0.132     -2.938      0.003
    NEIGHBOR          -0.019      0.132     -0.142      0.887

 ASB#2      ON
    PGSPARENT          0.078      0.051      1.538      0.124
    PGSPEER           -0.022      0.051     -0.438      0.661
    PGSSCHOOL         -0.004      0.054     -0.068      0.945
    PGSNEIGHBO        -0.054      0.049     -1.093      0.275
    PGSAGE             0.023      0.029      0.809      0.418
    PGSSEX             0.127      0.099      1.281      0.200
    PGSINC            -0.039      0.076     -0.520      0.603
    PGSPARED           0.077      0.049      1.576      0.115
    PGSSINGPAR        -0.109      0.115     -0.945      0.344
    SUB_HI_DUM         0.629      0.100      6.317      0.000
    SUB_LO_DUM        -0.832      0.208     -4.010      0.000
    AGE               -0.124      0.029     -4.282      0.000
    SEX               -1.363      0.100    -13.662      0.000
    INCOME             0.044      0.075      0.588      0.556
    PARED              0.084      0.048      1.756      0.079
    SINGLE_PAR        -0.042      0.113     -0.372      0.710
    PGS                0.137      0.060      2.292      0.022
    PARENT            -0.207      0.049     -4.210      0.000
    PEER               0.217      0.052      4.143      0.000
    SCHOOL            -0.103      0.053     -1.935      0.053
    NEIGHBOR           0.008      0.050      0.159      0.874

 ASB#3      ON
    PGSPARENT         -0.086      0.065     -1.337      0.181
    PGSPEER            0.019      0.064      0.293      0.770
    PGSSCHOOL         -0.067      0.072     -0.929      0.353
    PGSNEIGHBO         0.099      0.066      1.501      0.133
    PGSAGE            -0.009      0.041     -0.212      0.832
    PGSSEX             0.077      0.135      0.573      0.567
    PGSINC            -0.019      0.113     -0.164      0.869
    PGSPARED           0.046      0.069      0.664      0.507
    PGSSINGPAR         0.363      0.160      2.276      0.023
    SUB_HI_DUM         0.572      0.150      3.814      0.000
    SUB_LO_DUM        -0.504      0.313     -1.611      0.107
    AGE               -0.336      0.042     -7.987      0.000
    SEX               -1.035      0.135     -7.637      0.000
    INCOME             0.154      0.110      1.394      0.163
    PARED              0.061      0.068      0.902      0.367
    SINGLE_PAR         0.092      0.160      0.576      0.564
    PGS                0.052      0.092      0.571      0.568
    PARENT            -0.210      0.065     -3.209      0.001
    PEER               0.782      0.067     11.639      0.000
    SCHOOL            -0.283      0.072     -3.928      0.000
    NEIGHBOR          -0.015      0.067     -0.221      0.825

 SUB#1      ON
    PGSPARENT         -0.026      0.039     -0.654      0.513
    PGSPEER           -0.076      0.042     -1.819      0.069
    PGSSCHOOL          0.029      0.042      0.685      0.493
    PGSNEIGHBO         0.068      0.037      1.834      0.067
    PGSAGE             0.057      0.022      2.618      0.009
    PGSSEX             0.186      0.070      2.653      0.008
    PGSINC            -0.062      0.060     -1.031      0.303
    PGSPARED           0.068      0.037      1.828      0.068
    PGSSINGPAR        -0.041      0.089     -0.463      0.643
    ASB_HI_DUM         1.459      0.368      3.964      0.000
    ASB_MOD_DU         0.633      0.100      6.342      0.000
    ASB_ADO_DU         0.557      0.150      3.719      0.000
    AGE               -0.117      0.021     -5.499      0.000
    SEX               -0.222      0.070     -3.177      0.001
    INCOME            -0.048      0.056     -0.854      0.393
    PARED             -0.109      0.035     -3.090      0.002
    SINGLE_PAR         0.224      0.085      2.654      0.008
    PGS                0.240      0.043      5.640      0.000
    PARENT            -0.019      0.038     -0.513      0.608
    PEER               0.621      0.041     15.113      0.000
    SCHOOL            -0.195      0.040     -4.868      0.000
    NEIGHBOR          -0.004      0.037     -0.112      0.911

 SUB#2      ON
    PGSPARENT          0.068      0.058      1.166      0.244
    PGSPEER            0.106      0.074      1.421      0.155
    PGSSCHOOL         -0.045      0.057     -0.785      0.432
    PGSNEIGHBO         0.054      0.049      1.084      0.278
    PGSAGE             0.028      0.027      1.033      0.301
    PGSSEX            -0.003      0.092     -0.036      0.972
    PGSINC             0.044      0.079      0.565      0.572
    PGSPARED          -0.013      0.049     -0.266      0.790
    PGSSINGPAR        -0.081      0.123     -0.664      0.507
    ASB_HI_DUM        -9.936    115.154     -0.086      0.931
    ASB_MOD_DU        -0.796      0.208     -3.832      0.000
    ASB_ADO_DU        -0.294      0.310     -0.947      0.344
    AGE                0.148      0.028      5.354      0.000
    SEX                0.365      0.095      3.833      0.000
    INCOME            -0.206      0.073     -2.831      0.005
    PARED             -0.207      0.048     -4.324      0.000
    SINGLE_PAR         0.011      0.117      0.098      0.922
    PGS               -0.141      0.071     -1.995      0.046
    PARENT             0.111      0.055      2.025      0.043
    PEER              -0.702      0.074     -9.471      0.000
    SCHOOL            -0.031      0.054     -0.562      0.574
    NEIGHBOR          -0.116      0.048     -2.382      0.017

 PARENT   WITH
    PEER              -0.174      0.013    -12.999      0.000
    SCHOOL             0.322      0.015     21.951      0.000
    NEIGHBOR           0.197      0.014     13.851      0.000

 PEER     WITH
    SCHOOL            -0.233      0.014    -17.184      0.000
    NEIGHBOR          -0.063      0.013     -4.713      0.000

 SCHOOL   WITH
    NEIGHBOR           0.293      0.014     20.255      0.000

 AGE      WITH
    PGS                0.003      0.024      0.126      0.900

 SEX      WITH
    PGS                0.014      0.007      1.943      0.052
    AGE               -0.054      0.012     -4.435      0.000

 INCOME   WITH
    PGS               -0.062      0.012     -5.256      0.000
    AGE               -0.003      0.021     -0.163      0.871
    SEX                0.003      0.006      0.592      0.554

 PARED    WITH
    PGS               -0.126      0.016     -7.896      0.000
    AGE               -0.111      0.028     -4.015      0.000
    SEX               -0.007      0.008     -0.873      0.383
    INCOME             0.358      0.014     25.187      0.000

 PGSPAREN WITH
    PGS                0.017      0.014      1.211      0.226
    AGE                0.033      0.024      1.374      0.170
    SEX                0.009      0.007      1.303      0.193
    INCOME             0.000      0.012      0.009      0.993
    PARED             -0.031      0.016     -1.920      0.055

 PGSPEER  WITH
    PGS               -0.003      0.014     -0.190      0.849
    AGE                0.035      0.024      1.427      0.154
    SEX                0.003      0.007      0.383      0.702
    INCOME             0.004      0.012      0.364      0.716
    PARED              0.015      0.016      0.909      0.363
    PGSPARENT         -0.249      0.015    -16.946      0.000

 PGSSCHOO WITH
    PGS                0.002      0.014      0.145      0.884
    AGE                0.015      0.024      0.624      0.532
    SEX                0.007      0.007      1.038      0.299
    INCOME             0.024      0.012      2.030      0.042
    PARED              0.021      0.016      1.351      0.177
    PGSPARENT          0.371      0.015     24.722      0.000
    PGSPEER           -0.313      0.015    -21.240      0.000

 PGSNEIGH WITH
    PGS                0.006      0.014      0.405      0.685
    AGE               -0.019      0.024     -0.798      0.425
    SEX               -0.010      0.007     -1.462      0.144
    INCOME             0.010      0.012      0.807      0.420
    PARED             -0.010      0.016     -0.647      0.518
    PGSPARENT          0.230      0.015     15.778      0.000
    PGSPEER           -0.106      0.015     -7.279      0.000
    PGSSCHOOL          0.319      0.015     21.616      0.000

 PGSAGE   WITH
    PGS                0.066      0.024      2.703      0.007
    AGE                0.036      0.042      0.876      0.381
    SEX               -0.001      0.012     -0.072      0.943
    INCOME             0.030      0.021      1.455      0.146
    PARED              0.035      0.028      1.253      0.210
    PGSPARENT         -0.258      0.025    -10.483      0.000
    PGSPEER            0.450      0.025     17.864      0.000
    PGSSCHOOL         -0.163      0.024     -6.725      0.000
    PGSNEIGHBO        -0.105      0.024     -4.291      0.000

 PGSSEX   WITH
    PGS                0.030      0.007      4.221      0.000
    AGE               -0.001      0.012     -0.063      0.950
    SEX                0.000      0.004     -0.099      0.921
    INCOME            -0.004      0.006     -0.646      0.518
    PARED              0.004      0.008      0.448      0.654
    PGSPARENT         -0.030      0.007     -4.301      0.000
    PGSPEER           -0.012      0.007     -1.716      0.086
    PGSSCHOOL          0.007      0.007      0.939      0.348
    PGSNEIGHBO        -0.007      0.007     -0.919      0.358
    PGSAGE            -0.047      0.012     -3.867      0.000

 PGSINC   WITH
    PGS                0.012      0.011      1.028      0.304
    AGE                0.029      0.020      1.467      0.142
    SEX               -0.002      0.006     -0.382      0.702
    INCOME             0.040      0.009      4.500      0.000
    PARED             -0.009      0.013     -0.660      0.510
    PGSPARENT          0.050      0.012      4.298      0.000
    PGSPEER           -0.060      0.011     -5.209      0.000
    PGSSCHOOL          0.079      0.011      6.948      0.000
    PGSNEIGHBO         0.065      0.012      5.670      0.000
    PGSAGE             0.026      0.020      1.287      0.198
    PGSSEX             0.002      0.006      0.386      0.700

 PGSPARED WITH
    PGS                0.033      0.016      2.081      0.037
    AGE                0.035      0.027      1.282      0.200
    SEX                0.007      0.008      0.916      0.360
    INCOME            -0.009      0.013     -0.702      0.483
    PARED             -0.021      0.017     -1.234      0.217
    PGSPARENT          0.075      0.016      4.735      0.000
    PGSPEER           -0.141      0.016     -8.853      0.000
    PGSSCHOOL          0.103      0.016      6.580      0.000
    PGSNEIGHBO         0.009      0.016      0.585      0.559
    PGSAGE            -0.145      0.027     -5.337      0.000
    PGSSEX            -0.007      0.008     -0.859      0.390
    PGSINC             0.346      0.013     25.743      0.000

 PGSSINGP WITH
    PGS               -0.277      0.008    -34.448      0.000
    AGE               -0.003      0.012     -0.210      0.833
    SEX               -0.002      0.004     -0.573      0.567
    INCOME             0.006      0.006      0.944      0.345
    PARED              0.042      0.008      5.305      0.000
    PGSPARENT         -0.036      0.007     -5.050      0.000
    PGSPEER            0.041      0.007      5.737      0.000
    PGSSCHOOL         -0.026      0.007     -3.690      0.000
    PGSNEIGHBO        -0.050      0.007     -6.983      0.000
    PGSAGE            -0.015      0.012     -1.259      0.208
    PGSSEX            -0.012      0.004     -3.344      0.001
    PGSINC            -0.100      0.006    -17.109      0.000
    PGSPARED          -0.041      0.008     -5.254      0.000

 SINGLE_P WITH
    PGS                0.036      0.006      5.891      0.000
    AGE                0.011      0.010      1.108      0.268
    SEX                0.002      0.003      0.554      0.580
    INCOME            -0.108      0.005    -20.465      0.000
    PARED             -0.044      0.007     -6.494      0.000
    PGSPARENT          0.000      0.006     -0.030      0.976
    PGSPEER           -0.002      0.006     -0.328      0.743
    PGSSCHOOL          0.004      0.006      0.708      0.479
    PGSNEIGHBO        -0.003      0.006     -0.500      0.617
    PGSAGE            -0.002      0.010     -0.174      0.862
    PGSSEX             0.003      0.003      0.865      0.387
    PGSINC            -0.011      0.005     -2.155      0.031
    PGSPARED           0.009      0.007      1.383      0.167
    PGSSINGPAR         0.009      0.003      3.074      0.002

 Means
    PGS                0.000      0.014      0.020      0.984
    AGE               -0.005      0.024     -0.197      0.844
    SEX                0.031      0.007      4.339      0.000
    INCOME            -0.005      0.012     -0.447      0.655
    PARED             -0.004      0.016     -0.282      0.778
    PGSPARENT         -0.065      0.014     -4.618      0.000
    PGSPEER            0.162      0.014     11.394      0.000
    PGSSCHOOL         -0.120      0.014     -8.610      0.000
    PGSNEIGHBO        -0.060      0.014     -4.224      0.000
    PGSAGE             0.003      0.024      0.134      0.893
    PGSSEX             0.014      0.007      1.942      0.052
    PGSINC            -0.063      0.011     -5.484      0.000
    PGSPARED          -0.126      0.016     -8.093      0.000
    PGSSINGPAR         0.036      0.007      5.065      0.000
    SINGLE_PAR        -0.258      0.006    -42.749      0.000

 Intercepts
    PARENT            -0.023      0.017     -1.371      0.170
    PEER               0.053      0.016      3.315      0.001
    SCHOOL            -0.038      0.017     -2.311      0.021
    NEIGHBOR          -0.050      0.017     -2.962      0.003
    ASB#1             -6.431      0.425    -15.148      0.000
    ASB#2             -2.190      0.084    -25.997      0.000
    ASB#3             -3.244      0.133    -24.421      0.000
    SUB#1             -0.100      0.044     -2.265      0.024
    SUB#2             -1.336      0.070    -18.955      0.000

 Variances
    PGS                0.998      0.020     50.125      0.000
    AGE                2.950      0.059     50.113      0.000
    SEX                0.249      0.005     50.125      0.000
    INCOME             0.598      0.013     45.479      0.000
    PARED              1.220      0.025     49.127      0.000
    PGSPARENT          0.981      0.020     49.516      0.000
    PGSPEER            0.995      0.020     49.668      0.000
    PGSSCHOOL          0.956      0.019     49.517      0.000
    PGSNEIGHBO         0.999      0.020     49.628      0.000
    PGSAGE             2.953      0.059     50.116      0.000
    PGSSEX             0.249      0.005     50.125      0.000
    PGSINC             0.564      0.012     45.844      0.000
    PGSPARED           1.180      0.024     49.165      0.000
    PGSSINGPAR         0.248      0.005     50.125      0.000
    SINGLE_PAR         0.183      0.004     50.125      0.000

 Residual Variances
    PARENT             0.960      0.019     49.561      0.000
    PEER               0.875      0.018     49.605      0.000
    SCHOOL             0.954      0.019     49.432      0.000
    NEIGHBOR           0.975      0.020     49.605      0.000

New/Additional Parameters
    INDASB11           0.010      0.008      1.389      0.165
    INDASB12           0.178      0.024      7.369      0.000
    INDASB13           0.040      0.015      2.726      0.006
    INDASB14           0.001      0.007      0.142      0.887
    TOTALASB           0.639      0.259      2.465      0.014
    INDASB21           0.011      0.004      2.855      0.004
    INDASB22           0.031      0.008      3.859      0.000
    INDASB23           0.011      0.006      1.870      0.061
    INDASB24           0.000      0.003     -0.159      0.874
    TOTALASB           0.189      0.060      3.141      0.002
    INDASB31           0.012      0.005      2.475      0.013
    INDASB32           0.112      0.014      7.863      0.000
    INDASB33           0.029      0.008      3.465      0.001
    INDASB34           0.001      0.003      0.221      0.825
    TOTALASB           0.206      0.093      2.208      0.027
    INDSUB11           0.001      0.002      0.509      0.611
    INDSUB12           0.089      0.010      8.696      0.000
    INDSUB13           0.020      0.005      4.059      0.000
    INDSUB14           0.000      0.002      0.112      0.911
    TOTALSUB           0.350      0.044      8.001      0.000
    INDSUB21          -0.006      0.003     -1.797      0.072
    INDSUB22          -0.101      0.014     -7.085      0.000
    INDSUB23           0.003      0.006      0.560      0.575
    INDSUB24           0.006      0.003      1.995      0.046
    TOTALSUB          -0.239      0.072     -3.334      0.001


QUALITY OF NUMERICAL RESULTS

     Condition Number for the Information Matrix              0.864E-18
       (ratio of smallest to largest eigenvalue)


LOGISTIC REGRESSION ODDS RATIO RESULTS

                                                95% C.I.
                    Estimate       S.E.  Lower 2.5% Upper 2.5%

 ASB#1      ON
    PGSPARENT          0.942      0.112      0.747      1.188
    PGSPEER            0.833      0.095      0.666      1.042
    PGSSCHOOL          1.066      0.134      0.833      1.364
    PGSNEIGHBO         0.816      0.097      0.646      1.030
    PGSAGE             1.009      0.075      0.872      1.168
    PGSSEX             1.032      0.370      0.512      2.083
    PGSINC             1.141      0.213      0.791      1.646
    PGSPARED           0.864      0.108      0.676      1.103
    PGSSINGPAR         1.038      0.300      0.589      1.829
    SUB_HI_DUM         4.907      1.831      2.362     10.195
    SUB_LO_DUM         0.000      0.007      0.000  *********
    AGE                0.690      0.055      0.590      0.808
    SEX                0.060      0.023      0.028      0.129
    INCOME             0.883      0.166      0.610      1.277
    PARED              1.348      0.174      1.047      1.736
    SINGLE_PAR         0.810      0.238      0.455      1.440
    PGS                1.507      0.381      0.917      2.475
    PARENT             0.827      0.106      0.643      1.062
    PEER               3.457      0.420      2.725      4.385
    SCHOOL             0.679      0.089      0.525      0.879
    NEIGHBOR           0.981      0.130      0.757      1.271

 ASB#2      ON
    PGSPARENT          1.081      0.055      0.979      1.193
    PGSPEER            0.978      0.050      0.885      1.080
    PGSSCHOOL          0.996      0.054      0.896      1.108
    PGSNEIGHBO         0.947      0.047      0.860      1.044
    PGSAGE             1.024      0.029      0.967      1.083
    PGSSEX             1.135      0.112      0.935      1.378
    PGSINC             0.961      0.073      0.829      1.115
    PGSPARED           1.081      0.053      0.981      1.190
    PGSSINGPAR         0.897      0.104      0.715      1.124
    SUB_HI_DUM         1.875      0.187      1.543      2.280
    SUB_LO_DUM         0.435      0.090      0.290      0.653
    AGE                0.883      0.026      0.834      0.935
    SEX                0.256      0.026      0.210      0.311
    INCOME             1.045      0.078      0.903      1.210
    PARED              1.087      0.052      0.990      1.194
    SINGLE_PAR         0.959      0.109      0.768      1.197
    PGS                1.146      0.068      1.020      1.288
    PARENT             0.813      0.040      0.738      0.895
    PEER               1.243      0.065      1.121      1.377
    SCHOOL             0.902      0.048      0.813      1.001
    NEIGHBOR           1.008      0.050      0.914      1.111

 ASB#3      ON
    PGSPARENT          0.917      0.059      0.808      1.041
    PGSPEER            1.019      0.065      0.899      1.155
    PGSSCHOOL          0.935      0.068      0.812      1.077
    PGSNEIGHBO         1.104      0.073      0.970      1.256
    PGSAGE             0.991      0.040      0.915      1.074
    PGSSEX             1.080      0.145      0.830      1.406
    PGSINC             0.982      0.111      0.786      1.226
    PGSPARED           1.047      0.072      0.915      1.197
    PGSSINGPAR         1.438      0.229      1.052      1.966
    SUB_HI_DUM         1.772      0.266      1.321      2.378
    SUB_LO_DUM         0.604      0.189      0.327      1.116
    AGE                0.715      0.030      0.658      0.776
    SEX                0.355      0.048      0.272      0.463
    INCOME             1.166      0.129      0.940      1.447
    PARED              1.063      0.072      0.931      1.214
    SINGLE_PAR         1.096      0.175      0.802      1.499
    PGS                1.054      0.097      0.880      1.261
    PARENT             0.810      0.053      0.713      0.921
    PEER               2.185      0.147      1.916      2.493
    SCHOOL             0.754      0.054      0.654      0.868
    NEIGHBOR           0.985      0.066      0.864      1.123

 SUB#1      ON
    PGSPARENT          0.975      0.038      0.902      1.053
    PGSPEER            0.927      0.039      0.854      1.006
    PGSSCHOOL          1.029      0.043      0.948      1.118
    PGSNEIGHBO         1.071      0.040      0.995      1.152
    PGSAGE             1.058      0.023      1.014      1.104
    PGSSEX             1.204      0.084      1.050      1.381
    PGSINC             0.940      0.056      0.836      1.057
    PGSPARED           1.070      0.040      0.995      1.151
    PGSSINGPAR         0.960      0.085      0.806      1.142
    ASB_HI_DUM         4.300      1.582      2.090      8.844
    ASB_MOD_DU         1.884      0.188      1.549      2.291
    ASB_ADO_DU         1.745      0.261      1.301      2.340
    AGE                0.890      0.019      0.854      0.928
    SEX                0.801      0.056      0.699      0.919
    INCOME             0.953      0.054      0.853      1.064
    PARED              0.897      0.032      0.837      0.961
    SINGLE_PAR         1.252      0.106      1.060      1.477
    PGS                1.271      0.054      1.169      1.382
    PARENT             0.981      0.037      0.911      1.056
    PEER               1.862      0.077      1.717      2.018
    SCHOOL             0.823      0.033      0.761      0.890
    NEIGHBOR           0.996      0.036      0.927      1.070

 SUB#2      ON
    PGSPARENT          1.070      0.062      0.955      1.199
    PGSPEER            1.111      0.083      0.961      1.286
    PGSSCHOOL          0.956      0.054      0.856      1.069
    PGSNEIGHBO         1.055      0.052      0.958      1.163
    PGSAGE             1.029      0.028      0.975      1.086
    PGSSEX             0.997      0.092      0.832      1.195
    PGSINC             1.045      0.082      0.896      1.219
    PGSPARED           0.987      0.048      0.897      1.086
    PGSSINGPAR         0.922      0.113      0.725      1.172
    ASB_HI_DUM         0.000      0.006      0.000  *********
    ASB_MOD_DU         0.451      0.094      0.300      0.678
    ASB_ADO_DU         0.746      0.231      0.406      1.369
    AGE                1.160      0.032      1.099      1.225
    SEX                1.441      0.137      1.195      1.737
    INCOME             0.814      0.059      0.706      0.939
    PARED              0.813      0.039      0.740      0.893
    SINGLE_PAR         1.012      0.118      0.805      1.271
    PGS                0.868      0.061      0.756      0.998
    PARENT             1.118      0.061      1.004      1.245
    PEER               0.495      0.037      0.428      0.573
    SCHOOL             0.970      0.053      0.872      1.079
    NEIGHBOR           0.891      0.043      0.810      0.980


TECHNICAL 1 OUTPUT


     PARAMETER SPECIFICATION


           NU
              ASB#1         ASB#2         ASB#3         SUB#1         SUB#2
              ________      ________      ________      ________      ________
                    0             0             0             0             0


           NU
              PARENT        PEER          SCHOOL        NEIGHBOR      PGS
              ________      ________      ________      ________      ________
                    0             0             0             0             0


           NU
              AGE           SEX           INCOME        PARED         PGSPAREN
              ________      ________      ________      ________      ________
                    0             0             0             0             0


           NU
              PGSPEER       PGSSCHOO      PGSNEIGH      PGSAGE        PGSSEX
              ________      ________      ________      ________      ________
                    0             0             0             0             0


           NU
              PGSINC        PGSPARED      PGSSINGP      SINGLE_P      SUB_HI_D
              ________      ________      ________      ________      ________
                    0             0             0             0             0


           NU
              SUB_LO_D      ASB_HI_D      ASB_MOD_      ASB_ADO_
              ________      ________      ________      ________
                    0             0             0             0


           LAMBDA
              ASB#1         ASB#2         ASB#3         SUB#1         SUB#2
              ________      ________      ________      ________      ________
 ASB#1              0             0             0             0             0
 ASB#2              0             0             0             0             0
 ASB#3              0             0             0             0             0
 SUB#1              0             0             0             0             0
 SUB#2              0             0             0             0             0
 PARENT             0             0             0             0             0
 PEER               0             0             0             0             0
 SCHOOL             0             0             0             0             0
 NEIGHBOR           0             0             0             0             0
 PGS                0             0             0             0             0
 AGE                0             0             0             0             0
 SEX                0             0             0             0             0
 INCOME             0             0             0             0             0
 PARED              0             0             0             0             0
 PGSPAREN           0             0             0             0             0
 PGSPEER            0             0             0             0             0
 PGSSCHOO           0             0             0             0             0
 PGSNEIGH           0             0             0             0             0
 PGSAGE             0             0             0             0             0
 PGSSEX             0             0             0             0             0
 PGSINC             0             0             0             0             0
 PGSPARED           0             0             0             0             0
 PGSSINGP           0             0             0             0             0
 SINGLE_P           0             0             0             0             0
 SUB_HI_D           0             0             0             0             0
 SUB_LO_D           0             0             0             0             0
 ASB_HI_D           0             0             0             0             0
 ASB_MOD_           0             0             0             0             0
 ASB_ADO_           0             0             0             0             0


           LAMBDA
              PARENT        PEER          SCHOOL        NEIGHBOR      PGS
              ________      ________      ________      ________      ________
 ASB#1              0             0             0             0             0
 ASB#2              0             0             0             0             0
 ASB#3              0             0             0             0             0
 SUB#1              0             0             0             0             0
 SUB#2              0             0             0             0             0
 PARENT             0             0             0             0             0
 PEER               0             0             0             0             0
 SCHOOL             0             0             0             0             0
 NEIGHBOR           0             0             0             0             0
 PGS                0             0             0             0             0
 AGE                0             0             0             0             0
 SEX                0             0             0             0             0
 INCOME             0             0             0             0             0
 PARED              0             0             0             0             0
 PGSPAREN           0             0             0             0             0
 PGSPEER            0             0             0             0             0
 PGSSCHOO           0             0             0             0             0
 PGSNEIGH           0             0             0             0             0
 PGSAGE             0             0             0             0             0
 PGSSEX             0             0             0             0             0
 PGSINC             0             0             0             0             0
 PGSPARED           0             0             0             0             0
 PGSSINGP           0             0             0             0             0
 SINGLE_P           0             0             0             0             0
 SUB_HI_D           0             0             0             0             0
 SUB_LO_D           0             0             0             0             0
 ASB_HI_D           0             0             0             0             0
 ASB_MOD_           0             0             0             0             0
 ASB_ADO_           0             0             0             0             0


           LAMBDA
              AGE           SEX           INCOME        PARED         PGSPAREN
              ________      ________      ________      ________      ________
 ASB#1              0             0             0             0             0
 ASB#2              0             0             0             0             0
 ASB#3              0             0             0             0             0
 SUB#1              0             0             0             0             0
 SUB#2              0             0             0             0             0
 PARENT             0             0             0             0             0
 PEER               0             0             0             0             0
 SCHOOL             0             0             0             0             0
 NEIGHBOR           0             0             0             0             0
 PGS                0             0             0             0             0
 AGE                0             0             0             0             0
 SEX                0             0             0             0             0
 INCOME             0             0             0             0             0
 PARED              0             0             0             0             0
 PGSPAREN           0             0             0             0             0
 PGSPEER            0             0             0             0             0
 PGSSCHOO           0             0             0             0             0
 PGSNEIGH           0             0             0             0             0
 PGSAGE             0             0             0             0             0
 PGSSEX             0             0             0             0             0
 PGSINC             0             0             0             0             0
 PGSPARED           0             0             0             0             0
 PGSSINGP           0             0             0             0             0
 SINGLE_P           0             0             0             0             0
 SUB_HI_D           0             0             0             0             0
 SUB_LO_D           0             0             0             0             0
 ASB_HI_D           0             0             0             0             0
 ASB_MOD_           0             0             0             0             0
 ASB_ADO_           0             0             0             0             0


           LAMBDA
              PGSPEER       PGSSCHOO      PGSNEIGH      PGSAGE        PGSSEX
              ________      ________      ________      ________      ________
 ASB#1              0             0             0             0             0
 ASB#2              0             0             0             0             0
 ASB#3              0             0             0             0             0
 SUB#1              0             0             0             0             0
 SUB#2              0             0             0             0             0
 PARENT             0             0             0             0             0
 PEER               0             0             0             0             0
 SCHOOL             0             0             0             0             0
 NEIGHBOR           0             0             0             0             0
 PGS                0             0             0             0             0
 AGE                0             0             0             0             0
 SEX                0             0             0             0             0
 INCOME             0             0             0             0             0
 PARED              0             0             0             0             0
 PGSPAREN           0             0             0             0             0
 PGSPEER            0             0             0             0             0
 PGSSCHOO           0             0             0             0             0
 PGSNEIGH           0             0             0             0             0
 PGSAGE             0             0             0             0             0
 PGSSEX             0             0             0             0             0
 PGSINC             0             0             0             0             0
 PGSPARED           0             0             0             0             0
 PGSSINGP           0             0             0             0             0
 SINGLE_P           0             0             0             0             0
 SUB_HI_D           0             0             0             0             0
 SUB_LO_D           0             0             0             0             0
 ASB_HI_D           0             0             0             0             0
 ASB_MOD_           0             0             0             0             0
 ASB_ADO_           0             0             0             0             0


           LAMBDA
              PGSINC        PGSPARED      PGSSINGP      SINGLE_P      SUB_HI_D
              ________      ________      ________      ________      ________
 ASB#1              0             0             0             0             0
 ASB#2              0             0             0             0             0
 ASB#3              0             0             0             0             0
 SUB#1              0             0             0             0             0
 SUB#2              0             0             0             0             0
 PARENT             0             0             0             0             0
 PEER               0             0             0             0             0
 SCHOOL             0             0             0             0             0
 NEIGHBOR           0             0             0             0             0
 PGS                0             0             0             0             0
 AGE                0             0             0             0             0
 SEX                0             0             0             0             0
 INCOME             0             0             0             0             0
 PARED              0             0             0             0             0
 PGSPAREN           0             0             0             0             0
 PGSPEER            0             0             0             0             0
 PGSSCHOO           0             0             0             0             0
 PGSNEIGH           0             0             0             0             0
 PGSAGE             0             0             0             0             0
 PGSSEX             0             0             0             0             0
 PGSINC             0             0             0             0             0
 PGSPARED           0             0             0             0             0
 PGSSINGP           0             0             0             0             0
 SINGLE_P           0             0             0             0             0
 SUB_HI_D           0             0             0             0             0
 SUB_LO_D           0             0             0             0             0
 ASB_HI_D           0             0             0             0             0
 ASB_MOD_           0             0             0             0             0
 ASB_ADO_           0             0             0             0             0


           LAMBDA
              SUB_LO_D      ASB_HI_D      ASB_MOD_      ASB_ADO_
              ________      ________      ________      ________
 ASB#1              0             0             0             0
 ASB#2              0             0             0             0
 ASB#3              0             0             0             0
 SUB#1              0             0             0             0
 SUB#2              0             0             0             0
 PARENT             0             0             0             0
 PEER               0             0             0             0
 SCHOOL             0             0             0             0
 NEIGHBOR           0             0             0             0
 PGS                0             0             0             0
 AGE                0             0             0             0
 SEX                0             0             0             0
 INCOME             0             0             0             0
 PARED              0             0             0             0
 PGSPAREN           0             0             0             0
 PGSPEER            0             0             0             0
 PGSSCHOO           0             0             0             0
 PGSNEIGH           0             0             0             0
 PGSAGE             0             0             0             0
 PGSSEX             0             0             0             0
 PGSINC             0             0             0             0
 PGSPARED           0             0             0             0
 PGSSINGP           0             0             0             0
 SINGLE_P           0             0             0             0
 SUB_HI_D           0             0             0             0
 SUB_LO_D           0             0             0             0
 ASB_HI_D           0             0             0             0
 ASB_MOD_           0             0             0             0
 ASB_ADO_           0             0             0             0


           THETA
              ASB#1         ASB#2         ASB#3         SUB#1         SUB#2
              ________      ________      ________      ________      ________
 ASB#1              0
 ASB#2              0             0
 ASB#3              0             0             0
 SUB#1              0             0             0             0
 SUB#2              0             0             0             0             0
 PARENT             0             0             0             0             0
 PEER               0             0             0             0             0
 SCHOOL             0             0             0             0             0
 NEIGHBOR           0             0             0             0             0
 PGS                0             0             0             0             0
 AGE                0             0             0             0             0
 SEX                0             0             0             0             0
 INCOME             0             0             0             0             0
 PARED              0             0             0             0             0
 PGSPAREN           0             0             0             0             0
 PGSPEER            0             0             0             0             0
 PGSSCHOO           0             0             0             0             0
 PGSNEIGH           0             0             0             0             0
 PGSAGE             0             0             0             0             0
 PGSSEX             0             0             0             0             0
 PGSINC             0             0             0             0             0
 PGSPARED           0             0             0             0             0
 PGSSINGP           0             0             0             0             0
 SINGLE_P           0             0             0             0             0
 SUB_HI_D           0             0             0             0             0
 SUB_LO_D           0             0             0             0             0
 ASB_HI_D           0             0             0             0             0
 ASB_MOD_           0             0             0             0             0
 ASB_ADO_           0             0             0             0             0


           THETA
              PARENT        PEER          SCHOOL        NEIGHBOR      PGS
              ________      ________      ________      ________      ________
 PARENT             0
 PEER               0             0
 SCHOOL             0             0             0
 NEIGHBOR           0             0             0             0
 PGS                0             0             0             0             0
 AGE                0             0             0             0             0
 SEX                0             0             0             0             0
 INCOME             0             0             0             0             0
 PARED              0             0             0             0             0
 PGSPAREN           0             0             0             0             0
 PGSPEER            0             0             0             0             0
 PGSSCHOO           0             0             0             0             0
 PGSNEIGH           0             0             0             0             0
 PGSAGE             0             0             0             0             0
 PGSSEX             0             0             0             0             0
 PGSINC             0             0             0             0             0
 PGSPARED           0             0             0             0             0
 PGSSINGP           0             0             0             0             0
 SINGLE_P           0             0             0             0             0
 SUB_HI_D           0             0             0             0             0
 SUB_LO_D           0             0             0             0             0
 ASB_HI_D           0             0             0             0             0
 ASB_MOD_           0             0             0             0             0
 ASB_ADO_           0             0             0             0             0


           THETA
              AGE           SEX           INCOME        PARED         PGSPAREN
              ________      ________      ________      ________      ________
 AGE                0
 SEX                0             0
 INCOME             0             0             0
 PARED              0             0             0             0
 PGSPAREN           0             0             0             0             0
 PGSPEER            0             0             0             0             0
 PGSSCHOO           0             0             0             0             0
 PGSNEIGH           0             0             0             0             0
 PGSAGE             0             0             0             0             0
 PGSSEX             0             0             0             0             0
 PGSINC             0             0             0             0             0
 PGSPARED           0             0             0             0             0
 PGSSINGP           0             0             0             0             0
 SINGLE_P           0             0             0             0             0
 SUB_HI_D           0             0             0             0             0
 SUB_LO_D           0             0             0             0             0
 ASB_HI_D           0             0             0             0             0
 ASB_MOD_           0             0             0             0             0
 ASB_ADO_           0             0             0             0             0


           THETA
              PGSPEER       PGSSCHOO      PGSNEIGH      PGSAGE        PGSSEX
              ________      ________      ________      ________      ________
 PGSPEER            0
 PGSSCHOO           0             0
 PGSNEIGH           0             0             0
 PGSAGE             0             0             0             0
 PGSSEX             0             0             0             0             0
 PGSINC             0             0             0             0             0
 PGSPARED           0             0             0             0             0
 PGSSINGP           0             0             0             0             0
 SINGLE_P           0             0             0             0             0
 SUB_HI_D           0             0             0             0             0
 SUB_LO_D           0             0             0             0             0
 ASB_HI_D           0             0             0             0             0
 ASB_MOD_           0             0             0             0             0
 ASB_ADO_           0             0             0             0             0


           THETA
              PGSINC        PGSPARED      PGSSINGP      SINGLE_P      SUB_HI_D
              ________      ________      ________      ________      ________
 PGSINC             0
 PGSPARED           0             0
 PGSSINGP           0             0             0
 SINGLE_P           0             0             0             0
 SUB_HI_D           0             0             0             0             0
 SUB_LO_D           0             0             0             0             0
 ASB_HI_D           0             0             0             0             0
 ASB_MOD_           0             0             0             0             0
 ASB_ADO_           0             0             0             0             0


           THETA
              SUB_LO_D      ASB_HI_D      ASB_MOD_      ASB_ADO_
              ________      ________      ________      ________
 SUB_LO_D           0
 ASB_HI_D           0             0
 ASB_MOD_           0             0             0
 ASB_ADO_           0             0             0             0


           ALPHA
              ASB#1         ASB#2         ASB#3         SUB#1         SUB#2
              ________      ________      ________      ________      ________
                    1             2             3             4             5


           ALPHA
              PARENT        PEER          SCHOOL        NEIGHBOR      PGS
              ________      ________      ________      ________      ________
                    6             7             8             9            10


           ALPHA
              AGE           SEX           INCOME        PARED         PGSPAREN
              ________      ________      ________      ________      ________
                   11            12            13            14            15


           ALPHA
              PGSPEER       PGSSCHOO      PGSNEIGH      PGSAGE        PGSSEX
              ________      ________      ________      ________      ________
                   16            17            18            19            20


           ALPHA
              PGSINC        PGSPARED      PGSSINGP      SINGLE_P      SUB_HI_D
              ________      ________      ________      ________      ________
                   21            22            23            24             0


           ALPHA
              SUB_LO_D      ASB_HI_D      ASB_MOD_      ASB_ADO_
              ________      ________      ________      ________
                    0             0             0             0


           BETA
              ASB#1         ASB#2         ASB#3         SUB#1         SUB#2
              ________      ________      ________      ________      ________
 ASB#1              0             0             0             0             0
 ASB#2              0             0             0             0             0
 ASB#3              0             0             0             0             0
 SUB#1              0             0             0             0             0
 SUB#2              0             0             0             0             0
 PARENT             0             0             0             0             0
 PEER               0             0             0             0             0
 SCHOOL             0             0             0             0             0
 NEIGHBOR           0             0             0             0             0
 PGS                0             0             0             0             0
 AGE                0             0             0             0             0
 SEX                0             0             0             0             0
 INCOME             0             0             0             0             0
 PARED              0             0             0             0             0
 PGSPAREN           0             0             0             0             0
 PGSPEER            0             0             0             0             0
 PGSSCHOO           0             0             0             0             0
 PGSNEIGH           0             0             0             0             0
 PGSAGE             0             0             0             0             0
 PGSSEX             0             0             0             0             0
 PGSINC             0             0             0             0             0
 PGSPARED           0             0             0             0             0
 PGSSINGP           0             0             0             0             0
 SINGLE_P           0             0             0             0             0
 SUB_HI_D           0             0             0             0             0
 SUB_LO_D           0             0             0             0             0
 ASB_HI_D           0             0             0             0             0
 ASB_MOD_           0             0             0             0             0
 ASB_ADO_           0             0             0             0             0


           BETA
              PARENT        PEER          SCHOOL        NEIGHBOR      PGS
              ________      ________      ________      ________      ________
 ASB#1             25            26            27            28            29
 ASB#2             46            47            48            49            50
 ASB#3             67            68            69            70            71
 SUB#1             88            89            90            91            92
 SUB#2            110           111           112           113           114
 PARENT             0             0             0             0           132
 PEER               0             0             0             0           138
 SCHOOL             0             0             0             0           144
 NEIGHBOR           0             0             0             0           150
 PGS                0             0             0             0             0
 AGE                0             0             0             0             0
 SEX                0             0             0             0             0
 INCOME             0             0             0             0             0
 PARED              0             0             0             0             0
 PGSPAREN           0             0             0             0             0
 PGSPEER            0             0             0             0             0
 PGSSCHOO           0             0             0             0             0
 PGSNEIGH           0             0             0             0             0
 PGSAGE             0             0             0             0             0
 PGSSEX             0             0             0             0             0
 PGSINC             0             0             0             0             0
 PGSPARED           0             0             0             0             0
 PGSSINGP           0             0             0             0             0
 SINGLE_P           0             0             0             0             0
 SUB_HI_D           0             0             0             0             0
 SUB_LO_D           0             0             0             0             0
 ASB_HI_D           0             0             0             0             0
 ASB_MOD_           0             0             0             0             0
 ASB_ADO_           0             0             0             0             0


           BETA
              AGE           SEX           INCOME        PARED         PGSPAREN
              ________      ________      ________      ________      ________
 ASB#1             30            31            32            33            34
 ASB#2             51            52            53            54            55
 ASB#3             72            73            74            75            76
 SUB#1             93            94            95            96            97
 SUB#2            115           116           117           118           119
 PARENT           133           134           135           136             0
 PEER             139           140           141           142             0
 SCHOOL           145           146           147           148             0
 NEIGHBOR         151           152           153           154             0
 PGS                0             0             0             0             0
 AGE                0             0             0             0             0
 SEX                0             0             0             0             0
 INCOME             0             0             0             0             0
 PARED              0             0             0             0             0
 PGSPAREN           0             0             0             0             0
 PGSPEER            0             0             0             0             0
 PGSSCHOO           0             0             0             0             0
 PGSNEIGH           0             0             0             0             0
 PGSAGE             0             0             0             0             0
 PGSSEX             0             0             0             0             0
 PGSINC             0             0             0             0             0
 PGSPARED           0             0             0             0             0
 PGSSINGP           0             0             0             0             0
 SINGLE_P           0             0             0             0             0
 SUB_HI_D           0             0             0             0             0
 SUB_LO_D           0             0             0             0             0
 ASB_HI_D           0             0             0             0             0
 ASB_MOD_           0             0             0             0             0
 ASB_ADO_           0             0             0             0             0


           BETA
              PGSPEER       PGSSCHOO      PGSNEIGH      PGSAGE        PGSSEX
              ________      ________      ________      ________      ________
 ASB#1             35            36            37            38            39
 ASB#2             56            57            58            59            60
 ASB#3             77            78            79            80            81
 SUB#1             98            99           100           101           102
 SUB#2            120           121           122           123           124
 PARENT             0             0             0             0             0
 PEER               0             0             0             0             0
 SCHOOL             0             0             0             0             0
 NEIGHBOR           0             0             0             0             0
 PGS                0             0             0             0             0
 AGE                0             0             0             0             0
 SEX                0             0             0             0             0
 INCOME             0             0             0             0             0
 PARED              0             0             0             0             0
 PGSPAREN           0             0             0             0             0
 PGSPEER            0             0             0             0             0
 PGSSCHOO           0             0             0             0             0
 PGSNEIGH           0             0             0             0             0
 PGSAGE             0             0             0             0             0
 PGSSEX             0             0             0             0             0
 PGSINC             0             0             0             0             0
 PGSPARED           0             0             0             0             0
 PGSSINGP           0             0             0             0             0
 SINGLE_P           0             0             0             0             0
 SUB_HI_D           0             0             0             0             0
 SUB_LO_D           0             0             0             0             0
 ASB_HI_D           0             0             0             0             0
 ASB_MOD_           0             0             0             0             0
 ASB_ADO_           0             0             0             0             0


           BETA
              PGSINC        PGSPARED      PGSSINGP      SINGLE_P      SUB_HI_D
              ________      ________      ________      ________      ________
 ASB#1             40            41            42            43            44
 ASB#2             61            62            63            64            65
 ASB#3             82            83            84            85            86
 SUB#1            103           104           105           106             0
 SUB#2            125           126           127           128             0
 PARENT             0             0             0           137             0
 PEER               0             0             0           143             0
 SCHOOL             0             0             0           149             0
 NEIGHBOR           0             0             0           155             0
 PGS                0             0             0             0             0
 AGE                0             0             0             0             0
 SEX                0             0             0             0             0
 INCOME             0             0             0             0             0
 PARED              0             0             0             0             0
 PGSPAREN           0             0             0             0             0
 PGSPEER            0             0             0             0             0
 PGSSCHOO           0             0             0             0             0
 PGSNEIGH           0             0             0             0             0
 PGSAGE             0             0             0             0             0
 PGSSEX             0             0             0             0             0
 PGSINC             0             0             0             0             0
 PGSPARED           0             0             0             0             0
 PGSSINGP           0             0             0             0             0
 SINGLE_P           0             0             0             0             0
 SUB_HI_D           0             0             0             0             0
 SUB_LO_D           0             0             0             0             0
 ASB_HI_D           0             0             0             0             0
 ASB_MOD_           0             0             0             0             0
 ASB_ADO_           0             0             0             0             0


           BETA
              SUB_LO_D      ASB_HI_D      ASB_MOD_      ASB_ADO_
              ________      ________      ________      ________
 ASB#1             45             0             0             0
 ASB#2             66             0             0             0
 ASB#3             87             0             0             0
 SUB#1              0           107           108           109
 SUB#2              0           129           130           131
 PARENT             0             0             0             0
 PEER               0             0             0             0
 SCHOOL             0             0             0             0
 NEIGHBOR           0             0             0             0
 PGS                0             0             0             0
 AGE                0             0             0             0
 SEX                0             0             0             0
 INCOME             0             0             0             0
 PARED              0             0             0             0
 PGSPAREN           0             0             0             0
 PGSPEER            0             0             0             0
 PGSSCHOO           0             0             0             0
 PGSNEIGH           0             0             0             0
 PGSAGE             0             0             0             0
 PGSSEX             0             0             0             0
 PGSINC             0             0             0             0
 PGSPARED           0             0             0             0
 PGSSINGP           0             0             0             0
 SINGLE_P           0             0             0             0
 SUB_HI_D           0             0             0             0
 SUB_LO_D           0             0             0             0
 ASB_HI_D           0             0             0             0
 ASB_MOD_           0             0             0             0
 ASB_ADO_           0             0             0             0


           PSI
              ASB#1         ASB#2         ASB#3         SUB#1         SUB#2
              ________      ________      ________      ________      ________
 ASB#1              0
 ASB#2              0             0
 ASB#3              0             0             0
 SUB#1              0             0             0             0
 SUB#2              0             0             0             0             0
 PARENT             0             0             0             0             0
 PEER               0             0             0             0             0
 SCHOOL             0             0             0             0             0
 NEIGHBOR           0             0             0             0             0
 PGS                0             0             0             0             0
 AGE                0             0             0             0             0
 SEX                0             0             0             0             0
 INCOME             0             0             0             0             0
 PARED              0             0             0             0             0
 PGSPAREN           0             0             0             0             0
 PGSPEER            0             0             0             0             0
 PGSSCHOO           0             0             0             0             0
 PGSNEIGH           0             0             0             0             0
 PGSAGE             0             0             0             0             0
 PGSSEX             0             0             0             0             0
 PGSINC             0             0             0             0             0
 PGSPARED           0             0             0             0             0
 PGSSINGP           0             0             0             0             0
 SINGLE_P           0             0             0             0             0
 SUB_HI_D           0             0             0             0             0
 SUB_LO_D           0             0             0             0             0
 ASB_HI_D           0             0             0             0             0
 ASB_MOD_           0             0             0             0             0
 ASB_ADO_           0             0             0             0             0


           PSI
              PARENT        PEER          SCHOOL        NEIGHBOR      PGS
              ________      ________      ________      ________      ________
 PARENT           156
 PEER             157           158
 SCHOOL           159           160           161
 NEIGHBOR         162           163           164           165
 PGS                0             0             0             0           166
 AGE                0             0             0             0           167
 SEX                0             0             0             0           169
 INCOME             0             0             0             0           172
 PARED              0             0             0             0           176
 PGSPAREN           0             0             0             0           181
 PGSPEER            0             0             0             0           187
 PGSSCHOO           0             0             0             0           194
 PGSNEIGH           0             0             0             0           202
 PGSAGE             0             0             0             0           211
 PGSSEX             0             0             0             0           221
 PGSINC             0             0             0             0           232
 PGSPARED           0             0             0             0           244
 PGSSINGP           0             0             0             0           257
 SINGLE_P           0             0             0             0           271
 SUB_HI_D           0             0             0             0             0
 SUB_LO_D           0             0             0             0             0
 ASB_HI_D           0             0             0             0             0
 ASB_MOD_           0             0             0             0             0
 ASB_ADO_           0             0             0             0             0


           PSI
              AGE           SEX           INCOME        PARED         PGSPAREN
              ________      ________      ________      ________      ________
 AGE              168
 SEX              170           171
 INCOME           173           174           175
 PARED            177           178           179           180
 PGSPAREN         182           183           184           185           186
 PGSPEER          188           189           190           191           192
 PGSSCHOO         195           196           197           198           199
 PGSNEIGH         203           204           205           206           207
 PGSAGE           212           213           214           215           216
 PGSSEX           222           223           224           225           226
 PGSINC           233           234           235           236           237
 PGSPARED         245           246           247           248           249
 PGSSINGP         258           259           260           261           262
 SINGLE_P         272           273           274           275           276
 SUB_HI_D           0             0             0             0             0
 SUB_LO_D           0             0             0             0             0
 ASB_HI_D           0             0             0             0             0
 ASB_MOD_           0             0             0             0             0
 ASB_ADO_           0             0             0             0             0


           PSI
              PGSPEER       PGSSCHOO      PGSNEIGH      PGSAGE        PGSSEX
              ________      ________      ________      ________      ________
 PGSPEER          193
 PGSSCHOO         200           201
 PGSNEIGH         208           209           210
 PGSAGE           217           218           219           220
 PGSSEX           227           228           229           230           231
 PGSINC           238           239           240           241           242
 PGSPARED         250           251           252           253           254
 PGSSINGP         263           264           265           266           267
 SINGLE_P         277           278           279           280           281
 SUB_HI_D           0             0             0             0             0
 SUB_LO_D           0             0             0             0             0
 ASB_HI_D           0             0             0             0             0
 ASB_MOD_           0             0             0             0             0
 ASB_ADO_           0             0             0             0             0


           PSI
              PGSINC        PGSPARED      PGSSINGP      SINGLE_P      SUB_HI_D
              ________      ________      ________      ________      ________
 PGSINC           243
 PGSPARED         255           256
 PGSSINGP         268           269           270
 SINGLE_P         282           283           284           285
 SUB_HI_D           0             0             0             0             0
 SUB_LO_D           0             0             0             0             0
 ASB_HI_D           0             0             0             0             0
 ASB_MOD_           0             0             0             0             0
 ASB_ADO_           0             0             0             0             0


           PSI
              SUB_LO_D      ASB_HI_D      ASB_MOD_      ASB_ADO_
              ________      ________      ________      ________
 SUB_LO_D           0
 ASB_HI_D           0             0
 ASB_MOD_           0             0             0
 ASB_ADO_           0             0             0             0


     PARAMETER SPECIFICATION FOR THE ADDITIONAL PARAMETERS


           NEW/ADDITIONAL PARAMETERS
              INDASB11      INDASB12      INDASB13      INDASB14      TOTALASB
              ________      ________      ________      ________      ________
                  286           287           288           289           290


           NEW/ADDITIONAL PARAMETERS
              INDASB21      INDASB22      INDASB23      INDASB24      INDASB31
              ________      ________      ________      ________      ________
                  291           292           293           294           295


           NEW/ADDITIONAL PARAMETERS
              INDASB32      INDASB33      INDASB34      INDSUB11      INDSUB12
              ________      ________      ________      ________      ________
                  296           297           298           299           300


           NEW/ADDITIONAL PARAMETERS
              INDSUB13      INDSUB14      TOTALSUB      INDSUB21      INDSUB22
              ________      ________      ________      ________      ________
                  301           302           303           304           305


           NEW/ADDITIONAL PARAMETERS
              INDSUB23      INDSUB24
              ________      ________
                  306           307           308           309           310


     STARTING VALUES


           NU
              ASB#1         ASB#2         ASB#3         SUB#1         SUB#2
              ________      ________      ________      ________      ________
                0.000         0.000         0.000         0.000         0.000


           NU
              PARENT        PEER          SCHOOL        NEIGHBOR      PGS
              ________      ________      ________      ________      ________
                0.000         0.000         0.000         0.000         0.000


           NU
              AGE           SEX           INCOME        PARED         PGSPAREN
              ________      ________      ________      ________      ________
                0.000         0.000         0.000         0.000         0.000


           NU
              PGSPEER       PGSSCHOO      PGSNEIGH      PGSAGE        PGSSEX
              ________      ________      ________      ________      ________
                0.000         0.000         0.000         0.000         0.000


           NU
              PGSINC        PGSPARED      PGSSINGP      SINGLE_P      SUB_HI_D
              ________      ________      ________      ________      ________
                0.000         0.000         0.000         0.000         0.000


           NU
              SUB_LO_D      ASB_HI_D      ASB_MOD_      ASB_ADO_
              ________      ________      ________      ________
                0.000         0.000         0.000         0.000


           LAMBDA
              ASB#1         ASB#2         ASB#3         SUB#1         SUB#2
              ________      ________      ________      ________      ________
 ASB#1          1.000         0.000         0.000         0.000         0.000
 ASB#2          0.000         1.000         0.000         0.000         0.000
 ASB#3          0.000         0.000         1.000         0.000         0.000
 SUB#1          0.000         0.000         0.000         1.000         0.000
 SUB#2          0.000         0.000         0.000         0.000         1.000
 PARENT         0.000         0.000         0.000         0.000         0.000
 PEER           0.000         0.000         0.000         0.000         0.000
 SCHOOL         0.000         0.000         0.000         0.000         0.000
 NEIGHBOR       0.000         0.000         0.000         0.000         0.000
 PGS            0.000         0.000         0.000         0.000         0.000
 AGE            0.000         0.000         0.000         0.000         0.000
 SEX            0.000         0.000         0.000         0.000         0.000
 INCOME         0.000         0.000         0.000         0.000         0.000
 PARED          0.000         0.000         0.000         0.000         0.000
 PGSPAREN       0.000         0.000         0.000         0.000         0.000
 PGSPEER        0.000         0.000         0.000         0.000         0.000
 PGSSCHOO       0.000         0.000         0.000         0.000         0.000
 PGSNEIGH       0.000         0.000         0.000         0.000         0.000
 PGSAGE         0.000         0.000         0.000         0.000         0.000
 PGSSEX         0.000         0.000         0.000         0.000         0.000
 PGSINC         0.000         0.000         0.000         0.000         0.000
 PGSPARED       0.000         0.000         0.000         0.000         0.000
 PGSSINGP       0.000         0.000         0.000         0.000         0.000
 SINGLE_P       0.000         0.000         0.000         0.000         0.000
 SUB_HI_D       0.000         0.000         0.000         0.000         0.000
 SUB_LO_D       0.000         0.000         0.000         0.000         0.000
 ASB_HI_D       0.000         0.000         0.000         0.000         0.000
 ASB_MOD_       0.000         0.000         0.000         0.000         0.000
 ASB_ADO_       0.000         0.000         0.000         0.000         0.000


           LAMBDA
              PARENT        PEER          SCHOOL        NEIGHBOR      PGS
              ________      ________      ________      ________      ________
 ASB#1          0.000         0.000         0.000         0.000         0.000
 ASB#2          0.000         0.000         0.000         0.000         0.000
 ASB#3          0.000         0.000         0.000         0.000         0.000
 SUB#1          0.000         0.000         0.000         0.000         0.000
 SUB#2          0.000         0.000         0.000         0.000         0.000
 PARENT         1.000         0.000         0.000         0.000         0.000
 PEER           0.000         1.000         0.000         0.000         0.000
 SCHOOL         0.000         0.000         1.000         0.000         0.000
 NEIGHBOR       0.000         0.000         0.000         1.000         0.000
 PGS            0.000         0.000         0.000         0.000         1.000
 AGE            0.000         0.000         0.000         0.000         0.000
 SEX            0.000         0.000         0.000         0.000         0.000
 INCOME         0.000         0.000         0.000         0.000         0.000
 PARED          0.000         0.000         0.000         0.000         0.000
 PGSPAREN       0.000         0.000         0.000         0.000         0.000
 PGSPEER        0.000         0.000         0.000         0.000         0.000
 PGSSCHOO       0.000         0.000         0.000         0.000         0.000
 PGSNEIGH       0.000         0.000         0.000         0.000         0.000
 PGSAGE         0.000         0.000         0.000         0.000         0.000
 PGSSEX         0.000         0.000         0.000         0.000         0.000
 PGSINC         0.000         0.000         0.000         0.000         0.000
 PGSPARED       0.000         0.000         0.000         0.000         0.000
 PGSSINGP       0.000         0.000         0.000         0.000         0.000
 SINGLE_P       0.000         0.000         0.000         0.000         0.000
 SUB_HI_D       0.000         0.000         0.000         0.000         0.000
 SUB_LO_D       0.000         0.000         0.000         0.000         0.000
 ASB_HI_D       0.000         0.000         0.000         0.000         0.000
 ASB_MOD_       0.000         0.000         0.000         0.000         0.000
 ASB_ADO_       0.000         0.000         0.000         0.000         0.000


           LAMBDA
              AGE           SEX           INCOME        PARED         PGSPAREN
              ________      ________      ________      ________      ________
 ASB#1          0.000         0.000         0.000         0.000         0.000
 ASB#2          0.000         0.000         0.000         0.000         0.000
 ASB#3          0.000         0.000         0.000         0.000         0.000
 SUB#1          0.000         0.000         0.000         0.000         0.000
 SUB#2          0.000         0.000         0.000         0.000         0.000
 PARENT         0.000         0.000         0.000         0.000         0.000
 PEER           0.000         0.000         0.000         0.000         0.000
 SCHOOL         0.000         0.000         0.000         0.000         0.000
 NEIGHBOR       0.000         0.000         0.000         0.000         0.000
 PGS            0.000         0.000         0.000         0.000         0.000
 AGE            1.000         0.000         0.000         0.000         0.000
 SEX            0.000         1.000         0.000         0.000         0.000
 INCOME         0.000         0.000         1.000         0.000         0.000
 PARED          0.000         0.000         0.000         1.000         0.000
 PGSPAREN       0.000         0.000         0.000         0.000         1.000
 PGSPEER        0.000         0.000         0.000         0.000         0.000
 PGSSCHOO       0.000         0.000         0.000         0.000         0.000
 PGSNEIGH       0.000         0.000         0.000         0.000         0.000
 PGSAGE         0.000         0.000         0.000         0.000         0.000
 PGSSEX         0.000         0.000         0.000         0.000         0.000
 PGSINC         0.000         0.000         0.000         0.000         0.000
 PGSPARED       0.000         0.000         0.000         0.000         0.000
 PGSSINGP       0.000         0.000         0.000         0.000         0.000
 SINGLE_P       0.000         0.000         0.000         0.000         0.000
 SUB_HI_D       0.000         0.000         0.000         0.000         0.000
 SUB_LO_D       0.000         0.000         0.000         0.000         0.000
 ASB_HI_D       0.000         0.000         0.000         0.000         0.000
 ASB_MOD_       0.000         0.000         0.000         0.000         0.000
 ASB_ADO_       0.000         0.000         0.000         0.000         0.000


           LAMBDA
              PGSPEER       PGSSCHOO      PGSNEIGH      PGSAGE        PGSSEX
              ________      ________      ________      ________      ________
 ASB#1          0.000         0.000         0.000         0.000         0.000
 ASB#2          0.000         0.000         0.000         0.000         0.000
 ASB#3          0.000         0.000         0.000         0.000         0.000
 SUB#1          0.000         0.000         0.000         0.000         0.000
 SUB#2          0.000         0.000         0.000         0.000         0.000
 PARENT         0.000         0.000         0.000         0.000         0.000
 PEER           0.000         0.000         0.000         0.000         0.000
 SCHOOL         0.000         0.000         0.000         0.000         0.000
 NEIGHBOR       0.000         0.000         0.000         0.000         0.000
 PGS            0.000         0.000         0.000         0.000         0.000
 AGE            0.000         0.000         0.000         0.000         0.000
 SEX            0.000         0.000         0.000         0.000         0.000
 INCOME         0.000         0.000         0.000         0.000         0.000
 PARED          0.000         0.000         0.000         0.000         0.000
 PGSPAREN       0.000         0.000         0.000         0.000         0.000
 PGSPEER        1.000         0.000         0.000         0.000         0.000
 PGSSCHOO       0.000         1.000         0.000         0.000         0.000
 PGSNEIGH       0.000         0.000         1.000         0.000         0.000
 PGSAGE         0.000         0.000         0.000         1.000         0.000
 PGSSEX         0.000         0.000         0.000         0.000         1.000
 PGSINC         0.000         0.000         0.000         0.000         0.000
 PGSPARED       0.000         0.000         0.000         0.000         0.000
 PGSSINGP       0.000         0.000         0.000         0.000         0.000
 SINGLE_P       0.000         0.000         0.000         0.000         0.000
 SUB_HI_D       0.000         0.000         0.000         0.000         0.000
 SUB_LO_D       0.000         0.000         0.000         0.000         0.000
 ASB_HI_D       0.000         0.000         0.000         0.000         0.000
 ASB_MOD_       0.000         0.000         0.000         0.000         0.000
 ASB_ADO_       0.000         0.000         0.000         0.000         0.000


           LAMBDA
              PGSINC        PGSPARED      PGSSINGP      SINGLE_P      SUB_HI_D
              ________      ________      ________      ________      ________
 ASB#1          0.000         0.000         0.000         0.000         0.000
 ASB#2          0.000         0.000         0.000         0.000         0.000
 ASB#3          0.000         0.000         0.000         0.000         0.000
 SUB#1          0.000         0.000         0.000         0.000         0.000
 SUB#2          0.000         0.000         0.000         0.000         0.000
 PARENT         0.000         0.000         0.000         0.000         0.000
 PEER           0.000         0.000         0.000         0.000         0.000
 SCHOOL         0.000         0.000         0.000         0.000         0.000
 NEIGHBOR       0.000         0.000         0.000         0.000         0.000
 PGS            0.000         0.000         0.000         0.000         0.000
 AGE            0.000         0.000         0.000         0.000         0.000
 SEX            0.000         0.000         0.000         0.000         0.000
 INCOME         0.000         0.000         0.000         0.000         0.000
 PARED          0.000         0.000         0.000         0.000         0.000
 PGSPAREN       0.000         0.000         0.000         0.000         0.000
 PGSPEER        0.000         0.000         0.000         0.000         0.000
 PGSSCHOO       0.000         0.000         0.000         0.000         0.000
 PGSNEIGH       0.000         0.000         0.000         0.000         0.000
 PGSAGE         0.000         0.000         0.000         0.000         0.000
 PGSSEX         0.000         0.000         0.000         0.000         0.000
 PGSINC         1.000         0.000         0.000         0.000         0.000
 PGSPARED       0.000         1.000         0.000         0.000         0.000
 PGSSINGP       0.000         0.000         1.000         0.000         0.000
 SINGLE_P       0.000         0.000         0.000         1.000         0.000
 SUB_HI_D       0.000         0.000         0.000         0.000         1.000
 SUB_LO_D       0.000         0.000         0.000         0.000         0.000
 ASB_HI_D       0.000         0.000         0.000         0.000         0.000
 ASB_MOD_       0.000         0.000         0.000         0.000         0.000
 ASB_ADO_       0.000         0.000         0.000         0.000         0.000


           LAMBDA
              SUB_LO_D      ASB_HI_D      ASB_MOD_      ASB_ADO_
              ________      ________      ________      ________
 ASB#1          0.000         0.000         0.000         0.000
 ASB#2          0.000         0.000         0.000         0.000
 ASB#3          0.000         0.000         0.000         0.000
 SUB#1          0.000         0.000         0.000         0.000
 SUB#2          0.000         0.000         0.000         0.000
 PARENT         0.000         0.000         0.000         0.000
 PEER           0.000         0.000         0.000         0.000
 SCHOOL         0.000         0.000         0.000         0.000
 NEIGHBOR       0.000         0.000         0.000         0.000
 PGS            0.000         0.000         0.000         0.000
 AGE            0.000         0.000         0.000         0.000
 SEX            0.000         0.000         0.000         0.000
 INCOME         0.000         0.000         0.000         0.000
 PARED          0.000         0.000         0.000         0.000
 PGSPAREN       0.000         0.000         0.000         0.000
 PGSPEER        0.000         0.000         0.000         0.000
 PGSSCHOO       0.000         0.000         0.000         0.000
 PGSNEIGH       0.000         0.000         0.000         0.000
 PGSAGE         0.000         0.000         0.000         0.000
 PGSSEX         0.000         0.000         0.000         0.000
 PGSINC         0.000         0.000         0.000         0.000
 PGSPARED       0.000         0.000         0.000         0.000
 PGSSINGP       0.000         0.000         0.000         0.000
 SINGLE_P       0.000         0.000         0.000         0.000
 SUB_HI_D       0.000         0.000         0.000         0.000
 SUB_LO_D       1.000         0.000         0.000         0.000
 ASB_HI_D       0.000         1.000         0.000         0.000
 ASB_MOD_       0.000         0.000         1.000         0.000
 ASB_ADO_       0.000         0.000         0.000         1.000


           THETA
              ASB#1         ASB#2         ASB#3         SUB#1         SUB#2
              ________      ________      ________      ________      ________
 ASB#1          0.000
 ASB#2          0.000         0.000
 ASB#3          0.000         0.000         0.000
 SUB#1          0.000         0.000         0.000         0.000
 SUB#2          0.000         0.000         0.000         0.000         0.000
 PARENT         0.000         0.000         0.000         0.000         0.000
 PEER           0.000         0.000         0.000         0.000         0.000
 SCHOOL         0.000         0.000         0.000         0.000         0.000
 NEIGHBOR       0.000         0.000         0.000         0.000         0.000
 PGS            0.000         0.000         0.000         0.000         0.000
 AGE            0.000         0.000         0.000         0.000         0.000
 SEX            0.000         0.000         0.000         0.000         0.000
 INCOME         0.000         0.000         0.000         0.000         0.000
 PARED          0.000         0.000         0.000         0.000         0.000
 PGSPAREN       0.000         0.000         0.000         0.000         0.000
 PGSPEER        0.000         0.000         0.000         0.000         0.000
 PGSSCHOO       0.000         0.000         0.000         0.000         0.000
 PGSNEIGH       0.000         0.000         0.000         0.000         0.000
 PGSAGE         0.000         0.000         0.000         0.000         0.000
 PGSSEX         0.000         0.000         0.000         0.000         0.000
 PGSINC         0.000         0.000         0.000         0.000         0.000
 PGSPARED       0.000         0.000         0.000         0.000         0.000
 PGSSINGP       0.000         0.000         0.000         0.000         0.000
 SINGLE_P       0.000         0.000         0.000         0.000         0.000
 SUB_HI_D       0.000         0.000         0.000         0.000         0.000
 SUB_LO_D       0.000         0.000         0.000         0.000         0.000
 ASB_HI_D       0.000         0.000         0.000         0.000         0.000
 ASB_MOD_       0.000         0.000         0.000         0.000         0.000
 ASB_ADO_       0.000         0.000         0.000         0.000         0.000


           THETA
              PARENT        PEER          SCHOOL        NEIGHBOR      PGS
              ________      ________      ________      ________      ________
 PARENT         0.000
 PEER           0.000         0.000
 SCHOOL         0.000         0.000         0.000
 NEIGHBOR       0.000         0.000         0.000         0.000
 PGS            0.000         0.000         0.000         0.000         0.000
 AGE            0.000         0.000         0.000         0.000         0.000
 SEX            0.000         0.000         0.000         0.000         0.000
 INCOME         0.000         0.000         0.000         0.000         0.000
 PARED          0.000         0.000         0.000         0.000         0.000
 PGSPAREN       0.000         0.000         0.000         0.000         0.000
 PGSPEER        0.000         0.000         0.000         0.000         0.000
 PGSSCHOO       0.000         0.000         0.000         0.000         0.000
 PGSNEIGH       0.000         0.000         0.000         0.000         0.000
 PGSAGE         0.000         0.000         0.000         0.000         0.000
 PGSSEX         0.000         0.000         0.000         0.000         0.000
 PGSINC         0.000         0.000         0.000         0.000         0.000
 PGSPARED       0.000         0.000         0.000         0.000         0.000
 PGSSINGP       0.000         0.000         0.000         0.000         0.000
 SINGLE_P       0.000         0.000         0.000         0.000         0.000
 SUB_HI_D       0.000         0.000         0.000         0.000         0.000
 SUB_LO_D       0.000         0.000         0.000         0.000         0.000
 ASB_HI_D       0.000         0.000         0.000         0.000         0.000
 ASB_MOD_       0.000         0.000         0.000         0.000         0.000
 ASB_ADO_       0.000         0.000         0.000         0.000         0.000


           THETA
              AGE           SEX           INCOME        PARED         PGSPAREN
              ________      ________      ________      ________      ________
 AGE            0.000
 SEX            0.000         0.000
 INCOME         0.000         0.000         0.000
 PARED          0.000         0.000         0.000         0.000
 PGSPAREN       0.000         0.000         0.000         0.000         0.000
 PGSPEER        0.000         0.000         0.000         0.000         0.000
 PGSSCHOO       0.000         0.000         0.000         0.000         0.000
 PGSNEIGH       0.000         0.000         0.000         0.000         0.000
 PGSAGE         0.000         0.000         0.000         0.000         0.000
 PGSSEX         0.000         0.000         0.000         0.000         0.000
 PGSINC         0.000         0.000         0.000         0.000         0.000
 PGSPARED       0.000         0.000         0.000         0.000         0.000
 PGSSINGP       0.000         0.000         0.000         0.000         0.000
 SINGLE_P       0.000         0.000         0.000         0.000         0.000
 SUB_HI_D       0.000         0.000         0.000         0.000         0.000
 SUB_LO_D       0.000         0.000         0.000         0.000         0.000
 ASB_HI_D       0.000         0.000         0.000         0.000         0.000
 ASB_MOD_       0.000         0.000         0.000         0.000         0.000
 ASB_ADO_       0.000         0.000         0.000         0.000         0.000


           THETA
              PGSPEER       PGSSCHOO      PGSNEIGH      PGSAGE        PGSSEX
              ________      ________      ________      ________      ________
 PGSPEER        0.000
 PGSSCHOO       0.000         0.000
 PGSNEIGH       0.000         0.000         0.000
 PGSAGE         0.000         0.000         0.000         0.000
 PGSSEX         0.000         0.000         0.000         0.000         0.000
 PGSINC         0.000         0.000         0.000         0.000         0.000
 PGSPARED       0.000         0.000         0.000         0.000         0.000
 PGSSINGP       0.000         0.000         0.000         0.000         0.000
 SINGLE_P       0.000         0.000         0.000         0.000         0.000
 SUB_HI_D       0.000         0.000         0.000         0.000         0.000
 SUB_LO_D       0.000         0.000         0.000         0.000         0.000
 ASB_HI_D       0.000         0.000         0.000         0.000         0.000
 ASB_MOD_       0.000         0.000         0.000         0.000         0.000
 ASB_ADO_       0.000         0.000         0.000         0.000         0.000


           THETA
              PGSINC        PGSPARED      PGSSINGP      SINGLE_P      SUB_HI_D
              ________      ________      ________      ________      ________
 PGSINC         0.000
 PGSPARED       0.000         0.000
 PGSSINGP       0.000         0.000         0.000
 SINGLE_P       0.000         0.000         0.000         0.000
 SUB_HI_D       0.000         0.000         0.000         0.000         0.000
 SUB_LO_D       0.000         0.000         0.000         0.000         0.000
 ASB_HI_D       0.000         0.000         0.000         0.000         0.000
 ASB_MOD_       0.000         0.000         0.000         0.000         0.000
 ASB_ADO_       0.000         0.000         0.000         0.000         0.000


           THETA
              SUB_LO_D      ASB_HI_D      ASB_MOD_      ASB_ADO_
              ________      ________      ________      ________
 SUB_LO_D       0.000
 ASB_HI_D       0.000         0.000
 ASB_MOD_       0.000         0.000         0.000
 ASB_ADO_       0.000         0.000         0.000         0.000


           ALPHA
              ASB#1         ASB#2         ASB#3         SUB#1         SUB#2
              ________      ________      ________      ________      ________
               -3.780        -1.825        -2.574         0.029        -1.039


           ALPHA
              PARENT        PEER          SCHOOL        NEIGHBOR      PGS
              ________      ________      ________      ________      ________
                0.002        -0.002         0.004         0.005         0.000


           ALPHA
              AGE           SEX           INCOME        PARED         PGSPAREN
              ________      ________      ________      ________      ________
               -0.005         0.031         0.002         0.001        -0.064


           ALPHA
              PGSPEER       PGSSCHOO      PGSNEIGH      PGSAGE        PGSSEX
              ________      ________      ________      ________      ________
                0.161        -0.120        -0.061         0.003         0.014


           ALPHA
              PGSINC        PGSPARED      PGSSINGP      SINGLE_P      SUB_HI_D
              ________      ________      ________      ________      ________
               -0.064        -0.127         0.036        -0.258         0.000


           ALPHA
              SUB_LO_D      ASB_HI_D      ASB_MOD_      ASB_ADO_
              ________      ________      ________      ________
                0.000         0.000         0.000         0.000


           BETA
              ASB#1         ASB#2         ASB#3         SUB#1         SUB#2
              ________      ________      ________      ________      ________
 ASB#1          0.000         0.000         0.000         0.000         0.000
 ASB#2          0.000         0.000         0.000         0.000         0.000
 ASB#3          0.000         0.000         0.000         0.000         0.000
 SUB#1          0.000         0.000         0.000         0.000         0.000
 SUB#2          0.000         0.000         0.000         0.000         0.000
 PARENT         0.000         0.000         0.000         0.000         0.000
 PEER           0.000         0.000         0.000         0.000         0.000
 SCHOOL         0.000         0.000         0.000         0.000         0.000
 NEIGHBOR       0.000         0.000         0.000         0.000         0.000
 PGS            0.000         0.000         0.000         0.000         0.000
 AGE            0.000         0.000         0.000         0.000         0.000
 SEX            0.000         0.000         0.000         0.000         0.000
 INCOME         0.000         0.000         0.000         0.000         0.000
 PARED          0.000         0.000         0.000         0.000         0.000
 PGSPAREN       0.000         0.000         0.000         0.000         0.000
 PGSPEER        0.000         0.000         0.000         0.000         0.000
 PGSSCHOO       0.000         0.000         0.000         0.000         0.000
 PGSNEIGH       0.000         0.000         0.000         0.000         0.000
 PGSAGE         0.000         0.000         0.000         0.000         0.000
 PGSSEX         0.000         0.000         0.000         0.000         0.000
 PGSINC         0.000         0.000         0.000         0.000         0.000
 PGSPARED       0.000         0.000         0.000         0.000         0.000
 PGSSINGP       0.000         0.000         0.000         0.000         0.000
 SINGLE_P       0.000         0.000         0.000         0.000         0.000
 SUB_HI_D       0.000         0.000         0.000         0.000         0.000
 SUB_LO_D       0.000         0.000         0.000         0.000         0.000
 ASB_HI_D       0.000         0.000         0.000         0.000         0.000
 ASB_MOD_       0.000         0.000         0.000         0.000         0.000
 ASB_ADO_       0.000         0.000         0.000         0.000         0.000


           BETA
              PARENT        PEER          SCHOOL        NEIGHBOR      PGS
              ________      ________      ________      ________      ________
 ASB#1          0.000         0.000         0.000         0.000         0.000
 ASB#2          0.000         0.000         0.000         0.000         0.000
 ASB#3          0.000         0.000         0.000         0.000         0.000
 SUB#1          0.000         0.000         0.000         0.000         0.000
 SUB#2          0.000         0.000         0.000         0.000         0.000
 PARENT         0.000         0.000         0.000         0.000         0.000
 PEER           0.000         0.000         0.000         0.000         0.000
 SCHOOL         0.000         0.000         0.000         0.000         0.000
 NEIGHBOR       0.000         0.000         0.000         0.000         0.000
 PGS            0.000         0.000         0.000         0.000         0.000
 AGE            0.000         0.000         0.000         0.000         0.000
 SEX            0.000         0.000         0.000         0.000         0.000
 INCOME         0.000         0.000         0.000         0.000         0.000
 PARED          0.000         0.000         0.000         0.000         0.000
 PGSPAREN       0.000         0.000         0.000         0.000         0.000
 PGSPEER        0.000         0.000         0.000         0.000         0.000
 PGSSCHOO       0.000         0.000         0.000         0.000         0.000
 PGSNEIGH       0.000         0.000         0.000         0.000         0.000
 PGSAGE         0.000         0.000         0.000         0.000         0.000
 PGSSEX         0.000         0.000         0.000         0.000         0.000
 PGSINC         0.000         0.000         0.000         0.000         0.000
 PGSPARED       0.000         0.000         0.000         0.000         0.000
 PGSSINGP       0.000         0.000         0.000         0.000         0.000
 SINGLE_P       0.000         0.000         0.000         0.000         0.000
 SUB_HI_D       0.000         0.000         0.000         0.000         0.000
 SUB_LO_D       0.000         0.000         0.000         0.000         0.000
 ASB_HI_D       0.000         0.000         0.000         0.000         0.000
 ASB_MOD_       0.000         0.000         0.000         0.000         0.000
 ASB_ADO_       0.000         0.000         0.000         0.000         0.000


           BETA
              AGE           SEX           INCOME        PARED         PGSPAREN
              ________      ________      ________      ________      ________
 ASB#1          0.000         0.000         0.000         0.000         0.000
 ASB#2          0.000         0.000         0.000         0.000         0.000
 ASB#3          0.000         0.000         0.000         0.000         0.000
 SUB#1          0.000         0.000         0.000         0.000         0.000
 SUB#2          0.000         0.000         0.000         0.000         0.000
 PARENT         0.000         0.000         0.000         0.000         0.000
 PEER           0.000         0.000         0.000         0.000         0.000
 SCHOOL         0.000         0.000         0.000         0.000         0.000
 NEIGHBOR       0.000         0.000         0.000         0.000         0.000
 PGS            0.000         0.000         0.000         0.000         0.000
 AGE            0.000         0.000         0.000         0.000         0.000
 SEX            0.000         0.000         0.000         0.000         0.000
 INCOME         0.000         0.000         0.000         0.000         0.000
 PARED          0.000         0.000         0.000         0.000         0.000
 PGSPAREN       0.000         0.000         0.000         0.000         0.000
 PGSPEER        0.000         0.000         0.000         0.000         0.000
 PGSSCHOO       0.000         0.000         0.000         0.000         0.000
 PGSNEIGH       0.000         0.000         0.000         0.000         0.000
 PGSAGE         0.000         0.000         0.000         0.000         0.000
 PGSSEX         0.000         0.000         0.000         0.000         0.000
 PGSINC         0.000         0.000         0.000         0.000         0.000
 PGSPARED       0.000         0.000         0.000         0.000         0.000
 PGSSINGP       0.000         0.000         0.000         0.000         0.000
 SINGLE_P       0.000         0.000         0.000         0.000         0.000
 SUB_HI_D       0.000         0.000         0.000         0.000         0.000
 SUB_LO_D       0.000         0.000         0.000         0.000         0.000
 ASB_HI_D       0.000         0.000         0.000         0.000         0.000
 ASB_MOD_       0.000         0.000         0.000         0.000         0.000
 ASB_ADO_       0.000         0.000         0.000         0.000         0.000


           BETA
              PGSPEER       PGSSCHOO      PGSNEIGH      PGSAGE        PGSSEX
              ________      ________      ________      ________      ________
 ASB#1          0.000         0.000         0.000         0.000         0.000
 ASB#2          0.000         0.000         0.000         0.000         0.000
 ASB#3          0.000         0.000         0.000         0.000         0.000
 SUB#1          0.000         0.000         0.000         0.000         0.000
 SUB#2          0.000         0.000         0.000         0.000         0.000
 PARENT         0.000         0.000         0.000         0.000         0.000
 PEER           0.000         0.000         0.000         0.000         0.000
 SCHOOL         0.000         0.000         0.000         0.000         0.000
 NEIGHBOR       0.000         0.000         0.000         0.000         0.000
 PGS            0.000         0.000         0.000         0.000         0.000
 AGE            0.000         0.000         0.000         0.000         0.000
 SEX            0.000         0.000         0.000         0.000         0.000
 INCOME         0.000         0.000         0.000         0.000         0.000
 PARED          0.000         0.000         0.000         0.000         0.000
 PGSPAREN       0.000         0.000         0.000         0.000         0.000
 PGSPEER        0.000         0.000         0.000         0.000         0.000
 PGSSCHOO       0.000         0.000         0.000         0.000         0.000
 PGSNEIGH       0.000         0.000         0.000         0.000         0.000
 PGSAGE         0.000         0.000         0.000         0.000         0.000
 PGSSEX         0.000         0.000         0.000         0.000         0.000
 PGSINC         0.000         0.000         0.000         0.000         0.000
 PGSPARED       0.000         0.000         0.000         0.000         0.000
 PGSSINGP       0.000         0.000         0.000         0.000         0.000
 SINGLE_P       0.000         0.000         0.000         0.000         0.000
 SUB_HI_D       0.000         0.000         0.000         0.000         0.000
 SUB_LO_D       0.000         0.000         0.000         0.000         0.000
 ASB_HI_D       0.000         0.000         0.000         0.000         0.000
 ASB_MOD_       0.000         0.000         0.000         0.000         0.000
 ASB_ADO_       0.000         0.000         0.000         0.000         0.000


           BETA
              PGSINC        PGSPARED      PGSSINGP      SINGLE_P      SUB_HI_D
              ________      ________      ________      ________      ________
 ASB#1          0.000         0.000         0.000         0.000         0.000
 ASB#2          0.000         0.000         0.000         0.000         0.000
 ASB#3          0.000         0.000         0.000         0.000         0.000
 SUB#1          0.000         0.000         0.000         0.000         0.000
 SUB#2          0.000         0.000         0.000         0.000         0.000
 PARENT         0.000         0.000         0.000         0.000         0.000
 PEER           0.000         0.000         0.000         0.000         0.000
 SCHOOL         0.000         0.000         0.000         0.000         0.000
 NEIGHBOR       0.000         0.000         0.000         0.000         0.000
 PGS            0.000         0.000         0.000         0.000         0.000
 AGE            0.000         0.000         0.000         0.000         0.000
 SEX            0.000         0.000         0.000         0.000         0.000
 INCOME         0.000         0.000         0.000         0.000         0.000
 PARED          0.000         0.000         0.000         0.000         0.000
 PGSPAREN       0.000         0.000         0.000         0.000         0.000
 PGSPEER        0.000         0.000         0.000         0.000         0.000
 PGSSCHOO       0.000         0.000         0.000         0.000         0.000
 PGSNEIGH       0.000         0.000         0.000         0.000         0.000
 PGSAGE         0.000         0.000         0.000         0.000         0.000
 PGSSEX         0.000         0.000         0.000         0.000         0.000
 PGSINC         0.000         0.000         0.000         0.000         0.000
 PGSPARED       0.000         0.000         0.000         0.000         0.000
 PGSSINGP       0.000         0.000         0.000         0.000         0.000
 SINGLE_P       0.000         0.000         0.000         0.000         0.000
 SUB_HI_D       0.000         0.000         0.000         0.000         0.000
 SUB_LO_D       0.000         0.000         0.000         0.000         0.000
 ASB_HI_D       0.000         0.000         0.000         0.000         0.000
 ASB_MOD_       0.000         0.000         0.000         0.000         0.000
 ASB_ADO_       0.000         0.000         0.000         0.000         0.000


           BETA
              SUB_LO_D      ASB_HI_D      ASB_MOD_      ASB_ADO_
              ________      ________      ________      ________
 ASB#1          0.000         0.000         0.000         0.000
 ASB#2          0.000         0.000         0.000         0.000
 ASB#3          0.000         0.000         0.000         0.000
 SUB#1          0.000         0.000         0.000         0.000
 SUB#2          0.000         0.000         0.000         0.000
 PARENT         0.000         0.000         0.000         0.000
 PEER           0.000         0.000         0.000         0.000
 SCHOOL         0.000         0.000         0.000         0.000
 NEIGHBOR       0.000         0.000         0.000         0.000
 PGS            0.000         0.000         0.000         0.000
 AGE            0.000         0.000         0.000         0.000
 SEX            0.000         0.000         0.000         0.000
 INCOME         0.000         0.000         0.000         0.000
 PARED          0.000         0.000         0.000         0.000
 PGSPAREN       0.000         0.000         0.000         0.000
 PGSPEER        0.000         0.000         0.000         0.000
 PGSSCHOO       0.000         0.000         0.000         0.000
 PGSNEIGH       0.000         0.000         0.000         0.000
 PGSAGE         0.000         0.000         0.000         0.000
 PGSSEX         0.000         0.000         0.000         0.000
 PGSINC         0.000         0.000         0.000         0.000
 PGSPARED       0.000         0.000         0.000         0.000
 PGSSINGP       0.000         0.000         0.000         0.000
 SINGLE_P       0.000         0.000         0.000         0.000
 SUB_HI_D       0.000         0.000         0.000         0.000
 SUB_LO_D       0.000         0.000         0.000         0.000
 ASB_HI_D       0.000         0.000         0.000         0.000
 ASB_MOD_       0.000         0.000         0.000         0.000
 ASB_ADO_       0.000         0.000         0.000         0.000


           PSI
              ASB#1         ASB#2         ASB#3         SUB#1         SUB#2
              ________      ________      ________      ________      ________
 ASB#1          0.000
 ASB#2          0.000         0.000
 ASB#3          0.000         0.000         0.000
 SUB#1          0.000         0.000         0.000         0.000
 SUB#2          0.000         0.000         0.000         0.000         0.000
 PARENT         0.000         0.000         0.000         0.000         0.000
 PEER           0.000         0.000         0.000         0.000         0.000
 SCHOOL         0.000         0.000         0.000         0.000         0.000
 NEIGHBOR       0.000         0.000         0.000         0.000         0.000
 PGS            0.000         0.000         0.000         0.000         0.000
 AGE            0.000         0.000         0.000         0.000         0.000
 SEX            0.000         0.000         0.000         0.000         0.000
 INCOME         0.000         0.000         0.000         0.000         0.000
 PARED          0.000         0.000         0.000         0.000         0.000
 PGSPAREN       0.000         0.000         0.000         0.000         0.000
 PGSPEER        0.000         0.000         0.000         0.000         0.000
 PGSSCHOO       0.000         0.000         0.000         0.000         0.000
 PGSNEIGH       0.000         0.000         0.000         0.000         0.000
 PGSAGE         0.000         0.000         0.000         0.000         0.000
 PGSSEX         0.000         0.000         0.000         0.000         0.000
 PGSINC         0.000         0.000         0.000         0.000         0.000
 PGSPARED       0.000         0.000         0.000         0.000         0.000
 PGSSINGP       0.000         0.000         0.000         0.000         0.000
 SINGLE_P       0.000         0.000         0.000         0.000         0.000
 SUB_HI_D       0.000         0.000         0.000         0.000         0.000
 SUB_LO_D       0.000         0.000         0.000         0.000         0.000
 ASB_HI_D       0.000         0.000         0.000         0.000         0.000
 ASB_MOD_       0.000         0.000         0.000         0.000         0.000
 ASB_ADO_       0.000         0.000         0.000         0.000         0.000


           PSI
              PARENT        PEER          SCHOOL        NEIGHBOR      PGS
              ________      ________      ________      ________      ________
 PARENT         0.498
 PEER           0.000         0.498
 SCHOOL         0.000         0.000         0.496
 NEIGHBOR       0.000         0.000         0.000         0.498
 PGS            0.000         0.000         0.000         0.000         0.499
 AGE            0.000         0.000         0.000         0.000         0.000
 SEX            0.000         0.000         0.000         0.000         0.000
 INCOME         0.000         0.000         0.000         0.000         0.000
 PARED          0.000         0.000         0.000         0.000         0.000
 PGSPAREN       0.000         0.000         0.000         0.000         0.000
 PGSPEER        0.000         0.000         0.000         0.000         0.000
 PGSSCHOO       0.000         0.000         0.000         0.000         0.000
 PGSNEIGH       0.000         0.000         0.000         0.000         0.000
 PGSAGE         0.000         0.000         0.000         0.000         0.000
 PGSSEX         0.000         0.000         0.000         0.000         0.000
 PGSINC         0.000         0.000         0.000         0.000         0.000
 PGSPARED       0.000         0.000         0.000         0.000         0.000
 PGSSINGP       0.000         0.000         0.000         0.000         0.000
 SINGLE_P       0.000         0.000         0.000         0.000         0.000
 SUB_HI_D       0.000         0.000         0.000         0.000         0.000
 SUB_LO_D       0.000         0.000         0.000         0.000         0.000
 ASB_HI_D       0.000         0.000         0.000         0.000         0.000
 ASB_MOD_       0.000         0.000         0.000         0.000         0.000
 ASB_ADO_       0.000         0.000         0.000         0.000         0.000


           PSI
              AGE           SEX           INCOME        PARED         PGSPAREN
              ________      ________      ________      ________      ________
 AGE            1.475
 SEX            0.000         0.125
 INCOME         0.000         0.000         0.298
 PARED          0.000         0.000         0.000         0.610
 PGSPAREN       0.000         0.000         0.000         0.000         0.489
 PGSPEER        0.000         0.000         0.000         0.000         0.000
 PGSSCHOO       0.000         0.000         0.000         0.000         0.000
 PGSNEIGH       0.000         0.000         0.000         0.000         0.000
 PGSAGE         0.000         0.000         0.000         0.000         0.000
 PGSSEX         0.000         0.000         0.000         0.000         0.000
 PGSINC         0.000         0.000         0.000         0.000         0.000
 PGSPARED       0.000         0.000         0.000         0.000         0.000
 PGSSINGP       0.000         0.000         0.000         0.000         0.000
 SINGLE_P       0.000         0.000         0.000         0.000         0.000
 SUB_HI_D       0.000         0.000         0.000         0.000         0.000
 SUB_LO_D       0.000         0.000         0.000         0.000         0.000
 ASB_HI_D       0.000         0.000         0.000         0.000         0.000
 ASB_MOD_       0.000         0.000         0.000         0.000         0.000
 ASB_ADO_       0.000         0.000         0.000         0.000         0.000


           PSI
              PGSPEER       PGSSCHOO      PGSNEIGH      PGSAGE        PGSSEX
              ________      ________      ________      ________      ________
 PGSPEER        0.498
 PGSSCHOO       0.000         0.477
 PGSNEIGH       0.000         0.000         0.500
 PGSAGE         0.000         0.000         0.000         1.476
 PGSSEX         0.000         0.000         0.000         0.000         0.125
 PGSINC         0.000         0.000         0.000         0.000         0.000
 PGSPARED       0.000         0.000         0.000         0.000         0.000
 PGSSINGP       0.000         0.000         0.000         0.000         0.000
 SINGLE_P       0.000         0.000         0.000         0.000         0.000
 SUB_HI_D       0.000         0.000         0.000         0.000         0.000
 SUB_LO_D       0.000         0.000         0.000         0.000         0.000
 ASB_HI_D       0.000         0.000         0.000         0.000         0.000
 ASB_MOD_       0.000         0.000         0.000         0.000         0.000
 ASB_ADO_       0.000         0.000         0.000         0.000         0.000


           PSI
              PGSINC        PGSPARED      PGSSINGP      SINGLE_P      SUB_HI_D
              ________      ________      ________      ________      ________
 PGSINC         0.284
 PGSPARED       0.000         0.590
 PGSSINGP       0.000         0.000         0.124
 SINGLE_P       0.000         0.000         0.000         0.092
 SUB_HI_D       0.000         0.000         0.000         0.000         0.123
 SUB_LO_D       0.000         0.000         0.000         0.000         0.000
 ASB_HI_D       0.000         0.000         0.000         0.000         0.000
 ASB_MOD_       0.000         0.000         0.000         0.000         0.000
 ASB_ADO_       0.000         0.000         0.000         0.000         0.000


           PSI
              SUB_LO_D      ASB_HI_D      ASB_MOD_      ASB_ADO_
              ________      ________      ________      ________
 SUB_LO_D       0.063
 ASB_HI_D       0.000         0.009
 ASB_MOD_       0.000         0.000         0.056
 ASB_ADO_       0.000         0.000         0.000         0.028


     STARTING VALUES FOR THE ADDITIONAL PARAMETERS


           NEW/ADDITIONAL PARAMETERS
              INDASB11      INDASB12      INDASB13      INDASB14      TOTALASB
              ________      ________      ________      ________      ________
                0.500         0.500         0.500         0.500         0.500


           NEW/ADDITIONAL PARAMETERS
              INDASB21      INDASB22      INDASB23      INDASB24      INDASB31
              ________      ________      ________      ________      ________
                0.500         0.500         0.500         0.500         0.500


           NEW/ADDITIONAL PARAMETERS
              INDASB32      INDASB33      INDASB34      INDSUB11      INDSUB12
              ________      ________      ________      ________      ________
                0.500         0.500         0.500         0.500         0.500


           NEW/ADDITIONAL PARAMETERS
              INDSUB13      INDSUB14      TOTALSUB      INDSUB21      INDSUB22
              ________      ________      ________      ________      ________
                0.500         0.500         0.500         0.500         0.500


           NEW/ADDITIONAL PARAMETERS
              INDSUB23      INDSUB24
              ________      ________
                0.500         0.500         0.500         0.500         0.500


SAVEDATA INFORMATION


  Save file
    eur_id.dat

  Order of variables

    ASB
    SUB
    PARENT
    PEER
    SCHOOL
    NEIGHBOR
    PGS
    AGE
    SEX
    INCOME
    PARED
    PGSPAREN
    PGSPEER
    PGSSCHOO
    PGSNEIGH
    PGSAGE
    PGSSEX
    PGSINC
    PGSPARED
    PGSSINGP
    SINGLE_P
    SUB_HI_D
    SUB_LO_D
    ASB_HI_D
    ASB_MOD_
    ASB_ADO_
    AID

  Save file format           Free

  Save file record length    10000

  Save missing symbol        *


DIAGRAM INFORMATION

  Use View Diagram under the Diagram menu in the Mplus Editor to view the diagram.
  If running Mplus from the Mplus Diagrammer, the diagram opens automatically.

  Diagram output
    c:\repo\2024_ge_interplay_ext_trajectory\analysis\rnr_eur_no_item_miss.dgm

     Beginning Time:  12:03:21
        Ending Time:  12:04:45
       Elapsed Time:  00:01:24



MUTHEN & MUTHEN
3463 Stoner Ave.
Los Angeles, CA  90066

Tel: (310) 391-9971
Fax: (310) 391-8971
Web: www.StatModel.com
Support: Support@StatModel.com

Copyright (c) 1998-2021 Muthen & Muthen
